Manufacturer,NHTSACampaignNumber,parkIt,parkOutSide,overTheAirUpdate,NHTSAActionNumber,ReportReceivedDate,Component,Summary,Consequence,Remedy,Notes,ModelYear,Make,Model
"Honda (American Honda Motor Co.)","24V744000",0,0,0,"EA23003","03/10/2024","STEERING","Honda (American Honda Motor Co.) is recalling certain 2023-2025 Acura Integra, Civic Type R, CR-V Hybrid, CR-V, HR-V, 2022-2025 Civic, Civic Hatchback, 2024-2025 Acura Integra Type S, 2025 CR-V Fuel Cell EV, Civic Hybrid, and Civic Hatchback Hybrid vehicles.  The steering gearbox assembly may have been manufactured incorrectly, which can cause excessive internal friction and lead to difficulty steering the vehicle.","Difficulty steering can increase the risk of a crash.","Dealers will replace the worm gear spring and redistribute or add grease as necessary, free of charge.  Owner notification letters were mailed November 18, 2024.  Owners may contact Honda Customer Service at 1-888-234-2138.   Honda's numbers for this recall are SJS, MJU, QJT and VJV.","Owners may also contact the National Highway Traffic Safety Administration Vehicle Safety Hotline at 1-888-327-4236 (TTY 1-800-424-9153) or go to nhtsa.gov.","2024","ACURA","INTEGRA"
"Honda (American Honda Motor Co.)","24V859000",0,0,0,,"14/11/2024","SEATS:CRITICAL FASTENERS","Honda (American Honda Motor Co.) is recalling certain 2023-2024 Honda Accord, Accord Hybrid, Civic Sedan, Civic Hatchback, Pilot, and 2024 HR-V, Acura Integra and Acura Integra Type S vehicles.  The driver's seat cushion frame may not have been tightened properly, which can result in an unsecured seat.  As such, these vehicles fail to comply with the requirements of Federal Motor Vehicle Safety Standard number 207, ""Seating Systems.""","An unsecured driver's seat may not adequately restrain the driver during a crash, increasing the risk of injury.","Dealers will replace the driver's seat cushion frame, free of charge.  Owner notification letters were mailed January 6, 2025.  Owners may contact Honda customer service at 1-888-234-2138.","Owners may also contact the National Highway Traffic Safety Administration Vehicle Safety Hotline at 1-888-327-4236 (TTY 1-800-424-9153) or go to nhtsa.gov.","2024","ACURA","INTEGRA"
"Honda (American Honda Motor Co.)","26V054000",0,0,0,,"29/01/2026","SEATS:CRITICAL FASTENERS","Honda (American Honda Motor Co.) is recalling certain 2023 Honda Accord, Accord Hybrid, and 2024 HR-V, Pilot, and Acura Integra vehicles. The driver's seat cushion frame may not have been tightened properly, which can result in a loose seat. As such, these vehicles fail to comply with the requirements of Federal Motor Vehicle Safety Standard number 207, ""Seating Systems.""","A loose driver's seat may not adequately restrain the driver during a crash, increasing the risk of injury.","Dealers will replace the driver's seat cushion frame, free of charge. Owner notification letters were mailed March 10, 2026. Owners may contact Honda's customer service at 1-888-234-2138. Honda's numbers for this recall are ONC, KND, BNE and ZNF. Vehicle Identification Numbers (VINs) involved in this recall will become searchable on NHTSA.gov beginning February 5, 2026. This recall expands previous NHTSA recall number 24V859.",,"2024","ACURA","INTEGRA"
"Honda (American Honda Motor Co.)","25V391000",0,0,0,,"12/06/2025","SERVICE BRAKES, HYDRAULIC:PEDALS AND LINKAGES","Honda (American Honda Motor Co.) is recalling certain 2021-2025 Acura TLX, 2023-2025 Acura MDX, and 2023-2025 Honda Pilot vehicles. The brake pedal pivot pin was not secured properly, which can cause the pedal to shift out of position. As such, these vehicles fail to comply with Federal Motor Vehicle Safety Standard numbers 108, ""Lamps, Reflective Devices, and Associated Equipment"" and 135, ""Light Vehicle Brake Systems.""","A brake pedal that shifts out of position can prevent the driver from applying the brakes as intended, increasing the risk of a crash or injury.","Dealers will inspect and replace the brake pedal assembly as necessary, free of charge. Owner notification letters were mailed July 29, 2025. Owners may contact Honda's customer service at 1-888-234-2138. Honda's numbers for this recall are FLX and XLY.",,"2024","ACURA","MDX"
"Honda (American Honda Motor Co.)","26V332000",0,0,0,,"21/05/2026","AIR BAGS:SENSOR:OCCUPANT CLASSIFICATION:FRONT PASSENGER","Honda (American Honda Motor Co.) is recalling certain 2018-2021, 2023 Acura TLX, 2019-2024 RDX, 2017-2020, 2022-2026 MDX, 2017-2021, 2023, 2025 Honda Ridgeline, 2017-2022 Pilot, 2019-2021 Passport, 2018-2026 Odyssey, 2019-2022 Insight, 2019-2021 HR-V, 2018-2020 Fit, 2020-2022 CR-V Hybrid, 2017-2022 CR-V, 2017-2018, 2021 Civic Type R, 2017-2021 Civic hatchback, 2016-2020 Civic coupe, 2016-2022 Civic, 2017-2022 Accord Hybrid, and 2016-2022 Accord vehicles. The front passenger seat weight sensor may crack and short circuit, which can cause the air bags to deploy unintentionally during a crash.","Air bags that deploy unintentionally during a crash increase the risk of injury.","Dealers will replace the seat weight sensors, free of charge. Owner notification letters were mailed July 7, 2026. Owners may contact Honda's customer service at 1-888-234-2138. Honda's numbers for this recall are BOL, WO9, OOA, WOM, XOH, NOC, POD, BOE, UOF, POB, EOG, AOI, QO8, TOJ, DO7, and SOK. This recall expands previous NHTSA recall number 24V064. Vehicle Identification Numbers (VINs) involved in this recall will be searchable on NHTSA.gov beginning May 29, 2026.",,"2024","ACURA","MDX"
"Honda (American Honda Motor Co.)","25V031000",0,0,0,,"23/01/2025","FUEL SYSTEM, GASOLINE:FUEL INJECTION SYSTEM","Honda (American Honda Motor Co.) is recalling certain 2022-2025 Acura MDX Type-S, 2023-2025 Honda Pilot, and 2021-2025 Acura TLX Type-S vehicles.  A software error in the fuel injection electronic control unit (FI-ECU) may cause an engine stall or a loss of power.","An engine stall or loss of power can increase the risk of a crash or injury.","Dealers will reprogram the FI-ECU software, free of charge.  Owner notification letters were mailed March 17, 2025.  Owners may contact Honda's customer service at 1-888-234-2138.  Honda's numbers for this recall are EL1 and AL0.","Owners may also contact the National Highway Traffic Safety Administration Vehicle Safety Hotline at 1-888-327-4236 (TTY 1-800-424-9153) or go to nhtsa.gov.","2024","ACURA","MDX TYPE S"
"Honda (American Honda Motor Co.)","24V114000",0,0,0,,"15/02/2024","STEERING","Honda (American Honda Motor Co.) is recalling certain 2023-2024 Odyssey and 2024 Acura RDX vehicles.  The steering gear box assembly may not have been tightened properly, allowing water to enter the assembly and cause corrosion and binding gears.","Corroded and binding steering gears can result in a loss of steering control and increase the risk of a crash.","Dealers will replace the electric power steering rack, free of charge.  Owner notification letters were mailed April 4, 2024.  Owners may contact Honda customer service at 1-888-234-2138.  Honda's numbers for this recall are LHU and FHT.","Owners may also contact the National Highway Traffic Safety Administration Vehicle Safety Hotline at 1-888-327-4236 (TTY 1-800-424-9153), or go to www.nhtsa.gov.","2024","ACURA","RDX"
"Honda (American Honda Motor Co.)","26V332000",0,0,0,,"21/05/2026","AIR BAGS:SENSOR:OCCUPANT CLASSIFICATION:FRONT PASSENGER","Honda (American Honda Motor Co.) is recalling certain 2018-2021, 2023 Acura TLX, 2019-2024 RDX, 2017-2020, 2022-2026 MDX, 2017-2021, 2023, 2025 Honda Ridgeline, 2017-2022 Pilot, 2019-2021 Passport, 2018-2026 Odyssey, 2019-2022 Insight, 2019-2021 HR-V, 2018-2020 Fit, 2020-2022 CR-V Hybrid, 2017-2022 CR-V, 2017-2018, 2021 Civic Type R, 2017-2021 Civic hatchback, 2016-2020 Civic coupe, 2016-2022 Civic, 2017-2022 Accord Hybrid, and 2016-2022 Accord vehicles. The front passenger seat weight sensor may crack and short circuit, which can cause the air bags to deploy unintentionally during a crash.","Air bags that deploy unintentionally during a crash increase the risk of injury.","Dealers will replace the seat weight sensors, free of charge. Owner notification letters were mailed July 7, 2026. Owners may contact Honda's customer service at 1-888-234-2138. Honda's numbers for this recall are BOL, WO9, OOA, WOM, XOH, NOC, POD, BOE, UOF, POB, EOG, AOI, QO8, TOJ, DO7, and SOK. This recall expands previous NHTSA recall number 24V064. Vehicle Identification Numbers (VINs) involved in this recall will be searchable on NHTSA.gov beginning May 29, 2026.",,"2024","ACURA","RDX"
"Honda (American Honda Motor Co.)","25V391000",0,0,0,,"12/06/2025","SERVICE BRAKES, HYDRAULIC:PEDALS AND LINKAGES","Honda (American Honda Motor Co.) is recalling certain 2021-2025 Acura TLX, 2023-2025 Acura MDX, and 2023-2025 Honda Pilot vehicles. The brake pedal pivot pin was not secured properly, which can cause the pedal to shift out of position. As such, these vehicles fail to comply with Federal Motor Vehicle Safety Standard numbers 108, ""Lamps, Reflective Devices, and Associated Equipment"" and 135, ""Light Vehicle Brake Systems.""","A brake pedal that shifts out of position can prevent the driver from applying the brakes as intended, increasing the risk of a crash or injury.","Dealers will inspect and replace the brake pedal assembly as necessary, free of charge. Owner notification letters were mailed July 29, 2025. Owners may contact Honda's customer service at 1-888-234-2138. Honda's numbers for this recall are FLX and XLY.",,"2024","ACURA","TLX"
"Honda (American Honda Motor Co.)","24V614000",0,0,1,,"15/08/2024","SERVICE BRAKES, HYDRAULIC:ANTILOCK/TRACTION CONTROL/ELECTRONIC LIMITED SLIP:CONTROL UNIT/MODULE","Acura (American Honda Motor Co.) is recalling certain 2024 Acura ZDX All-Wheel Drive vehicles.  The anti-lock brake system (ABS) may activate unexpectedly and release brake pressure in the vehicle's service brake system.","A release of brake pressure can cause a loss of braking ability, increasing the risk of a crash.","The electronic brake control module software will be updated through an over-the-air (OTA) update or by a dealer, free of charge.  Owner notification letters were mailed September 26, 2024.  Owners may contact Acura customer service at 1-800-382-2238.  Acura's number for this recall is UJE.","Owners may also contact the National Highway Traffic Safety Administration Vehicle Safety Hotline at 1-888-327-4236 (TTY 1-800-424-9153), or go to www.safercar.gov.","2024","ACURA","ZDX"
"Honda (American Honda Motor Co.)","25V018000",0,0,0,,"16/01/2025","ELECTRICAL SYSTEM:PROPULSION SYSTEM: CABLES","Honda (American Honda Motor Co.) is recalling certain 2024 Acura ZDX vehicles.  The front passenger stabilizer bar bracket bolts may become loose and detach from the frame, which can damage the high voltage cables or EV battery coolant lines.","Damaged high voltage cables or EV battery coolant lines can cause a loss of drive power, increasing the risk of a crash.","Dealers will inspect and tighten the bolts, and repair the stabilizer bar and bracket, high voltage cables, and EV battery coolant lines as necessary, free of charge.  Owner notification letters were mailed February 24, 2025.  Owners may contact Honda's customer service at 1-888-234-2138.  Honda's number for this recall is KKY.","Owners may also contact the National Highway Traffic Safety Administration Vehicle Safety Hotline at 1-888-327-4236 (TTY 1-800-424-9153) or go to nhtsa.gov.","2024","ACURA","ZDX"
"Honda (American Honda Motor Co.)","25V234000",0,0,0,,"10/04/2025","SUSPENSION:FRONT:STABILIZER BAR","Honda (American Honda Motor Co.) is recalling certain 2024 Acura ZDX vehicles.  The passenger-side front stabilizer bar bracket bolts may have been improperly tightened, which can allow the bolts to loosen and separate from the vehicle frame.  A detached stabilizer bar or bracket can damage the vehicle's high voltage cables or EV battery coolant lines.","Damaged cables or coolant lines can result in a vehicle shutdown, causing a loss of drive power and increasing the risk of a crash.","Dealers will inspect and tighten the bolts, and repair the stabilizer bar and bracket, high voltage cables, and EV battery coolant lines as necessary, free of charge.  Owner notification letters were mailed May 30, 2025.  Owners may contact Honda customer service at 1-888-234-2138.  Honda's number for this recall is SLH.","Owners may also contact the National Highway Traffic Safety Administration Vehicle Safety Hotline at 1-888-327-4236 (TTY 1- 888-275-9171) or go to www.safercar.gov.","2024","ACURA","ZDX"
"Honda (American Honda Motor Co.)","26V112000",0,0,0,,"26/02/2026","BACK OVER PREVENTION:SOFTWARE","Honda (American Honda Motor Co.) is recalling certain 2024 Acura ZDX and Prologue vehicles. Due to a software error, the instrument panel display may fail. Additionally, a software error may cause the rearview camera to display a blank screen when the vehicle is in reverse. As such, these vehicles fail to comply with the requirements of Federal Motor Vehicle Safety Standard (FMVSS) numbers 101, ""Control and Displays,"" 111, ""Rear Visibility,"" and 305, ""Electric-Powered Vehicles.""","An instrument panel display that fails to show critical safety information, such as the speedometer or warning lights, increases the risk of a crash or injury. Additionally, the loss of the rearview camera image can reduce the driver's rear visibility, increasing the risk of a crash or injury.","Dealers will update the vehicle radio control module software, free of charge. Owner letters were mailed April 22, 2026. Owners may contact Honda's customer service at 1-888-234-2138. Honda's numbers for this recall are TNL and XNK. Vehicle Identification Numbers (VINs) involved in this recall will be searchable on NHTSA.gov beginning March 4, 2026.",,"2024","ACURA","ZDX"
"Honda (American Honda Motor Co.)","26V306000",0,0,0,,"14/05/2026","BACK OVER PREVENTION: SENSING SYSTEM: CAMERA","American Honda Motor Company (Honda) is recalling certain 2024-2025 Honda Prologue and 2024 Acura ZDX vehicles. The rearview camera screen may display a distorted or blank image.","A rearview image that does not display correctly reduces the driver's view behind the vehicle, increasing the risk of a crash or injury.","Dealers will replace the rearview camera, free of charge. Interim letters, notifying owners of the safety risk, were mailed July 7, 2026. Additional letters will be sent once the remedy is available, anticipated in late 2026. Owners may contact Honda's customer service at 1-888-234-2138. Honda's numbers for this recall are DO5 and RO6.

The information in your report suggests that Honda (American Honda Motor Co.) may have been aware of this issue more than five business days before filing a report with NHTSA. Please be reminded that under Federal law, this agency is to be notified of all safety defect and/or noncompliance decisions within five business days. 49 CFR 573.6 Significant civil penalties can be assessed for this violation.",,"2024","ACURA","ZDX"
"Chrysler (FCA US, LLC)","24V512000",0,0,0,,"03/07/2024","EQUIPMENT:OTHER:LABELS","Chrysler (FCA US, LLC) is recalling certain 2017-2024 Alfa Romeo Giulia and 2021-2024 Alfa Romeo Stelvio vehicles.  The tire pressure and size information on the tire placard and manufacturer labels are incorrect.  As such, these vehicles fail to comply with the requirements of Federal Motor Vehicle Safety Standard number 110, ""Tire Selection and Rims.""","Incorrect tire information can result in under-inflated tires or installing the incorrect-size tires, increasing the risk of a crash.","FCA will mail corrected tire placards and manufacturer overlay labels.  Owners may bring the labels into a dealer for free installation.  Some interim notification letters, notifying owners of the safety risk, were mailed August 27, 2024. Owner notification letters were mailed August 5, 2024 through November 1, 2024.  Owners may contact FCA US, LLC customer service at 1-800-853-1403.  FCA US, LLC's number for this recall is 81B.","Owners may also contact the National Highway Traffic Safety Administration Vehicle Safety Hotline at 1-888-327-4236 (TTY 1-800-424-9153), or go to www.nhtsa.gov.","2024","ALFA ROMEO","GIULIA"
"Chrysler (FCA US, LLC)","24V510000",0,0,0,,"03/07/2024","AIR BAGS:FRONTAL","Chrysler (FCA US, LLC) is recalling certain 2017-2024 Alfa Romeo Giulia, 2018-2025 Alfa Romeo Stelvio, 2019-2023 Fiat 500X, Jeep Renegade, and 2024 Fiat 500E vehicles.  A seat belt buckle switch sensor may be improperly connected, preventing the front seat air bag from deploying as intended.","A front seat air bag that does not deploy as intended can increase the risk of injury in a crash.","Dealers will repair the connection, free of charge.  Owner notification letters were mailed beginning August 27, 2024.  Owners may contact FCA US, LLC customer service at 1-800-853-1403.  FCA US, LLC's number for this recall is 82B.","Owners may also contact the National Highway Traffic Safety Administration Vehicle Safety Hotline at 1-888-327-4236 (TTY 1-800-424-9153), or go to www.nhtsa.gov.","2024","ALFA ROMEO","GIULIA"
"Chrysler (FCA US, LLC)","24V512000",0,0,0,,"03/07/2024","EQUIPMENT:OTHER:LABELS","Chrysler (FCA US, LLC) is recalling certain 2017-2024 Alfa Romeo Giulia and 2021-2024 Alfa Romeo Stelvio vehicles.  The tire pressure and size information on the tire placard and manufacturer labels are incorrect.  As such, these vehicles fail to comply with the requirements of Federal Motor Vehicle Safety Standard number 110, ""Tire Selection and Rims.""","Incorrect tire information can result in under-inflated tires or installing the incorrect-size tires, increasing the risk of a crash.","FCA will mail corrected tire placards and manufacturer overlay labels.  Owners may bring the labels into a dealer for free installation.  Some interim notification letters, notifying owners of the safety risk, were mailed August 27, 2024. Owner notification letters were mailed August 5, 2024 through November 1, 2024.  Owners may contact FCA US, LLC customer service at 1-800-853-1403.  FCA US, LLC's number for this recall is 81B.","Owners may also contact the National Highway Traffic Safety Administration Vehicle Safety Hotline at 1-888-327-4236 (TTY 1-800-424-9153), or go to www.nhtsa.gov.","2024","ALFA ROMEO","STELVIO"
"Chrysler (FCA US, LLC)","24V510000",0,0,0,,"03/07/2024","AIR BAGS:FRONTAL","Chrysler (FCA US, LLC) is recalling certain 2017-2024 Alfa Romeo Giulia, 2018-2025 Alfa Romeo Stelvio, 2019-2023 Fiat 500X, Jeep Renegade, and 2024 Fiat 500E vehicles.  A seat belt buckle switch sensor may be improperly connected, preventing the front seat air bag from deploying as intended.","A front seat air bag that does not deploy as intended can increase the risk of injury in a crash.","Dealers will repair the connection, free of charge.  Owner notification letters were mailed beginning August 27, 2024.  Owners may contact FCA US, LLC customer service at 1-800-853-1403.  FCA US, LLC's number for this recall is 82B.","Owners may also contact the National Highway Traffic Safety Administration Vehicle Safety Hotline at 1-888-327-4236 (TTY 1-800-424-9153), or go to www.nhtsa.gov.","2024","ALFA ROMEO","STELVIO"
"Chrysler (FCA US, LLC)","23V623000",0,1,0,,"07/09/2023","ELECTRICAL SYSTEM:PROPULSION SYSTEM: CABLES:FASTENER/CONNECTOR","Chrysler (FCA US, LLC) is recalling certain 2023-2024 Alfa Romeo Tonale and 2023-2024 Dodge Hornet plug-in hybrid electric vehicles.  The 12-volt battery positive cable and/or high voltage connector cable may not be tightened properly, which can overheat the electrical connections and result in a fire while parked or driving.","A fire while parked or driving can increase the risk of injury.","Owners are advised to park outside and away from structures until the recall repair is complete.  Dealers will inspect and tighten the cable connections as necessary, free of charge.  Owner notification letters were mailed September 28, 2023.  Owners may contact FCA US, LLC customer service at 1-800-853-1403.  FCA US, LLC's number for this recall is 98A.","Owners may also contact the National Highway Traffic Safety Administration Vehicle Safety Hotline at 1-888-327-4236 (TTY 1-800-424-9153), or go to www.nhtsa.gov.","2024","ALFA ROMEO","TONALE"
"Chrysler (FCA US, LLC)","23V696000",0,0,0,,"17/10/2023","BACK OVER PREVENTION:WARNINGS:EXTERNAL/PEDESTRIAN ALERT","Chrysler (FCA US, LLC) is recalling certain 2023-2024 Dodge Hornet and Alfa Romeo Tonale Plug-In Hybrid vehicles.  The pedestrian alert siren may be missing or disconnected and fail to alert pedestrians when the vehicle is in reverse.  As such, these vehicles fail to comply with the requirements of Federal Motor Vehicle Safety Standard number 141, ""Minimum Sound Requirements for Hybrid and Electric Vehicles.""","Failure to alert pedestrians when backing up increases the risk of injury.","Dealers will inspect the rear pedestrian siren connection and, if necessary, secure and/or replace the connector or siren, free of charge.  Owner notification letters were mailed November 14, 2023.  Owners may contact FCA US, LLC customer service at 1-800-853-1403.  Chrysler's number for this recall is B5A.","Owners may also contact the National Highway Traffic Safety Administration Vehicle Safety Hotline at 1-888-327-4236 (TTY 1-800-424-9153), or go to www.nhtsa.gov.","2024","ALFA ROMEO","TONALE"
"Chrysler (FCA US, LLC) (Stellantis)","24V175000",0,0,0,,"05/03/2024","EQUIPMENT:OTHER:LABELS","Chrysler (FCA US, LLC) is recalling certain 2023-2024 Dodge Hornet and Alfa Romeo Tonale vehicles.  The maximum vehicle capacity weight value on the tire placard label is incorrect.  As such, these vehicles fail to comply with the requirements of Federal Motor Vehicle Safety Standard number 110, ""Tire Selection and Rims.""","A vehicle with an incorrect maximum capacity weight value may be overloaded, which can increase the risk of a crash.","Dealers will add an overlay label to the tire placard information, free of charge.  Owner notification letters were mailed March 28, 2024.  Owners may contact FCA US, LLC customer service at 1-800-853-1403.  FCA US, LLC's number for this recall is 28B.","Owners may also contact the National Highway Traffic Safety Administration Vehicle Safety Hotline at 1-888-327-4236 (TTY 1-800-424-9153), or go to www.nhtsa.gov.","2024","ALFA ROMEO","TONALE"
"Chrysler (FCA US, LLC) (Stellantis)","24V209000",0,0,0,,"19/03/2024","EQUIPMENT:OTHER:LABELS","Chrysler (FCA US, LLC) is recalling certain 2024 Dodge Hornet and Alfa Romeo Tonale vehicles.  The manufacturer label is missing the tire rim and tire size information.  As such, these vehicles fail to comply with the requirements of Federal Motor Vehicle Safety Standard number 110, ""Tire Selection and Rims.""","Missing rim and tire size information could lead to an incorrect wheel being installed, increasing the risk of a crash.","Dealers will apply a corrected label, free of charge.  Owner notification letters were mailed April 4, 2024.  Owners may contact FCA customer service at 1-800-853-1403.  FCA's number for this recall is 32B.","Owners may also contact the National Highway Traffic Safety Administration Vehicle Safety Hotline at 1-888-327-4236 (TTY 1-800-424-9153), or go to www.nhtsa.gov.","2024","ALFA ROMEO","TONALE"
"Chrysler (FCA US, LLC)","24V752000",0,0,0,,"09/10/2024","SERVICE BRAKES, HYDRAULIC:PEDALS AND LINKAGES","Chrysler (FCA US, LLC) is recalling certain 2024-2025 Dodge Hornet and Alfa Romeo Tonale vehicles.  The brake pedal may collapse and cause a loss of brake function.","A loss of brake function increases the risk of a crash.","Dealers will reinforce the brake pedal arm, free of charge.  Owner notification letters were mailed October 17, 2024.  Owners may contact FCA Customer Service at 1-800-853-1403.  FCA's number for this recall is B7B.","Owners may also contact the National Highway Traffic Safety Administration Vehicle Safety Hotline at 1-888-327-4236 (TTY 1-800-424-9153) or go to nhtsa.gov.","2024","ALFA ROMEO","TONALE"
"Chrysler (FCA US, LLC)","25V246000",0,0,0,,"13/05/2025","BACK OVER PREVENTION: SENSING SYSTEM: CAMERA","Chrysler (FCA US, LLC) is recalling certain 2023-2025 Alfa Romeo Tonale and Dodge Hornet vehicles.  The display module may not show the rearview camera image.  As such, these vehicles fail to comply with the requirements of Federal Motor Vehicle Safety Standard (FMVSS) number 111, ""Rear Visibility.""","A rearview image that does not display reduces the driver's view of what is behind the vehicle, increasing the risk of a crash.","Dealers will update the software or replace the display as necessary free of charge.  Owner notification letters were mailed beginning May 13, 2025.  Owners may contact Chrysler customer service at 800-853-1403.  Chrysler's numbers for this recall are 13C and 38C.","Owners may also contact the National Highway Traffic Safety Administration Vehicle Safety Hotline at 888-327-4236 (TTY 888-275-9171) or go to nhtsa.gov.","2024","ALFA ROMEO","TONALE"
"Alliance RV, LLC","24V663000",0,0,0,,"10/09/2024","EQUIPMENT:RECREATIONAL VEHICLE/TRAILER:120/240 VAC ELECTRICAL SYSTEM:GFCI/AFCI","Alliance RV, LLC is recalling certain 2024-2025 Alliance Valor 31T13 travel trailers.  The front bathroom may be missing the Ground Fault Interrupter (GFI) and may not be connected to the GFI circuit.","A bathroom electrical outlet that is missing GFI protection can result in electrical shock, increasing the risk of injury.","Dealers will replace the standard receptacle with a GFI receptacle, free of charge.  Owner notification letters were mailed in October 18, 2024.  Owners may contact Alliance customer service at 1-574-218-7165.","Owners may also contact the National Highway Traffic Safety Administration Vehicle Safety Hotline at 1-888-327-4236 (TTY 1-800-424-9153), or go to www.nhtsa.gov.","2024","ALLIANCE RV","VALOR"
"Alliance RV, LLC","26V324000",0,0,0,,"20/05/2026","EQUIPMENT:ELECTRICAL:ACCESSORY BATTERY","Alliance RV, LLC (Alliance) is recalling certain 2022-2025 Valor and Paradigm recreational trailers. The heating pad may not be appropriate for lithium battery applications.","The heating pad may overheat in the battery compartment, increasing the risk of a fire.","Dealers will replace the heating pads, free of charge. Owner notification letters were mailed June 24, 2026. Owners may contact Alliance customer service at 1-574-218-7165. Vehicle Identification Numbers (VINs) involved in this recall will be searchable on NHTSA.gov beginning May 29, 2026.",,"2024","ALLIANCE RV","VALOR"
"Aston Martin The Americas","24V249000",0,0,0,,"03/04/2024","ENGINE AND ENGINE COOLING:COOLING SYSTEM:HOSES/LINES/PIPING/FITTINGS","Aston Martin The Americas (Aston Martin) is recalling certain 2023-2024 DBX707 vehicles.  An oil hose for the oil cooler may burst, resulting in a sudden loss of oil and oil pressure.","A sudden loss of oil and oil pressure can result in the engine stalling or seizing, increasing the risk of a crash or fire.","Dealers will replace the hoses for the oil cooler, free of charge.  Owner notification letters were mailed June 6, 2024.  Owners may contact Aston Martin customer service at 1-888-923-9988.  Aston Martin's number for this recall is RA-03-1926.","Owners may also contact the National Highway Traffic Safety Administration Vehicle Safety Hotline at 1-888-327-4236 (TTY 1-800-424-9153), or go to www.nhtsa.gov.","2024","ASTON MARTIN","DBX"
"Aston Martin The Americas","24V255000",0,0,0,,"05/04/2024","ELECTRICAL SYSTEM:WIRING:FUSES AND CIRCUIT BREAKERS","Aston Martin The Americas (Aston Martin) is recalling certain 2021-2024 DBX vehicles.  Electrical cables in the battery fuse box may be loose, which can result in an engine stall, or a loss of headlights and/or power steering.","An engine stall or loss of headlights and/or power steering can increase the risk of a crash.","Dealers will inspect the fuses and cables for damage and replace them as necessary.  In addition, the fasteners will be replaced.  Repairs will be performed free of charge.  Owner notification letters were mailed June 2, 2024.  Owners may contact Aston Martin customer service at 1-888-923-9988.  Aston Martin's number for this recall is RA-63-1832.","Owners may also contact the National Highway Traffic Safety Administration Vehicle Safety Hotline at 1-888-327-4236 (TTY 1-800-424-9153), or go to www.nhtsa.gov.","2024","ASTON MARTIN","DBX"
"Aston Martin The Americas","26V200000",0,0,0,,"30/03/2026","SUSPENSION:REAR","Aston Martin The Americas (Aston Martin) is recalling certain 2026 DBX S, 2023-2026 DBX707, and 2021-2024 DBX vehicles. The pin for the torque reaction link may slide out of the rear lower suspension arm, causing the rear lower suspension arm casting to crack or shear.","Failure of the rear lower suspension arm can cause a loss of vehicle control, damage the brake line or other suspension components, and increase the risk of a crash.","Aston Martin will inspect the lower rear suspension arms for cracks, and as necessary, replace the lower rear arms, and replace the bolts for the torque reaction links, free of charge. Owner notification letters were mailed May 28, 2026. Owners may contact Aston Martin customer service at 1-888-923-9988. Aston Martin's number for this recall is RA-41-2086. The Vehicle Identification Number (VIN) involved in this recall became searchable on NHTSA.gov on April 2, 2026.",,"2024","ASTON MARTIN","DBX"
"Volkswagen Group of America, Inc.","24V251000",0,0,0,,"03/04/2024","AIR BAGS:SENSOR:OCCUPANT CLASSIFICATION:FRONT PASSENGER","Volkswagen Group of America, Inc. (Volkswagen) is recalling certain 2023 Audi S5 Cabriolet, A4 Allroad, Q5 Sportback, A3 Sedan, S5 Sportback, SQ7, TT Coupe, TT Roadster, RS5 Sportback, 2024 A8, E-Tron Quattro, E-Tron Sportback Quattro, Q8, RSQ8, 2023-2024 Q3, Q5, and Q7 vehicles.  An electrical connection in the front passenger seat for the occupant detection system (ODS) control module may loosen and deactivate the front passenger air bag.","A deactivated front passenger air bag will not deploy during a crash, increasing the risk of injury.","Dealers will replace the passenger seat occupant detection system control module, free of charge.  Owner notification letters were mailed on May 8, 2024. Owners may contact Audi customer service at 1-800-253-2834.  Volkswagen's number for this recall is 69GU.","Owners may also contact the National Highway Traffic Safety Administration Vehicle Safety Hotline at 1-888-327-4236 (TTY 1-800-424-9153), or go to www.nhtsa.gov.","2024","AUDI","Q3"
"Volkswagen Group of America, Inc.","25V082000",0,0,0,,"12/02/2025","BACK OVER PREVENTION:SOFTWARE","Volkswagen Group of America, Inc. (Volkswagen) is recalling certain 2022-2024 Tiguan, 2023 Arteon, and 2024-2025 Audi Q3 vehicles.  An error may occur in the camera control unit at vehicle startup, resulting in the rearview camera image not displaying as intended.  As such, these vehicles fail to comply with the requirements of Federal Motor Vehicle Safety Standard number 111, ""Rear Visibility.""","A rearview camera that does not display an image can reduce the driver's rear view, increasing the risk of a crash.","Dealers will update the camera control unit software, free of charge.  Owner notification letters were mailed to Audi owners April 3, 2024, and Volkswagen owners November 18, 2025.Volkswagen owners will receive a second notice once remedy parts become available.  Owners may contact Volkswagen customer service at 1-800-893-5298 or Audi customer service at 1-800-253-2834.  Volkswagen's numbers for this recall are (Volkswagen) 91NY and (Audi) 90AV.","Owners may also contact the National Highway Traffic Safety Administration Vehicle Safety Hotline at 1-888-327-4236 (TTY 1-888-275-9153) or go to nhtsa.gov.","2024","AUDI","Q3"
"Volkswagen Group of America, Inc.","23V842000",0,0,0,,"13/12/2023","ELECTRICAL SYSTEM:PROPULSION SYSTEM:CHARGING:CABLE/CORD:ONBOARD","Volkswagen Group of America, Inc. (Audi) is recalling certain 2022-2024 RS e-tron GT, e-tron GT, Q4 e-tron Sportback, Q4 e-tron, 2020-2021 Audi A8, 2019-2024 e-tron Quattro, 2020-2024 e-tron Sportback Quattro, Q5, and 2021-2022 A7 vehicles.  When using the industrial 220V/240V plug at the 100% charge setting, some home power outlets may be incapable of handling the electrical current required to utilize the compact charging system, causing the outlet or charging cable to overheat.","An overheated outlet or charging cable can increase the risk of a fire.","Owners are advised not to use the 220V/240V compact/portable charging cable and only use the 110V home charging cable or public charging stations.  Dealers will supply a new 220V/240V compact/portable charging cable with an incorporated temperature sensor, free of charge.  Owner notification letters were mailed on March 28, 2024.  Owners may contact Audi customer service at 1-800-253-2834.  Audi's numbers for this recall are 93U6 and 93U8.","Owners may also contact the National Highway Traffic Safety Administration Vehicle Safety Hotline at 1-888-327-4236 (TTY 1-800-424-9153), or go to www.nhtsa.gov.","2024","AUDI","Q4 E-TRON"
"Volkswagen Group of America, Inc.","24V361000",0,0,0,,"22/05/2024","EXTERIOR LIGHTING:LIGHTING CONTROL MODULE:SOFTWARE","Volkswagen Group of America, Inc. (Audi) is recalling certain 2022-2024 Q4 E-TRON and Q4 E-TRON Sportback vehicles.  The incorrect headlight control module software may have been installed.  As such, these vehicles fail to comply with the requirements of Federal Motor Vehicle Safety Standard number 108, ""Lamps, Reflective Devices, and Associated Equipment.""","Incorrect headlight control module software may cause the parking lights not to operate as intended when the headlights are turned on and the turn signals are activated, which can reduce vehicle visibility and increase the risk of a crash.","Dealers will update the headlight control module with a new data set, free of charge.  Owner notification letters were mailed June 6, 2024.  Owners may contact Audi customer service at 1-800-253-2834.  Audi's number for this recall is 941L.","Owners may also contact the National Highway Traffic Safety Administration Vehicle Safety Hotline at 1-888-327-4236 (TTY 1-800-424-9153), or go to www.nhtsa.gov.","2024","AUDI","Q4 E-TRON"
"Volkswagen Group of America, Inc.","25V125000",0,0,0,,"28/02/2025","ELECTRICAL SYSTEM:12V/24V/48V BATTERY","Volkswagen Group of America, Inc. (Volkswagen) is recalling certain 2024-2025 AUDI Q4 E-Tron SUV, AUDI Q4 E-Tron Sportback, and 2024 ID.4 vehicles.  The on-board charger (OCDC) may fail and stop charging the 12-volt battery, which can result in a loss of drive power.","A loss of drive power increases the risk of a crash.","Dealers will replace the OCDC, free of charge.  Owner notification letters were mailed on May 20, 2025.  Owners may contact Volkswagen customer service at 1-800-893-5298 or Audi customer service at 1-800-253-2834.  Volkswagen's number for this recall is 93CJ.  Audi's number for this recall is 93FR.","Owners may also contact the National Highway Traffic Safety Administration Vehicle Safety Hotline at 888-327-4236 (TTY 888-275-9171) or go to nhtsa.gov.","2024","AUDI","Q4 E-TRON"
"Volkswagen Group of America, Inc.","25V125000",0,0,0,,"28/02/2025","ELECTRICAL SYSTEM:12V/24V/48V BATTERY","Volkswagen Group of America, Inc. (Volkswagen) is recalling certain 2024-2025 AUDI Q4 E-Tron SUV, AUDI Q4 E-Tron Sportback, and 2024 ID.4 vehicles.  The on-board charger (OCDC) may fail and stop charging the 12-volt battery, which can result in a loss of drive power.","A loss of drive power increases the risk of a crash.","Dealers will replace the OCDC, free of charge.  Owner notification letters were mailed on May 20, 2025.  Owners may contact Volkswagen customer service at 1-800-893-5298 or Audi customer service at 1-800-253-2834.  Volkswagen's number for this recall is 93CJ.  Audi's number for this recall is 93FR.","Owners may also contact the National Highway Traffic Safety Administration Vehicle Safety Hotline at 888-327-4236 (TTY 888-275-9171) or go to nhtsa.gov.","2024","AUDI","Q4 SPORTBACK E-TRON"
"Volkswagen Group of America, Inc.","23V842000",0,0,0,,"13/12/2023","ELECTRICAL SYSTEM:PROPULSION SYSTEM:CHARGING:CABLE/CORD:ONBOARD","Volkswagen Group of America, Inc. (Audi) is recalling certain 2022-2024 RS e-tron GT, e-tron GT, Q4 e-tron Sportback, Q4 e-tron, 2020-2021 Audi A8, 2019-2024 e-tron Quattro, 2020-2024 e-tron Sportback Quattro, Q5, and 2021-2022 A7 vehicles.  When using the industrial 220V/240V plug at the 100% charge setting, some home power outlets may be incapable of handling the electrical current required to utilize the compact charging system, causing the outlet or charging cable to overheat.","An overheated outlet or charging cable can increase the risk of a fire.","Owners are advised not to use the 220V/240V compact/portable charging cable and only use the 110V home charging cable or public charging stations.  Dealers will supply a new 220V/240V compact/portable charging cable with an incorporated temperature sensor, free of charge.  Owner notification letters were mailed on March 28, 2024.  Owners may contact Audi customer service at 1-800-253-2834.  Audi's numbers for this recall are 93U6 and 93U8.","Owners may also contact the National Highway Traffic Safety Administration Vehicle Safety Hotline at 1-888-327-4236 (TTY 1-800-424-9153), or go to www.nhtsa.gov.","2024","AUDI","Q5"
"Volkswagen Group of America, Inc.","24V251000",0,0,0,,"03/04/2024","AIR BAGS:SENSOR:OCCUPANT CLASSIFICATION:FRONT PASSENGER","Volkswagen Group of America, Inc. (Volkswagen) is recalling certain 2023 Audi S5 Cabriolet, A4 Allroad, Q5 Sportback, A3 Sedan, S5 Sportback, SQ7, TT Coupe, TT Roadster, RS5 Sportback, 2024 A8, E-Tron Quattro, E-Tron Sportback Quattro, Q8, RSQ8, 2023-2024 Q3, Q5, and Q7 vehicles.  An electrical connection in the front passenger seat for the occupant detection system (ODS) control module may loosen and deactivate the front passenger air bag.","A deactivated front passenger air bag will not deploy during a crash, increasing the risk of injury.","Dealers will replace the passenger seat occupant detection system control module, free of charge.  Owner notification letters were mailed on May 8, 2024. Owners may contact Audi customer service at 1-800-253-2834.  Volkswagen's number for this recall is 69GU.","Owners may also contact the National Highway Traffic Safety Administration Vehicle Safety Hotline at 1-888-327-4236 (TTY 1-800-424-9153), or go to www.nhtsa.gov.","2024","AUDI","Q5"
"Volkswagen Group of America, Inc.","25V080000",0,0,0,,"12/02/2025","ELECTRICAL SYSTEM:PROPULSION SYSTEM:TRACTION BATTERY","Volkswagen Group of America, Inc. (Volkswagen) is recalling certain 2021-2024 Audi Q5, and 2022 A7 E Hybrid Electric PHEV vehicles.  The high-voltage battery may overheat.","A high-voltage battery that overheats increases the risk of a fire.","Dealers will install advanced diagnostic software , free of charge. Volkswagen will monitor available online vehicle data and contact owners as necessary, to advise them not to charge the vehicle until the battery can be replaced.  For vehicles in which online data is unavailable, owners are advised not to charge their batteries until the final remedy becomes available.  Repairs will be performed free of charge.  This will be a Phased recall. Phase 1 will include Interim letters 2022-2023 model year vehicles. Phase 2 will include Owner letters 2021-2024 model year vehicles, and Phase 3 will include Interim letters 2022-2023 model year vehicles.  Interim owner notification letters informing owners of the safety risk were mailed February 28, 2025, and May 7, 2025. A second notice will be sent once the final remedy is available. Owner notification letters were mailed May 1, 2025. Owners may contact Audi customer service at 1-800-253-2834.  Volkswagen's number for this recall is 93AA.  This recall expands and replaces previous NHTSA recall number 24V898.","Owners may also contact the National Highway Traffic Safety Administration Vehicle Safety Hotline at 1-888-327-4236 (TTY 1-888-275-9153) or go to nhtsa.gov.","2024","AUDI","Q5"
"Volkswagen Group of America, Inc.","25V294000",0,0,0,,"07/05/2025","ENGINE","Volkswagen Group of America, Inc. (Audi) is recalling certain 2022-2024 Q5 Quattro and Q5 Sportback Quattro vehicles.  The cylinder head cover screws may have been improperly tightened.","The screws can loosen, allowing oil to leak and increasing the risk of a fire.","Dealers will inspect and replace the screws as necessary, free of charge.  Owner notification letters were mailed June 5, 2025.  Owners may contact Audi customer service at 1-800-253-2834.  Audi's number for this recall is 15ZK.","Owners may also contact the National Highway Traffic Safety Administration Vehicle Safety Hotline at 888-327-4236 (TTY 888-275-9171) or go to nhtsa.gov.","2024","AUDI","Q5"
"Volkswagen Group of America, Inc.","23V868000",0,0,0,,"20/12/2023","AIR BAGS:SIDE/WINDOW","Volkswagen Group of America, Inc. (Audi) is recalling certain 2023-2024 SQ8, RSQ8, Q8, Q7, and 2024 SQ7 vehicles.  The driver's seat side air bag may have been improperly mounted to the seatback frame.  As such, these vehicles fail to comply with the requirements of Federal Motor Vehicle Safety Standard number 214, ""Side Impact Protection.""","An improperly mounted air bag may not restrain an occupant as intended, increasing the risk of injury during a crash.","Dealers will inspect and reinstall the air bag as necessary, free of charge.  Owner notification letters were mailed January 17, 2024.  Owners may contact Audi customer service at 1-800-253-2834.  Audi's number for this recall is 69GA.","Owners may also contact the National Highway Traffic Safety Administration Vehicle Safety Hotline at 1-888-327-4236 (TTY 1-800-424-9153), or go to www.nhtsa.gov.","2024","AUDI","Q7"
"Volkswagen Group of America, Inc.","24V251000",0,0,0,,"03/04/2024","AIR BAGS:SENSOR:OCCUPANT CLASSIFICATION:FRONT PASSENGER","Volkswagen Group of America, Inc. (Volkswagen) is recalling certain 2023 Audi S5 Cabriolet, A4 Allroad, Q5 Sportback, A3 Sedan, S5 Sportback, SQ7, TT Coupe, TT Roadster, RS5 Sportback, 2024 A8, E-Tron Quattro, E-Tron Sportback Quattro, Q8, RSQ8, 2023-2024 Q3, Q5, and Q7 vehicles.  An electrical connection in the front passenger seat for the occupant detection system (ODS) control module may loosen and deactivate the front passenger air bag.","A deactivated front passenger air bag will not deploy during a crash, increasing the risk of injury.","Dealers will replace the passenger seat occupant detection system control module, free of charge.  Owner notification letters were mailed on May 8, 2024. Owners may contact Audi customer service at 1-800-253-2834.  Volkswagen's number for this recall is 69GU.","Owners may also contact the National Highway Traffic Safety Administration Vehicle Safety Hotline at 1-888-327-4236 (TTY 1-800-424-9153), or go to www.nhtsa.gov.","2024","AUDI","Q7"
"Volkswagen Group of America, Inc.","25V900000",0,0,0,,"19/12/2025","BACK OVER PREVENTION: SENSING SYSTEM: CAMERA","Volkswagen Group of America, Inc. (Audi) is recalling certain 2019-2026 vehicles. Please see the recall report for a complete list of models. A software error may prevent the rearview camera image from displaying as intended.  As such, these vehicles fail to comply with the requirements of Federal Motor Vehicle Safety Standard number 111, ""Rear Visibility.""","A rearview image that does not display reduces the driver's view behind the vehicle, increasing the risk of a crash.","Dealers will update the software, free of charge. Owner notification letters were mailed January 14, 2026. Owners may contact Audi customer service at 1-800-253-2834.  Audi's number for this recall is 90TV. Vehicle Identification Numbers (VINs) involved in this recall became searchable on NHTSA.gov on December 23, 2025.",,"2024","AUDI","Q7"
"Volkswagen Group of America, Inc.","23V868000",0,0,0,,"20/12/2023","AIR BAGS:SIDE/WINDOW","Volkswagen Group of America, Inc. (Audi) is recalling certain 2023-2024 SQ8, RSQ8, Q8, Q7, and 2024 SQ7 vehicles.  The driver's seat side air bag may have been improperly mounted to the seatback frame.  As such, these vehicles fail to comply with the requirements of Federal Motor Vehicle Safety Standard number 214, ""Side Impact Protection.""","An improperly mounted air bag may not restrain an occupant as intended, increasing the risk of injury during a crash.","Dealers will inspect and reinstall the air bag as necessary, free of charge.  Owner notification letters were mailed January 17, 2024.  Owners may contact Audi customer service at 1-800-253-2834.  Audi's number for this recall is 69GA.","Owners may also contact the National Highway Traffic Safety Administration Vehicle Safety Hotline at 1-888-327-4236 (TTY 1-800-424-9153), or go to www.nhtsa.gov.","2024","AUDI","Q8"
"Volkswagen Group of America, Inc.","24V251000",0,0,0,,"03/04/2024","AIR BAGS:SENSOR:OCCUPANT CLASSIFICATION:FRONT PASSENGER","Volkswagen Group of America, Inc. (Volkswagen) is recalling certain 2023 Audi S5 Cabriolet, A4 Allroad, Q5 Sportback, A3 Sedan, S5 Sportback, SQ7, TT Coupe, TT Roadster, RS5 Sportback, 2024 A8, E-Tron Quattro, E-Tron Sportback Quattro, Q8, RSQ8, 2023-2024 Q3, Q5, and Q7 vehicles.  An electrical connection in the front passenger seat for the occupant detection system (ODS) control module may loosen and deactivate the front passenger air bag.","A deactivated front passenger air bag will not deploy during a crash, increasing the risk of injury.","Dealers will replace the passenger seat occupant detection system control module, free of charge.  Owner notification letters were mailed on May 8, 2024. Owners may contact Audi customer service at 1-800-253-2834.  Volkswagen's number for this recall is 69GU.","Owners may also contact the National Highway Traffic Safety Administration Vehicle Safety Hotline at 1-888-327-4236 (TTY 1-800-424-9153), or go to www.nhtsa.gov.","2024","AUDI","Q8"
"Volkswagen Group of America, Inc.","25V900000",0,0,0,,"19/12/2025","BACK OVER PREVENTION: SENSING SYSTEM: CAMERA","Volkswagen Group of America, Inc. (Audi) is recalling certain 2019-2026 vehicles. Please see the recall report for a complete list of models. A software error may prevent the rearview camera image from displaying as intended.  As such, these vehicles fail to comply with the requirements of Federal Motor Vehicle Safety Standard number 111, ""Rear Visibility.""","A rearview image that does not display reduces the driver's view behind the vehicle, increasing the risk of a crash.","Dealers will update the software, free of charge. Owner notification letters were mailed January 14, 2026. Owners may contact Audi customer service at 1-800-253-2834.  Audi's number for this recall is 90TV. Vehicle Identification Numbers (VINs) involved in this recall became searchable on NHTSA.gov on December 23, 2025.",,"2024","AUDI","Q8"
"Volkswagen Group of America, Inc.","23V842000",0,0,0,,"13/12/2023","ELECTRICAL SYSTEM:PROPULSION SYSTEM:CHARGING:CABLE/CORD:ONBOARD","Volkswagen Group of America, Inc. (Audi) is recalling certain 2022-2024 RS e-tron GT, e-tron GT, Q4 e-tron Sportback, Q4 e-tron, 2020-2021 Audi A8, 2019-2024 e-tron Quattro, 2020-2024 e-tron Sportback Quattro, Q5, and 2021-2022 A7 vehicles.  When using the industrial 220V/240V plug at the 100% charge setting, some home power outlets may be incapable of handling the electrical current required to utilize the compact charging system, causing the outlet or charging cable to overheat.","An overheated outlet or charging cable can increase the risk of a fire.","Owners are advised not to use the 220V/240V compact/portable charging cable and only use the 110V home charging cable or public charging stations.  Dealers will supply a new 220V/240V compact/portable charging cable with an incorporated temperature sensor, free of charge.  Owner notification letters were mailed on March 28, 2024.  Owners may contact Audi customer service at 1-800-253-2834.  Audi's numbers for this recall are 93U6 and 93U8.","Owners may also contact the National Highway Traffic Safety Administration Vehicle Safety Hotline at 1-888-327-4236 (TTY 1-800-424-9153), or go to www.nhtsa.gov.","2024","AUDI","RS E-TRON GT"
"Volkswagen Group of America, Inc.","24V228000",0,0,0,,"22/03/2024","ELECTRICAL SYSTEM:PROPULSION SYSTEM:TRACTION BATTERY","Volkswagen Group of America, Inc. (Volkswagen) is recalling certain 2022-2024 Audi RS E-Tron GT and E-Tron GT vehicles.  The high-voltage battery may experience a short circuit within the battery modules.","A short circuit in a high-voltage battery module increases the risk of a fire.","Owners are advised to only charge their vehicles to a maximum of 80% battery capacity until the repair has been completed.  Dealers will, analyze the battery data and replace the high-voltage battery modules as necessary free of charge.  Owner notification letters were mailed on May 21, 2024.  Owners may contact Audi customer service at 1-800-253-2834.  Volkswagen's number for this recall is 93VN.","Owners may also contact the National Highway Traffic Safety Administration Vehicle Safety Hotline at 1-888-327-4236 (TTY 1-800-424-9153), or go to www.nhtsa.gov.","2024","AUDI","RS E-TRON GT"
"Volkswagen Group of America, Inc.","24V465000",0,0,0,,"20/06/2024","SERVICE BRAKES, AIR:SUPPLY:HOSES, LINES/PIPING, AND FITTINGS","Volkswagen Group of America, Inc. (Audi) is recalling certain 2022-2024 Audi RS E-Tron GT and Audi E-Tron GT vehicles.  The front axle brake hoses can develop tears, causing a leak and a brake circuit failure.","A failed brake circuit can cause longer brake pedal travel and reduced braking performance, extending the distance required to stop and increasing the risk of a crash.","Dealers will replace the front axle brake hoses, free of charge. Owner notification letters were mailed on August 6, 2024.  Owners may contact Audi customer service at 1-800-253-2834.  Audi's number for this recall is 47UP.","Owners may also contact the National Highway Traffic Safety Administration Vehicle Safety Hotline at 1-888-327-4236 (TTY 1-800-424-9153), or go to www.nhtsa.gov.","2024","AUDI","RS E-TRON GT"
"Volkswagen Group of America, Inc.","24V726000",0,0,0,,"30/09/2024","ELECTRICAL SYSTEM:PROPULSION SYSTEM:TRACTION BATTERY","Volkswagen Group of America, Inc. (Audi) is recalling certain 2022-2024 E-TRON GT, and RS E-TRON GT vehicles.  The high-voltage battery may experience a short circuit within the battery module.","A short circuit in a high-voltage battery module increases the risk of a fire.","Dealers will install advanced diagnostic software as the final remedy free of charge.

For vehicles where on-line data is available (Audi recall number 931A), as an interim measure, the vehicles will be monitored
through online data evaluation at no cost to owners.  Where the online data shows a potentially critical battery module, the owner
will be contacted and advised to only charge the vehicle up to 80% charging capacity until the affected module can be replaced at
an authorized Audi dealer, free of charge.

For vehicles where online-data is not available (Audi recall number 931B), as an interim measure, dealers will perform diagnostic
procedures and, if necessary, replace battery module assemblies, free of charge.  Owners of these vehicles will also be advised to
only charge their vehicle up to 80% charging capacity, and the inspection may have to be repeated before the software becomes
available.

 Owner notification letters were mailed to  Audi recall number 931A on July 24, 2025, and  931B was mailed on July 28, 2025. Owners may contact Audi customer service at 1-800-253-2834.  Audi's numbers for this recall are 931A and 931B.  This recall expands and replaces previous recall numbers 24V-229, and 24V-228.  Vehicles previously repaired under the prior recalls will need to have the new remedy completed.","Owners may also contact the National Highway Traffic Safety Administration Vehicle Safety Hotline at 1-888-327-4236 (TTY 1-800-424-9153) or go to nhtsa.gov.","2024","AUDI","RS E-TRON GT"
"Volkswagen Group of America, Inc.","25V900000",0,0,0,,"19/12/2025","BACK OVER PREVENTION: SENSING SYSTEM: CAMERA","Volkswagen Group of America, Inc. (Audi) is recalling certain 2019-2026 vehicles. Please see the recall report for a complete list of models. A software error may prevent the rearview camera image from displaying as intended.  As such, these vehicles fail to comply with the requirements of Federal Motor Vehicle Safety Standard number 111, ""Rear Visibility.""","A rearview image that does not display reduces the driver's view behind the vehicle, increasing the risk of a crash.","Dealers will update the software, free of charge. Owner notification letters were mailed January 14, 2026. Owners may contact Audi customer service at 1-800-253-2834.  Audi's number for this recall is 90TV. Vehicle Identification Numbers (VINs) involved in this recall became searchable on NHTSA.gov on December 23, 2025.",,"2024","AUDI","RS E-TRON GT"
"Volkswagen Group of America, Inc.","23V868000",0,0,0,,"20/12/2023","AIR BAGS:SIDE/WINDOW","Volkswagen Group of America, Inc. (Audi) is recalling certain 2023-2024 SQ8, RSQ8, Q8, Q7, and 2024 SQ7 vehicles.  The driver's seat side air bag may have been improperly mounted to the seatback frame.  As such, these vehicles fail to comply with the requirements of Federal Motor Vehicle Safety Standard number 214, ""Side Impact Protection.""","An improperly mounted air bag may not restrain an occupant as intended, increasing the risk of injury during a crash.","Dealers will inspect and reinstall the air bag as necessary, free of charge.  Owner notification letters were mailed January 17, 2024.  Owners may contact Audi customer service at 1-800-253-2834.  Audi's number for this recall is 69GA.","Owners may also contact the National Highway Traffic Safety Administration Vehicle Safety Hotline at 1-888-327-4236 (TTY 1-800-424-9153), or go to www.nhtsa.gov.","2024","AUDI","SQ7"
"Volkswagen Group of America, Inc.","25V900000",0,0,0,,"19/12/2025","BACK OVER PREVENTION: SENSING SYSTEM: CAMERA","Volkswagen Group of America, Inc. (Audi) is recalling certain 2019-2026 vehicles. Please see the recall report for a complete list of models. A software error may prevent the rearview camera image from displaying as intended.  As such, these vehicles fail to comply with the requirements of Federal Motor Vehicle Safety Standard number 111, ""Rear Visibility.""","A rearview image that does not display reduces the driver's view behind the vehicle, increasing the risk of a crash.","Dealers will update the software, free of charge. Owner notification letters were mailed January 14, 2026. Owners may contact Audi customer service at 1-800-253-2834.  Audi's number for this recall is 90TV. Vehicle Identification Numbers (VINs) involved in this recall became searchable on NHTSA.gov on December 23, 2025.",,"2024","AUDI","SQ7"
"Volkswagen Group of America, Inc.","23V868000",0,0,0,,"20/12/2023","AIR BAGS:SIDE/WINDOW","Volkswagen Group of America, Inc. (Audi) is recalling certain 2023-2024 SQ8, RSQ8, Q8, Q7, and 2024 SQ7 vehicles.  The driver's seat side air bag may have been improperly mounted to the seatback frame.  As such, these vehicles fail to comply with the requirements of Federal Motor Vehicle Safety Standard number 214, ""Side Impact Protection.""","An improperly mounted air bag may not restrain an occupant as intended, increasing the risk of injury during a crash.","Dealers will inspect and reinstall the air bag as necessary, free of charge.  Owner notification letters were mailed January 17, 2024.  Owners may contact Audi customer service at 1-800-253-2834.  Audi's number for this recall is 69GA.","Owners may also contact the National Highway Traffic Safety Administration Vehicle Safety Hotline at 1-888-327-4236 (TTY 1-800-424-9153), or go to www.nhtsa.gov.","2024","AUDI","SQ8"
"Volkswagen Group of America, Inc.","25V900000",0,0,0,,"19/12/2025","BACK OVER PREVENTION: SENSING SYSTEM: CAMERA","Volkswagen Group of America, Inc. (Audi) is recalling certain 2019-2026 vehicles. Please see the recall report for a complete list of models. A software error may prevent the rearview camera image from displaying as intended.  As such, these vehicles fail to comply with the requirements of Federal Motor Vehicle Safety Standard number 111, ""Rear Visibility.""","A rearview image that does not display reduces the driver's view behind the vehicle, increasing the risk of a crash.","Dealers will update the software, free of charge. Owner notification letters were mailed January 14, 2026. Owners may contact Audi customer service at 1-800-253-2834.  Audi's number for this recall is 90TV. Vehicle Identification Numbers (VINs) involved in this recall became searchable on NHTSA.gov on December 23, 2025.",,"2024","AUDI","SQ8"
"Crane Carrier Company","23V902000",0,0,0,,"27/12/2023","STEERING:LINKAGES:DRAG:LINK:CONNECTION","Battle Motors, Inc. (Battle Motors) is recalling certain 2023-2024 Let2 trucks.  The drag link connecting the steering gear to the roadside steering knuckle may become deformed or break.","A broken drag link can cause a complete loss of steering control, increasing the risk of a crash.","Dealers will install a new drag link, free of charge.  Owner notification letters were mailed February 1, 2024.  Owners may contact Battle Motors customer service at 1-877-546-2537.","Owners may also contact the National Highway Traffic Safety Administration Vehicle Safety Hotline at 1-888-327-4236 (TTY 1-800-424-9153), or go to www.nhtsa.gov.","2024","BATTLE MOTORS","LET2"
"Battle Motors, Inc.","25V342000",1,0,0,,"02/06/2025","STEERING: STEERING WHEEL/HANDLE BAR","Battle Motors, Inc. (Battle Motors) is recalling certain 2024-2025 Let2 trucks. The steering wheel retaining nut may have been improperly tightened, allowing the steering wheel to loosen and detach from the steering shaft.","A loose or detached steering wheel can cause a loss of control, increasing the risk of a crash.","Owners are advised not to drive their vehicle until the repairs are completed. Dealers will inspect and tighten the steering wheel retaining nut as necessary, free of charge. Owner notification letters were mailed June 25, 2025. Owners may contact Battle Motors customer service at 1-877-546-2537.",,"2024","BATTLE MOTORS","LET2"
"Big Tex Trailer Manufacturing, Inc.","23V784000",0,0,0,,"21/11/2023","TIRES:SIDEWALL","Big Tex Trailer Manufacturing, Inc. (Big Tex Trailer) is recalling certain 2024 trailers with defective Goodride ST 200 tires.  Please see the recall report for a complete list of trailer models.  The sidewall of the tires may experience bubbling and separate, causing a loss of tire pressure.  As such, these trailers fail to comply with the requirements of Federal Motor Vehicle Safety Standard number 119, ""New Pneumatic Tires-Other Than Passenger Cars.""","A loss of tire pressure increases the risk of a crash.","Dealers will inspect and replace the tires as necessary, free of charge.  Owner notification letters were mailed January 12, 2024.  Owners may contact Big Tex Trailer customer service at 1-800-594-5637.","Owners may also contact the National Highway Traffic Safety Administration Vehicle Safety Hotline at 1-888-327-4236 (TTY 1-800-424-9153), or go to www.nhtsa.gov.","2024","BIG TEX","14GN"
"BMW of North America, LLC","23V700000",0,0,0,,"18/10/2023","ELECTRICAL SYSTEM:ADAS:DRIVER MONITORING:CAMERA/SENSOR","BMW of North America, LLC (BMW) is recalling certain 2023-2024 740i, 740i xDrive, 760i xDrive, i7 eDrive50, i7 xDrive60, i7 M70, 2024 750e xDrive, 530i, 530i xDrive, i5 eDrive40, and i5 M60 vehicles.  The ground connection to the steering wheel may not have been attached correctly, resulting in an inoperative hands-on detection system.","An inoperative hands-on detection system may fail to detect when the driver's hands are not on the steering wheel and therefore not engage the emergency stopping assistant system, increasing the risk of a crash.","Dealers will inspect and reattach the ground connection as necessary, free of charge.  Owner notification letters were mailed December 8, 2023.  Owners may contact BMW customer service at 1-800-525-7417.","Owners may also contact the National Highway Traffic Safety Administration Vehicle Safety Hotline at 1-888-327-4236 (TTY 1-800-424-9153), or go to www.nhtsa.gov.","2024","BMW","530I"
"BMW of North America, LLC","24V104000",0,0,0,,"12/02/2024","ELECTRONIC STABILITY CONTROL (ESC)","BMW of North America, LLC. (BMW) is recalling certain 2023-2025 BMW, MINI, and Rolls-Royce vehicles.  Please see the recall report for a complete list of models and model years.  The integrated brake (IB) system may malfunction and result in a loss of power brake assist or cause the Antilock Brake (ABS) and Dynamic Stability Control (DSC) systems to not function properly.","A loss of power brake assist can extend the distance required to stop the vehicle.  Additionally, malfunctioning ABS and/or DSC systems can cause a loss of vehicle control.  Either of these scenarios can increase the risk of a crash.","Dealers will replace the integrated brake system, free of charge.  Owner notification letters were mailed between June and December 2024.  Owners may contact BMW customer service at 1-800-525-7417 or Rolls Royce customer service at 1-877-877-3735.","Owners may also contact the National Highway Traffic Safety Administration Vehicle Safety Hotline at 1-888-327-4236 (TTY 1-800-424-9153), or go to www.nhtsa.gov.","2024","BMW","530I"
"BMW of North America, LLC","24V697000",0,0,0,,"18/09/2024","ELECTRONIC STABILITY CONTROL (ESC):CONTROL MODULE","BMW of North America (BMW) is recalling certain 2023-2024 X1, 2024-2025 X5, 2025 X6, 2023-2025 X7, 740i, 760i, 2024 XM, 530i, 540i, i7, 750e, X2, 2024-2025 i5, 2024 Rolls Royce Spectre, 2025 MINI Countryman S ALL4, JCW Countryman ALL4, and 2025 MINI Hardtop 2 Door (Cooper, Cooper S) vehicles.  Please refer to the recall report for the complete list of models.  The welds in the servomotor of the integrated brake control module may break, causing a loss of power brake assist and rear brake function.  In addition, the Antilock Brake System (ABS) and Dynamic Stability Control (DSC) system may not function.","A loss of brake power assist or rear brake function can result in extended stopping distance.  A loss of ABS or DSC can cause a loss of vehicle handling and control.  Either of these scenarios can increase the risk of a crash.","Dealers will replace the integrated brake system, free of charge.  Owner notification letters were mailed November 13, 2024.  Owners can contact BMW Customer Service at 1-800-525-7417.","Owner's may contact the National Highway Traffic Safety Administration Vehicle Safety Hotline at 1-888-327-4236 (TTY 1-800-424-9153) or go to nhtsa.gov.","2024","BMW","530I"
"BMW of North America, LLC","24V739000",0,0,0,,"02/10/2024","ELECTRONIC STABILITY CONTROL (ESC)","BMW of North America, LLC. (BMW) is recalling certain 2023-2024 X1, X5, X6, X7, XM, 530i, i5, 740i, 760i, i7, and 750e vehicles.  Please see the recall report for a complete list of models and model years.  The integrated brake (IB) system may malfunction and result in a loss of power brake assist or cause the Antilock Brake (ABS) and Dynamic Stability Control (DSC) systems to not function properly.","A loss of power brake assist can extend the distance required to stop the vehicle.  Additionally, malfunctioning ABS and/or DSC systems can cause a loss of vehicle control.  Either of these scenarios can increase the risk of a crash.","Dealers will replace the integrated brake module, free of charge.  Interim owner notification letters notifying owners of the safety risk are expected to be mailed November 22, 2024.  Second letters will be mailed once the parts are available.  Owners may contact BMW customer service at 1-800-525-7417.   Vehicles in this recall were previously repaired under recall number 24V-104 and will need to have the new remedy completed.","Owners may also contact the National Highway Traffic Safety Administration Vehicle Safety Hotline at 1-888-327-4236 (TTY 1-800-424-9153), or go to www.nhtsa.gov.","2024","BMW","530I"
"BMW of North America, LLC","26V056000",0,0,0,,"30/01/2026","ELECTRICAL SYSTEM:STARTER ASSEMBLY","BMW of North America, LLC (BMW) is recalling certain 2021-2023 Toyota Supra, 2022-2023 2 Series Coupe, 2021-2024 5 Series (xDrive), 2021-2022 Z4, 2022-2024 4 Series (Gran Coupe), 2021-2024 4 Series (Convertible and xDrive Convertible), 2021-2023 4 Series (Coupe), 2021-2024 3 Series, 2021-2023 X4, 2021-2024 X3 vehicles. Please see the recall report for a complete list of all models. The engine starter may overheat and catch fire due to wear on an internal component.","Fire increases the risk of injury.","Dealers will replace the engine starter, free of charge. A letter informing owners of the safety risk was mailed on March 27,  2026. Owners will receive another letter once the remedy is available. Owners may contact BMW customer service at 1-800-525-7417 or Toyota's customer service at 1-800-331-4331. Vehicle Identification Numbers (VINs) involved in this recall will be searchable on NHTSA.gov beginning March 24, 2026.",,"2024","BMW","530I"
"BMW of North America, LLC","26V422000",0,0,0,,"01/07/2026","SERVICE BRAKES, HYDRAULIC:POWER ASSIST:ELECTRIC:CONTROL MODULE","BMW of North America, LLC (BMW) is recalling certain 2025 Mini Cooper S, Mini Countryman S All4, X2, 2024 Rolls-Royce Spectre, 2023-2025 i7, 7 Series, X7, 2024-2025 i5, 5 Series, 2023-2024 XM, X1, 2024-2025 X6, and X5 vehicles. The integrated brake (IB) system may malfunction and result in a loss of power brake assist or cause the Antilock Brake (ABS) and Dynamic Stability Control (DSC) systems to not function properly.","A loss of power brake assist can extend the distance required to stop the vehicle.  Additionally, malfunctioning ABS and/or DSC systems can cause a loss of vehicle control.  Either of these scenarios can increase the risk of a crash.","The Integrated brake system will be inspected and, if necessary, replaced, free of charge. Owner notification letters are expected to be mailed August 21, 2026. Owners may contact BMW customer service at 1-800-525-7417 or Rolls-Royce customer service at 1-877-877-3735. Vehicle Identification Numbers (VINs) involved in this recall will become searchable on NHTSA.gov beginning August 21, 2026. Vehicles previously repaired under recall 24V739 or 24V104 will need to have the new remedy completed.",,"2024","BMW","530I"
"BMW of North America, LLC","24V697000",0,0,0,,"18/09/2024","ELECTRONIC STABILITY CONTROL (ESC):CONTROL MODULE","BMW of North America (BMW) is recalling certain 2023-2024 X1, 2024-2025 X5, 2025 X6, 2023-2025 X7, 740i, 760i, 2024 XM, 530i, 540i, i7, 750e, X2, 2024-2025 i5, 2024 Rolls Royce Spectre, 2025 MINI Countryman S ALL4, JCW Countryman ALL4, and 2025 MINI Hardtop 2 Door (Cooper, Cooper S) vehicles.  Please refer to the recall report for the complete list of models.  The welds in the servomotor of the integrated brake control module may break, causing a loss of power brake assist and rear brake function.  In addition, the Antilock Brake System (ABS) and Dynamic Stability Control (DSC) system may not function.","A loss of brake power assist or rear brake function can result in extended stopping distance.  A loss of ABS or DSC can cause a loss of vehicle handling and control.  Either of these scenarios can increase the risk of a crash.","Dealers will replace the integrated brake system, free of charge.  Owner notification letters were mailed November 13, 2024.  Owners can contact BMW Customer Service at 1-800-525-7417.","Owner's may contact the National Highway Traffic Safety Administration Vehicle Safety Hotline at 1-888-327-4236 (TTY 1-800-424-9153) or go to nhtsa.gov.","2024","BMW","540I"
"BMW of North America, LLC","23V700000",0,0,0,,"18/10/2023","ELECTRICAL SYSTEM:ADAS:DRIVER MONITORING:CAMERA/SENSOR","BMW of North America, LLC (BMW) is recalling certain 2023-2024 740i, 740i xDrive, 760i xDrive, i7 eDrive50, i7 xDrive60, i7 M70, 2024 750e xDrive, 530i, 530i xDrive, i5 eDrive40, and i5 M60 vehicles.  The ground connection to the steering wheel may not have been attached correctly, resulting in an inoperative hands-on detection system.","An inoperative hands-on detection system may fail to detect when the driver's hands are not on the steering wheel and therefore not engage the emergency stopping assistant system, increasing the risk of a crash.","Dealers will inspect and reattach the ground connection as necessary, free of charge.  Owner notification letters were mailed December 8, 2023.  Owners may contact BMW customer service at 1-800-525-7417.","Owners may also contact the National Highway Traffic Safety Administration Vehicle Safety Hotline at 1-888-327-4236 (TTY 1-800-424-9153), or go to www.nhtsa.gov.","2024","BMW","I5"
"BMW of North America, LLC","23V885000",0,0,0,,"22/12/2023","FORWARD COLLISION AVOIDANCE: WARNINGS:EXTERNAL/PEDESTRIAN ALERT","BMW of North America, LLC (BMW) is recalling certain 2024 i5 eDrive40 and i5 M60 vehicles.  During vehicle start-up, the artificial sound generator control unit may experience a fault and fail to generate the external pedestrian warning sound.  As such, these vehicles fail to comply with the requirements of Federal Motor Vehicle Safety Standard number 141, ""Minimum Sound Requirements for Hybrid and Electric Vehicles.""","Without external warning sounds, pedestrians may be unaware of an approaching vehicle, increasing the risk of injury.","Dealers will update the external artificial sound generator software, free of charge.  Owner notification letters were mailed February 16, 2024.  Owners may contact BMW customer service at 1-800-525-7417.  Note: This is an expansion of Recall 23V-026.","Owners may also contact the National Highway Traffic Safety Administration Vehicle Safety Hotline at 1-888-327-4236 (TTY 1-800-424-9153), or go to www.nhtsa.gov.","2024","BMW","I5"
"BMW of North America, LLC","24V104000",0,0,0,,"12/02/2024","ELECTRONIC STABILITY CONTROL (ESC)","BMW of North America, LLC. (BMW) is recalling certain 2023-2025 BMW, MINI, and Rolls-Royce vehicles.  Please see the recall report for a complete list of models and model years.  The integrated brake (IB) system may malfunction and result in a loss of power brake assist or cause the Antilock Brake (ABS) and Dynamic Stability Control (DSC) systems to not function properly.","A loss of power brake assist can extend the distance required to stop the vehicle.  Additionally, malfunctioning ABS and/or DSC systems can cause a loss of vehicle control.  Either of these scenarios can increase the risk of a crash.","Dealers will replace the integrated brake system, free of charge.  Owner notification letters were mailed between June and December 2024.  Owners may contact BMW customer service at 1-800-525-7417 or Rolls Royce customer service at 1-877-877-3735.","Owners may also contact the National Highway Traffic Safety Administration Vehicle Safety Hotline at 1-888-327-4236 (TTY 1-800-424-9153), or go to www.nhtsa.gov.","2024","BMW","I5"
"BMW of North America, LLC","24V135000",0,0,0,,"23/02/2024","ELECTRICAL SYSTEM:PROPULSION SYSTEM:TRACTION BATTERY","BMW of North America, LLC (BMW) is recalling certain 2024 i4 xDrive40, i4 M50 and i5 eDrive40 vehicles.  The high-voltage battery module may contain insufficient weld seams, which can result in the battery overheating.","An overheated battery module increases the risk of a fire.","Dealers will replace the high-voltage battery module, free of charge.  Owners may contact BMW customer service at 1-800-525-7417.","Owners may also contact the National Highway Traffic Safety Administration Vehicle Safety Hotline at 1-888-327-4236 (TTY 1-800-424-9153), or go to www.nhtsa.gov.","2024","BMW","I5"
"BMW of North America, LLC","24V697000",0,0,0,,"18/09/2024","ELECTRONIC STABILITY CONTROL (ESC):CONTROL MODULE","BMW of North America (BMW) is recalling certain 2023-2024 X1, 2024-2025 X5, 2025 X6, 2023-2025 X7, 740i, 760i, 2024 XM, 530i, 540i, i7, 750e, X2, 2024-2025 i5, 2024 Rolls Royce Spectre, 2025 MINI Countryman S ALL4, JCW Countryman ALL4, and 2025 MINI Hardtop 2 Door (Cooper, Cooper S) vehicles.  Please refer to the recall report for the complete list of models.  The welds in the servomotor of the integrated brake control module may break, causing a loss of power brake assist and rear brake function.  In addition, the Antilock Brake System (ABS) and Dynamic Stability Control (DSC) system may not function.","A loss of brake power assist or rear brake function can result in extended stopping distance.  A loss of ABS or DSC can cause a loss of vehicle handling and control.  Either of these scenarios can increase the risk of a crash.","Dealers will replace the integrated brake system, free of charge.  Owner notification letters were mailed November 13, 2024.  Owners can contact BMW Customer Service at 1-800-525-7417.","Owner's may contact the National Highway Traffic Safety Administration Vehicle Safety Hotline at 1-888-327-4236 (TTY 1-800-424-9153) or go to nhtsa.gov.","2024","BMW","I5"
"BMW of North America, LLC","25V395000",0,0,0,,"23/07/2025","ELECTRICAL SYSTEM:PROPULSION SYSTEM:TRACTION MOTOR:CONTROLLER:SOFTWARE","BMW of North America, LLC (BMW) is recalling certain 2022-2025 i4, 2022-2024 IX, 2023-2024 I7, and 2024 I5 vehicles. The electric drive motor software may shut down the high-voltage system, causing a loss of drive power.","A loss of drive power increases the risk of a crash.","The electric drive motor software will be updated over-the-air (OTA) or by a dealer, free of charge. Owner notification letters are expected to be mailed August 5, 2025. Owners may contact BMW customer service at 1-800-525-7417.",,"2024","BMW","I5"
"BMW of North America, LLC","26V422000",0,0,0,,"01/07/2026","SERVICE BRAKES, HYDRAULIC:POWER ASSIST:ELECTRIC:CONTROL MODULE","BMW of North America, LLC (BMW) is recalling certain 2025 Mini Cooper S, Mini Countryman S All4, X2, 2024 Rolls-Royce Spectre, 2023-2025 i7, 7 Series, X7, 2024-2025 i5, 5 Series, 2023-2024 XM, X1, 2024-2025 X6, and X5 vehicles. The integrated brake (IB) system may malfunction and result in a loss of power brake assist or cause the Antilock Brake (ABS) and Dynamic Stability Control (DSC) systems to not function properly.","A loss of power brake assist can extend the distance required to stop the vehicle.  Additionally, malfunctioning ABS and/or DSC systems can cause a loss of vehicle control.  Either of these scenarios can increase the risk of a crash.","The Integrated brake system will be inspected and, if necessary, replaced, free of charge. Owner notification letters are expected to be mailed August 21, 2026. Owners may contact BMW customer service at 1-800-525-7417 or Rolls-Royce customer service at 1-877-877-3735. Vehicle Identification Numbers (VINs) involved in this recall will become searchable on NHTSA.gov beginning August 21, 2026. Vehicles previously repaired under recall 24V739 or 24V104 will need to have the new remedy completed.",,"2024","BMW","I5"
"BMW of North America, LLC","23V295000",0,0,0,,"26/04/2023","ELECTRICAL SYSTEM:PROPULSION SYSTEM:TRACTION BATTERY","BMW of North America, LLC (BMW) is recalling certain 2022-2024 iX xDrive50 and 2023 i4 eDrive35, i4 eDrive40, and i4 M50 Hybrid Electric vehicles.  The high voltage battery cell monitoring circuit may have improperly secured electrical connections which can result in an engine stall.","An engine stall increases the risk of a crash.","Dealers will replace the high voltage battery cell monitoring circuit, free of charge.  Owner notification letters were mailed June 22, 2023.  Owners may contact BMW customer service at 1-800-525-7417.","Owners may also contact the National Highway Traffic Safety Administration Vehicle Safety Hotline at 1-888-327-4236 (TTY 1-800-424-9153), or go to www.nhtsa.gov.","2024","BMW","IX"
"BMW of North America, LLC","23V409000",0,0,0,,"07/06/2023","VEHICLE SPEED CONTROL:CRUISE CONTROL","BMW of North America, LLC (BMW) is recalling certain 2022-2024 iX xDrive50 and iX M60 vehicles.  The driver may unintentionally reactivate the cruise control system while turning the steering wheel at low speeds, resulting in a sudden increase of vehicle speed.","A sudden increase in vehicle speed can increase the risk of a crash.","Dealers will update the vehicle software, free of charge.  Owner notification letters were mailed August 2, 2023.  Owners may contact BMW customer service at 1-800-525-7417.","Owners may also contact the National Highway Traffic Safety Administration Vehicle Safety Hotline at 1-888-327-4236 (TTY 1-800-424-9153), or go to www.nhtsa.gov.","2024","BMW","IX"
"BMW of North America, LLC","25V395000",0,0,0,,"23/07/2025","ELECTRICAL SYSTEM:PROPULSION SYSTEM:TRACTION MOTOR:CONTROLLER:SOFTWARE","BMW of North America, LLC (BMW) is recalling certain 2022-2025 i4, 2022-2024 IX, 2023-2024 I7, and 2024 I5 vehicles. The electric drive motor software may shut down the high-voltage system, causing a loss of drive power.","A loss of drive power increases the risk of a crash.","The electric drive motor software will be updated over-the-air (OTA) or by a dealer, free of charge. Owner notification letters are expected to be mailed August 5, 2025. Owners may contact BMW customer service at 1-800-525-7417.",,"2024","BMW","IX"
"BMW of North America, LLC","25V470000",0,0,0,,"16/07/2025","ELECTRICAL SYSTEM:PROPULSION SYSTEM:TRACTION BATTERY","BMW of North America, LLC (BMW) is recalling certain 2022-2025 IX, 2023-2024 I7, and 2022-2023 i4 vehicles. The high-voltage battery cell modules may not have been assembled properly, resulting in stress on the module frame and possible module failure.","Battery module failure may lead to a shutdown of the high-voltage system which can result in a loss of drive power, increasing the risk of a crash.  In addition, module failure increases the risk of a fire.","Dealers will replace specific high-voltage battery cell modules, free of charge. Interim owner notification letters explaining the safety risk were mailed September 11, 2025. Another notice will be sent once the remedy becomes available, anticipated December 31, 2025Owners may contact BMW customer service at 1-800-525-7417.",,"2024","BMW","IX"
"BMW of North America, LLC","24V165000",0,0,0,,"29/02/2024","SUSPENSION:FRONT","BMW of North America, LLC (BMW) is recalling certain 2024 R 1250RT, K 1600GT, K 1600GTL, and K 1600B motorcycles.  The front spring strut may contain an incorrectly manufactured proportional valve that can loosen, and result in strut failure and a loss of stability.","A loss of stability while riding can increase the risk of a crash.","Dealers will inspect the strut production dates and replace the front spring struts as necessary, free of charge.  Owner notification letters were mailed April 29, 2024.  Owners may contact BMW customer service at 1-800-525-7417.","Owners may also contact the National Highway Traffic Safety Administration Vehicle Safety Hotline at 1-888-327-4236 (TTY 1-800-424-9153), or go to www.nhtsa.gov.","2024","BMW","K 1600 B"
"BMW of North America, LLC","26V214000",0,0,0,,"02/04/2026","POWER TRAIN:MANUAL TRANSMISSION:SEALS/GASKETS","BMW of North America, LLC (BMW) is recalling certain 2017-2025 K 1600 GT, GTL, B and 2018-2025 Grand America vehicles. The seal for the reverse gear control unit may deteriorate and allow moisture inside the control unit, which can result in the unit overheating.","An overheated reverse gear control unit increases the risk of a fire.","Dealers will replace the reverse gear control unit, free of charge. Letters informing owners of the safety risk were mailed May 28, 2026. A second letter will be mailed once the remedy is available. Owners may contact BMW customer service at 1-800-525-7417. Vehicle Identification Numbers (VINs) involved in this recall will be searchable on NHTSA.gov beginning May 25, 2026.",,"2024","BMW","K 1600 B"
"BMW of North America, LLC","24V165000",0,0,0,,"29/02/2024","SUSPENSION:FRONT","BMW of North America, LLC (BMW) is recalling certain 2024 R 1250RT, K 1600GT, K 1600GTL, and K 1600B motorcycles.  The front spring strut may contain an incorrectly manufactured proportional valve that can loosen, and result in strut failure and a loss of stability.","A loss of stability while riding can increase the risk of a crash.","Dealers will inspect the strut production dates and replace the front spring struts as necessary, free of charge.  Owner notification letters were mailed April 29, 2024.  Owners may contact BMW customer service at 1-800-525-7417.","Owners may also contact the National Highway Traffic Safety Administration Vehicle Safety Hotline at 1-888-327-4236 (TTY 1-800-424-9153), or go to www.nhtsa.gov.","2024","BMW","R 1250 RT"
"BMW of North America, LLC","24V557000",0,0,0,,"26/07/2024","ELECTRICAL SYSTEM:STARTER ASSEMBLY:RELAY","BMW of North America, LLC (BMW) is recalling certain 2024 R 1300 GS motorcycles.  The housing for the starter motor relay may have been manufactured incorrectly, which can result in a damaged relay that can overheat.","An overheated electrical relay increases the risk of a fire.","Dealers will replace the starter relay and update the software, free of charge.  Owner notification letters were mailed September 23, 2024.  Owners may contact BMW customer service at 1-800-525-7417.","Owners may also contact the National Highway Traffic Safety Administration Vehicle Safety Hotline at 1-888-327-4236 (TTY 1-800-424-9153), or go to www.safercar.gov.","2024","BMW","R 1300 GS"
"BMW of North America, LLC","24V104000",0,0,0,,"12/02/2024","ELECTRONIC STABILITY CONTROL (ESC)","BMW of North America, LLC. (BMW) is recalling certain 2023-2025 BMW, MINI, and Rolls-Royce vehicles.  Please see the recall report for a complete list of models and model years.  The integrated brake (IB) system may malfunction and result in a loss of power brake assist or cause the Antilock Brake (ABS) and Dynamic Stability Control (DSC) systems to not function properly.","A loss of power brake assist can extend the distance required to stop the vehicle.  Additionally, malfunctioning ABS and/or DSC systems can cause a loss of vehicle control.  Either of these scenarios can increase the risk of a crash.","Dealers will replace the integrated brake system, free of charge.  Owner notification letters were mailed between June and December 2024.  Owners may contact BMW customer service at 1-800-525-7417 or Rolls Royce customer service at 1-877-877-3735.","Owners may also contact the National Highway Traffic Safety Administration Vehicle Safety Hotline at 1-888-327-4236 (TTY 1-800-424-9153), or go to www.nhtsa.gov.","2024","BMW","X1"
"BMW of North America, LLC","24V697000",0,0,0,,"18/09/2024","ELECTRONIC STABILITY CONTROL (ESC):CONTROL MODULE","BMW of North America (BMW) is recalling certain 2023-2024 X1, 2024-2025 X5, 2025 X6, 2023-2025 X7, 740i, 760i, 2024 XM, 530i, 540i, i7, 750e, X2, 2024-2025 i5, 2024 Rolls Royce Spectre, 2025 MINI Countryman S ALL4, JCW Countryman ALL4, and 2025 MINI Hardtop 2 Door (Cooper, Cooper S) vehicles.  Please refer to the recall report for the complete list of models.  The welds in the servomotor of the integrated brake control module may break, causing a loss of power brake assist and rear brake function.  In addition, the Antilock Brake System (ABS) and Dynamic Stability Control (DSC) system may not function.","A loss of brake power assist or rear brake function can result in extended stopping distance.  A loss of ABS or DSC can cause a loss of vehicle handling and control.  Either of these scenarios can increase the risk of a crash.","Dealers will replace the integrated brake system, free of charge.  Owner notification letters were mailed November 13, 2024.  Owners can contact BMW Customer Service at 1-800-525-7417.","Owner's may contact the National Highway Traffic Safety Administration Vehicle Safety Hotline at 1-888-327-4236 (TTY 1-800-424-9153) or go to nhtsa.gov.","2024","BMW","X1"
"BMW of North America, LLC","26V422000",0,0,0,,"01/07/2026","SERVICE BRAKES, HYDRAULIC:POWER ASSIST:ELECTRIC:CONTROL MODULE","BMW of North America, LLC (BMW) is recalling certain 2025 Mini Cooper S, Mini Countryman S All4, X2, 2024 Rolls-Royce Spectre, 2023-2025 i7, 7 Series, X7, 2024-2025 i5, 5 Series, 2023-2024 XM, X1, 2024-2025 X6, and X5 vehicles. The integrated brake (IB) system may malfunction and result in a loss of power brake assist or cause the Antilock Brake (ABS) and Dynamic Stability Control (DSC) systems to not function properly.","A loss of power brake assist can extend the distance required to stop the vehicle.  Additionally, malfunctioning ABS and/or DSC systems can cause a loss of vehicle control.  Either of these scenarios can increase the risk of a crash.","The Integrated brake system will be inspected and, if necessary, replaced, free of charge. Owner notification letters are expected to be mailed August 21, 2026. Owners may contact BMW customer service at 1-800-525-7417 or Rolls-Royce customer service at 1-877-877-3735. Vehicle Identification Numbers (VINs) involved in this recall will become searchable on NHTSA.gov beginning August 21, 2026. Vehicles previously repaired under recall 24V739 or 24V104 will need to have the new remedy completed.",,"2024","BMW","X1"
"BMW of North America, LLC","24V104000",0,0,0,,"12/02/2024","ELECTRONIC STABILITY CONTROL (ESC)","BMW of North America, LLC. (BMW) is recalling certain 2023-2025 BMW, MINI, and Rolls-Royce vehicles.  Please see the recall report for a complete list of models and model years.  The integrated brake (IB) system may malfunction and result in a loss of power brake assist or cause the Antilock Brake (ABS) and Dynamic Stability Control (DSC) systems to not function properly.","A loss of power brake assist can extend the distance required to stop the vehicle.  Additionally, malfunctioning ABS and/or DSC systems can cause a loss of vehicle control.  Either of these scenarios can increase the risk of a crash.","Dealers will replace the integrated brake system, free of charge.  Owner notification letters were mailed between June and December 2024.  Owners may contact BMW customer service at 1-800-525-7417 or Rolls Royce customer service at 1-877-877-3735.","Owners may also contact the National Highway Traffic Safety Administration Vehicle Safety Hotline at 1-888-327-4236 (TTY 1-800-424-9153), or go to www.nhtsa.gov.","2024","BMW","X2"
"BMW of North America, LLC","24V697000",0,0,0,,"18/09/2024","ELECTRONIC STABILITY CONTROL (ESC):CONTROL MODULE","BMW of North America (BMW) is recalling certain 2023-2024 X1, 2024-2025 X5, 2025 X6, 2023-2025 X7, 740i, 760i, 2024 XM, 530i, 540i, i7, 750e, X2, 2024-2025 i5, 2024 Rolls Royce Spectre, 2025 MINI Countryman S ALL4, JCW Countryman ALL4, and 2025 MINI Hardtop 2 Door (Cooper, Cooper S) vehicles.  Please refer to the recall report for the complete list of models.  The welds in the servomotor of the integrated brake control module may break, causing a loss of power brake assist and rear brake function.  In addition, the Antilock Brake System (ABS) and Dynamic Stability Control (DSC) system may not function.","A loss of brake power assist or rear brake function can result in extended stopping distance.  A loss of ABS or DSC can cause a loss of vehicle handling and control.  Either of these scenarios can increase the risk of a crash.","Dealers will replace the integrated brake system, free of charge.  Owner notification letters were mailed November 13, 2024.  Owners can contact BMW Customer Service at 1-800-525-7417.","Owner's may contact the National Highway Traffic Safety Administration Vehicle Safety Hotline at 1-888-327-4236 (TTY 1-800-424-9153) or go to nhtsa.gov.","2024","BMW","X2"
"BMW of North America, LLC","23V770000",0,0,0,,"16/11/2023","STEERING","BMW of North America, LLC (BMW) is recalling certain 2024 2 Series Coupe (230i), 330i, X3 sDrive30i, X3 xDrive30i, X3 M40i, and X4 xDrive30i, X4 M40i vehicles.  The steering gear may not have been tightened properly, which can allow it to loosen.","A loose steering gear can cause a loss of vehicle control, increasing the risk of a crash.","Dealers will replace the steering gear, free of charge.  Owner notification letters were mailed January 11, 2024.  Owners may contact BMW customer service at 1-800-525-7417.","Owners may also contact the National Highway Traffic Safety Administration Vehicle Safety Hotline at 1-888-327-4236 (TTY 1-800-424-9153), or go to www.nhtsa.gov.","2024","BMW","X3"
"BMW of North America, LLC","25V106000",0,0,0,,"20/02/2025","LATCHES/LOCKS/LINKAGES:DOORS:LOCK","BMW of North America, LLC (BMW) is recalling certain 2022-2024 X3 sDrive30i and X3 xDrive30i vehicles.  The second-row seat side door locking modules may not function properly and allow the doors to be unlocked with a single motion.  As such, these vehicles fail to comply with the requirements of Federal Motor Vehicle Safety Standard (FMVSS) number 206, ""Door Locks and Door Retention Components.""","Doors that can be inadvertently unlocked and unlatched may open unexpectedly, increasing the risk of injury to rear seat occupants.","Dealers will replace the second-row seat side door locking modules, free of charge.  A letter informing owners of the safety risk was mailed on April 21, 2025.  Owners may contact BMW customer service at 800-525-7417.","Owners may also contact the National Highway Traffic Safety Administration Vehicle Safety Hotline at 888-327-4236 (TTY 888-275-9171) or go to nhtsa.gov.","2024","BMW","X3"
"BMW of North America, LLC","23V770000",0,0,0,,"16/11/2023","STEERING","BMW of North America, LLC (BMW) is recalling certain 2024 2 Series Coupe (230i), 330i, X3 sDrive30i, X3 xDrive30i, X3 M40i, and X4 xDrive30i, X4 M40i vehicles.  The steering gear may not have been tightened properly, which can allow it to loosen.","A loose steering gear can cause a loss of vehicle control, increasing the risk of a crash.","Dealers will replace the steering gear, free of charge.  Owner notification letters were mailed January 11, 2024.  Owners may contact BMW customer service at 1-800-525-7417.","Owners may also contact the National Highway Traffic Safety Administration Vehicle Safety Hotline at 1-888-327-4236 (TTY 1-800-424-9153), or go to www.nhtsa.gov.","2024","BMW","X4"
"BMW of North America, LLC","23V471000",0,0,0,,"10/07/2023","AIR BAGS:KNEE BOLSTER","BMW of North America, LLC (BMW) is recalling certain 2024 X5 sDrive40i, X5 xDrive40i, X5 M60i, X5 M, xDrive 50e, 2024 X6 xDrive40i, X6 M60i, X6 M, 2024 X7 xDrive40i, X7 M60i, Alpina XB7, and 2023 XM vehicles.  The knee air bag (driver and/or passenger) may not have been manufactured correctly, which can result in the knee air bag not deploying as intended.","A knee air bag that does not deploy as intended increases the risk of injury.","Dealers will replace the knee air bag (driver and/or passenger), free of charge.  Owner notification letters were mailed September 6, 2023.  Owners may contact BMW customer service at 1-800-525-7417.","Owners may also contact the National Highway Traffic Safety Administration Vehicle Safety Hotline at 1-888-327-4236 (TTY 1-800-424-9153), or go to www.nhtsa.gov.","2024","BMW","X5"
"BMW of North America, LLC","23V622000",0,0,0,,"07/09/2023","AIR BAGS","BMW of North America, LLC (BMW) is recalling certain 2023 BMW XM, 2024 BMW X5 sDrive40i, X5 xDrive40i, X5 M60i, X5 M, X5 xDrive50e, X6 xDrive40i, X6 M60i, X6 M, X7 xDrive40i, X7 M60i, and Alpina XB7 vehicles.  The front passenger knee air bag may not deploy as intended.","An air bag that does not deploy as intended can increase the risk of injury in a crash.","Dealers will replace the front passenger knee air bag, free of charge.  Owner notification letters were mailed November 3, 2023.  Owners may contact BMW's customer service at 1-800-525-7417.","Owners may also contact the National Highway Traffic Safety Administration Vehicle Safety Hotline at 1-888-327-4236 (TTY 1-800-424-9153), or go to www.nhtsa.gov.","2024","BMW","X5"
"BMW of North America, LLC","24V104000",0,0,0,,"12/02/2024","ELECTRONIC STABILITY CONTROL (ESC)","BMW of North America, LLC. (BMW) is recalling certain 2023-2025 BMW, MINI, and Rolls-Royce vehicles.  Please see the recall report for a complete list of models and model years.  The integrated brake (IB) system may malfunction and result in a loss of power brake assist or cause the Antilock Brake (ABS) and Dynamic Stability Control (DSC) systems to not function properly.","A loss of power brake assist can extend the distance required to stop the vehicle.  Additionally, malfunctioning ABS and/or DSC systems can cause a loss of vehicle control.  Either of these scenarios can increase the risk of a crash.","Dealers will replace the integrated brake system, free of charge.  Owner notification letters were mailed between June and December 2024.  Owners may contact BMW customer service at 1-800-525-7417 or Rolls Royce customer service at 1-877-877-3735.","Owners may also contact the National Highway Traffic Safety Administration Vehicle Safety Hotline at 1-888-327-4236 (TTY 1-800-424-9153), or go to www.nhtsa.gov.","2024","BMW","X5"
"BMW of North America, LLC","24V138000",0,0,0,,"23/02/2024","STRUCTURE:INTERIOR PANELS:DASHBOARD","BMW of North America, LLC (BMW) is recalling certain 2024 X5 sDrive40i, X5 xDrive40i and X7 xDrive40i vehicles.  The instrument panel may not have been manufactured properly, which can result in improper air bag deployment or the panel separating during air bag deployment.","Instrument panel separation during air bag deployment can result in pieces of the panel striking occupants.  Improper air bag deployment may not restrain an occupant as intended during a crash.  Either of these scenarios can increase the risk of injury.","Dealers will replace the instrument panel, free of charge.  Owner notification letters were mailed April 16, 2024.  Owners may contact BMW customer service at 1-800-525-7417.","Owners may also contact the National Highway Traffic Safety Administration Vehicle Safety Hotline at 1-888-327-4236 (TTY 1-800-424-9153), or go to www.nhtsa.gov.","2024","BMW","X5"
"BMW of North America, LLC","24V327000",0,0,0,,"10/05/2024","EQUIPMENT:OTHER:LABELS","BMW of North America, LLC (BMW) is recalling certain 2024-2025 X5 xDrive40i vehicles.  The tire information placard may indicate an incorrect tire size and tire pressure.  As such, these vehicles fail to comply with the requirements of Federal Motor Vehicle Safety Standard number 110, ""Tire Selection and Rims.""","Incorrect tire information can allow an incorrectly sized tire to be installed or result in improperly inflated tires, increasing the risk of a crash.","Dealers will replace the tire information placard, free of charge.  Owner notification letters were mailed July 9, 2024.  Owners may contact BMW customer service at 1-800-525-7417.","Owners may also contact the National Highway Traffic Safety Administration Vehicle Safety Hotline at 1-888-327-4236 (TTY 1-800-424-9153) or go to www.nhtsa.gov.","2024","BMW","X5"
"BMW of North America, LLC","24V697000",0,0,0,,"18/09/2024","ELECTRONIC STABILITY CONTROL (ESC):CONTROL MODULE","BMW of North America (BMW) is recalling certain 2023-2024 X1, 2024-2025 X5, 2025 X6, 2023-2025 X7, 740i, 760i, 2024 XM, 530i, 540i, i7, 750e, X2, 2024-2025 i5, 2024 Rolls Royce Spectre, 2025 MINI Countryman S ALL4, JCW Countryman ALL4, and 2025 MINI Hardtop 2 Door (Cooper, Cooper S) vehicles.  Please refer to the recall report for the complete list of models.  The welds in the servomotor of the integrated brake control module may break, causing a loss of power brake assist and rear brake function.  In addition, the Antilock Brake System (ABS) and Dynamic Stability Control (DSC) system may not function.","A loss of brake power assist or rear brake function can result in extended stopping distance.  A loss of ABS or DSC can cause a loss of vehicle handling and control.  Either of these scenarios can increase the risk of a crash.","Dealers will replace the integrated brake system, free of charge.  Owner notification letters were mailed November 13, 2024.  Owners can contact BMW Customer Service at 1-800-525-7417.","Owner's may contact the National Highway Traffic Safety Administration Vehicle Safety Hotline at 1-888-327-4236 (TTY 1-800-424-9153) or go to nhtsa.gov.","2024","BMW","X5"
"BMW of North America, LLC","24V739000",0,0,0,,"02/10/2024","ELECTRONIC STABILITY CONTROL (ESC)","BMW of North America, LLC. (BMW) is recalling certain 2023-2024 X1, X5, X6, X7, XM, 530i, i5, 740i, 760i, i7, and 750e vehicles.  Please see the recall report for a complete list of models and model years.  The integrated brake (IB) system may malfunction and result in a loss of power brake assist or cause the Antilock Brake (ABS) and Dynamic Stability Control (DSC) systems to not function properly.","A loss of power brake assist can extend the distance required to stop the vehicle.  Additionally, malfunctioning ABS and/or DSC systems can cause a loss of vehicle control.  Either of these scenarios can increase the risk of a crash.","Dealers will replace the integrated brake module, free of charge.  Interim owner notification letters notifying owners of the safety risk are expected to be mailed November 22, 2024.  Second letters will be mailed once the parts are available.  Owners may contact BMW customer service at 1-800-525-7417.   Vehicles in this recall were previously repaired under recall number 24V-104 and will need to have the new remedy completed.","Owners may also contact the National Highway Traffic Safety Administration Vehicle Safety Hotline at 1-888-327-4236 (TTY 1-800-424-9153), or go to www.nhtsa.gov.","2024","BMW","X5"
"BMW of North America, LLC","26V422000",0,0,0,,"01/07/2026","SERVICE BRAKES, HYDRAULIC:POWER ASSIST:ELECTRIC:CONTROL MODULE","BMW of North America, LLC (BMW) is recalling certain 2025 Mini Cooper S, Mini Countryman S All4, X2, 2024 Rolls-Royce Spectre, 2023-2025 i7, 7 Series, X7, 2024-2025 i5, 5 Series, 2023-2024 XM, X1, 2024-2025 X6, and X5 vehicles. The integrated brake (IB) system may malfunction and result in a loss of power brake assist or cause the Antilock Brake (ABS) and Dynamic Stability Control (DSC) systems to not function properly.","A loss of power brake assist can extend the distance required to stop the vehicle.  Additionally, malfunctioning ABS and/or DSC systems can cause a loss of vehicle control.  Either of these scenarios can increase the risk of a crash.","The Integrated brake system will be inspected and, if necessary, replaced, free of charge. Owner notification letters are expected to be mailed August 21, 2026. Owners may contact BMW customer service at 1-800-525-7417 or Rolls-Royce customer service at 1-877-877-3735. Vehicle Identification Numbers (VINs) involved in this recall will become searchable on NHTSA.gov beginning August 21, 2026. Vehicles previously repaired under recall 24V739 or 24V104 will need to have the new remedy completed.",,"2024","BMW","X5"
"BMW of North America, LLC","23V471000",0,0,0,,"10/07/2023","AIR BAGS:KNEE BOLSTER","BMW of North America, LLC (BMW) is recalling certain 2024 X5 sDrive40i, X5 xDrive40i, X5 M60i, X5 M, xDrive 50e, 2024 X6 xDrive40i, X6 M60i, X6 M, 2024 X7 xDrive40i, X7 M60i, Alpina XB7, and 2023 XM vehicles.  The knee air bag (driver and/or passenger) may not have been manufactured correctly, which can result in the knee air bag not deploying as intended.","A knee air bag that does not deploy as intended increases the risk of injury.","Dealers will replace the knee air bag (driver and/or passenger), free of charge.  Owner notification letters were mailed September 6, 2023.  Owners may contact BMW customer service at 1-800-525-7417.","Owners may also contact the National Highway Traffic Safety Administration Vehicle Safety Hotline at 1-888-327-4236 (TTY 1-800-424-9153), or go to www.nhtsa.gov.","2024","BMW","X6"
"BMW of North America, LLC","23V622000",0,0,0,,"07/09/2023","AIR BAGS","BMW of North America, LLC (BMW) is recalling certain 2023 BMW XM, 2024 BMW X5 sDrive40i, X5 xDrive40i, X5 M60i, X5 M, X5 xDrive50e, X6 xDrive40i, X6 M60i, X6 M, X7 xDrive40i, X7 M60i, and Alpina XB7 vehicles.  The front passenger knee air bag may not deploy as intended.","An air bag that does not deploy as intended can increase the risk of injury in a crash.","Dealers will replace the front passenger knee air bag, free of charge.  Owner notification letters were mailed November 3, 2023.  Owners may contact BMW's customer service at 1-800-525-7417.","Owners may also contact the National Highway Traffic Safety Administration Vehicle Safety Hotline at 1-888-327-4236 (TTY 1-800-424-9153), or go to www.nhtsa.gov.","2024","BMW","X6"
"BMW of North America, LLC","24V104000",0,0,0,,"12/02/2024","ELECTRONIC STABILITY CONTROL (ESC)","BMW of North America, LLC. (BMW) is recalling certain 2023-2025 BMW, MINI, and Rolls-Royce vehicles.  Please see the recall report for a complete list of models and model years.  The integrated brake (IB) system may malfunction and result in a loss of power brake assist or cause the Antilock Brake (ABS) and Dynamic Stability Control (DSC) systems to not function properly.","A loss of power brake assist can extend the distance required to stop the vehicle.  Additionally, malfunctioning ABS and/or DSC systems can cause a loss of vehicle control.  Either of these scenarios can increase the risk of a crash.","Dealers will replace the integrated brake system, free of charge.  Owner notification letters were mailed between June and December 2024.  Owners may contact BMW customer service at 1-800-525-7417 or Rolls Royce customer service at 1-877-877-3735.","Owners may also contact the National Highway Traffic Safety Administration Vehicle Safety Hotline at 1-888-327-4236 (TTY 1-800-424-9153), or go to www.nhtsa.gov.","2024","BMW","X6"
"BMW of North America, LLC","24V739000",0,0,0,,"02/10/2024","ELECTRONIC STABILITY CONTROL (ESC)","BMW of North America, LLC. (BMW) is recalling certain 2023-2024 X1, X5, X6, X7, XM, 530i, i5, 740i, 760i, i7, and 750e vehicles.  Please see the recall report for a complete list of models and model years.  The integrated brake (IB) system may malfunction and result in a loss of power brake assist or cause the Antilock Brake (ABS) and Dynamic Stability Control (DSC) systems to not function properly.","A loss of power brake assist can extend the distance required to stop the vehicle.  Additionally, malfunctioning ABS and/or DSC systems can cause a loss of vehicle control.  Either of these scenarios can increase the risk of a crash.","Dealers will replace the integrated brake module, free of charge.  Interim owner notification letters notifying owners of the safety risk are expected to be mailed November 22, 2024.  Second letters will be mailed once the parts are available.  Owners may contact BMW customer service at 1-800-525-7417.   Vehicles in this recall were previously repaired under recall number 24V-104 and will need to have the new remedy completed.","Owners may also contact the National Highway Traffic Safety Administration Vehicle Safety Hotline at 1-888-327-4236 (TTY 1-800-424-9153), or go to www.nhtsa.gov.","2024","BMW","X6"
"BMW of North America, LLC","26V422000",0,0,0,,"01/07/2026","SERVICE BRAKES, HYDRAULIC:POWER ASSIST:ELECTRIC:CONTROL MODULE","BMW of North America, LLC (BMW) is recalling certain 2025 Mini Cooper S, Mini Countryman S All4, X2, 2024 Rolls-Royce Spectre, 2023-2025 i7, 7 Series, X7, 2024-2025 i5, 5 Series, 2023-2024 XM, X1, 2024-2025 X6, and X5 vehicles. The integrated brake (IB) system may malfunction and result in a loss of power brake assist or cause the Antilock Brake (ABS) and Dynamic Stability Control (DSC) systems to not function properly.","A loss of power brake assist can extend the distance required to stop the vehicle.  Additionally, malfunctioning ABS and/or DSC systems can cause a loss of vehicle control.  Either of these scenarios can increase the risk of a crash.","The Integrated brake system will be inspected and, if necessary, replaced, free of charge. Owner notification letters are expected to be mailed August 21, 2026. Owners may contact BMW customer service at 1-800-525-7417 or Rolls-Royce customer service at 1-877-877-3735. Vehicle Identification Numbers (VINs) involved in this recall will become searchable on NHTSA.gov beginning August 21, 2026. Vehicles previously repaired under recall 24V739 or 24V104 will need to have the new remedy completed.",,"2024","BMW","X6"
"BMW of North America, LLC","23V471000",0,0,0,,"10/07/2023","AIR BAGS:KNEE BOLSTER","BMW of North America, LLC (BMW) is recalling certain 2024 X5 sDrive40i, X5 xDrive40i, X5 M60i, X5 M, xDrive 50e, 2024 X6 xDrive40i, X6 M60i, X6 M, 2024 X7 xDrive40i, X7 M60i, Alpina XB7, and 2023 XM vehicles.  The knee air bag (driver and/or passenger) may not have been manufactured correctly, which can result in the knee air bag not deploying as intended.","A knee air bag that does not deploy as intended increases the risk of injury.","Dealers will replace the knee air bag (driver and/or passenger), free of charge.  Owner notification letters were mailed September 6, 2023.  Owners may contact BMW customer service at 1-800-525-7417.","Owners may also contact the National Highway Traffic Safety Administration Vehicle Safety Hotline at 1-888-327-4236 (TTY 1-800-424-9153), or go to www.nhtsa.gov.","2024","BMW","X7"
"BMW of North America, LLC","23V622000",0,0,0,,"07/09/2023","AIR BAGS","BMW of North America, LLC (BMW) is recalling certain 2023 BMW XM, 2024 BMW X5 sDrive40i, X5 xDrive40i, X5 M60i, X5 M, X5 xDrive50e, X6 xDrive40i, X6 M60i, X6 M, X7 xDrive40i, X7 M60i, and Alpina XB7 vehicles.  The front passenger knee air bag may not deploy as intended.","An air bag that does not deploy as intended can increase the risk of injury in a crash.","Dealers will replace the front passenger knee air bag, free of charge.  Owner notification letters were mailed November 3, 2023.  Owners may contact BMW's customer service at 1-800-525-7417.","Owners may also contact the National Highway Traffic Safety Administration Vehicle Safety Hotline at 1-888-327-4236 (TTY 1-800-424-9153), or go to www.nhtsa.gov.","2024","BMW","X7"
"BMW of North America, LLC","24V104000",0,0,0,,"12/02/2024","ELECTRONIC STABILITY CONTROL (ESC)","BMW of North America, LLC. (BMW) is recalling certain 2023-2025 BMW, MINI, and Rolls-Royce vehicles.  Please see the recall report for a complete list of models and model years.  The integrated brake (IB) system may malfunction and result in a loss of power brake assist or cause the Antilock Brake (ABS) and Dynamic Stability Control (DSC) systems to not function properly.","A loss of power brake assist can extend the distance required to stop the vehicle.  Additionally, malfunctioning ABS and/or DSC systems can cause a loss of vehicle control.  Either of these scenarios can increase the risk of a crash.","Dealers will replace the integrated brake system, free of charge.  Owner notification letters were mailed between June and December 2024.  Owners may contact BMW customer service at 1-800-525-7417 or Rolls Royce customer service at 1-877-877-3735.","Owners may also contact the National Highway Traffic Safety Administration Vehicle Safety Hotline at 1-888-327-4236 (TTY 1-800-424-9153), or go to www.nhtsa.gov.","2024","BMW","X7"
"BMW of North America, LLC","24V138000",0,0,0,,"23/02/2024","STRUCTURE:INTERIOR PANELS:DASHBOARD","BMW of North America, LLC (BMW) is recalling certain 2024 X5 sDrive40i, X5 xDrive40i and X7 xDrive40i vehicles.  The instrument panel may not have been manufactured properly, which can result in improper air bag deployment or the panel separating during air bag deployment.","Instrument panel separation during air bag deployment can result in pieces of the panel striking occupants.  Improper air bag deployment may not restrain an occupant as intended during a crash.  Either of these scenarios can increase the risk of injury.","Dealers will replace the instrument panel, free of charge.  Owner notification letters were mailed April 16, 2024.  Owners may contact BMW customer service at 1-800-525-7417.","Owners may also contact the National Highway Traffic Safety Administration Vehicle Safety Hotline at 1-888-327-4236 (TTY 1-800-424-9153), or go to www.nhtsa.gov.","2024","BMW","X7"
"BMW of North America, LLC","24V697000",0,0,0,,"18/09/2024","ELECTRONIC STABILITY CONTROL (ESC):CONTROL MODULE","BMW of North America (BMW) is recalling certain 2023-2024 X1, 2024-2025 X5, 2025 X6, 2023-2025 X7, 740i, 760i, 2024 XM, 530i, 540i, i7, 750e, X2, 2024-2025 i5, 2024 Rolls Royce Spectre, 2025 MINI Countryman S ALL4, JCW Countryman ALL4, and 2025 MINI Hardtop 2 Door (Cooper, Cooper S) vehicles.  Please refer to the recall report for the complete list of models.  The welds in the servomotor of the integrated brake control module may break, causing a loss of power brake assist and rear brake function.  In addition, the Antilock Brake System (ABS) and Dynamic Stability Control (DSC) system may not function.","A loss of brake power assist or rear brake function can result in extended stopping distance.  A loss of ABS or DSC can cause a loss of vehicle handling and control.  Either of these scenarios can increase the risk of a crash.","Dealers will replace the integrated brake system, free of charge.  Owner notification letters were mailed November 13, 2024.  Owners can contact BMW Customer Service at 1-800-525-7417.","Owner's may contact the National Highway Traffic Safety Administration Vehicle Safety Hotline at 1-888-327-4236 (TTY 1-800-424-9153) or go to nhtsa.gov.","2024","BMW","X7"
"BMW of North America, LLC","24V739000",0,0,0,,"02/10/2024","ELECTRONIC STABILITY CONTROL (ESC)","BMW of North America, LLC. (BMW) is recalling certain 2023-2024 X1, X5, X6, X7, XM, 530i, i5, 740i, 760i, i7, and 750e vehicles.  Please see the recall report for a complete list of models and model years.  The integrated brake (IB) system may malfunction and result in a loss of power brake assist or cause the Antilock Brake (ABS) and Dynamic Stability Control (DSC) systems to not function properly.","A loss of power brake assist can extend the distance required to stop the vehicle.  Additionally, malfunctioning ABS and/or DSC systems can cause a loss of vehicle control.  Either of these scenarios can increase the risk of a crash.","Dealers will replace the integrated brake module, free of charge.  Interim owner notification letters notifying owners of the safety risk are expected to be mailed November 22, 2024.  Second letters will be mailed once the parts are available.  Owners may contact BMW customer service at 1-800-525-7417.   Vehicles in this recall were previously repaired under recall number 24V-104 and will need to have the new remedy completed.","Owners may also contact the National Highway Traffic Safety Administration Vehicle Safety Hotline at 1-888-327-4236 (TTY 1-800-424-9153), or go to www.nhtsa.gov.","2024","BMW","X7"
"BMW of North America, LLC","26V422000",0,0,0,,"01/07/2026","SERVICE BRAKES, HYDRAULIC:POWER ASSIST:ELECTRIC:CONTROL MODULE","BMW of North America, LLC (BMW) is recalling certain 2025 Mini Cooper S, Mini Countryman S All4, X2, 2024 Rolls-Royce Spectre, 2023-2025 i7, 7 Series, X7, 2024-2025 i5, 5 Series, 2023-2024 XM, X1, 2024-2025 X6, and X5 vehicles. The integrated brake (IB) system may malfunction and result in a loss of power brake assist or cause the Antilock Brake (ABS) and Dynamic Stability Control (DSC) systems to not function properly.","A loss of power brake assist can extend the distance required to stop the vehicle.  Additionally, malfunctioning ABS and/or DSC systems can cause a loss of vehicle control.  Either of these scenarios can increase the risk of a crash.","The Integrated brake system will be inspected and, if necessary, replaced, free of charge. Owner notification letters are expected to be mailed August 21, 2026. Owners may contact BMW customer service at 1-800-525-7417 or Rolls-Royce customer service at 1-877-877-3735. Vehicle Identification Numbers (VINs) involved in this recall will become searchable on NHTSA.gov beginning August 21, 2026. Vehicles previously repaired under recall 24V739 or 24V104 will need to have the new remedy completed.",,"2024","BMW","X7"
"BMW of North America, LLC","24V104000",0,0,0,,"12/02/2024","ELECTRONIC STABILITY CONTROL (ESC)","BMW of North America, LLC. (BMW) is recalling certain 2023-2025 BMW, MINI, and Rolls-Royce vehicles.  Please see the recall report for a complete list of models and model years.  The integrated brake (IB) system may malfunction and result in a loss of power brake assist or cause the Antilock Brake (ABS) and Dynamic Stability Control (DSC) systems to not function properly.","A loss of power brake assist can extend the distance required to stop the vehicle.  Additionally, malfunctioning ABS and/or DSC systems can cause a loss of vehicle control.  Either of these scenarios can increase the risk of a crash.","Dealers will replace the integrated brake system, free of charge.  Owner notification letters were mailed between June and December 2024.  Owners may contact BMW customer service at 1-800-525-7417 or Rolls Royce customer service at 1-877-877-3735.","Owners may also contact the National Highway Traffic Safety Administration Vehicle Safety Hotline at 1-888-327-4236 (TTY 1-800-424-9153), or go to www.nhtsa.gov.","2024","BMW","XM"
"BMW of North America, LLC","24V139000",0,0,0,,"23/02/2024","STRUCTURE:BODY","BMW of North America, LLC (BMW) is recalling certain 2024 XM vehicles.  The tailgate panel may detach from the mounting structure due to improper adhesive bonding that occurred during manufacturing.","A panel that detaches from a vehicle can become a road hazard, increasing the risk of a crash.","Dealers will inspect and replace the tailgate panel as necessary, free of charge.  Owner notification letters were mailed April 17, 2024.  Owners may contact BMW customer service at 1-800-525-7417.","Owners may also contact the National Highway Traffic Safety Administration Vehicle Safety Hotline at 1-888-327-4236 (TTY 1-800-424-9153), or go to www.nhtsa.gov.","2024","BMW","XM"
"BMW of North America, LLC","24V345000",0,0,0,,"15/05/2024","SEAT BELTS:FRONT","BMW of North America, LLC (BMW) is recalling certain 2024 XM, 2025 BMW X5 sDrive40i, X5 xDrive40i, X5 M60i, X5 M, X5 xDrive50e, X6 xDrive40i, X6 M60i, X6 M, X7 xDrive40i, X7 M60i, and Alpina XB7 vehicles.  The seat belt system may inaccurately detect that passengers are belted, preventing the seat belt warning light from illuminating and possibly causing the supplemental restraint system to not deploy as intended during a crash.  As such, these vehicles fail to comply with the requirements of Federal Motor Vehicle Safety Standard number 208, ""Occupant Crash Protection.""","A seat belt warning light that does not alert occupants of an unbelted seat belt or an SRS system that deploys improperly can both increase the risk of injury in a crash.","Dealers will inspect and replace the front seat lower seat belts as necessary, free of charge.  Owner notification letters were mailed July 12, 2024.  Owners may contact BMW customer service at 1-800-525-7417.","Owners may also contact the National Highway Traffic Safety Administration Vehicle Safety Hotline at 1-888-327-4236 (TTY 1-800-424-9153) or go to www.nhtsa.gov.","2024","BMW","XM"
"BMW of North America, LLC","24V697000",0,0,0,,"18/09/2024","ELECTRONIC STABILITY CONTROL (ESC):CONTROL MODULE","BMW of North America (BMW) is recalling certain 2023-2024 X1, 2024-2025 X5, 2025 X6, 2023-2025 X7, 740i, 760i, 2024 XM, 530i, 540i, i7, 750e, X2, 2024-2025 i5, 2024 Rolls Royce Spectre, 2025 MINI Countryman S ALL4, JCW Countryman ALL4, and 2025 MINI Hardtop 2 Door (Cooper, Cooper S) vehicles.  Please refer to the recall report for the complete list of models.  The welds in the servomotor of the integrated brake control module may break, causing a loss of power brake assist and rear brake function.  In addition, the Antilock Brake System (ABS) and Dynamic Stability Control (DSC) system may not function.","A loss of brake power assist or rear brake function can result in extended stopping distance.  A loss of ABS or DSC can cause a loss of vehicle handling and control.  Either of these scenarios can increase the risk of a crash.","Dealers will replace the integrated brake system, free of charge.  Owner notification letters were mailed November 13, 2024.  Owners can contact BMW Customer Service at 1-800-525-7417.","Owner's may contact the National Highway Traffic Safety Administration Vehicle Safety Hotline at 1-888-327-4236 (TTY 1-800-424-9153) or go to nhtsa.gov.","2024","BMW","XM"
"BMW of North America, LLC","24V739000",0,0,0,,"02/10/2024","ELECTRONIC STABILITY CONTROL (ESC)","BMW of North America, LLC. (BMW) is recalling certain 2023-2024 X1, X5, X6, X7, XM, 530i, i5, 740i, 760i, i7, and 750e vehicles.  Please see the recall report for a complete list of models and model years.  The integrated brake (IB) system may malfunction and result in a loss of power brake assist or cause the Antilock Brake (ABS) and Dynamic Stability Control (DSC) systems to not function properly.","A loss of power brake assist can extend the distance required to stop the vehicle.  Additionally, malfunctioning ABS and/or DSC systems can cause a loss of vehicle control.  Either of these scenarios can increase the risk of a crash.","Dealers will replace the integrated brake module, free of charge.  Interim owner notification letters notifying owners of the safety risk are expected to be mailed November 22, 2024.  Second letters will be mailed once the parts are available.  Owners may contact BMW customer service at 1-800-525-7417.   Vehicles in this recall were previously repaired under recall number 24V-104 and will need to have the new remedy completed.","Owners may also contact the National Highway Traffic Safety Administration Vehicle Safety Hotline at 1-888-327-4236 (TTY 1-800-424-9153), or go to www.nhtsa.gov.","2024","BMW","XM"
"BMW of North America, LLC","26V422000",0,0,0,,"01/07/2026","SERVICE BRAKES, HYDRAULIC:POWER ASSIST:ELECTRIC:CONTROL MODULE","BMW of North America, LLC (BMW) is recalling certain 2025 Mini Cooper S, Mini Countryman S All4, X2, 2024 Rolls-Royce Spectre, 2023-2025 i7, 7 Series, X7, 2024-2025 i5, 5 Series, 2023-2024 XM, X1, 2024-2025 X6, and X5 vehicles. The integrated brake (IB) system may malfunction and result in a loss of power brake assist or cause the Antilock Brake (ABS) and Dynamic Stability Control (DSC) systems to not function properly.","A loss of power brake assist can extend the distance required to stop the vehicle.  Additionally, malfunctioning ABS and/or DSC systems can cause a loss of vehicle control.  Either of these scenarios can increase the risk of a crash.","The Integrated brake system will be inspected and, if necessary, replaced, free of charge. Owner notification letters are expected to be mailed August 21, 2026. Owners may contact BMW customer service at 1-800-525-7417 or Rolls-Royce customer service at 1-877-877-3735. Vehicle Identification Numbers (VINs) involved in this recall will become searchable on NHTSA.gov beginning August 21, 2026. Vehicles previously repaired under recall 24V739 or 24V104 will need to have the new remedy completed.",,"2024","BMW","XM"
"Bowlus Road Chief LLC","25V417000",0,0,0,,"27/06/2025","EQUIPMENT:OTHER:OWNERS/SERVICE/OTHER MANUAL","Bowlus Road Chief LLC (Bowlus) is recalling certain 2022-2023, 2025 Endless Highways, 2024-2025 Volterra, 2024 Terra Firma, and 2025 Rivet trailers equipped with an elongated hitch. The owners manual does not include instructions to retighten the two hitch bolts in the maintenance schedule.","Without regular tightening, the hitch bolts can loosen, allowing the top and bottom of the hitch to separate from each other, which could create a hazard and increase the risk of a crash.","Bowlus will provide a supplement to the owners manual. Dealers will inspect, replace, and tighten the hitch bolts, as necessary. All repairs will be performed free of charge. Owner notification letters were mailed July 1, 2025. Owners may contact Bowlus' customer service at service@bowlus.com.",,"2024","BOWLUS","VOLTERRA"
"Brinkley RV","23V664000",0,0,0,,"29/09/2023","ELECTRICAL SYSTEM","Brinkley RV is recalling certain 2024 Brinkley RV Model G fifth wheel toy haulers.  The power control system was manufactured with undersized 10-gauge wire instead of 6-gauge wire.","An undersized wire may overheat, increasing the risk of a fire.","Dealers will replace the power control system, free of charge.  Owner notification letters were mailed October 16, 2023.  Owners may contact Brinkley customer service at 1-574-501-4280.  Brinkley's number for this recall is PCI-2023-01.","Owners may also contact the National Highway Traffic Safety Administration Vehicle Safety Hotline at 1-888-327-4236 (TTY 1-800-424-9153), or go to www.nhtsa.gov.","2024","BRINKLEY RV","MODEL G"
"Brinkley RV","24V786000",0,0,0,,"21/10/2024","EQUIPMENT:ELECTRICAL:ACCESSORY GENERATOR:SOLAR PANEL","Brinkley RV (Brinkley) is recalling certain 2024-2025 Model G fifth wheel trailers.  The solar panels may have been incorrectly wired, which can overload the circuits and cause the wiring to overheat.","Overheated wires increase the risk of a fire.","Dealers will rewire the solar power system, free of charge.  Owner notification letters were mailed October 29, 2024.  Owners may contact Brinkley customer service at 1-574-501-4280.  Brinkley's number for this recall is REC-2404.","Owners may also contact the National Highway Traffic Safety Administration Vehicle Safety Hotline at 1-888-327-4236 (TTY 1-800-424-9153) or go to nhtsa.gov.","2024","BRINKLEY RV","MODEL G"
"Brinkley RV","25V042000",0,0,0,,"30/01/2025","EQUIPMENT:ELECTRICAL:ACCESSORY GENERATOR:SOLAR PANEL","Brinkley RV (Brinkley) is recalling certain 2024-2025 Model G fifth wheel trailers.  The solar charge controller may fail and overheat.","An overheated controller increases the risk of fire.","Dealers will replace the controller, free of charge.  Owner notification letters were mailed February 7, 2025.  Owners may contact Brinkley customer service at 1-574-501-4280.  Brinkley's number for this recall is REC-2501.","Owners may also contact the National Highway Traffic Safety Administration Vehicle Safety Hotline at 1-888-327-4236 (TTY 1-800-424-9153) or go to nhtsa.gov.","2024","BRINKLEY RV","MODEL G"
"Brinkley RV","25V286000",0,0,0,,"01/05/2025","STRUCTURE:BODY:STEP/LADDER","Brinkley RV (Brinkley) is recalling certain 2024-2025 Model G and Model Z fifth wheel travel trailers, equipped with a removable step assembly.  The clip-on bracket mounting bolts may come loose, allowing the steps to detach.","Steps that detach while in use increase the risk of injury.","Dealers will replace the clip-on bracket as necessary, free of charge.  Owner notification letters were mailed May 21, 2025.  Owners may contact Brinkley customer service at 1-574-501-4280.  Brinkley's number for this recall is REC-2502.","Owners may also contact the National Highway Traffic Safety Administration Vehicle Safety Hotline at 1-888-327-4236 (TTY 1- 888-275-9171), or go to www.safercar.gov.","2024","BRINKLEY RV","MODEL G"
"Brinkley RV","24V037000",0,0,0,,"23/01/2024","SUSPENSION:REAR:AXLE:SPINDLE","Brinkley RV (Brinkley) is recalling certain 2024 Model Z recreational vehicles.  The axle spindle weld may fail, resulting in the wheel assembly detaching from the axle.","Wheel assembly detachment increases the risk of a crash.","Dealers will inspect and replace the axles as necessary, free of charge.  Owner notification letters were mailed in February 05, 2024.  Owners may contact Brinkley customer service at 1-574-501-4280.  Brinkley's number for this recall is REC-2401.","Owners may also contact the National Highway Traffic Safety Administration Vehicle Safety Hotline at 1-888-327-4236 (TTY 1-800-424-9153), or go to www.nhtsa.gov.","2024","BRINKLEY RV","MODEL Z"
"Brinkley RV","24V476000",0,0,0,,"25/06/2024","ELECTRICAL SYSTEM:WIRING","Brinkley RV (Brinkley) is recalling certain 2023-2024 Model Z fifth wheels and Model Z-Air travel trailers.  The 12-volt system may have been incorrectly wired without overcurrent protection and with undersized wiring for the refrigerator, which can result in overheating.","Overheated wiring can increase the risk of a fire.","Dealers will replace the wiring, free of charge.  Owner notification letters were mailed in July 8, 2024.  Owners may contact Brinkley customer service at 1-574-501-4280.  Brinkley's number for this recall is REC-2402.","Owners may also contact the National Highway Traffic Safety Administration Vehicle Safety Hotline at 1-888-327-4236 (TTY 1-800-424-9153), or go to www.nhtsa.gov.","2024","BRINKLEY RV","MODEL Z"
"Brinkley RV","24V885000",0,0,0,,"22/11/2024","TRAILER HITCHES:FIFTH WHEEL ASSEMBLY","Brinkley RV (Brinkley) is recalling certain 2024-2025 Model Z Fifth Wheel trailers equipped with Curt Helux Pin Boxes.  The pin box fasteners may have been improperly tightened.","The fasteners can loosen and fall out, allowing the tow vehicle to detach from the pin box and increasing the risk of a crash.","Dealers will tighten the fasteners, free of charge.  Owner notification letters were mailed December 12, 2024.  Owners may contact Brinkley customer service at 1-574-501-4280.  Brinkley's number for this recall is REC-2405.","Owners may also contact the National Highway Traffic Safety Administration Vehicle Safety Hotline at 1-888-327-4236 (TTY 1-800-424-9153) or go to nhtsa.gov.","2024","BRINKLEY RV","MODEL Z"
"Brinkley RV","25V286000",0,0,0,,"01/05/2025","STRUCTURE:BODY:STEP/LADDER","Brinkley RV (Brinkley) is recalling certain 2024-2025 Model G and Model Z fifth wheel travel trailers, equipped with a removable step assembly.  The clip-on bracket mounting bolts may come loose, allowing the steps to detach.","Steps that detach while in use increase the risk of injury.","Dealers will replace the clip-on bracket as necessary, free of charge.  Owner notification letters were mailed May 21, 2025.  Owners may contact Brinkley customer service at 1-574-501-4280.  Brinkley's number for this recall is REC-2502.","Owners may also contact the National Highway Traffic Safety Administration Vehicle Safety Hotline at 1-888-327-4236 (TTY 1- 888-275-9171), or go to www.safercar.gov.","2024","BRINKLEY RV","MODEL Z"
"General Motors, LLC","23V744000",0,0,1,,"06/11/2023","ELECTRICAL SYSTEM: INSTRUMENT CLUSTER/PANEL","General Motors, LLC (GM) is recalling certain 2024 Buick Encore GX, Envista, and Chevrolet Trax vehicles.  The software in the Virtual Cockpit Unit Module (VCU) may cause the instrument panel display to intermittently go blank at vehicle startup or while driving.","A blank instrument panel will not show critical information, such as vehicle speed and warning lights, increasing the risk of a crash.","The VCU software will be updated by a dealer or through an over-the-air (OTA) update, free of charge.  Owner notification letters were mailed December 4, 2023.  Owners may contact Buick customer service at 1-800-521-7300 or Chevrolet customer service at 1-800-222-1020.  GM's number for this recall is A232424320.","Owners may also contact the National Highway Traffic Safety Administration Vehicle Safety Hotline at 1-888-327-4236 (TTY 1-800-424-9153), or go to www.nhtsa.gov.","2024","BUICK","ENCORE GX"
"General Motors, LLC","24V710000",0,0,0,,"25/09/2024","EQUIPMENT:OTHER:LABELS","General Motors, LLC (GM) is recalling certain 2024 Buick Envision vehicles.  The vehicles are missing the label that states the tire size, pressure, and the loading information.  As such, these vehicles fail to comply with the requirements of Federal Motor Vehicle Safety Standard number 110, ""Tire Selection and Rims.""","Missing tire and load rating information may result in driving with improperly inflated tires or an overloaded vehicle, increasing the risk of a crash.","Dealers will install the label, free of charge.  Owner notification letters were mailed November 1, 2024.  Owners may contact Buick Customer Service at 800-521-7300.","Owners may also contact the National Highway Traffic Safety Administration Vehicle Safety Hotline at 1-888-327-4236 (TTY 1-800-424-9153) or go to nhtsa.gov.","2024","BUICK","ENVISION"
"General Motors, LLC","23V744000",0,0,1,,"06/11/2023","ELECTRICAL SYSTEM: INSTRUMENT CLUSTER/PANEL","General Motors, LLC (GM) is recalling certain 2024 Buick Encore GX, Envista, and Chevrolet Trax vehicles.  The software in the Virtual Cockpit Unit Module (VCU) may cause the instrument panel display to intermittently go blank at vehicle startup or while driving.","A blank instrument panel will not show critical information, such as vehicle speed and warning lights, increasing the risk of a crash.","The VCU software will be updated by a dealer or through an over-the-air (OTA) update, free of charge.  Owner notification letters were mailed December 4, 2023.  Owners may contact Buick customer service at 1-800-521-7300 or Chevrolet customer service at 1-800-222-1020.  GM's number for this recall is A232424320.","Owners may also contact the National Highway Traffic Safety Administration Vehicle Safety Hotline at 1-888-327-4236 (TTY 1-800-424-9153), or go to www.nhtsa.gov.","2024","BUICK","ENVISTA"
"General Motors, LLC","24V674000",0,0,1,,"12/09/2024","SERVICE BRAKES, HYDRAULIC:BRAKE FLUID LOW WARNING: LAMP","General Motors, LLC (GM) is recalling certain 2023 Chevrolet Silverado 1500, GMC Sierra 1500, 2023-2024 Chevrolet Tahoe, Suburban, GMC Yukon, Yukon XL, Cadillac Escalade, and Escalade ESV vehicles.  The electronic brake control module software may fail to display a warning light when a loss of brake fluid occurs.  As such, these vehicles fail to comply with the requirements of Federal Vehicle Safety Standard number 135, ""Light Vehicle Brake Systems.""","Without a warning light, the vehicle may be driven with low brake fluid, which can reduce braking performance and increase the risk of a crash.","The Electronic Brake Control Module (eBCM) software will be updated through an over-the-air (OTA) update or by a dealer, free of charge.  Owner notification letters were mailed October 25, 2024.  Owners can contact GMC customer service at 1-800-462-8782, Chevrolet customer service at 1-800-222-1020, or Cadillac customer service at 1-800-458-8006.  GM's number for this recall is N242447990.","Owners may also contact the National Highway Traffic Safety Administration Vehicle Safety Hotline at 1-888-327-4236 (TTY 1-800-424-9153), or go to www.nhtsa.gov.","2024","CADILLAC","ESCALADE"
"General Motors, LLC","25V274000",0,0,0,"PE25001","24/04/2025","ENGINE AND ENGINE COOLING:ENGINE:HARD PARTS INTERNAL/MECHANICAL","General Motors LLC (GM) is recalling certain 2021-2024 Cadillac Escalade and Escalade ESV, Chevrolet Silverado 1500, Suburban, and Tahoe, GMC Sierra 1500, Yukon, and Yukon XL vehicles equipped with a 6.2L V8 gas engine.  The connecting rod and/or crankshaft engine components may have manufacturing defects that can lead to engine damage and engine failure.","Engine failure increases the risk of a crash.","Dealers will inspect the engine, and as necessary, repair or replace the engine.  For vehicles that pass inspection, dealers will add higher viscosity oil, install 6 oil fill cap, replace the oil filter, and update the owner's manual.  Repairs will be performed free of charge.  Owner notification letters were mailed June 18, 2025.  Owners may contact Cadillac customer service at 1-800-333-4223, Chevrolet customer service at 1-800-222-1020, or GMC customer service at 1-800-462-8782.  GM's number for this recall is N252494000.","Owners may also contact the National Highway Traffic Safety Administration Vehicle Safety Hotline at 1-888-327-4236 (TTY 1-888-275-9171) or go to www.nhtsa.gov.","2024","CADILLAC","ESCALADE"
"General Motors, LLC","24V674000",0,0,1,,"12/09/2024","SERVICE BRAKES, HYDRAULIC:BRAKE FLUID LOW WARNING: LAMP","General Motors, LLC (GM) is recalling certain 2023 Chevrolet Silverado 1500, GMC Sierra 1500, 2023-2024 Chevrolet Tahoe, Suburban, GMC Yukon, Yukon XL, Cadillac Escalade, and Escalade ESV vehicles.  The electronic brake control module software may fail to display a warning light when a loss of brake fluid occurs.  As such, these vehicles fail to comply with the requirements of Federal Vehicle Safety Standard number 135, ""Light Vehicle Brake Systems.""","Without a warning light, the vehicle may be driven with low brake fluid, which can reduce braking performance and increase the risk of a crash.","The Electronic Brake Control Module (eBCM) software will be updated through an over-the-air (OTA) update or by a dealer, free of charge.  Owner notification letters were mailed October 25, 2024.  Owners can contact GMC customer service at 1-800-462-8782, Chevrolet customer service at 1-800-222-1020, or Cadillac customer service at 1-800-458-8006.  GM's number for this recall is N242447990.","Owners may also contact the National Highway Traffic Safety Administration Vehicle Safety Hotline at 1-888-327-4236 (TTY 1-800-424-9153), or go to www.nhtsa.gov.","2024","CADILLAC","ESCALADE ESV"
"General Motors, LLC","25V274000",0,0,0,"PE25001","24/04/2025","ENGINE AND ENGINE COOLING:ENGINE:HARD PARTS INTERNAL/MECHANICAL","General Motors LLC (GM) is recalling certain 2021-2024 Cadillac Escalade and Escalade ESV, Chevrolet Silverado 1500, Suburban, and Tahoe, GMC Sierra 1500, Yukon, and Yukon XL vehicles equipped with a 6.2L V8 gas engine.  The connecting rod and/or crankshaft engine components may have manufacturing defects that can lead to engine damage and engine failure.","Engine failure increases the risk of a crash.","Dealers will inspect the engine, and as necessary, repair or replace the engine.  For vehicles that pass inspection, dealers will add higher viscosity oil, install 6 oil fill cap, replace the oil filter, and update the owner's manual.  Repairs will be performed free of charge.  Owner notification letters were mailed June 18, 2025.  Owners may contact Cadillac customer service at 1-800-333-4223, Chevrolet customer service at 1-800-222-1020, or GMC customer service at 1-800-462-8782.  GM's number for this recall is N252494000.","Owners may also contact the National Highway Traffic Safety Administration Vehicle Safety Hotline at 1-888-327-4236 (TTY 1-888-275-9171) or go to www.nhtsa.gov.","2024","CADILLAC","ESCALADE ESV"
"General Motors, LLC","23V785000",0,0,0,,"22/11/2023","SEAT BELTS:REAR/OTHER:ANCHORAGE","General Motors, LLC (GM) is recalling certain 2023-2024 LYRIQ vehicles.  The bracket that anchors the left-rear and center-rear seat belts may have been improperly welded to the seat frame.","An improperly welded seat belt bracket may not restrain an occupant as intended, increasing their risk of injury during a crash.","Owners are advised not to use the left-rear and center-rear seating positions until the recall repair is completed.  Dealers will replace the rear seat cushion frame, free of charge.  Owner notification letters were mailed January 17, 2024.  Owners may contact Cadillac customer service at 1-800-458-8006.  GM's number for this recall is N232425220.","Owners may also contact the National Highway Traffic Safety Administration Vehicle Safety Hotline at 1-888-327-4236 (TTY 1-800-424-9153), or go to www.nhtsa.gov.","2024","CADILLAC","LYRIQ"
"General Motors, LLC","24V320000",0,0,0,,"09/05/2024","ELECTRICAL SYSTEM:WIRING","General Motors, LLC (GM) is recalling certain 2024 Cadillac Lyriq, Chevrolet Blazer EV, Chevrolet Silverado EV, GMC Hummer EV SUV, and GMC Sierra EV vehicles.  The electric motors in the rear drive units may have insufficiently insulated wires that can contact each other, resulting in a loss of drive power.","A loss of drive power increases the risk of a crash.","Dealers will replace the rear drive unit, free of charge.  Owner notification letters were mailed May 16, 2024.  Owners may contact Chevrolet customer service at 1-800-222-1020; Cadillac customer service at 1-800-458-8006; Hummer customer service at 1-800-732-5493; or GMC customer service at 1-800-462-8782.  GM's number for this recall is N242447080.","Owners may also contact the National Highway Traffic Safety Administration Vehicle Safety Hotline at 1-888-327-4236 (TTY 1-800-424-9153), or go to www.nhtsa.gov.","2024","CADILLAC","LYRIQ"
"General Motors, LLC","24V589000",0,0,1,,"08/08/2024","SERVICE BRAKES, HYDRAULIC:ANTILOCK/TRACTION CONTROL/ELECTRONIC LIMITED SLIP:CONTROL UNIT/MODULE","General Motors, LLC (GM) is recalling certain 2023-2024 Cadillac LYRIQ all-wheel drive vehicles.  The anti-lock brake system (ABS) may activate unexpectedly and release brake pressure in the vehicle's service brake system.","A release of brake pressure can cause a loss of braking ability, increasing the risk of a crash.","The electronic brake control module software will be updated through an over-the-air (OTA) update or by a dealer, free of charge.  Owner notification letters were mailed September 3, 2024.  Owners may contact Cadillac's customer service at 1-800-458-8006 or EV Concierge at 1-844-EV-CADILLAC (1-844-382-2345).  GM's number for this recall is N242453471.","Owners may also contact the National Highway Traffic Safety Administration Vehicle Safety Hotline at 1-888-327-4236 (TTY 1-800-424-9153), or go to www.nhtsa.gov.","2024","CADILLAC","LYRIQ"
"General Motors, LLC","25V232000",0,0,0,,"10/04/2025","SUSPENSION:FRONT:STABILIZER BAR","General Motors LLC (GM) is recalling certain 2023-2025 Cadillac LYRIQ vehicles.  The left or right front stabilizer bar bracket bolts may have been improperly tightened, which can allow the bolts to loosen and separate from the vehicle frame.  A detached stabilizer bar or bracket can damage the vehicle's high voltage cables or EV battery coolant lines.","Damaged cables or coolant lines can result in a vehicle shutdown, causing a loss of drive power and increasing the risk of a crash.","Dealers will inspect and tighten the left and/or right stabilizer bar bracket bolts, as necessary, free of charge.  Owner notification letters were mailed May 8, 2025.  Owners may contact Cadilac customer service at 1-800-333-4223.  GM's number for this recall is N252494190.","Owners may also contact the National Highway Traffic Safety Administration Vehicle Safety Hotline at 1-888-327-4236 (TTY 1- 888-275-9171) or go to www.safercar.gov.","2024","CADILLAC","LYRIQ"
"General Motors, LLC","25V356000",0,0,0,,"29/05/2025","EQUIPMENT:ELECTRICAL:INFOTAINMENT:VIDEO (TOUCH)SCREEN/MONITOR/UNIT","General Motors, LLC (GM) is recalling certain 2023 – 2024 model year Cadillac Lyriq vehicles. The driver video display may go blank while driving.","A blank video display can result in a loss of critical safety information, such as the speedometer, warning lights, and rearview camera image, increasing the risk of a crash.","The video display control module software will be updated by a dealer, or through an over-the-air (OTA) update, free of charge. Owner notification letters are expected to be mailed July 14, 2025. Owners may contact Cadillac customer service at 1-800-333-4223. GM's number for this recall is N252500680.",,"2024","CADILLAC","LYRIQ"
"General Motors, LLC","26V082000",0,0,0,,"12/02/2026","BACK OVER PREVENTION:SOFTWARE","General Motors, LLC (GM) is recalling certain 2024 Lyriq vehicles. The rearview camera screen may turn gray with no camera image.","An inoperative rearview camera can reduce the driver's rear visibility, increasing the risk of a crash.","The vehicle cockpit unit (VCU) software will be updated by a dealer or through an over-the-air (OTA) update, free of charge. Owner notification letters were mailed March 16, 2026. Owners may contact Cadillac customer service at 1-800-458-8006. GM's number for this recall is N252542530. Vehicle Identification Numbers (VINs) involved in this recall became searchable on NHTSA.gov on February 12, 2026.",,"2024","CADILLAC","LYRIQ"
"General Motors, LLC","24V575000",0,0,0,,"01/08/2024","EQUIPMENT:OTHER:OWNERS/SERVICE/OTHER MANUAL","General Motors, LLC (GM) is recalling certain 2024 Cadillac XT4 and Chevrolet Malibu vehicles.  The vehicles may have the wrong owner's manual in the glove box.  As such, these vehicles fail to comply with the requirements of Federal Motor Vehicle Safety Standard number 225, ""Child Restraint Anchorage Systems.""","The wrong owner's manual may contain inaccurate information about vehicle functions and other safety relevant information, which could lead to improper operation of the vehicle and increase the risk of a crash or injury.","Dealers will provide owners with the correct manual, free of charge.  Owner notification letters were mailed August 26, 2024.  Owners may contact Cadillac's customer service at 1-800-458-8006 and Chevrolet customer service at 1-800-222-1020.  GM's number for this recall is N242454040.","Owners may also contact the National Highway Traffic Safety Administration Vehicle Safety Hotline at 1-888-327-4236 (TTY 1-800-424-9153), or go to www.nhtsa.gov.","2024","CADILLAC","XT4"
"General Motors, LLC","23V681000",0,0,0,,"12/10/2023","VISIBILITY:WINDSHIELD","General Motors, LLC (GM) is recalling certain 2023 GMC Acadia and 2024 Cadilac XT5 and XT6 vehicles.  The windshield may have been assembled without the proper urethane sealant required to bond the windshield to the vehicle body.","A windshield that is not properly bonded may detach during a crash and increase the risk of injury.","Dealers will inspect the windshield and apply primer and urethane sealant.  If the windshield is damaged, the dealer will replace it.  Repairs will be performed free of charge.  Owner notification letters were mailed November 14, 2023.  Owners may contact Cadillac customer service at 1-800-458-8006 or GMC customer service at 1-800-462-8782.  GM's number for this recall is N232419690.","Owners may also contact the National Highway Traffic Safety Administration Vehicle Safety Hotline at 1-888-327-4236 (TTY 1-800-424-9153), or go to www.nhtsa.gov.","2024","CADILLAC","XT5"
"General Motors, LLC","24V311000",0,0,0,,"02/05/2024","AIR BAGS:FRONTAL","General Motors, LLC (GM) is recalling certain 2024 Cadillac XT5 vehicles.  The driver's front air bag cushion may tear during deployment, resulting in the air bag not deploying as intended.","An air bag that does not deploy as intended increases the risk of injury during a crash.","Dealers will replace the driver's front air bag module, free of charge.  Owner notification letters were mailed September 12, 2024.  Owners may contact Cadillac customer service at 1-800-458-8006.  GM's number for this recall is N232439241.","Owners may also contact the National Highway Traffic Safety Administration Vehicle Safety Hotline at 1-888-327-4236 (TTY 1-800-424-9153), or go to www.nhtsa.gov.","2024","CADILLAC","XT5"
"General Motors, LLC","24V459000",0,0,0,,"20/06/2024","ELECTRICAL SYSTEM: INSTRUMENT CLUSTER/PANEL","General Motors, LLC (GM) is recalling certain 2023-2025 Cadillac XT5 and 2024-2025 Cadillac XT6 vehicles.  The instrument panel may not illuminate when the hazard warning lights, high beams, or turn signals are activated.  As such, these vehicles fail to comply with the requirements of Federal Motor Vehicle Safety Standard numbers 101, ""Controls and Displays"" and 108, ""Lamps, Reflective Devices, and Assoc. Equipment.""","Without the illuminated reminder, the driver could fail to turn off the lights when no longer needed.  Hazard warning lights, high beams, or turn signals that remain activated unintentionally can confuse other drivers, increasing the risk of a crash.","Dealers will update the instrument panel software, free of charge.  Owner notification letters were mailed August 13, 2024.  Owners may contact Cadillac's customer service at 1-800-458-8006.  GM's number for this recall is N242447940.","Owners may also contact the National Highway Traffic Safety Administration Vehicle Safety Hotline at 1-888-327-4236 (TTY 1-800-424-9153), or go to www.nhtsa.gov.","2024","CADILLAC","XT5"
"General Motors, LLC","23V681000",0,0,0,,"12/10/2023","VISIBILITY:WINDSHIELD","General Motors, LLC (GM) is recalling certain 2023 GMC Acadia and 2024 Cadilac XT5 and XT6 vehicles.  The windshield may have been assembled without the proper urethane sealant required to bond the windshield to the vehicle body.","A windshield that is not properly bonded may detach during a crash and increase the risk of injury.","Dealers will inspect the windshield and apply primer and urethane sealant.  If the windshield is damaged, the dealer will replace it.  Repairs will be performed free of charge.  Owner notification letters were mailed November 14, 2023.  Owners may contact Cadillac customer service at 1-800-458-8006 or GMC customer service at 1-800-462-8782.  GM's number for this recall is N232419690.","Owners may also contact the National Highway Traffic Safety Administration Vehicle Safety Hotline at 1-888-327-4236 (TTY 1-800-424-9153), or go to www.nhtsa.gov.","2024","CADILLAC","XT6"
"General Motors, LLC","24V459000",0,0,0,,"20/06/2024","ELECTRICAL SYSTEM: INSTRUMENT CLUSTER/PANEL","General Motors, LLC (GM) is recalling certain 2023-2025 Cadillac XT5 and 2024-2025 Cadillac XT6 vehicles.  The instrument panel may not illuminate when the hazard warning lights, high beams, or turn signals are activated.  As such, these vehicles fail to comply with the requirements of Federal Motor Vehicle Safety Standard numbers 101, ""Controls and Displays"" and 108, ""Lamps, Reflective Devices, and Assoc. Equipment.""","Without the illuminated reminder, the driver could fail to turn off the lights when no longer needed.  Hazard warning lights, high beams, or turn signals that remain activated unintentionally can confuse other drivers, increasing the risk of a crash.","Dealers will update the instrument panel software, free of charge.  Owner notification letters were mailed August 13, 2024.  Owners may contact Cadillac's customer service at 1-800-458-8006.  GM's number for this recall is N242447940.","Owners may also contact the National Highway Traffic Safety Administration Vehicle Safety Hotline at 1-888-327-4236 (TTY 1-800-424-9153), or go to www.nhtsa.gov.","2024","CADILLAC","XT6"
"General Motors, LLC","23V869000",0,0,0,,"21/12/2023","STRUCTURE:BODY:DOOR","General Motors, LLC (GM) is recalling certain 2024 Chevrolet Blazer, Blazer EV, Equinox, and GMC Terrain vehicles.  The door strikers may fracture, resulting in the door opening unexpectedly.","A door opening while the vehicle is being driven can increasing the risk of injury or a crash.","Dealers will replace all four door strikers and attaching bolts, free of charge.  Owner notification letters were mailed January 24, 2024.  Owners may contact Chevrolet customer service at 1-800-222-1020 and GMC customer service at 1-800-462-8782.  GM's number for this recall is N232429911.","Owners may also contact the National Highway Traffic Safety Administration Vehicle Safety Hotline at 1-888-327-4236 (TTY 1-800-424-9153), or go to www.nhtsa.gov.","2024","CHEVROLET","BLAZER"
"General Motors, LLC","23V869000",0,0,0,,"21/12/2023","STRUCTURE:BODY:DOOR","General Motors, LLC (GM) is recalling certain 2024 Chevrolet Blazer, Blazer EV, Equinox, and GMC Terrain vehicles.  The door strikers may fracture, resulting in the door opening unexpectedly.","A door opening while the vehicle is being driven can increasing the risk of injury or a crash.","Dealers will replace all four door strikers and attaching bolts, free of charge.  Owner notification letters were mailed January 24, 2024.  Owners may contact Chevrolet customer service at 1-800-222-1020 and GMC customer service at 1-800-462-8782.  GM's number for this recall is N232429911.","Owners may also contact the National Highway Traffic Safety Administration Vehicle Safety Hotline at 1-888-327-4236 (TTY 1-800-424-9153), or go to www.nhtsa.gov.","2024","CHEVROLET","BLAZER EV"
"General Motors, LLC","24V320000",0,0,0,,"09/05/2024","ELECTRICAL SYSTEM:WIRING","General Motors, LLC (GM) is recalling certain 2024 Cadillac Lyriq, Chevrolet Blazer EV, Chevrolet Silverado EV, GMC Hummer EV SUV, and GMC Sierra EV vehicles.  The electric motors in the rear drive units may have insufficiently insulated wires that can contact each other, resulting in a loss of drive power.","A loss of drive power increases the risk of a crash.","Dealers will replace the rear drive unit, free of charge.  Owner notification letters were mailed May 16, 2024.  Owners may contact Chevrolet customer service at 1-800-222-1020; Cadillac customer service at 1-800-458-8006; Hummer customer service at 1-800-732-5493; or GMC customer service at 1-800-462-8782.  GM's number for this recall is N242447080.","Owners may also contact the National Highway Traffic Safety Administration Vehicle Safety Hotline at 1-888-327-4236 (TTY 1-800-424-9153), or go to www.nhtsa.gov.","2024","CHEVROLET","BLAZER EV"
"General Motors, LLC","24V487000",0,0,0,,"28/06/2024","SUSPENSION:FRONT:CONTROL ARM:LOWER ARM","General Motors, LLC (GM) is recalling certain 2024 Chevrolet Blazer EV vehicles.  The right front lower control arm may contain a manufacturing defect that can cause it to fracture.","A lower control arm fracture can cause loss of vehicle control, increasing the risk of a crash.","Dealers will inspect and replace the right front lower control arm as necessary, free of charge.  Owner notification letters were mailed July 24, 2024.  Owners may contact Chevrolet customer service at 1-800-222-1020.  GM's number for this recall is N242448540.","Owners may also contact the National Highway Traffic Safety Administration Vehicle Safety Hotline at 1-888-327-4236 (TTY 1-800-424-9153), or go to www.nhtsa.gov.","2024","CHEVROLET","BLAZER EV"
"General Motors, LLC","25V433000",0,0,0,,"25/06/2025","PARKING BRAKE","General Motors, LLC (GM) is recalling certain 2024-2025 Chevrolet Blazer EV vehicles. The rear parking brake wiring harness may become damaged or corroded, resulting in unintended activation of the parking brake or loss of the parking brake function.","Unintended activation of the parking brake while driving increases the risk of a crash. Loss of the parking brake function while parked can result in a rollaway, increasing the risk of a crash.","Dealers will inspect the harness and, if necessary, reroute the harness and install anti-abrasive tape. Any harness that has existing damage will be replaced. Repairs will be performed free of charge. Owner notification letters were mailed on October 1, 2025. Owners may contact Chevrolet customer service at 1-800-222-1020. GM's number for this recall is N252503010.",,"2024","CHEVROLET","BLAZER EV"
"General Motors, LLC","26V031000",0,0,0,,"22/01/2026","PARKING BRAKE","General Motors, LLC (GM) is recalling certain 2024-2025 Chevrolet Blazer EV vehicles that may have been repaired incorrectly under recall 25V433. The rear parking brake wiring harness may become damaged or corroded, resulting in unintended activation of the parking brake or loss of the parking brake function.","Unintended activation of the parking brake while driving increases the risk of a crash. Loss of the parking brake function while parked can result in a rollaway, increasing the risk of a crash.","Dealers will replace the chassis harness, free of charge. Owner notification letters were mailed on February 25, 2026. Owners may contact Chevrolet customer service at 1-800-222-1020. GM's number for this recall is N252532830.",,"2024","CHEVROLET","BLAZER EV"
"General Motors, LLC","24V366000",0,0,0,,"23/05/2024","TIRES","General Motors, LLC (GM) is recalling certain 2024 Chevrolet Colorado vehicles.  Incorrect tires may have been installed that do not match the tire label, and the tire pressure monitoring system (TPMS) may provide inaccurate information for the installed tires.  As such, these vehicles fail to comply with the requirements of Federal Motor Vehicle Safety Standard numbers 110, ""Tire Selection and Rims"" and 138, ""Tire Pressure Monitoring Systems.""","A tire label that does not accurately reflect the installed tires may result in the installation of incorrectly sized tires.  In addition, the TPMS may not warn the driver of a drop in tire pressure.  Both of these scenarios can increase the risk of a crash.","Dealers will inspect and replace the tires as necessary, free of charge.  Owner notification letters were mailed June 19, 2024.  Owners may contact Chevrolet customer service at 1-800-222-1020.  GM's number for this recall is N242444030.","Owners may also contact the National Highway Traffic Safety Administration Vehicle Safety Hotline at 1-888-327-4236 (TTY 1-800-424-9153), or go to www.nhtsa.gov.","2024","CHEVROLET","COLORADO"
"General Motors, LLC","24V491000",0,0,0,,"28/06/2024","FUEL SYSTEM, GASOLINE:STORAGE:TANK ASSEMBLY","General Motors, LLC (GM) is recalling certain 2024 Chevrolet Colorado and GMC Canyon vehicles.  The lock ring that secures the fuel pump to the fuel tank assembly may not have been fully locked during assembly, which can result in a fuel leak during a crash.","A fuel leak in the presence of an ignition source increases the risk of a fire.","Dealers will inspect and fully lock the fuel tank lock ring as necessary, free of charge.  Owner notification letters are expected to be mailed August 13, 2024.  Owners may contact Chevrolet customer service at 1-800-222-1020, or GMC Customer Call Center at (888) 988-7267.  GM's number for this recall is N242451330.","Owners may also contact the National Highway Traffic Safety Administration Vehicle Safety Hotline at 1-888-327-4236 (TTY 1-800-424-9153), or go to www.nhtsa.gov.","2024","CHEVROLET","COLORADO"
"General Motors, LLC","24V703000",0,0,0,,"19/09/2024","SEAT BELTS:CRITICAL FASTENERS","General Motors, LLC (GM) is recalling certain 2023-2024 Chevrolet Colorado and 2023 GMC Canyon vehicles.  The left or right front seat may have a seat belt buckle attachment bolt that was not tightened properly.","A loose seat belt may not properly restrain an occupant in a crash, increasing the risk of injury.","Dealers will tighten the left and right front seat belt buckle attachment bolts, free of charge.  Owner notification letters were mailed October 30, 2024.  Owners may contact Chevrolet customer service at 1-800-222-1020, or GMC customer service at 1-800-462-8782.  GM's number for this recall is N242453720.","Owners may also contact the National Highway Traffic Safety Administration Vehicle Safety Hotline at 1-888-327-4236 (TTY 1-800-424-9153), or go to www.nhtsa.gov.","2024","CHEVROLET","COLORADO"
"General Motors, LLC","24V418000",0,0,0,,"06/06/2024","SEAT BELTS:FRONT:RETRACTOR","General Motors, LLC (GM) is recalling certain 2024-2025 Chevrolet Corvette vehicles.  The driver and/or passenger seat belt retractors may lock in a stowed position and become inaccessible to occupants.","An inaccessible seat belt that cannot restrain an occupant, increases the risk of injury in a crash.","Dealers will replace the driver and/or passenger seat belt retractors, free of charge.  Owner notification letters were mailed September 19, 2024.  Owners may contact Chevrolet customer service at 1-800-222-1020.  GM's number for this recall is N242441390.","Owners may also contact the National Highway Traffic Safety Administration Vehicle Safety Hotline at 1-888-327-4236 (TTY 1-800-424-9153), or go to www.nhtsa.gov.","2024","CHEVROLET","CORVETTE"
"General Motors, LLC","25V536000",0,0,0,,"21/08/2025","FUEL SYSTEM, GASOLINE","General Motors, LLC (GM) is recalling certain 2023–2026 Chevrolet Corvette vehicles equipped with a left-side radiator/fan combination. Excess fuel may spill into the vehicle fuel-filler pocket during refueling and leak onto an ignition source.","A fuel leak in the presence of an ignition source, such as hot engine or exhaust components, can increase the risk of a fire.","Dealers will install a shield to divert spilled fuel, free of charge. Owner notification letters were mailed November 14, 2025. Owners may contact Chevrolet customer service at 1-800-222-1020. GM's number for this recall is N252514930.",,"2024","CHEVROLET","CORVETTE"
"General Motors, LLC","23V869000",0,0,0,,"21/12/2023","STRUCTURE:BODY:DOOR","General Motors, LLC (GM) is recalling certain 2024 Chevrolet Blazer, Blazer EV, Equinox, and GMC Terrain vehicles.  The door strikers may fracture, resulting in the door opening unexpectedly.","A door opening while the vehicle is being driven can increasing the risk of injury or a crash.","Dealers will replace all four door strikers and attaching bolts, free of charge.  Owner notification letters were mailed January 24, 2024.  Owners may contact Chevrolet customer service at 1-800-222-1020 and GMC customer service at 1-800-462-8782.  GM's number for this recall is N232429911.","Owners may also contact the National Highway Traffic Safety Administration Vehicle Safety Hotline at 1-888-327-4236 (TTY 1-800-424-9153), or go to www.nhtsa.gov.","2024","CHEVROLET","EQUINOX"
"General Motors, LLC","25V639000",0,0,0,,"25/09/2025","FORWARD COLLISION AVOIDANCE: WARNINGS:EXTERNAL/PEDESTRIAN ALERT","General Motors LLC (GM) is recalling certain 2024 Chevrolet Equinox EV vehicles. The pedestrian alert sound system may not produce a sufficient change in volume between the vehicle being stopped and moving at low speeds.  As such, these vehicles fail to comply with the requirements of Federal Motor Vehicle Safety Standard (FMVSS) number 141, ""Minimum Sound Requirements for Hybrid and Electric Vehicles.""","A vehicle that fails to make sufficient sound may result in pedestrians being unaware of an approaching vehicle, increasing the risk of injury.","The vehicle's body control module software will be updated by a dealer, or through an over-the-air (OTA) update, free of charge. Owner notification letters were mailed November 17, 2025.  Owners may contact Chevrolet customer service at 1-800-222-1020.  GM's number for this recall is N252527170.",,"2024","CHEVROLET","EQUINOX EV"
"General Motors, LLC","24V575000",0,0,0,,"01/08/2024","EQUIPMENT:OTHER:OWNERS/SERVICE/OTHER MANUAL","General Motors, LLC (GM) is recalling certain 2024 Cadillac XT4 and Chevrolet Malibu vehicles.  The vehicles may have the wrong owner's manual in the glove box.  As such, these vehicles fail to comply with the requirements of Federal Motor Vehicle Safety Standard number 225, ""Child Restraint Anchorage Systems.""","The wrong owner's manual may contain inaccurate information about vehicle functions and other safety relevant information, which could lead to improper operation of the vehicle and increase the risk of a crash or injury.","Dealers will provide owners with the correct manual, free of charge.  Owner notification letters were mailed August 26, 2024.  Owners may contact Cadillac's customer service at 1-800-458-8006 and Chevrolet customer service at 1-800-222-1020.  GM's number for this recall is N242454040.","Owners may also contact the National Highway Traffic Safety Administration Vehicle Safety Hotline at 1-888-327-4236 (TTY 1-800-424-9153), or go to www.nhtsa.gov.","2024","CHEVROLET","MALIBU"
"General Motors, LLC","26V212000",0,0,0,,"02/04/2026","BACK OVER PREVENTION: SENSING SYSTEM: CAMERA","General Motors, LLC (GM) is recalling certain 2023-2025 Chevrolet Malibu vehicles. The rearview camera screen may display a distorted or blank image.","A rearview image that does not display correctly reduces the driver's view behind the vehicle, increasing the risk of a crash.","Dealers will inspect, and if necessary, replace the rearview camera, free of charge. Owner notification letters were mailed May 20, 2026. Owners may contact Chevrolet customer service at 1-800-222-1020. GM's number for this recall is N262551720. Vehicle Identification Numbers (VINs) involved in this recall became searchable on NHTSA.gov on April 2, 2026.",,"2024","CHEVROLET","MALIBU"
"OEM Systems, LLC","24V626000",0,0,0,,"21/08/2024","TRAILER HITCHES","OEM Systems, LLC (OEM) is recalling certain 2024 Chevrolet Silverado vehicles.  The rear bumper mounting bracket may not be sufficient for towing, which can allow the towed trailer to detach from the vehicle.","A trailer that detaches from a vehicle while driving increases the risk of a crash.","OEM will replace the rear bumper mounting bracket and hitch, free of charge.  Owner notification letters are expected to be mailed in August 2024.  Owners may contact OEM customer service at 1-800-810-7252.","Owners may also contact the National Highway Traffic Safety Administration Vehicle Safety Hotline at 1-888-327-4236 (TTY 1-800-424-9153), or go to www.nhtsa.gov.","2024","CHEVROLET","SILVERADO 1500"
"General Motors, LLC","25V274000",0,0,0,"PE25001","24/04/2025","ENGINE AND ENGINE COOLING:ENGINE:HARD PARTS INTERNAL/MECHANICAL","General Motors LLC (GM) is recalling certain 2021-2024 Cadillac Escalade and Escalade ESV, Chevrolet Silverado 1500, Suburban, and Tahoe, GMC Sierra 1500, Yukon, and Yukon XL vehicles equipped with a 6.2L V8 gas engine.  The connecting rod and/or crankshaft engine components may have manufacturing defects that can lead to engine damage and engine failure.","Engine failure increases the risk of a crash.","Dealers will inspect the engine, and as necessary, repair or replace the engine.  For vehicles that pass inspection, dealers will add higher viscosity oil, install 6 oil fill cap, replace the oil filter, and update the owner's manual.  Repairs will be performed free of charge.  Owner notification letters were mailed June 18, 2025.  Owners may contact Cadillac customer service at 1-800-333-4223, Chevrolet customer service at 1-800-222-1020, or GMC customer service at 1-800-462-8782.  GM's number for this recall is N252494000.","Owners may also contact the National Highway Traffic Safety Administration Vehicle Safety Hotline at 1-888-327-4236 (TTY 1-888-275-9171) or go to www.nhtsa.gov.","2024","CHEVROLET","SILVERADO 1500"
"General Motors, LLC","23V549000",0,0,0,,"03/08/2023","STEERING","General Motors, LLC (GM) is recalling certain 2024 Chevrolet Silverado 2500, 3500, and GMC Sierra 2500, 3500 vehicles.  The steering gear shaft may fracture and disconnect from the steering arm.","A steering arm that disconnects may result in a total loss of steering control, increasing the risk of a crash.","Dealers will inspect and replace the steering gear, if necessary, free of charge.  Owner notification letters were mailed September 22, 2023.  Owners may contact Chevrolet customer service at 1-800-222-1020 or GMC customer service at 1-800-462-8782.  GM's number for this recall is N232414720.","Owners may also contact the National Highway Traffic Safety Administration Vehicle Safety Hotline at 1-888-327-4236 (TTY 1-800-424-9153), or go to www.nhtsa.gov.","2024","CHEVROLET","SILVERADO 2500"
"General Motors, LLC","24V060000",0,0,0,,"01/02/2024","LATCHES/LOCKS/LINKAGES:TAILGATE:LATCH","General Motors, LLC (GM) is recalling certain 2020-2024 Chevrolet Silverado 2500, 3500, GMC Sierra 2500 and 3500 vehicles equipped with power-unlatching tailgates.  The tailgate's electronic gate-release switch may short circuit due to water intrusion, which can result in the tailgate inadvertently unlatching while the vehicle is in park.","An unlatched tailgate may open while driving and result in a loss of unsecured cargo, creating a road hazard and increasing the risk of a crash.","Owners are advised to check that the tailgate is closed and latched before driving.  Dealers will replace the exterior touchpad switch assemblies, free of charge.  Owner notification letters were mailed May 17, 2024.  Owners may contact Chevrolet customer service at 1-800-222-1020 or GMC customer service at 1-800-462-8782.  GM's number for this recall is N232426400.","Owners may also contact the National Highway Traffic Safety Administration Vehicle Safety Hotline at 1-888-327-4236 (TTY 1-800-424-9153), or go to www.nhtsa.gov.","2024","CHEVROLET","SILVERADO 2500"
"General Motors, LLC","24V894000",0,0,0,,"26/11/2024","LATCHES/LOCKS/LINKAGES:TAILGATE:LATCH","General Motors, LLC (GM) is recalling certain 2024 Chevrolet Silverado HD 2500, 3500, and GMC Sierra HD 2500, 3500 vehicles equipped with power-unlatching tailgates.  The tailgate's electronic gate-release switch may short circuit due to water intrusion, which can result in the tailgate inadvertently unlatching while the vehicle is in Park.","An unlatched tailgate may open and result in a loss of unsecured cargo, creating a road hazard and increasing the risk of a crash.","Owners are advised to check that the tailgate is closed and latched before driving.  Dealers will replace the exterior touchpad switch assemblies, free of charge.  Owner notification letters were mailed December 17, 2024.  Owners may contact Chevrolet customer service at 1-800-222-1020 or GMC customer service at 1-800-462-8782.  GM's number for this recall is N242469160.  This recall is an expansion of NHTSA Recall 24V-060.","Owners may also contact the National Highway Traffic Safety Administration Vehicle Safety Hotline at 1-888-327-4236 (TTY 1-800-424-9153) or go to nhtsa.gov.","2024","CHEVROLET","SILVERADO 2500"
"General Motors, LLC","23V549000",0,0,0,,"03/08/2023","STEERING","General Motors, LLC (GM) is recalling certain 2024 Chevrolet Silverado 2500, 3500, and GMC Sierra 2500, 3500 vehicles.  The steering gear shaft may fracture and disconnect from the steering arm.","A steering arm that disconnects may result in a total loss of steering control, increasing the risk of a crash.","Dealers will inspect and replace the steering gear, if necessary, free of charge.  Owner notification letters were mailed September 22, 2023.  Owners may contact Chevrolet customer service at 1-800-222-1020 or GMC customer service at 1-800-462-8782.  GM's number for this recall is N232414720.","Owners may also contact the National Highway Traffic Safety Administration Vehicle Safety Hotline at 1-888-327-4236 (TTY 1-800-424-9153), or go to www.nhtsa.gov.","2024","CHEVROLET","SILVERADO 3500"
"General Motors, LLC","24V060000",0,0,0,,"01/02/2024","LATCHES/LOCKS/LINKAGES:TAILGATE:LATCH","General Motors, LLC (GM) is recalling certain 2020-2024 Chevrolet Silverado 2500, 3500, GMC Sierra 2500 and 3500 vehicles equipped with power-unlatching tailgates.  The tailgate's electronic gate-release switch may short circuit due to water intrusion, which can result in the tailgate inadvertently unlatching while the vehicle is in park.","An unlatched tailgate may open while driving and result in a loss of unsecured cargo, creating a road hazard and increasing the risk of a crash.","Owners are advised to check that the tailgate is closed and latched before driving.  Dealers will replace the exterior touchpad switch assemblies, free of charge.  Owner notification letters were mailed May 17, 2024.  Owners may contact Chevrolet customer service at 1-800-222-1020 or GMC customer service at 1-800-462-8782.  GM's number for this recall is N232426400.","Owners may also contact the National Highway Traffic Safety Administration Vehicle Safety Hotline at 1-888-327-4236 (TTY 1-800-424-9153), or go to www.nhtsa.gov.","2024","CHEVROLET","SILVERADO 3500"
"General Motors, LLC","24V894000",0,0,0,,"26/11/2024","LATCHES/LOCKS/LINKAGES:TAILGATE:LATCH","General Motors, LLC (GM) is recalling certain 2024 Chevrolet Silverado HD 2500, 3500, and GMC Sierra HD 2500, 3500 vehicles equipped with power-unlatching tailgates.  The tailgate's electronic gate-release switch may short circuit due to water intrusion, which can result in the tailgate inadvertently unlatching while the vehicle is in Park.","An unlatched tailgate may open and result in a loss of unsecured cargo, creating a road hazard and increasing the risk of a crash.","Owners are advised to check that the tailgate is closed and latched before driving.  Dealers will replace the exterior touchpad switch assemblies, free of charge.  Owner notification letters were mailed December 17, 2024.  Owners may contact Chevrolet customer service at 1-800-222-1020 or GMC customer service at 1-800-462-8782.  GM's number for this recall is N242469160.  This recall is an expansion of NHTSA Recall 24V-060.","Owners may also contact the National Highway Traffic Safety Administration Vehicle Safety Hotline at 1-888-327-4236 (TTY 1-800-424-9153) or go to nhtsa.gov.","2024","CHEVROLET","SILVERADO 3500"
"General Motors, LLC","25V390000",0,1,0,,"12/06/2025","SERVICE BRAKES, HYDRAULIC:BRAKE FLUID LOW WARNING:SWITCH/SENSOR/FLOAT","General Motors (GM) is recalling certain 2019-2024 Chevrolet Silverado Medium Duty 4500HD, 5500HD, and 6500HD vehicles. The brake pressure sensor assembly may leak brake fluid into the brake pressure switch and cause a short circuit.","An electrical short in the brake pressure switch can overheat the circuit and increase the risk of a fire while driving or parked.","Owners are advised to park outside and away from structures until the recall repair is complete. Dealers will replace the brake pressure switch wire harness, free of charge. Owner notification letters were mailed September 11, 2025. Owners may contact GM customer assistance number at 1-866-467-9700. GM's number for this recall is N242482680.  Vehicles in this recall that were previously repaired under 23V266 will need to have the new remedy completed.",,"2024","CHEVROLET","SILVERADO 5500"
"General Motors, LLC","25V390000",0,1,0,,"12/06/2025","SERVICE BRAKES, HYDRAULIC:BRAKE FLUID LOW WARNING:SWITCH/SENSOR/FLOAT","General Motors (GM) is recalling certain 2019-2024 Chevrolet Silverado Medium Duty 4500HD, 5500HD, and 6500HD vehicles. The brake pressure sensor assembly may leak brake fluid into the brake pressure switch and cause a short circuit.","An electrical short in the brake pressure switch can overheat the circuit and increase the risk of a fire while driving or parked.","Owners are advised to park outside and away from structures until the recall repair is complete. Dealers will replace the brake pressure switch wire harness, free of charge. Owner notification letters were mailed September 11, 2025. Owners may contact GM customer assistance number at 1-866-467-9700. GM's number for this recall is N242482680.  Vehicles in this recall that were previously repaired under 23V266 will need to have the new remedy completed.",,"2024","CHEVROLET","SILVERADO 6500"
"General Motors, LLC","23V786000",0,0,0,,"22/11/2023","SEAT BELTS:FRONT:ANCHORAGE","General Motors, LLC (GM) is recalling certain 2023-2024 GMC Hummer EV pick up, 2024 GMC Hummer EV SUV, and 2024 Chevrolet Silverado EV vehicles.  The left or right front seat belt buckle attachment bolts may not be tightened properly.","An improperly tightened seat belt buckle may not restrain an occupant as intended, increasing the risk of injury during a crash.","Dealers will tighten the left and right front seat belt buckle attachment bolts, free of charge.  Owner notification letters were mailed December 21, 2023.  Owners may contact GMC customer service at 1-833-EVCHEVY (1-833-382-4389) (TTY 711 / 1-800-833-2438) /1-833-HUMMER-EV (1-833-486-6373) (TTY 711 / 1-800-833-2438).  GM's number for this recall is N232419280.","Owners may also contact the National Highway Traffic Safety Administration Vehicle Safety Hotline at 1-888-327-4236 (TTY 1-800-424-9153), or go to www.nhtsa.gov.","2024","CHEVROLET","SILVERADO EV"
"General Motors, LLC","24V087000",0,0,0,,"08/02/2024","SEAT BELTS:REAR/OTHER","General Motors (GM) is recalling certain 2024 Chevrolet Silverado EV vehicles.  An incorrect seat belt bezel on the second-row center seat belt may damage or tear the seat belt in the event of a crash.","A torn or damaged seat belt may not properly restrain an occupant in a crash, increasing the risk of injury.","Do not allow passengers to sit in the second-row center seat until remedied.  Dealers will replace the second-row center seat belt bezel, free of charge.  Owner notification letters were mailed March 13, 2024.  Owners may contact Chevrolet customer service at 1-800-222-1020.  GM's number for this recall is N242430730.","Owners may also contact the National Highway Traffic Safety Administration Vehicle Safety Hotline at 1-888-327-4236 (TTY 1-800-424-9153), or go to www.safercar.gov.","2024","CHEVROLET","SILVERADO EV"
"General Motors, LLC","24V320000",0,0,0,,"09/05/2024","ELECTRICAL SYSTEM:WIRING","General Motors, LLC (GM) is recalling certain 2024 Cadillac Lyriq, Chevrolet Blazer EV, Chevrolet Silverado EV, GMC Hummer EV SUV, and GMC Sierra EV vehicles.  The electric motors in the rear drive units may have insufficiently insulated wires that can contact each other, resulting in a loss of drive power.","A loss of drive power increases the risk of a crash.","Dealers will replace the rear drive unit, free of charge.  Owner notification letters were mailed May 16, 2024.  Owners may contact Chevrolet customer service at 1-800-222-1020; Cadillac customer service at 1-800-458-8006; Hummer customer service at 1-800-732-5493; or GMC customer service at 1-800-462-8782.  GM's number for this recall is N242447080.","Owners may also contact the National Highway Traffic Safety Administration Vehicle Safety Hotline at 1-888-327-4236 (TTY 1-800-424-9153), or go to www.nhtsa.gov.","2024","CHEVROLET","SILVERADO EV"
"General Motors, LLC","25V015000",0,0,0,,"16/01/2025","SEAT BELTS:REAR/OTHER:ANCHORAGE","General Motors, LLC (GM) is recalling certain 2024 Chevrolet Silverado EV and 2024-2025 GMC Sierra EV pickup trucks.  The bolt that secures the rear center seat belt assembly to the seat structure may not have been properly tightened.","An improperly secured seat belt assembly may not restrain an occupant as intended, increasing the risk of injury in a crash.","GM will tighten the bolt that attaches the center seat belt assembly to the rear seat structure, free of charge.  All affected vehicles are still in dealer inventory and, therefore, no owner letters will be mailed.  Owners may contact GM customer service at 1-888-988-7267, or Chevrolet customer service at 1-800-222-1020.  GM's number for this recall is N242489901.","Owners may also contact the National Highway Traffic Safety Administration Vehicle Safety Hotline at 1-888-327-4236 (TTY 1-800-424-9153) or go to nhtsa.gov.","2024","CHEVROLET","SILVERADO EV"
"General Motors, LLC","25V274000",0,0,0,"PE25001","24/04/2025","ENGINE AND ENGINE COOLING:ENGINE:HARD PARTS INTERNAL/MECHANICAL","General Motors LLC (GM) is recalling certain 2021-2024 Cadillac Escalade and Escalade ESV, Chevrolet Silverado 1500, Suburban, and Tahoe, GMC Sierra 1500, Yukon, and Yukon XL vehicles equipped with a 6.2L V8 gas engine.  The connecting rod and/or crankshaft engine components may have manufacturing defects that can lead to engine damage and engine failure.","Engine failure increases the risk of a crash.","Dealers will inspect the engine, and as necessary, repair or replace the engine.  For vehicles that pass inspection, dealers will add higher viscosity oil, install 6 oil fill cap, replace the oil filter, and update the owner's manual.  Repairs will be performed free of charge.  Owner notification letters were mailed June 18, 2025.  Owners may contact Cadillac customer service at 1-800-333-4223, Chevrolet customer service at 1-800-222-1020, or GMC customer service at 1-800-462-8782.  GM's number for this recall is N252494000.","Owners may also contact the National Highway Traffic Safety Administration Vehicle Safety Hotline at 1-888-327-4236 (TTY 1-888-275-9171) or go to www.nhtsa.gov.","2024","CHEVROLET","SUBURBAN"
"General Motors, LLC","24V674000",0,0,1,,"12/09/2024","SERVICE BRAKES, HYDRAULIC:BRAKE FLUID LOW WARNING: LAMP","General Motors, LLC (GM) is recalling certain 2023 Chevrolet Silverado 1500, GMC Sierra 1500, 2023-2024 Chevrolet Tahoe, Suburban, GMC Yukon, Yukon XL, Cadillac Escalade, and Escalade ESV vehicles.  The electronic brake control module software may fail to display a warning light when a loss of brake fluid occurs.  As such, these vehicles fail to comply with the requirements of Federal Vehicle Safety Standard number 135, ""Light Vehicle Brake Systems.""","Without a warning light, the vehicle may be driven with low brake fluid, which can reduce braking performance and increase the risk of a crash.","The Electronic Brake Control Module (eBCM) software will be updated through an over-the-air (OTA) update or by a dealer, free of charge.  Owner notification letters were mailed October 25, 2024.  Owners can contact GMC customer service at 1-800-462-8782, Chevrolet customer service at 1-800-222-1020, or Cadillac customer service at 1-800-458-8006.  GM's number for this recall is N242447990.","Owners may also contact the National Highway Traffic Safety Administration Vehicle Safety Hotline at 1-888-327-4236 (TTY 1-800-424-9153), or go to www.nhtsa.gov.","2024","CHEVROLET","TAHOE"
"General Motors, LLC","25V274000",0,0,0,"PE25001","24/04/2025","ENGINE AND ENGINE COOLING:ENGINE:HARD PARTS INTERNAL/MECHANICAL","General Motors LLC (GM) is recalling certain 2021-2024 Cadillac Escalade and Escalade ESV, Chevrolet Silverado 1500, Suburban, and Tahoe, GMC Sierra 1500, Yukon, and Yukon XL vehicles equipped with a 6.2L V8 gas engine.  The connecting rod and/or crankshaft engine components may have manufacturing defects that can lead to engine damage and engine failure.","Engine failure increases the risk of a crash.","Dealers will inspect the engine, and as necessary, repair or replace the engine.  For vehicles that pass inspection, dealers will add higher viscosity oil, install 6 oil fill cap, replace the oil filter, and update the owner's manual.  Repairs will be performed free of charge.  Owner notification letters were mailed June 18, 2025.  Owners may contact Cadillac customer service at 1-800-333-4223, Chevrolet customer service at 1-800-222-1020, or GMC customer service at 1-800-462-8782.  GM's number for this recall is N252494000.","Owners may also contact the National Highway Traffic Safety Administration Vehicle Safety Hotline at 1-888-327-4236 (TTY 1-888-275-9171) or go to www.nhtsa.gov.","2024","CHEVROLET","TAHOE"
"General Motors, LLC","25V619000",0,0,0,,"18/09/2025","FUEL SYSTEM, DIESEL:STORAGE:TANK ASSEMBLY","General Motors, LLC (GM) is recalling certain 2021 Cadillac Escalade, 2021, 2023-2024 Chevrolet Tahoe, and 2022 and 2024 GMC Yukon vehicles equipped with a 6-cylinder diesel engine. The original fuel tank may have been replaced with an incorrect fuel tank, which can allow fuel to leak in a rollover crash.","A fuel leak in the presence of an ignition source increases the risk of a vehicle fire.","Dealers will inspect for the correct fuel tank and replace it, if necessary, free of charge. Owner notification letters were mailed November 5, 2025. Owners may contact Cadillac customer service at 1-800-333-4223, Chevrolet customer service at 1-800-222-1020, or GMC customer service at 1-800-462-8782.  GM's number for this recall is N252512770. Vehicle Identification Numbers (VINs) involved in this recall became searchable on NHTSA.gov on September 18, 2025.",,"2024","CHEVROLET","TAHOE"
"General Motors, LLC","23V744000",0,0,1,,"06/11/2023","ELECTRICAL SYSTEM: INSTRUMENT CLUSTER/PANEL","General Motors, LLC (GM) is recalling certain 2024 Buick Encore GX, Envista, and Chevrolet Trax vehicles.  The software in the Virtual Cockpit Unit Module (VCU) may cause the instrument panel display to intermittently go blank at vehicle startup or while driving.","A blank instrument panel will not show critical information, such as vehicle speed and warning lights, increasing the risk of a crash.","The VCU software will be updated by a dealer or through an over-the-air (OTA) update, free of charge.  Owner notification letters were mailed December 4, 2023.  Owners may contact Buick customer service at 1-800-521-7300 or Chevrolet customer service at 1-800-222-1020.  GM's number for this recall is A232424320.","Owners may also contact the National Highway Traffic Safety Administration Vehicle Safety Hotline at 1-888-327-4236 (TTY 1-800-424-9153), or go to www.nhtsa.gov.","2024","CHEVROLET","TRAX"
"Chrysler (FCA US, LLC) (Stellantis)","24V199000",0,0,0,,"14/03/2024","AIR BAGS:FRONTAL:DRIVER CLOCKSPRING/SPIRAL CASSETTE","Chrysler (FCA US, LLC) (Stellantis) is recalling certain 2023-2024 Ram 1500, Jeep Wrangler, Jeep Wagoneer, Jeep Grand Wagoneer, Chrysler Pacifica, Ram 3500, Ram 3500 cab chassis, Ram 2500, Ram 4500 cab chassis, Ram 5500 cab chassis, 2023 Jeep Gladiator, Jeep Grand Cherokee, Jeep Grand Cherokee L, Ram 3500 Cab Chassis with a GVWR less than 10,000 lbs., and Chrysler Voyager vehicles.  The steering column control module may not be welded properly, which can prevent the driver's air bag from deploying in a crash.  As such, these vehicles fail to comply with the requirements of Federal Motor Vehicle Safety Standard number 208, ""Occupant Crash Protection.""","An air bag that does not deploy in a crash can increase the risk of injury.","Dealers will inspect and replace the steering column control module, as necessary free of charge.  Some owner notification letters were mailed April 11, 2024 through June 20, 2024.  Owners may contact FCA US, LLC customer service at 1-800-853-1403.  FCA US, LLC's numbers for this recall are 14B, 33B, 34B, 35B, 36B.","Owners may also contact the National Highway Traffic Safety Administration Vehicle Safety Hotline at 1-888-327-4236 (TTY 1-800-424-9153), or go to www.nhtsa.gov.","2024","CHRYSLER","PACIFICA"
"Chrysler (FCA US, LLC) (Stellantis)","24V238000",0,0,0,,"28/03/2024","VISIBILITY:WINDSHIELD:CRITICAL FASTENERS","Chrysler (FCA US, LLC) is recalling certain 2024 Pacifica and Voyager vehicles.  The windshield may not have been properly bonded to the vehicle, allowing it to detach during a crash.  As such, these vehicles fail to comply with the requirements of Federal Motor Vehicle Safety Standard number 212, ""Windshield Mounting.""","A windshield that detaches from the vehicle during a crash can increase the risk of injury.","Dealers will replace the windshield, free of charge.  Owner notification letters were mailed April 30, 2024.  Owners may contact FCA customer service at 1-800-853-1403.  FCA's number for this recall is 25B.","Owners may also contact the National Highway Traffic Safety Administration Vehicle Safety Hotline at 1-888-327-4236 (TTY 1-800-424-9153), or go to www.nhtsa.gov.","2024","CHRYSLER","PACIFICA"
"Chrysler (FCA US, LLC) (Stellantis)","24V240000",0,0,0,,"28/03/2024","TRACTION CONTROL SYSTEM","Chrysler (FCA US, LLC) is recalling certain 2024 Pacifica and Voyager vehicles.  The traction control system (TCS) does not function when cruise control is activated.","An inactive traction control system can increase the risk of a crash.","Dealers will update the TCS software, free of charge.  Owner notification letters were mailed April 11, 2024.  Owners may contact FCA customer service at 1-800-853-1403.  FCA's number for this recall is 22B.","Owners may also contact the National Highway Traffic Safety Administration Vehicle Safety Hotline at 1-888-327-4236 (TTY 1-800-424-9153), or go to www.nhtsa.gov.","2024","CHRYSLER","PACIFICA"
"Braun Corporation","24V888000",0,0,0,,"25/11/2024","SEATS:BARRIERS","Braun Corporation (Braun) is recalling certain 2024 Chrysler Pacifica and Voyager vehicles.  The seat limiter may not have been installed, allowing the seat to move too far forward.  As such, these vehicles fail to comply with the requirements of Federal Motor Vehicle Safety Standard number 208, ""Occupant Crash Protection.""","A seat positioned too close to the air bag can increase the risk of injury during a crash.","Dealers will inspect and install a seat limiter as necessary, free of charge.  Owner notification letters were mailed December 17, 2024.  Owners may contact Braun customer service at 1-800-488-0359.","Owners may also contact the National Highway Traffic Safety Administration Vehicle Safety Hotline at 1-888-327-4236 (TTY 1-800-424-9153) or go to nhtsa.gov.","2024","CHRYSLER","PACIFICA"
"Chrysler (FCA US, LLC)","25V302000",0,0,0,,"08/05/2025","AIR BAGS:SIDE/WINDOW:CURTAIN","Chrysler (FCA US, LLC) is recalling certain 2022-2025 Pacifica and Voyager vehicles. The right and left side curtain air bags may have insufficient pressure retention from improperly sealed seams. As such, these vehicles fail to comply with the requirements of Federal Motor Vehicle Safety Standard (FMVSS) number 226, ""Ejection Mitigation.""","An air bag with insufficient pressure retention increases the risk of ejection and injury during a crash.","Dealers will replace the side curtain air bags, as necessary free of charge. Owner notification letters were mailed beginning October 14, 2025. Owners may contact Chrysler customer service at 800-853-1403. Chrysler's numbers for this recall are 06C, 54C, 55C. This recall is replaced by NHTSA recall number 26V189. Vehicles already repaired under this recall will need to have the new remedy completed.",,"2024","CHRYSLER","PACIFICA"
"Chrysler (FCA US, LLC)","25V471000",0,0,0,,"17/07/2025","EQUIPMENT:APPLIANCE:TV/RADIO/SPEAKERS","Chrysler (FCA US, LLC) is recalling certain 2024-2025 Chrysler Pacifica vehicles. The vehicles were built with an incorrect radio, which can cause the rearview camera image not to display. As such, these vehicles fail to comply with the requirements of Federal Motor Vehicle Safety Standard (FMVSS) number 111, ""Rear Visibility.""","A rearview image that does not display reduces the driver's view of what is behind the vehicle, increasing the risk of a crash.","Dealers replaced the radio, free of charge.  All affected vehicles have been repaired.  Owner notification letters were mailed August 7, 2025.  Owners may contact Chrysler customer service at 800-853-1403.  Chrysler's number for this recall is 57C.",,"2024","CHRYSLER","PACIFICA"
"Rollx Vans","25V876000",0,0,0,,"17/12/2025","EQUIPMENT ADAPTIVE/MOBILITY:WHEELCHAIR RESTRAINTS/SECUREMENT:LATCH/ANCHOR:","Rollx Vans (Rollx) is recalling certain GMC Yukon, Sierra, Chevrolet Express 2500, Ford Transit, E-250, Toyota Sienna, Sienna Hybrid, Honda Odyssey, Chrysler Town and Country, Voyager, Pacifica, Dodge Grand Caravan, and Ram Promaster vehicles equipped with QRT-Deluxe and QRT-Max wheelchair restraints. Please refer to Rollx's recall report for specific model year information. The retractors may not lock, preventing the wheelchair from being properly secured.","An unsecured wheelchair can move during transit, increasing the risk of injury.","Rollx will work with Q'Straint to inspect and replace the retractors as necessary, free of charge. Owner notification letters were mailed February 5, 2026. Owners may contact Rollx's customer service at 1-800-956-6668.",,"2024","CHRYSLER","PACIFICA"
"Vantage Mobility","25V877000",0,0,0,,"17/12/2025","EQUIPMENT ADAPTIVE/MOBILITY:WHEELCHAIR RESTRAINTS/SECUREMENT:LATCH/ANCHOR:","Vantage Mobility, LLC (VM) is recalling certain 2021-2026 Honda Odyssey, 2021-2025 Chrysler Pacifica, and Toyota Sienna vehicles equipped with QRT-Deluxe and QRT-Max wheelchair restraints. The retractors may not lock, preventing the wheelchair from being properly secured.","An unsecured wheelchair can move during transit, increasing the risk of injury.","Dealers will inspect and replace the retractors, free of charge. Owner notification letters was mailed January 27, 2026. Owners may contact Vantage Mobility customer service at 1-800-488-9082.",,"2024","CHRYSLER","PACIFICA"
"Chrysler (FCA US, LLC)","26V189000",0,0,0,,"26/03/2026","AIR BAGS:SIDE/WINDOW:CURTAIN","Chrysler (FCA US, LLC) is recalling certain 2022-2026 Pacifica and Voyager vehicles. The right and left side curtain air bags may have insufficient pressure retention from improperly sealed seams. As such, these vehicles fail to comply with the requirements of Federal Motor Vehicle Safety Standard (FMVSS) number 226, ""Ejection Mitigation.""","Air bags with insufficient pressure retention increase the risk of ejection and injury during a crash.","Dealers will replace the side curtain air bags, as necessary, free of charge. Owner notification letters were mailed May 14, 2026. Owners may contact Chrysler customer service at 800-853-1403. Chrysler's numbers for this recall are 06D, 10D, and 11D. Vehicle Identification Numbers (VINs) involved in this recall will be searchable on NHTSA.gov beginning April 2, 2026. This recall expands and replaces previous NHTSA recall numbers 25V302 and 25V573. Vehicles previously repaired under a prior recall will need to have the new remedy completed.",,"2024","CHRYSLER","PACIFICA"
"Braun Corporation","26V296000",0,0,0,,"11/05/2026","EQUIPMENT ADAPTIVE/MOBILITY:WHEELCHAIR RESTRAINTS/SECUREMENT:CRITICAL FASTENERS","Braun Corporation (Braun) is recalling certain 2023-2026 Chrysler Pacifica vehicles. The retractors may not lock, preventing the wheelchair from being properly secured.","An unsecured wheelchair can move during transit, increasing the risk of injury.","Braun will work with Q'Straint to inspect and replace the retractors as necessary, free of charge. Owner notification letters were mailed June 16, 2026. Owners may contact Braun's customer service at 1-800-488-0359 or Q'Straint's customer service at 1-800-987-9987.",,"2024","CHRYSLER","PACIFICA"
"Braun Corporation","26V358000",0,0,0,,"02/06/2026","AIR BAGS:FRONTAL","Braun Corporation (Braun) is recalling certain 2023-2026 Chrysler Pacifica and Voyager vehicles. The spring inside the front seat harness connector may contact electrical terminals.","The unintended connection may prevent the air bags from deploying, increasing the risk of injury during a crash.","Dealers will replace the spring, free of charge. Owner notification letters were mailed July 16, 2026. Owners may contact Braun's customer service at 1-800-488-0359.",,"2024","CHRYSLER","PACIFICA"
"Forest River, Inc.","24V094000",0,0,0,,"09/02/2024","TIRES","Forest River, Inc. (Forest River) is recalling certain 2024 Coachmen Catalina and Forest River Aurora travel trailers.  The tire may contact the slide adjustment bolt and puncture the tire.","A punctured tire can cause a loss of vehicle control, increasing the risk of a crash.","Dealers will replace the slide adjustment bolt and install a shackle kit, free of charge.  Owner notification letters were mailed February 19, 2024.  Owners may contact Forest River customer service at 1-574-825-4995.  Forest River's number for this recall is 205-1735.","Owners may also contact the National Highway Traffic Safety Administration Vehicle Safety Hotline at 1-888-327-4236 (TTY 1-800-424-9153), or go to www.safercar.gov.","2024","COACHMEN","CATALINA"
"Forest River, Inc.","24V254000",0,0,0,,"05/04/2024","ELECTRICAL SYSTEM:WIRING","Forest River, Inc. (Forest River) is recalling certain 2024 Aurora and Coachmen Catalina Travel Trailers.  Improper routing may leave the distribution panel wire unprotected from the battery.","An unprotected wire increases the risk of a fire.","Dealers will reroute the distribution panel wire to the breaker side of the mini breaker, free of charge.  Owner notification letters were mailed April 26, 2024.  Owners may contact Forest River Customer Service at 1-574-825-4995.  Forest River's number for this recall is 203-1757.","Owners may also contact the National Highway Traffic Safety Administration Vehicle Safety Hotline at 1-888-327-4236 (TTY 1-800-424-9153), or go to www.nhtsa.gov.","2024","COACHMEN","CATALINA"
"Forest River, Inc.","24V280000",0,0,0,,"19/04/2024","EQUIPMENT:APPLIANCE:OVEN/STOVE/COOKTOP","Forest River, Inc. (Forest River) is recalling certain 2024 Coachmen Catalina BCAT154RDX and Forest River Aurora BART15RDX travel trailers.  The panel that isolates the cooktop from the furnace was not properly sealed during manufacturing, which could result in an inverted cooktop flame.","A inverted cooktop flame increases the risk of a fire.","Dealers will seal the furnace from the cooktop, free of charge.  Owner notification letters were mailed May 1, 2024.  Owners may contact Forest River Customer Service at 1-574-825-4995.  Forest River's number for this recall is 203-1766.","Owners may also contact the National Highway Traffic Safety Administration Vehicle Safety Hotline at 1-888-327-4236 (TTY 1-800-424-9153), or go to www.nhtsa.gov.","2024","COACHMEN","CATALINA"
"Forest River, Inc.","25V111000",0,0,0,,"21/02/2025","EQUIPMENT:OTHER:LABELS","Forest River, Inc. (Forest River) is recalling certain 2017-2025 Coachmen Catalina, 2020-2025 Aurora, and 2025 Puma travel trailers.  The Gross Vehicle Weight Rating (GVWR) on the Federal placard may exceed the safety chain rating.  As such, these vehicles fail to comply with the requirements of Federal Motor Vehicle Safety Standard (FMVSS) numbers 110, ""Tire Selection and Rims"" and 120, ""Wheels and Rims - Other Than Passenger Cars.""","An incorrect weight rating may lead to unintentionally overloading the vehicle, increasing the risk of a crash.","Forest River will mail owners a corrected Federal Placard with application instructions, free of charge.  Owner notification letters were mailed March 24, 2025.  Owners may contact Forest River customer service at 5745-825-4995, and Puma customer service at 1-574-642-0588.  Forest River's number for this recall is 51-1895.","Owners may also contact the National Highway Traffic Safety Administration Vehicle Safety Hotline at 888-327-4236 (TTY 888-275-9171) or go to nhtsa.gov.","2024","COACHMEN","CATALINA"
"Forest River, Inc.","25V245000",0,0,0,,"14/04/2025","STRUCTURE:BODY:STEP/LADDER","Forest River, Inc. (Forest River) is recalling certain 2024-2025 Coachmen Catalina, Forest River Aurora, Cascade, Cedar Creek, Cherokee, Sandpiper, Sierra, 2025 Campsite Reserve, Impression, Pause, Puma, Sabre, Salem, Vengeance, and Wildwood fifth wheel and travel trailers, equipped with a removable step assembly.  The clip-on bracket mounting bolts may come loose, allowing the steps to detach.","Steps that detach while in use increase the risk of injury.","Dealers will inspect and repair or replace the clip-on bracket as necessary, free of charge.  Owner notification letters were mailed April 28, 2025.  Owners may contact customer service at Aurora & Catalina (1-574-825-4995), Campsite Reserve, Cascade, Cherokee, Sabre, Vengeance (1-260-499-2100), Cedar Creek (1-260-593-4000), Impression (1-574-327-2716), Pause (1-574-327-2681), Puma (1-574-642-0588), Sierra & Sandpiper (1-574-534-4574), and Salem & Wildwood (1-574-534-3167).  Forest River's number for this recall is 51-1915.","Owners may also contact the National Highway Traffic Safety Administration Vehicle Safety Hotline at 1-888-327-4236 (TTY 1- 888-275-9171), or go to www.safercar.gov.","2024","COACHMEN","CATALINA"
"Forest River, Inc.","25V264000",0,0,0,,"18/04/2025","ELECTRICAL SYSTEM:WIRING","Forest River, Inc. (Forest River) is recalling certain 2024-2025 Forest River Aurora and Coachmen Catalina travel trailers.  Please see the 573 report for the complete list of model numbers.  The front exterior accent lights, awning, and auto-leveling system may be incorrectly wired and not have proper over current circuit protection.","Wiring without circuit protection may become damaged and short circuit, increasing the risk of a fire.","Dealers will add circuit protection to the accent lights, awning, and auto leveling system, free of charge.  Owner notification letters were mailed April 29, 2025.  Owners may contact Forest River customer service at 1-574-825-4995.  Forest River's number for this recall is 300-1922.","Owners may also contact the National Highway Traffic Safety Administration Vehicle Safety Hotline at 1-888-327-4236 (TTY 1- 888-275-9171), or go to www.safercar.gov.","2024","COACHMEN","CATALINA"
"Delco Trailers LLC","24V492000",0,0,0,,"28/06/2024","LATCHES/LOCKS/LINKAGES:DOORS:LATCH","Delco Trailers LLC (Delco) is recalling all 2019-2024 Bumper Horse trailers.  These trailers were manufactured without a secondary latch on the inside gate, which can result in an unlatched gate that can swing open.","A gate that does not latch or swings open increases the risk of injury or crash.","Dealers will install a secondary latch, free of charge.  Owner notification letters were mailed August 19, 2024.  Owners may contact Delco's customer service at 1-903-739-9400.","Owners may also contact the National Highway Traffic Safety Administration Vehicle Safety Hotline at 1-888-327-4236 (TTY 1-800-424-9153), or go to www.nhtsa.gov.","2024","DELCO TRAILERS","BUMPER HORSE"
"Chrysler (FCA US, LLC)","25V389000",0,0,0,,"12/06/2025","BACK OVER PREVENTION:WARNINGS:EXTERNAL/PEDESTRIAN ALERT","Chrysler (FCA US, LLC) is recalling certain 2024-2025 Dodge Charger vehicles. The amplifier may be missing software, which can prevent the amplifier from emitting exterior sound, including pedestrian warnings. As such, these vehicles fail to comply with the requirements of Federal Motor Vehicle Safety Standard number 141, ""Minimum Sound Requirements for Hybrid Electric Vehicles.""","A vehicle that does not emit sound may fail to alert pedestrians of a moving vehicle, increasing the risk of a crash or injury.","Dealers will inspect and update the amplifier software, as necessary free of charge. Owner notification letters were mailed June 26, 2025. Owners may contact Chrysler customer service at 800-853-1403. Chrysler's number for this recall is 44C.",,"2024","DODGE","CHARGER"
"Chrysler (FCA US, LLC)","25V574000",0,0,0,,"04/09/2025","POWER TRAIN:AUTOMATIC TRANSMISSION:INTERNAL:PARK PAWL","Chrysler (FCA US, LLC) is recalling certain 2024-2025 Dodge Charger and Jeep Wagoneer S electric vehicles. An incorrectly installed spring may cause the loss of the park function when the vehicle’s gear selector is placed in the park (P) position, which can result in a vehicle rollaway. As such, these vehicles fail to comply with the requirements of Federal Motor Vehicle Safety Standard (FMVSS) number 114, ""Theft Protection and Rollaway Prevention.""","A vehicle rollaway increases the risk of a crash.","Dealers will replace the electric drive module, free of charge. Owner notification letters were mailed September 25, 2025. Owners may contact Chrysler customer service at 800-853-1403. Chrysler's number for this recall is 63C. Vehicle Identification Numbers (VINs) involved in this recall will be searchable on NHTSA.gov beginning September 11, 2025.",,"2024","DODGE","CHARGER"
"Chrysler (FCA US, LLC)","26V262000",0,0,0,,"23/04/2026","ELECTRICAL SYSTEM: INSTRUMENT CLUSTER/PANEL","Chrysler (FCA US, LLC) is recalling certain 2024-2025 Jeep Wagoneer S and Dodge Charger electric vehicles. A software error may cause the instrument panel display to fail. As such, these vehicles fail to comply with the requirements of Federal Motor Vehicle Safety Standard numbers 108, ""Lamps, Reflective Devices, and Associated Equipment,"" 126, ""Electronic Stability Control Systems for Light Vehicles,"" 135, ""Light Vehicle Brake Systems,"" 138, ""Tire Pressure Monitoring System,"" and/or 208, ""Occupant Crash Protection.""","An instrument panel display that fails to show critical safety information, such as gear selection and warning lights, increases the risk of a crash.","Dealers will update the instrument panel software, free of charge. Owner notification letters were mailed May 14, 2026. Owners may contact FCA customer service at 1-800-853-1403. FCA's number for this recall is 39D. Vehicle Identification Numbers (VINs) involved in this recall will become searchable on NHTSA.gov beginning April 30, 2026.",,"2024","DODGE","CHARGER EV"
"Chrysler (FCA US, LLC)","25V389000",0,0,0,,"12/06/2025","BACK OVER PREVENTION:WARNINGS:EXTERNAL/PEDESTRIAN ALERT","Chrysler (FCA US, LLC) is recalling certain 2024-2025 Dodge Charger vehicles. The amplifier may be missing software, which can prevent the amplifier from emitting exterior sound, including pedestrian warnings. As such, these vehicles fail to comply with the requirements of Federal Motor Vehicle Safety Standard number 141, ""Minimum Sound Requirements for Hybrid Electric Vehicles.""","A vehicle that does not emit sound may fail to alert pedestrians of a moving vehicle, increasing the risk of a crash or injury.","Dealers will inspect and update the amplifier software, as necessary free of charge. Owner notification letters were mailed June 26, 2025. Owners may contact Chrysler customer service at 800-853-1403. Chrysler's number for this recall is 44C.",,"2024","DODGE","CHARGER EV"
"Chrysler (FCA US, LLC)","25V574000",0,0,0,,"04/09/2025","POWER TRAIN:AUTOMATIC TRANSMISSION:INTERNAL:PARK PAWL","Chrysler (FCA US, LLC) is recalling certain 2024-2025 Dodge Charger and Jeep Wagoneer S electric vehicles. An incorrectly installed spring may cause the loss of the park function when the vehicle’s gear selector is placed in the park (P) position, which can result in a vehicle rollaway. As such, these vehicles fail to comply with the requirements of Federal Motor Vehicle Safety Standard (FMVSS) number 114, ""Theft Protection and Rollaway Prevention.""","A vehicle rollaway increases the risk of a crash.","Dealers will replace the electric drive module, free of charge. Owner notification letters were mailed September 25, 2025. Owners may contact Chrysler customer service at 800-853-1403. Chrysler's number for this recall is 63C. Vehicle Identification Numbers (VINs) involved in this recall will be searchable on NHTSA.gov beginning September 11, 2025.",,"2024","DODGE","CHARGER EV"
"Chrysler (FCA US, LLC)","23V623000",0,1,0,,"07/09/2023","ELECTRICAL SYSTEM:PROPULSION SYSTEM: CABLES:FASTENER/CONNECTOR","Chrysler (FCA US, LLC) is recalling certain 2023-2024 Alfa Romeo Tonale and 2023-2024 Dodge Hornet plug-in hybrid electric vehicles.  The 12-volt battery positive cable and/or high voltage connector cable may not be tightened properly, which can overheat the electrical connections and result in a fire while parked or driving.","A fire while parked or driving can increase the risk of injury.","Owners are advised to park outside and away from structures until the recall repair is complete.  Dealers will inspect and tighten the cable connections as necessary, free of charge.  Owner notification letters were mailed September 28, 2023.  Owners may contact FCA US, LLC customer service at 1-800-853-1403.  FCA US, LLC's number for this recall is 98A.","Owners may also contact the National Highway Traffic Safety Administration Vehicle Safety Hotline at 1-888-327-4236 (TTY 1-800-424-9153), or go to www.nhtsa.gov.","2024","DODGE","HORNET"
"Chrysler (FCA US, LLC)","23V696000",0,0,0,,"17/10/2023","BACK OVER PREVENTION:WARNINGS:EXTERNAL/PEDESTRIAN ALERT","Chrysler (FCA US, LLC) is recalling certain 2023-2024 Dodge Hornet and Alfa Romeo Tonale Plug-In Hybrid vehicles.  The pedestrian alert siren may be missing or disconnected and fail to alert pedestrians when the vehicle is in reverse.  As such, these vehicles fail to comply with the requirements of Federal Motor Vehicle Safety Standard number 141, ""Minimum Sound Requirements for Hybrid and Electric Vehicles.""","Failure to alert pedestrians when backing up increases the risk of injury.","Dealers will inspect the rear pedestrian siren connection and, if necessary, secure and/or replace the connector or siren, free of charge.  Owner notification letters were mailed November 14, 2023.  Owners may contact FCA US, LLC customer service at 1-800-853-1403.  Chrysler's number for this recall is B5A.","Owners may also contact the National Highway Traffic Safety Administration Vehicle Safety Hotline at 1-888-327-4236 (TTY 1-800-424-9153), or go to www.nhtsa.gov.","2024","DODGE","HORNET"
"Chrysler (FCA US, LLC) (Stellantis)","24V175000",0,0,0,,"05/03/2024","EQUIPMENT:OTHER:LABELS","Chrysler (FCA US, LLC) is recalling certain 2023-2024 Dodge Hornet and Alfa Romeo Tonale vehicles.  The maximum vehicle capacity weight value on the tire placard label is incorrect.  As such, these vehicles fail to comply with the requirements of Federal Motor Vehicle Safety Standard number 110, ""Tire Selection and Rims.""","A vehicle with an incorrect maximum capacity weight value may be overloaded, which can increase the risk of a crash.","Dealers will add an overlay label to the tire placard information, free of charge.  Owner notification letters were mailed March 28, 2024.  Owners may contact FCA US, LLC customer service at 1-800-853-1403.  FCA US, LLC's number for this recall is 28B.","Owners may also contact the National Highway Traffic Safety Administration Vehicle Safety Hotline at 1-888-327-4236 (TTY 1-800-424-9153), or go to www.nhtsa.gov.","2024","DODGE","HORNET"
"Chrysler (FCA US, LLC) (Stellantis)","24V209000",0,0,0,,"19/03/2024","EQUIPMENT:OTHER:LABELS","Chrysler (FCA US, LLC) is recalling certain 2024 Dodge Hornet and Alfa Romeo Tonale vehicles.  The manufacturer label is missing the tire rim and tire size information.  As such, these vehicles fail to comply with the requirements of Federal Motor Vehicle Safety Standard number 110, ""Tire Selection and Rims.""","Missing rim and tire size information could lead to an incorrect wheel being installed, increasing the risk of a crash.","Dealers will apply a corrected label, free of charge.  Owner notification letters were mailed April 4, 2024.  Owners may contact FCA customer service at 1-800-853-1403.  FCA's number for this recall is 32B.","Owners may also contact the National Highway Traffic Safety Administration Vehicle Safety Hotline at 1-888-327-4236 (TTY 1-800-424-9153), or go to www.nhtsa.gov.","2024","DODGE","HORNET"
"Chrysler (FCA US, LLC)","24V752000",0,0,0,,"09/10/2024","SERVICE BRAKES, HYDRAULIC:PEDALS AND LINKAGES","Chrysler (FCA US, LLC) is recalling certain 2024-2025 Dodge Hornet and Alfa Romeo Tonale vehicles.  The brake pedal may collapse and cause a loss of brake function.","A loss of brake function increases the risk of a crash.","Dealers will reinforce the brake pedal arm, free of charge.  Owner notification letters were mailed October 17, 2024.  Owners may contact FCA Customer Service at 1-800-853-1403.  FCA's number for this recall is B7B.","Owners may also contact the National Highway Traffic Safety Administration Vehicle Safety Hotline at 1-888-327-4236 (TTY 1-800-424-9153) or go to nhtsa.gov.","2024","DODGE","HORNET"
"Chrysler (FCA US, LLC)","25V246000",0,0,0,,"13/05/2025","BACK OVER PREVENTION: SENSING SYSTEM: CAMERA","Chrysler (FCA US, LLC) is recalling certain 2023-2025 Alfa Romeo Tonale and Dodge Hornet vehicles.  The display module may not show the rearview camera image.  As such, these vehicles fail to comply with the requirements of Federal Motor Vehicle Safety Standard (FMVSS) number 111, ""Rear Visibility.""","A rearview image that does not display reduces the driver's view of what is behind the vehicle, increasing the risk of a crash.","Dealers will update the software or replace the display as necessary free of charge.  Owner notification letters were mailed beginning May 13, 2025.  Owners may contact Chrysler customer service at 800-853-1403.  Chrysler's numbers for this recall are 13C and 38C.","Owners may also contact the National Highway Traffic Safety Administration Vehicle Safety Hotline at 888-327-4236 (TTY 888-275-9171) or go to nhtsa.gov.","2024","DODGE","HORNET"
"Forest River, Inc.","24V771000",0,0,0,,"08/11/2024","EQUIPMENT:APPLIANCE:AIR CONDITIONER","Forest River, Inc. (Forest River) is recalling certain 2024 Ahara, Entrada, 2022-2025 FR3, Georgetown, 2021-2023 Dynamax Isata, 2021-2025 Encore, Mirada, Pursuit, 2025 Sportscoach, V-Cruise, V-Sport, V-Tour, 2023 Sunseeker, and 2024-2025 V-RV motorhomes, equipped with General Electric air conditioners with a soft start device with part number ICM870-16A-BH5400.  The air conditioner soft start device may fail and overheat.","An air conditioner soft start device that overheats increases the risk of a fire.","Dealers will replace the soft start, free of charge.  Owner notification letters were mailed July 1, 2025.  Owners may contact Encore, Mirada, Pursuit and Sportscoach customer service at 1-574-825-8212, Isata customer service at 574-262-3474, Georgetown, FR3, and Sunseeker customer service at 574-206-7600, Ahara and Entrada customer service at 574-264-6664, and V-Cruise, V-RV, V-Sport, and V-Tour customer service at 574-617-6408.  Forest River's number for this recall is 51-1839.","Owners may also contact the National Highway Traffic Safety Administration Vehicle Safety Hotline at 1-888-327-4236 (TTY 1-800-424-9153) or go to nhtsa.gov.","2024","EAST TO WEST","ENTRADA"
"Forest River, Inc.","25V539000",0,0,0,,"22/08/2025","ELECTRICAL SYSTEM:WIRING","Forest River, Inc. (Forest River) is recalling certain 2024-2026 East to West Entrada recreational vehicles. Due to an incorrectly wired 7-way harness, the trailer brakes may lock up when the RV brakes are applied.","Trailer brake lockup increases the risk of a crash.","Dealers will disconnect, cap, and mark the power wire as a tracer, free of charge. Owner notification letters were mailed September 9, 2025. Owners may contact Forest River customer service at 1-574-264-6664. Forest River's number for this recall is 504-1968.",,"2024","EAST TO WEST","ENTRADA"
"Forest River, Inc.","23V648000",0,0,0,,"22/09/2023","STRUCTURE:BODY:STEP/LADDER","Forest River, Inc. (Forest River) is recalling certain 2024 East to West Tandara and Blackthorn fifth wheels.  The rear ladder may not be anchored properly in the rear wall, which can allow the ladder to detach.","A ladder that detaches can increase the risk of injury.","Dealers will install a new ladder that mounts to the roof, free of charge.  Owner notification letters were mailed October 16, 2023.  Owners may contact Forest River Customer Service at 1-574-264-6664.  Forest River's number for this recall is 500-1678.","Owners may also contact the National Highway Traffic Safety Administration Vehicle Safety Hotline at 1-888-327-4236 (TTY 1-800-424-9153), or go to www.nhtsa.gov.","2024","EAST TO WEST","TANDARA"
"Jayco, Inc.","24V158000",0,0,0,,"28/02/2024","POWER TRAIN:DRIVELINE:DRIVESHAFT","Jayco, Inc. (Jayco) is recalling certain 2024 Jayco Granite Ridge, Solstice, Entegra Coach Condor, Expanse, and Expanse LI motorhomes.  An inadequate amount of rear axle lubricant may cause rear axle tail bearing damage and seizure, which can result in wheel lock-up or driveshaft separation.","Wheel lock-up or driveshaft separation can result in a loss of drive power.  A disconnected driveshaft can also result in a roll away when the vehicle is in park without the parking brake applied.  Any of these scenarios can increase the risk of a crash.","Dealers will inspect the rear axle and replace the axle bearings or axle assembly as necessary, free of charge.  Owner notification letters were mailed April 1, 2024.  Owners may contact Jayco customer service at 1-800-283-8267.  Jayco's number for this recall is Ford 24V-102.","Owners may also contact the National Highway Traffic Safety Administration Vehicle Safety Hotline at 1-888-327-4236 (TTY 1-800-424-9153), or go to www.nhtsa.gov.","2024","ENTEGRA","CONDOR"
"Jayco, Inc.","25V145000",0,0,0,,"06/03/2025","EQUIPMENT:OTHER:LABELS","Jayco, Inc. (Jayco) is recalling certain 2024 Entegra Condor, Jayco Granite Ridge, 2025 Jayco Alante SE, Redhawk SE, and Entegra Odyssey SE motorhomes.  The Occupant and Cargo Carrying Capacity (OCCC) on the Federal label may be incorrect and allow the vehicle to be overloaded.  As such, these vehicles fail to comply with the requirements of Federal Motor Vehicle Safety Standard (FMVSS) number 120, ""Wheels and Rims - other than passenger cars.""","An overloaded vehicle increases the risk of a crash.","Jayco will mail new labels, free of charge.  Owner notification letters were mailed March 31, 2025.  Owners may contact Jayco customer service at 1-800-283-8267.  Jayco's number for this recall is 9903622.","Owners may also contact the National Highway Traffic Safety Administration Vehicle Safety Hotline at 1-888-327-4236 (TTY 1- 888-275-9171), or go to www.safercar.gov.","2024","ENTEGRA","CONDOR"
"Jayco, Inc.","23V325000",0,0,0,,"04/05/2023","FUEL SYSTEM, GASOLINE:DELIVERY:HOSES, LINES/PIPING, AND FITTINGS","Jayco, Inc. (Jayco) is recalling certain 2021-2024 Ethos, Expanse, Solstice, and Swift Class B recreational vehicles, equipped with certain Cummins Onan QG 2800i, and Onan QG 2800i EVAP generator sets.  The fuel hose between the inline fuel filter and the Injection Pump Module (IPM) may have inadequate clamp force, possibly resulting in a gasoline leak.","A gas leak in the presence of an ignition source may increase the risk of fire.","Dealers will inspect, and replace the fuel hose and clamp, as necessary, free of charge.  Owner notification letters were mailed June 15, 2023.  Owners may contact Jayco customer service at 1-800-283-8267.","Owners may also contact the National Highway Traffic Safety Administration Vehicle Safety Hotline at 1-888-327-4236 (TTY 1-800-424-9153), or go to www.nhtsa.gov.","2024","ENTEGRA","ETHOS"
"Jayco, Inc.","24V218000",0,0,0,,"21/03/2024","EQUIPMENT:RECREATIONAL VEHICLE/TRAILER:LPG SYSTEMS:TANK VALVE/GAUGE","Jayco, Inc. (Jayco) is recalling certain 2023-2024 Entegra Ethos, Expanse, Jayco Solstice, and Swift vehicle.  The liquid level remote fill gauge on the propane tank may leak when in the ""Open"" position.","A fuel leak in the presence of an ignition source increases the risk of a fire.","Dealers will inspect and replace the bleed valve as necessary, free of charge.  Owner notification letters were mailed April 25, 2024.  Owners may contact Jayco customer service at 1-800-283-8267.  Jayco's number for this recall is 9903604.","Owners may also contact the National Highway Traffic Safety Administration Vehicle Safety Hotline at 1-888-327-4236 (TTY 1-800-424-9153), or go to www.nhtsa.gov.","2024","ENTEGRA","ETHOS"
"Jayco, Inc.","24V641000",0,0,1,,"27/08/2024","BACK OVER PREVENTION: SENSING SYSTEM: CAMERA","Jayco Inc. (Jayco) is recalling certain 2023-2025 Entegra Ethos, Ethos LI, Arc, Jayco Swift, Swift LI, and Comet motorhomes.  The radio software may prevent the rearview image from displaying.  As such, these vehicles fail to comply with the requirements of Federal Motor Vehicle Safety Standard number 111, ""Rear Visibility.""","A rearview camera image that does not display decreases the driver's visibility, increasing the risk of a crash.","The radio software will be updated through an over-the-air (OTA) update or by a dealer, free of charge.  Owner notification letters are expected to be mailed September 27, 2024.  Owners may contact Jayco customer service at 1-800-283-8267 or FCA customer service at 1-800-853-1403.  Jayco's number for this recall is FCA 24V-436.","Owners may also contact the National Highway Traffic Safety Administration Vehicle Safety Hotline at 1-888-327-4236 (TTY 1-800-424-9153), or go to www.nhtsa.gov.","2024","ENTEGRA","ETHOS"
"Jayco, Inc.","24V762000",0,0,0,,"14/10/2024","EQUIPMENT:OTHER:LABELS","Jayco, Inc. (Jayco) is recalling certain 2021-2025 Entegra Ethos, Ethos LI, Jayco Swift and Swift LI vehicles.  The Tire and Loading Information Label incorrectly lists the tire load range.  As such, these vehicles fail to comply with the requirements of Federal Motor Vehicle Safety Standard number 110, ""Tire Selection and Rims.""","Incorrect tire and load range information could cause owners to select underrated replacement tires, increasing the risk of a crash.","Dealers will install a new corrected label, free of charge.  Owner notification letters were mailed November 19, 2024.  Owners may contact Jayco Customer Service at 800-283-8267.  Jayco's number for this recall is 9903614.","Owners may also contact the National Highway Traffic Safety Administration Vehicle Safety Hotline at 1-888-327-4236 (TTY 1-800-424-9153) or go to nhtsa.gov.","2024","ENTEGRA","ETHOS"
"Jayco, Inc.","23V318000",0,0,0,,"04/05/2023","SERVICE BRAKES, HYDRAULIC:FOUNDATION COMPONENTS:DISC:CALIPER","Jayco, Inc. (Jayco) is recalling certain 2023-2024 Entegra Emblem, Vision, Vision XL, Jayco Alante, Precept, and Precept Prestige motorhomes, built on Ford F-53 chassis.  The rear brake caliper attachment bolts may not be tightened correctly, which can allow the caliper to loosen and possibly damage the wheel or brake lines.","A damaged wheel can result in a loss of tire pressure.  A damaged brake line can cause a brake fluid leak and reduce brake performance.  Either condition increases the risk of a crash.","Jayco will notify owners, and Ford dealers will inspect and tighten the rear caliper bolts, as necessary, free of charge.  In addition, any damaged bolts will be replaced, free of charge.  Owner notification letters were mailed May 24, 2023.  Owners may contact Jayco customer service at 1-800-283-8267.","Owners may also contact the National Highway Traffic Safety Administration Vehicle Safety Hotline at 1-888-327-4236 (TTY 1-800-424-9153), or go to www.nhtsa.gov.","2024","ENTEGRA","VISION"
"Jayco, Inc.","23V771000",0,0,0,,"16/11/2023","ELECTRICAL SYSTEM: INSTRUMENT CLUSTER/PANEL","Jayco, Inc. (Jayco) is recalling certain 2023-2024 Entegra Emblem, Vision, Vision XL, Jayco Alante, Precept, and Precept Prestige motorhomes.  Corrosion in the Smart Data Link Connector (SDLC) may interfere with the Controller Area Network (CAN) communication, resulting in an inoperative instrument panel.  As such, these vehicles fail to comply with the requirements of Federal Motor Vehicle Safety Standard numbers 101, ""Control and Displays"" and 105, ""Hydraulic and Electric Brake Systems.""","An inoperative instrument panel cannot show critical safety information, such as the speedometer or warning lights, increasing the risk of a crash.","Ford dealers will install a wire harness connector, and inspect and replace the SDLC module, as necessary, free of charge.  Owner notification letters were mailed December 13, 2023.  Owners may contact Jayco customer service at 1-800-283-8267.","Owners may also contact the National Highway Traffic Safety Administration Vehicle Safety Hotline at 1-888-327-4236 (TTY 1-800-424-9153), or go to www.nhtsa.gov.","2024","ENTEGRA","VISION"
"Jayco, Inc.","26V411000",0,0,0,,"29/06/2026","EQUIPMENT:OTHER:LABELS","Jayco, Inc. (Jayco) is recalling certain 2024 Jayco Alante and Entegra Vision recreational vehicles.  The Occupant and Cargo Carrying Capacity (OCCC) label may list the incorrect weight. As such, these vehicles fail to comply with the requirements of Federal Motor Vehicle Safety Standard (FMVSS) Number 120, ""Wheels and Rims - other than passenger cars.""","Referencing incorrect weight information may lead to unintentionally overloading the vehicle, increasing the risk of a crash.","Jayco will mail new correct labels, free of charge. Owner notification letters were mailed July 1, 2026. Owners may contact Jayco customer service at 1-800-283-8267. Jayco's number for this recall is 9903658.",,"2024","ENTEGRA","VISION"
"Escape Trailer","24V624000",0,0,0,,"21/08/2024","EQUIPMENT:APPLIANCE:OVEN/STOVE/COOKTOP","Escape Trailer is recalling certain 2024 Escape 17, 19, 21, 23, and 5.0 travel trailers.  The LED backlight circuit board in the cooktop range may fail, causing the board to overheat.","A circuit board that overheats increases the risk of a fire.","Dealers will cut the circuit powering the LED backlights and terminate the wiring, or remove the LED backlights, free of charge.  Owner notification letters were mailed August 27, 2024.  Owners may contact Escape Trailer customer service at 1-604-703-1650.","Owners may also contact the National Highway Traffic Safety Administration Vehicle Safety Hotline at 1-888-327-4236 (TTY 1-800-424-9153), or go to www.safercar.gov.","2024","ESCAPE","ESCAPE 21"
"Chrysler (FCA US, LLC)","24V510000",0,0,0,,"03/07/2024","AIR BAGS:FRONTAL","Chrysler (FCA US, LLC) is recalling certain 2017-2024 Alfa Romeo Giulia, 2018-2025 Alfa Romeo Stelvio, 2019-2023 Fiat 500X, Jeep Renegade, and 2024 Fiat 500E vehicles.  A seat belt buckle switch sensor may be improperly connected, preventing the front seat air bag from deploying as intended.","A front seat air bag that does not deploy as intended can increase the risk of injury in a crash.","Dealers will repair the connection, free of charge.  Owner notification letters were mailed beginning August 27, 2024.  Owners may contact FCA US, LLC customer service at 1-800-853-1403.  FCA US, LLC's number for this recall is 82B.","Owners may also contact the National Highway Traffic Safety Administration Vehicle Safety Hotline at 1-888-327-4236 (TTY 1-800-424-9153), or go to www.nhtsa.gov.","2024","FIAT","500E"
"Chrysler (FCA US, LLC)","25V715000",0,0,0,,"21/10/2025","EXTERIOR LIGHTING:HEADLIGHTS","Chrysler (FCA US, LLC) is recalling certain 2024-2025 Fiat 500e Battery Electric (BEV) vehicles. The headlight horizontal aim adjustment is not covered as intended, which can result in improperly adjusted headlights. As such, these vehicles fail to comply with the requirements of Federal Motor Vehicle Safety Standard number 108, ""Lamps, Reflective Devices, and Associated Equipment.""","Improperly adjusted headlights can reduce driver visibility or create a glare for oncoming traffic, increasing the risk of a crash.","Dealers will install headlight adjustment plugs. Owner notification letters were mailed December 10, 2025. Owners may contact Chrysler customer service at 800-853-1403. Chrysler's number for this recall is A4C. Vehicle Identification Numbers (VINs) involved in this recall will be searchable on NHTSA.gov beginning October 28, 2025.",,"2024","FIAT","500E"
"REV Recreation Group","24V607000",0,0,0,,"13/08/2024","STRUCTURE","REV Recreation Group (REV) is recalling certain 2019-2025 Holiday Rambler Admiral, 2018 Holiday Rambler Admiral XE, Fleetwood Storm, 2023-2025 Holiday Rambler Eclipse, Fleetwood Flex, 2018-2025 Fleetwood Flair, 2020-2024 Fleetwood Fortis, 2020-2025 Holiday Rambler Invicta, 2018-2023 Fleetwood Pace Arrow, and 2018-2019 Holiday Rambler Vacationer XE motorhomes, equipped with the HappiJac drop down bed option.  The front overhead cabinet fasteners can break, allowing the overhead cabinet to detach.","A cabinet that detaches while the vehicle is in motion can distract the driver, increasing the risk of a crash.","Dealers will inspect and install new hardware and fasteners as necessary, free of charge.  Owner notification letters were mailed October 7, 2024.  Owners may contact REV customer service at 1-800-509-3417.  REV's number for this recall is 240809REV.","Owners may also contact the National Highway Traffic Safety Administration Vehicle Safety Hotline at 1-888-327-4236 (TTY 1-800-424-9153), or go to www.nhtsa.gov.","2024","FLEETWOOD","FLAIR"
"REV Recreation Group","24V610000",0,0,0,,"14/08/2024","EQUIPMENT:RECREATIONAL VEHICLE/TRAILER:120/240 VAC ELECTRICAL SYSTEM:GFCI/AFCI","REV Recreation Group (REV) is recalling certain 2019-2025 Holiday Rambler Admiral, 2023-2025 Holiday Rambler Eclipse, Fleetwood Flex, and 2019-2024 Fleetwood Flair motorhomes.  The exterior patio outlet may lack GFCI protection when powered by the generator or shore cord.","An outlet without GFCI protection may fail to shut off electrical power when a ground-fault occurs, increasing the risk of injury.","Dealers will install GFCI protection device prior to the inverter transfer switch, free of charge.  Owner notification letters were mailed October 11, 2024.  Owners may contact REV customer service at 1-800-509-3417.  REV's number for this recall is 240812REV.","Owners may also contact the National Highway Traffic Safety Administration Vehicle Safety Hotline at 1-888-327-4236 (TTY 1-800-424-9153), or go to www.nhtsa.gov.","2024","FLEETWOOD","FLAIR"
"REV Recreation Group","25V121000",0,0,0,,"27/02/2025","ENGINE AND ENGINE COOLING:EXHAUST SYSTEM","REV Recreation Group (REV) is recalling certain 2022-2025 Fleetwood Bounder, Flair, Fortis, Holiday Rambler Admiral, Invicta, Vacationer, 2023-2025 Fleetwood Flex, Holiday Rambler Eclipse, and 2022-2023 Fleetwood Southwind motorhomes.  The engine exhaust tip may detach, allowing exhaust fumes to enter the cabin.","Exhaust fumes inside the cabin increases the risk of injury or death from carbon monoxide poisoning.  In addition, a detached exhaust tip can become a road hazard for other road users, increasing the risk of a crash.","Dealers will install a clamp to the exhaust tip, free of charge.  Owner notification letters are expected to be mailed April 26, 2025.  Owners may contact REV customer service at 1-800-509-3417.  REV's number for this recall is 250221REV.","Owners may also contact the National Highway Traffic Safety Administration Vehicle Safety Hotline at 1-888-327-4236 (TTY 1-888-275-9171), or go to www.safercar.gov.","2024","FLEETWOOD","FLAIR"
"Ford Motor Company","24V142000",0,0,0,,"23/02/2024","VISIBILITY:GLASS, SIDE/REAR","Ford Motor Company (Ford) is recalling certain 2023-2024 Bronco and Bronco Heritage vehicles.  The rear quarter glass panels may have been improperly installed to the vehicle hard top, which can allow them to detach.","Detached rear glass panels may create a road hazard and increase the risk of a crash.","Dealers will inspect and reinstall the rear glass panels on Bronco vehicles.  On Bronco Heritage vehicles, dealers will replace the rear left-hand removable quarter glass panel.  Repairs will be performed free of charge.  Bronco owner notification letters were mailed June 6, 2024.  Bronco Heritage owner letters were mailed June 12, 2024. Owners may contact Ford customer service at 1-866-436-7332.  Ford's number for this recall is 24S10.","Owners may also contact the National Highway Traffic Safety Administration Vehicle Safety Hotline at 1-888-327-4236 (TTY 1-800-424-9153), or go to www.nhtsa.gov.","2024","FORD","BRONCO"
"Ford Motor Company","24V189000",0,0,0,,"08/03/2024","LATCHES/LOCKS/LINKAGES:DOORS:LOCK","Ford Motor Company (Ford) is recalling certain 2023-2024 Bronco 4-door vehicles.  The left-side rear door may be opened from the inside of the vehicle when the child safety lock is in the ""ON"" position.","A malfunctioning child safety lock that allows a rear door to be opened unintentionally can increase the risk of injury.","Dealers will inspect the child safety locks and replace the rear door latch, as necessary, free of charge.  Owner notification letters were mailed April 9, 2024.  Owners may contact Ford customer service at 1-866-436-7332.  Ford's number for this recall is 24S15.","Owners may also contact the National Highway Traffic Safety Administration Vehicle Safety Hotline at 1-888-327-4236 (TTY 1-800-424-9153), or go to www.nhtsa.gov.","2024","FORD","BRONCO"
"Ford Motor Company","24V770000",0,0,0,,"16/10/2024","SUSPENSION:FRONT:CONTROL ARM:UPPER BALL JOINT","Ford Motor Company (Ford) is recalling certain 2024 Ranger, and 2024-2025 Bronco vehicles.  The front upper control arm ball joint nut may not have been installed or tightened properly, allowing the front upper control arm to detach from the knuckle assembly.","A detached control arm can cause a loss of vehicle steering and control, increasing the risk of a crash.","Dealers will inspect and verify that the ball joint fastener is tightened properly.  If a fastener is loose or missing, the dealer will replace the ball joint and knuckle assembly as necessary, free of charge.  Owner notification letters were mailed on November 20, 2024.  Owners may contact Ford Customer Service at 1-866-436-7332.  Ford's number for this recall is 24S64.","Owners may also contact the National Highway Traffic Safety Administration Vehicle Safety Hotline at 1-888-327-4236 (TTY 1-800-424-9153) or go to nhtsa.gov.","2024","FORD","BRONCO"
"Ford Motor Company","25V025000",0,0,0,,"17/01/2025","SUSPENSION:REAR:SHOCK ABSORBER","Ford Motor Company (Ford) is recalling certain 2021-2024 Bronco vehicles.  The rear shock absorbers may corrode and fail, resulting in detachment of the external reservoir.","An external reservoir that detaches from a vehicle can create a road hazard, increasing the risk of a crash.","Dealers will replace the rear shock absorbers, as necessary free of charge. Owner notification letters were mailed August 15, 2025. Owners may contact Ford customer service at 1-866-436-7332.  Ford's number for this recall is 25S01.","Owners may also contact the National Highway Traffic Safety Administration Vehicle Safety Hotline at 1-888-327-4236 (TTY 1-800-424-9153) or go to nhtsa.gov.","2024","FORD","BRONCO"
"Ford Motor Company","25V164000",0,0,0,,"14/03/2025","POWER TRAIN:AUTOMATIC TRANSMISSION:FLUID/LUBRICANT:VALVES/VALVE BODY","Ford Motor Company (Ford) is recalling certain 2024-2025 F-150, Bronco, 2024 Ranger, 2025 Mustang, Explorer, and Aviator vehicles.  The transmission valve body may have been machined incorrectly, which can cause reverse gear failure, or unexpected forward movement in reverse or neutral gear.","Unexpected vehicle movement increases the risk of a crash.","Dealers will replace the transmission main control valve body, free of charge.  Owner notification letters were mailed April 11, 2025.  Owners may contact Ford customer service at 1-866-436-7332.  Ford's number for this recall is 25S19.","Owners may also contact the National Highway Traffic Safety Administration Vehicle Safety Hotline at 888-327-4236 (TTY 888-275-9171) or go to nhtsa.gov.","2024","FORD","BRONCO"
"Ford Motor Company","25V308000",1,0,0,,"09/05/2025","SUSPENSION:FRONT:CONTROL ARM:LOWER ARM","Ford Motor Company (Ford) is recalling certain 2024-2025 Bronco vehicles.  The front lower control arm fasteners may not have been tightened properly, allowing the control arm to detach from the frame.","A detached control arm can cause a loss of vehicle steering and control, increasing the risk of a crash.","Owners are advised not to drive their vehicles until they have been repaired.  Dealers will inspect and verify that the lower control arm fasteners are tightened properly.  If a fastener is loose or missing, the dealer will replace the fastener.  Repairs will be performed free of charge.  Owner notification letters were mailed June 3, 2025.  Owners may contact Ford customer service at 1-866-436-7332.  Ford's number for this recall is 25S48.","Owners may also contact the National Highway Traffic Safety Administration Vehicle Safety Hotline at 888-327-4236 (TTY 888-275-9171) or go to nhtsa.gov.","2024","FORD","BRONCO"
"Ford Motor Company","25V303000",0,0,0,,"09/05/2025","LATCHES/LOCKS/LINKAGES:DOORS:LOCK","Ford Motor Company (Ford) is recalling certain 2024 Bronco vehicles.  The left-side rear door may be opened from the inside of the vehicle when the child safety lock is in the ""ON"" position.","A malfunctioning child safety lock that allows a rear door to be opened unintentionally can increase the risk of injury.","Dealers will inspect the child safety locks and replace the rear door latch, as necessary, free of charge.  Owner notification letters were mailed on May 22, 2025.  Owners may contact Ford Customer Service at 1-866-436-7332.  Ford's number for this recall is 24S15.  This recall expands previous recall number 24V-189.","Owners may also contact the National Highway Traffic Safety Administration Vehicle Safety Hotline at 888-327-4236 (TTY 888-275-9171) or go to nhtsa.gov.","2024","FORD","BRONCO"
"Ford Motor Company","25V310000",0,0,0,,"09/05/2025","SUSPENSION:FRONT:CONTROL ARM:UPPER BALL JOINT","Ford Motor Company (Ford) is recalling certain 2024-2025 Bronco and Ranger vehicles.  The front upper control arm ball joint fastener may be missing or tightened improperly, allowing the front upper control arm to detach from the knuckle assembly.","A detached control arm can cause a loss of vehicle steering and control, increasing the risk of a crash.","Dealers will inspect and tighten, or replace the ball joint fastener as necessary, free of charge.  Owner notification letters were mailed May 23, 2025.  Owners may contact Ford customer service at 1-866-436-7332.  Ford's number for this recall is 25S45.","Owners may also contact the National Highway Traffic Safety Administration Vehicle Safety Hotline at 888-327-4236 (TTY 888-275-9171) or go to nhtsa.gov.","2024","FORD","BRONCO"
"Ford Motor Company","25V315000",0,0,0,,"09/05/2025","BACK OVER PREVENTION:SOFTWARE","Ford Motor Company (Ford) is recalling certain 2021-2024 Bronco, F-150, 2021-2024 Edge, 2022-2025 Escape, F-250, F-350, F-450, F-550, F-600, 2022-2024 Expedition, 2022-2025 Transit, 2021-2023 Mach-E, 2024 Ranger, Mustang, 2021-2023 Lincoln Nautilus, 2022-2024 Navigator, and 2023-2024 Corsair vehicles. A software error may cause the rearview camera image to delay, freeze, or not display when the vehicle is in reverse.","A frozen or missing rearview camera image can reduce the driver's view behind the vehicle, increasing the risk of a crash.","The accessory protocol interface module (APIM) software will be updated by a dealer or through an over-the-air update, free of charge. This will be a phased campaign, with the remedy becoming available in different phases based on model and model years. Interim letters notifying owners of the safety risk were mailed on June 26, 2025. Additional letters will be mailed once the final remedy is available on each phase. Owner notification letters were sent on October 8, 2025. Owners may contact Ford customer service at 1-866-436-7332. Ford's number for this recall is 25S49.","Owners may also contact the National Highway Traffic Safety Administration Vehicle Safety Hotline at 888-327-4236 (TTY 888-275-9171) or go to nhtsa.gov.","2024","FORD","BRONCO"
"Ford Motor Company","25V597000",0,0,0,,"11/09/2025","FUEL SYSTEM, GASOLINE:DELIVERY:FUEL PUMP","Ford Motor Company (Ford) is recalling certain 2024 Bronco and Ranger vehicles. The bolts securing the high pressure fuel pump may not be tightened properly, which can result in a fuel leak.","A fuel leak in the presence of an ignition source increases the risk of a fire.","Dealers will replace the high pressure fuel pump mounting bolts, free of charge. Owner notification letters were mailed September 25, 2025. Owners may contact Ford customer service at 1-866-436-7332. Ford's number for this recall is 25S90.",,"2024","FORD","BRONCO"
"Ford Motor Company","25V685000",0,0,0,,"10/10/2025","EQUIPMENT:ELECTRICAL:ENGINE BLOCK HEATER","Ford Motor Company (Ford) is recalling certain 2016-2019 Lincoln MKC, 2016-2023 Explorer, 2019-2020 Fusion, 2019-2024 Ranger, 2020-2022 Lincoln Corsair, Escape, 2021-2024 Bronco, Bronco Sport, and 2022-2024 Maverick vehicles. The engine block heater may crack and develop a coolant leak, causing it to short circuit when the block heater is plugged in.","An electrical short circuit can increase the risk of a fire.","Owners are advised not to plug in their block heater until the vehicle is remedied. Dealers will replace the block heater, free of charge. Owners will also have a alternative option to replace engine block heater element with a threaded blanking plug, and remove the block heater electrical cord. Interim letters, notifying owners of the safety risk, were mailed December 3, 2025. Additional letters will be sent once the final remedy is available, anticipated September 2026. Owners may contact Ford customer service at 1-866-436-7332. Ford's number for this recall is 25SA4. Vehicle Identification Numbers (VINs) involved in this recall became searchable on NHTSA.gov on October 15, 2025.",,"2024","FORD","BRONCO"
"Ford Motor Company","26V124000",0,0,0,,"03/03/2026","BACK OVER PREVENTION:SOFTWARE","Ford Motor Company (Ford) is recalling certain 2021-2026 Ford Bronco and 2021-2024 Ford Edge vehicles. The Accessory Protocol Interface Module (APIM) may overheat and shutdown, which can prevent the rearview camera image from displaying as intended.","A rearview camera that fails to display an image can reduce the driver’s view behind the vehicle, increasing the risk of a crash.","The APIM software will be updated by a dealer, or through an over-the-air (OTA) update, free of charge. Owner notification letters were mailed April 13, 2026. Owners may contact Ford Customer Service at 1-866-436-7332. Ford's number for this recall is 26S09. Vehicle Identification Numbers (VINs) involved in this recall became searchable on NHTSA.gov on March 5, 2026.",,"2024","FORD","BRONCO"
"Ford Motor Company","26V236000",0,0,0,,"14/04/2026","POWER TRAIN:AUTOMATIC TRANSMISSION","Ford Motor Company (Ford) is recalling certain 2021-2025 Bronco vehicles. The transmission to transfer case joint may be misaligned due to an incorrectly performed previous repair, which could lead to wear of the transmission output shaft splines and transfer case input splines.","Excessive wear of the transmission and transfer case splines may result in a loss of drive power or vehicle rollaway, increasing the risk of a crash.","Dealers will inspect the transmission to transfer case joint and replace the transmission and transfer case as necessary, free of charge. Owner notification letters were mailed July 9, 2026. Owners may contact Ford customer service at 1-866-436-7332. Ford's number for this recall is 26S26. Vehicle Identification Numbers (VINs) involved in this recall became searchable on NHTSA.gov on April 15, 2026.",,"2024","FORD","BRONCO"
"Ford Motor Company","26V268000",0,0,0,,"28/04/2026","SEATS:CRITICAL FASTENERS","Ford Motor Company (Ford) is recalling certain 2024-2026 Ranger and Bronco vehicles. The front seats may have a loose or dislodged seat frame height-adjust pivot bolt.","A seat with a dislodged bolt may not properly restrain an occupant in a crash, increasing the risk of injury.","Dealers will inspect and replace the pivot links and bolts as necessary, free of charge. Owner notification letters were mailed May 22, 2026. Owners may contact Ford customer service at 1-866-436-7332. Ford’s number for this recall is 26S30. Vehicle Identification Numbers (VINs) involved in this recall became searchable on NHTSA.gov beginning April 30, 2026.",,"2024","FORD","BRONCO"
"Ford Motor Company","26V403000",0,0,0,,"24/06/2026","STRUCTURE:BODY","Ford Motor Company (Ford) is recalling certain 2022-2026 Bronco vehicles. The fender flares may not be properly secured and detach from the vehicle.","A detached fender flare can become a road hazard and increase the risk of a crash.","Dealers will inspect and repair, or replace the fender flares as necessary, free of charge.  Interim letters, notifying owners of the safety risk, are expected to be mailed August 10, 2026. Additional letters will be sent once the remedy is available, anticipated in late August 2026. Owners may contact Ford customer service at 1-866-436-7332. Ford's number for this recall is 26S47. Vehicle Identification Numbers (VINs) involved in this recall will be searchable on NHTSA.gov beginning August 7, 2026.",,"2024","FORD","BRONCO"
"Ford Motor Company","24V267000",0,0,0,"PE24002","12/04/2024","ELECTRICAL SYSTEM:BODY CONTROL MODULE/BCM","Ford Motor Company (Ford) is recalling certain 2021-2024 Bronco Sport and 2022-2023 Maverick vehicles.  The body and power train control modules may fail to detect a change in the 12-volt battery state of charge.","An undetected low battery charge can result in a loss of electrical accessories such as hazard lights, or cause a loss of drive power, increasing the risk of a crash.","Dealers will recalibrate the body control module and power train control module, free of charge.  Owner notification letters were mailed on June 4, 2024.  Owners may contact Ford customer service at 1-866-436-7332.  Ford's number for this recall is 24S24.","Owners may also contact the National Highway Traffic Safety Administration Vehicle Safety Hotline at 1-888-327-4236 (TTY 1-800-424-9153), or go to www.nhtsa.gov.","2024","FORD","BRONCO SPORT"
"Ford Motor Company","24V683000",0,0,0,,"13/09/2024","POWER TRAIN:AUTOMATIC TRANSMISSION:CONTROL MODULE (TCM/PCM/TECM)","Ford Motor Company (Ford) is recalling certain 2024 Bronco Sport vehicles.  The body and power train control modules may fail to detect a change in the 12-volt battery state of charge.","An undetected low battery charge can result in a loss of electrical accessories such as hazard lights, or cause a loss of drive power, increasing the risk of a crash.","Dealers will update the body control module and powertrain control module software, free of charge.  Owner notification letters were mailed October 23, 2024.  Owners may contact Ford customer service at 1-866-436-7332.  Ford's number for this recall is 24S60.  Vehicles in this recall that were previously recalled for the same issue under 24V-267 will need to have the new remedy performed.","Owners may also contact the National Highway Traffic Safety Administration Vehicle Safety Hotline at 1-888-327-4236 (TTY 1-800-424-9153), or go to www.nhtsa.gov.","2024","FORD","BRONCO SPORT"
"Ford Motor Company","24V594000",0,0,0,,"09/08/2024","VISIBILITY:WINDSHIELD WIPER/WASHER:MOTOR","Ford Motor Company (Ford) is recalling certain 2023-2024 Maverick, Ford Bronco Sport, and Mustang Mach-E vehicles.  The front windshield wiper motor may become inoperative, causing the wipers to fail.","Inoperative windshield wipers can reduce visibility in certain conditions, increasing the risk of a crash.","Dealers will inspect and replace the windshield wiper motor as necessary, free of charge.  Owner notification letters were mailed on December 6, 2024.  Owners may contact Ford customer service at 1-866-436-7332.  Ford's number for this recall is 24S51.","Owners may also contact the National Highway Traffic Safety Administration Vehicle Safety Hotline at 1-888-327-4236 (TTY 1-800-424-9153), or go to www.safercar.gov.","2024","FORD","BRONCO SPORT"
"Ford Motor Company","25V158000",0,0,0,,"14/03/2025","POWER TRAIN:AUTOMATIC TRANSMISSION:CONTROL MODULE (TCM/PCM/TECM)","Ford Motor Company (Ford) is recalling certain 2021-2024 Bronco Sport and 2022-2023 Maverick vehicles previously repaired incorrectly under recall number 24V-267.  The body and power train control modules may fail to detect a change in the 12-volt battery state of charge.","An undetected low battery charge can result in a loss of electrical accessories such as hazard lights, or cause a loss of drive power, increasing the risk of a crash.","Dealers will recalibrate the body control module and power train control module, free of charge.  Owner notification letters were mailed April 23, 2025.  Owners may contact Ford customer service at 1-866-436-7332.  Ford's number for this recall is 25S26.","Owners may also contact the National Highway Traffic Safety Administration Vehicle Safety Hotline at 888-327-4236 (TTY 888-275-9171) or go to nhtsa.gov.","2024","FORD","BRONCO SPORT"
"Ford Motor Company","25V442000",0,0,0,,"27/06/2025","BACK OVER PREVENTION:SOFTWARE","Ford Motor Company (Ford) is recalling certain 2018-2022 Transit Connect, 2019-2020 MKZ, MKX,  Edge, Continental, F-150, Nautilus, Fusion, 2019-2023 Ranger, Mustang, 2020-2021 EcoSport, Expedition, Navigator, 2020-2022 Escape, F-250 SD, Corsair, 2020-2023 Aviator, Transit, 2020-2024 Explorer, 2021-2024 Bronco Sport, and 2022-2024 Maverick vehicles. A software error may cause the rearview camera to display a blank image, or the image may remain on the display after the backing event has ended.","A rearview camera that displays a blank image can reduce the driver's view behind the vehicle. A rearview image that continues to be displayed after the vehicle is shifted out of reverse may distract the driver. Both of these situations can increase the risk of a crash.","Dealers will update the rearview camera software, free of charge. Owner notification letters were mailed September 4, 2025. Owners may contact Ford customer service at 1-866-436-7332. Ford's number for this recall is 25S72.",,"2024","FORD","BRONCO SPORT"
"Ford Motor Company","25V467000",0,0,0,,"11/07/2025","FUEL SYSTEM, GASOLINE:FUEL INJECTION SYSTEM","Ford Motor Company (Ford) is recalling certain 2021-2024 Bronco Sport and 2020-2022 Escape vehicles equipped with 1.5L engines. A fuel injector may crack and leak fuel inside the engine compartment.","A fuel leak in the presence of an ignition source, such as hot engine or exhaust components, can increase the risk of a fire.","Dealers will update the engine control software. and replace the high pressure fuel rail assembly and the fuel injector ,free of charge.  As an interim repair, dealers will update the engine control software, free of charge. Interim owner notification letters notifying owners of the safety risk were mailed August 29, 2025. Second letters will be sent once the final remedy is available, anticipated in July 2026. Owners may contact Ford customer service at 1-866-436-7332.  Ford's number for this recall is 25S76.  This recall expands and replaces previous recall numbers 22V-859, 24V187, and 25V165. Vehicles previously remedied under 22V-859, 24V187, and 25V165 will need to have the new final remedy performed once it is available.",,"2024","FORD","BRONCO SPORT"
"Ford Motor Company","25V685000",0,0,0,,"10/10/2025","EQUIPMENT:ELECTRICAL:ENGINE BLOCK HEATER","Ford Motor Company (Ford) is recalling certain 2016-2019 Lincoln MKC, 2016-2023 Explorer, 2019-2020 Fusion, 2019-2024 Ranger, 2020-2022 Lincoln Corsair, Escape, 2021-2024 Bronco, Bronco Sport, and 2022-2024 Maverick vehicles. The engine block heater may crack and develop a coolant leak, causing it to short circuit when the block heater is plugged in.","An electrical short circuit can increase the risk of a fire.","Owners are advised not to plug in their block heater until the vehicle is remedied. Dealers will replace the block heater, free of charge. Owners will also have a alternative option to replace engine block heater element with a threaded blanking plug, and remove the block heater electrical cord. Interim letters, notifying owners of the safety risk, were mailed December 3, 2025. Additional letters will be sent once the final remedy is available, anticipated September 2026. Owners may contact Ford customer service at 1-866-436-7332. Ford's number for this recall is 25SA4. Vehicle Identification Numbers (VINs) involved in this recall became searchable on NHTSA.gov on October 15, 2025.",,"2024","FORD","BRONCO SPORT"
"Ford Motor Company","26V340000",1,0,0,,"27/05/2026","SUSPENSION:FRONT:CONTROL ARM:LOWER BALL JOINT","Ford Motor Company (Ford) is recalling certain 2021-2026 Bronco Sport and 2022-2026 Maverick vehicles. The front lower control arm ball joints may have been incorrectly installed or incorrectly repaired at the vehicle assembly plant, allowing the control arm to disconnect from the front wheel knuckle.","A detached control arm can cause a loss of vehicle control, increasing the risk of a crash.","Owners are advised not to drive their vehicles until the remedy is completed. Dealers will inspect and repair the front lower control arm ball joints as necessary, free of charge. Interim letters, notifying owners of the safety risk, were mailed June 4, 2026. Additional letters will be sent once the remedy is available. Owners may contact Ford customer service at 1-866-436-7332. Ford's number for this recall is 26S36. Vehicle Identification Numbers (VINs) involved in this recall became searchable on NHTSA.gov on May 29, 2026.",,"2024","FORD","BRONCO SPORT"
"Ford Motor Company","23V625000",0,0,0,,"08/09/2023","POWER TRAIN:AUTOMATIC TRANSMISSION:INTERNAL:PARK PAWL","Ford Motor Company (Ford) is recalling certain 2024-2025 Ford E-350, F-650, and F-750 vehicles.  The park pawl may not fully engage the park gear due to a casting defect in the transmission.","A vehicle which does not have the park pawl fully engaged may result in a vehicle rollaway, increasing the risk of a crash.","Dealers will inspect and replace the transmission, or the valve body and extension housing, as necessary, free of charge.  Owner notification letters were mailed January 16, 2024.  Owners may contact Ford's customer service at 1-866-436-7332.  Ford Motor Company's number for this recall is 23S54.","Owners may also contact the National Highway Traffic Safety Administration Vehicle Safety Hotline at 1-888-327-4236 (TTY 1-800-424-9153), or go to www.nhtsa.gov.","2024","FORD","E-350"
"Ford Motor Company","25V315000",0,0,0,,"09/05/2025","BACK OVER PREVENTION:SOFTWARE","Ford Motor Company (Ford) is recalling certain 2021-2024 Bronco, F-150, 2021-2024 Edge, 2022-2025 Escape, F-250, F-350, F-450, F-550, F-600, 2022-2024 Expedition, 2022-2025 Transit, 2021-2023 Mach-E, 2024 Ranger, Mustang, 2021-2023 Lincoln Nautilus, 2022-2024 Navigator, and 2023-2024 Corsair vehicles. A software error may cause the rearview camera image to delay, freeze, or not display when the vehicle is in reverse.","A frozen or missing rearview camera image can reduce the driver's view behind the vehicle, increasing the risk of a crash.","The accessory protocol interface module (APIM) software will be updated by a dealer or through an over-the-air update, free of charge. This will be a phased campaign, with the remedy becoming available in different phases based on model and model years. Interim letters notifying owners of the safety risk were mailed on June 26, 2025. Additional letters will be mailed once the final remedy is available on each phase. Owner notification letters were sent on October 8, 2025. Owners may contact Ford customer service at 1-866-436-7332. Ford's number for this recall is 25S49.","Owners may also contact the National Highway Traffic Safety Administration Vehicle Safety Hotline at 888-327-4236 (TTY 888-275-9171) or go to nhtsa.gov.","2024","FORD","EDGE"
"Ford Motor Company","26V124000",0,0,0,,"03/03/2026","BACK OVER PREVENTION:SOFTWARE","Ford Motor Company (Ford) is recalling certain 2021-2026 Ford Bronco and 2021-2024 Ford Edge vehicles. The Accessory Protocol Interface Module (APIM) may overheat and shutdown, which can prevent the rearview camera image from displaying as intended.","A rearview camera that fails to display an image can reduce the driver’s view behind the vehicle, increasing the risk of a crash.","The APIM software will be updated by a dealer, or through an over-the-air (OTA) update, free of charge. Owner notification letters were mailed April 13, 2026. Owners may contact Ford Customer Service at 1-866-436-7332. Ford's number for this recall is 26S09. Vehicle Identification Numbers (VINs) involved in this recall became searchable on NHTSA.gov on March 5, 2026.",,"2024","FORD","EDGE"
"Ford Motor Company","24V440000",0,0,0,,"14/06/2024","FORWARD COLLISION AVOIDANCE: ADAPTIVE CRUISE CONTROL","Ford Motor Company (Ford) is recalling certain 2023-2024 Escape two-wheel drive vehicles equipped with adaptive cruise control.  The cruise control radar module was misaligned during production.","Misalignment of the radar module can result in the Adaptive Cruise Control (ACC) misclassifying an overhead object as an object in the vehicle's path, causing the vehicle to unexpectedly slow and/or stop.  Other safety systems that depend on the radar model (Pre-Collision Assist, Forward Collision Warning, and Auto Emergency Braking) could have diminished or lost function.  These conditions increase the risk of a crash.","Dealers will adjust the angle of the radar module, free of charge.  Owner notification letters were mailed July 3, 2024.  Owners may contact Ford customer service at 1-866-436-7332.  Ford's number for this recall is 24S39.","Owners may also contact the National Highway Traffic Safety Administration Vehicle Safety Hotline at 1-888-327-4236 (TTY 1-800-424-9153), or go to www.nhtsa.gov.","2024","FORD","ESCAPE"
"Ford Motor Company","24V634000",0,0,0,,"23/08/2024","FUEL SYSTEM, GASOLINE:FUEL INJECTION SYSTEM:INJECTORS","Ford Motor Company (Ford) is recalling certain 2023 Lincoln Corsair, 2023-2024 Escape, 2024 Mustang, and 2025 Explorer vehicles.  The fuel injectors may have been assembled without O-ring support discs, which can result in a fuel leak.","A fuel leak in the presence of an ignition source increases the risk of a fire.","Dealers will install new fuel injector O-rings and O-ring support discs, free of charge.  Owner notification letters were mailed on October 7, 2024.  Owners may contact Ford customer service at 1-866-436-7332.  Ford's number for this recall is 24S54.","Owners may also contact the National Highway Traffic Safety Administration Vehicle Safety Hotline at 1-888-327-4236 (TTY 1-800-424-9153), or go to www.safercar.gov.","2024","FORD","ESCAPE"
"Ford Motor Company","24V852000",0,0,0,,"08/11/2024","EQUIPMENT:OTHER:LABELS","Ford Motor Company (Ford) is recalling certain 2020-2025 Explorer, Lincoln Aviator, 2020-2024 Escape, Lincoln Corsair, 2018-2024 F-150, Expedition and Lincoln Navigator vehicles.  The air bag warning label may be missing from the dashboard.  As such, these vehicles fail to comply with the requirement Federal Motor Vehicle Safety Standard number 208, ""Occupant Crash Protection.""","Without a label that shows the proper restraint usage guidelines, the occupants may have an increased risk of injury in the event of a crash.","Ford will mail owners the warning labels, free of charge.  Owner notification letters were mailed December 19, 2024.  Owners may call Ford customer service at 1-866-436-7332.  Ford's number for this recall is 24C39.","Owners may also contact the National Highway Traffic Safety Administration Vehicle Safety Hotline at 1-888-327-4236 (TTY 1-800-424-9153) or go to nhtsa.gov.","2024","FORD","ESCAPE"
"Ford Motor Company","24V850000",0,0,0,,"08/11/2024","ELECTRICAL SYSTEM: INSTRUMENT CLUSTER/PANEL","Ford Motor Company (Ford) is recalling certain 2024-2025 Escape vehicles.  The passenger side instrument panel cover may have been manufactured incorrectly, which can cause the air bag not to deploy as intended.  As such, these vehicles fail to comply with the requirements of Federal Motor Vehicle Safety Standard number 208, ""Occupant Crash Protection.""","During air bag deployment, the air bag cover may break and project fragments into the vehicle, or the air bag may deploy improperly, increasing the risk of occupant injury.","Dealers will replace the passenger side instrument panel cover, free of charge.  Owner notification letters were mailed on February 18, 2025.  Owners may contact Ford customer service at 1-866-436-7332.  Ford's number for this recall is 24C38.","Owners may also contact the National Highway Traffic Safety Administration Vehicle Safety Hotline at 1-888-327-4236 (TTY 1-800-424-9153) or go to nhtsa.gov.","2024","FORD","ESCAPE"
"Ford Motor Company","24V954000",0,0,0,,"20/12/2024","ELECTRICAL SYSTEM:PROPULSION SYSTEM:TRACTION BATTERY:MANAGEMENT SYSTEM/ENERGY CONTROL MODULE (BMS/BECM)","Ford Motor Company (Ford) is recalling certain 2020-2024 Ford Escape, and 2021-2024 Lincoln Corsair vehicles.  A manufacturing defect in one or more of the high voltage battery cells may result in an internal short circuit and battery failure.","Battery failure can cause a loss of drive power, increasing the risk of a crash.  Battery failure can also increase the risk of a fire.","Owners are advised not to charge battery till the remedy has been completed.  Dealers will perform a battery energy control module (BECM) software update, and replace the high voltage battery pack, as necessary, free of charge. Owner notification letters were mailed on May 30, 2025. Owners may contact Ford customer service at 1-866-436-7332.  Ford's number for this recall is 24S79.","Owners may also contact the National Highway Traffic Safety Administration Vehicle Safety Hotline at 1-888-327-4236 (TTY 1-800-424-9153) or go to nhtsa.gov.","2024","FORD","ESCAPE"
"Ford Motor Company","25V315000",0,0,0,,"09/05/2025","BACK OVER PREVENTION:SOFTWARE","Ford Motor Company (Ford) is recalling certain 2021-2024 Bronco, F-150, 2021-2024 Edge, 2022-2025 Escape, F-250, F-350, F-450, F-550, F-600, 2022-2024 Expedition, 2022-2025 Transit, 2021-2023 Mach-E, 2024 Ranger, Mustang, 2021-2023 Lincoln Nautilus, 2022-2024 Navigator, and 2023-2024 Corsair vehicles. A software error may cause the rearview camera image to delay, freeze, or not display when the vehicle is in reverse.","A frozen or missing rearview camera image can reduce the driver's view behind the vehicle, increasing the risk of a crash.","The accessory protocol interface module (APIM) software will be updated by a dealer or through an over-the-air update, free of charge. This will be a phased campaign, with the remedy becoming available in different phases based on model and model years. Interim letters notifying owners of the safety risk were mailed on June 26, 2025. Additional letters will be mailed once the final remedy is available on each phase. Owner notification letters were sent on October 8, 2025. Owners may contact Ford customer service at 1-866-436-7332. Ford's number for this recall is 25S49.","Owners may also contact the National Highway Traffic Safety Administration Vehicle Safety Hotline at 888-327-4236 (TTY 888-275-9171) or go to nhtsa.gov.","2024","FORD","ESCAPE"
"Ford Motor Company","25V343000",0,0,0,,"23/05/2025","ELECTRICAL SYSTEM","Ford Motor Company (Ford) is recalling certain 2024-2025 Lincoln Nautilus, 2023-2025 Escape, 2023 Lincoln Corsair, 2025 Lincoln Corsair, Maverick, and Bronco Sport vehicles equipped with a 1.5L or 2.0L MPC engine and an engine block heater. The engine block heater may overheat when the vehicle is parked with the block heater plugged in.","An overheated engine block heater can increase the risk of a fire.","Dealers will replace the block heater element and inspect the electrical cord, replacing it if necessary, free of charge. Owners will also have a alternative option to replace engine block heater element with a threaded blanking plug coupled, and remove the block heater electrical cord. Owner notification letters were mailed June 9, 2026. Owners may contact Ford customer service at 1-866-436-7332. Ford's number for this recall is 25S52.",,"2024","FORD","ESCAPE"
"Ford Motor Company","25V372000",0,0,0,,"03/06/2025","ENGINE","Ford Motor Company (Ford) is recalling certain 2023-2025 Escape, and 2025 Bronco Sport vehicles. The cylinder head may have been improperly manufactured, which can cause the ball plugs to fail, resulting in an oil leak.","An oil leak can result in loss of drive power, increasing the risk of a crash. In addition, an oil leak in the presence of an ignition source such as hot engine or exhaust components, can increase the risk of a fire.","Dealers will replace the cylinder head assembly as necessary, free of charge. Owner notification letters were mailed August 8, 2025. Owners may contact Ford customer service at 1-866-436-7332.  Ford's number for this recall is 25S61.",,"2024","FORD","ESCAPE"
"Ford Motor Company","25V789000",0,0,0,,"14/11/2025","ELECTRICAL SYSTEM:PROPULSION SYSTEM:TRACTION BATTERY","Ford Motor Company (Ford) is recalling certain 2020-2024 Ford Escape and 2021-2024 Lincoln Corsair plug-in hybrid vehicles.  A manufacturing defect in one or more of the high voltage battery cells may result in an internal short circuit and battery failure.","Battery failure can cause a loss of drive power, increasing the risk of a crash. Battery failure can also increase the risk of a fire.","The remedy is currently under development. Owners are advised to only use ""Auto EV"" mode and will be instructed by mail to limit the maximum charge of the battery until the remedy has been completed. Interim letters, notifying owners of the safety risk, and instructions to limit the maximum charge of the battery were mailed December 8, 2025. Additional letters will be sent once the final remedy is available. Owners may contact Ford customer service at 1-866-436-7332. Ford's number for this recall is 25SC4. Vehicles in this recall were previously recalled under 24V954 and will need to have the new remedy performed. Vehicle Identification Numbers (VINs) involved in this recall became searchable on NHTSA.gov on November 18, 2025.",,"2024","FORD","ESCAPE PHEV"
"Ford Motor Company","26V091000",0,0,0,,"17/02/2026","ELECTRICAL SYSTEM:PROPULSION SYSTEM:TRACTION BATTERY","Ford Motor Company (Ford) is recalling certain 2022-2026 Ford Escape and 2023-2026 Lincoln Corsair plug-in hybrid vehicles. A manufacturing defect in one or more of the high voltage battery cells may result in an internal short circuit and battery failure.","Battery failure can cause a loss of drive power, increasing the risk of a crash.  Battery failure can also increase the risk of a fire.","The remedy is currently under development. Owners are advised to only use ""Auto EV"" mode and charge their vehicles to a maximum of 80% battery capacity until the repair has been completed.  Interim letters, notifying owners of the safety risk, and instructions to limit the maximum charge of the battery were mailed February 26, 2026. Additional letters will be sent once the final remedy is available. Owners may contact Ford customer service at 1-866-436-7332. Ford's number for this recall is 25SC4. This recall expands previous recall numbers 24V954 and 25V489. Vehicle Identification Numbers (VINs) involved in this recall became searchable on NHTSA.gov on February 18, 2026.",,"2024","FORD","ESCAPE PHEV"
"Ford Motor Company","24V851000",0,0,0,,"20/12/2024","ENGINE AND ENGINE COOLING:ENGINE:OIL/LUBRICATION","Ford Motor Company (Ford) is recalling certain 2024-2025 F-150, 2024 Expedition and 2024 Lincoln Navigator vehicles equipped with a 3.5L GTDI engine.  The engines may have a misaligned engine cup plug, which can result in a rapid oil leak.","A rapid oil leak can result in an engine stall, increasing the risk of a crash.  In addition, an oil leak in the presence of an ignition source such as hot engine or exhaust components, can increase the risk of a fire.","Dealers will inspect the engine cup plug alignment, and replace the plug if necessary, free of charge.  Owner notification letters were mailed on May 23, 2024.  Owners may contact Ford customer service at 1-866-436-7332.  Ford's number for this recall is 24S70.","Owners may also contact the National Highway Traffic Safety Administration Vehicle Safety Hotline at 1-888-327-4236 (TTY 1-800-424-9153) or go to nhtsa.gov.","2024","FORD","EXPEDITION"
"Ford Motor Company","24V852000",0,0,0,,"08/11/2024","EQUIPMENT:OTHER:LABELS","Ford Motor Company (Ford) is recalling certain 2020-2025 Explorer, Lincoln Aviator, 2020-2024 Escape, Lincoln Corsair, 2018-2024 F-150, Expedition and Lincoln Navigator vehicles.  The air bag warning label may be missing from the dashboard.  As such, these vehicles fail to comply with the requirement Federal Motor Vehicle Safety Standard number 208, ""Occupant Crash Protection.""","Without a label that shows the proper restraint usage guidelines, the occupants may have an increased risk of injury in the event of a crash.","Ford will mail owners the warning labels, free of charge.  Owner notification letters were mailed December 19, 2024.  Owners may call Ford customer service at 1-866-436-7332.  Ford's number for this recall is 24C39.","Owners may also contact the National Highway Traffic Safety Administration Vehicle Safety Hotline at 1-888-327-4236 (TTY 1-800-424-9153) or go to nhtsa.gov.","2024","FORD","EXPEDITION"
"Ford Motor Company","25V198000",0,0,0,,"28/03/2025","ENGINE AND ENGINE COOLING:ENGINE:OIL/LUBRICATION","Ford Motor Company (Ford) is recalling certain 2024-2025 F-150, Expedition, and 2024 Lincoln Navigator vehicles equipped with 3.5L GTDI engines.  The engine may have a misaligned engine cup plug, which can result in a rapid oil leak.","A rapid oil leak can result in an engine stall, increasing the risk of a crash.  In addition, an oil leak in the presence of an ignition source such as hot engine or exhaust components, can increase the risk of a fire.","Dealers will inspect the engine cup plug alignment, and replace the plug if necessary, free of charge.  Owner notification letters were mailed May 22, 2025.  Owners may contact Ford customer service at 1-866-436-7332.  Ford's number for this recall is 25S30.","Owners may also contact the National Highway Traffic Safety Administration Vehicle Safety Hotline at 888-327-4236 (TTY 888-275-9171) or go to nhtsa.gov.","2024","FORD","EXPEDITION"
"Ford Motor Company","25V314000",0,0,0,,"09/05/2025","SERVICE BRAKES, HYDRAULIC:FOUNDATION COMPONENTS:HOSES, LINES/PIPING, AND FITTINGS","Ford Motor Company (Ford) is recalling certain 2022-2024 Navigator and Expedition vehicles.  The front brake lines may contact the engine air cleaner outlet pipe and become damaged, possibly resulting in a brake fluid leak and reduced brake function.","A loss of brake function increases the risk of a crash.","Dealers will inspect the front brake line and replace the brake line or air cleaner outlet pipe, as necessary, free of charge.  Owner notification letters were mailed May 29, 2025.  Owners may contact Ford customer service at 1-866-436-7332.  Ford's number for this recall is 25S47.","Owners may also contact the National Highway Traffic Safety Administration Vehicle Safety Hotline at 888-327-4236 (TTY 888-275-9171) or go to nhtsa.gov.","2024","FORD","EXPEDITION"
"Ford Motor Company","25V315000",0,0,0,,"09/05/2025","BACK OVER PREVENTION:SOFTWARE","Ford Motor Company (Ford) is recalling certain 2021-2024 Bronco, F-150, 2021-2024 Edge, 2022-2025 Escape, F-250, F-350, F-450, F-550, F-600, 2022-2024 Expedition, 2022-2025 Transit, 2021-2023 Mach-E, 2024 Ranger, Mustang, 2021-2023 Lincoln Nautilus, 2022-2024 Navigator, and 2023-2024 Corsair vehicles. A software error may cause the rearview camera image to delay, freeze, or not display when the vehicle is in reverse.","A frozen or missing rearview camera image can reduce the driver's view behind the vehicle, increasing the risk of a crash.","The accessory protocol interface module (APIM) software will be updated by a dealer or through an over-the-air update, free of charge. This will be a phased campaign, with the remedy becoming available in different phases based on model and model years. Interim letters notifying owners of the safety risk were mailed on June 26, 2025. Additional letters will be mailed once the final remedy is available on each phase. Owner notification letters were sent on October 8, 2025. Owners may contact Ford customer service at 1-866-436-7332. Ford's number for this recall is 25S49.","Owners may also contact the National Highway Traffic Safety Administration Vehicle Safety Hotline at 888-327-4236 (TTY 888-275-9171) or go to nhtsa.gov.","2024","FORD","EXPEDITION"
"Ford Motor Company","26V104000",0,0,0,,"20/02/2026","ELECTRICAL SYSTEM: INTEGRATED TRAILER BRAKE CONTROL","Ford Motor Company (Ford) is recalling certain 2021-2026 F-150, 2022-2026 F-250 SD, F-350 SD, F-450 SD, F-550 SD, Maverick, 2024-2026 Ranger, 2023-2026 F-600 SD, 2022-2027 Lincoln Navigator, Expedition, and 2026 E-Transit vehicles. When towing a trailer, the integrated trailer module (ITRM) may lose communication with the vehicle, possibly causing a loss of brake and turn signal lights, or a loss of brake function. As such, these vehicles fail to comply with the requirements of Federal Motor Vehicle Safety Standard number 108, "" Lamps, Reflective Devices, and Associated Equipment.""","Trailer lights or brakes that do not function can reduce the driver’s ability to control the trailer and decrease the trailers visibility to other road users, increasing the risk of a crash.","The integrated trailer module software will be updated by a dealer, or through an over-the-air (OTA) update, free of charge. Owner notification letters were mailed March 25, 2026. Owners may contact Ford customer service at 1-866-436-7332. Ford's number for this recall is 26C10. Vehicle Identification Numbers (VINs) involved in this recall will be searchable on NHTSA.gov beginning March 17, 2026.",,"2024","FORD","EXPEDITION"
"Ford Motor Company","26V368000",0,0,0,,"09/06/2026","STRUCTURE:INTERIOR PANELS:CENTER CONSOLE","Ford Motor Company (Ford) is recalling certain 2018-2024 Expedition vehicles. The chrome plating on the center console may bubble and peel, resulting in sharp edges.","Vehicle occupants may contact the center console's sharp edges, increasing the risk of injury.","Dealers will inspect and replace the center consoles as necessary, free of charge. Interim letters, notifying owners of the safety risk, were mailed June 16, 2026. Additional letters will be sent once the remedy is available, anticipated in January 2027. Owners may contact Ford customer service at 1-866-436-7332. Ford's number for this recall is 26S38. Vehicle Identification Numbers (VINs) involved in this recall became searchable on NHTSA.gov on June 10, 2026.",,"2024","FORD","EXPEDITION"
"Ford Motor Company","24V685000",0,0,0,,"13/09/2024","HYBRID PROPULSION SYSTEM","Ford Motor Company (Ford) is recalling certain 2024 Ford Explorer vehicles equipped with 3.3L Hybrid engines.  The 12-Volt battery cable may chafe against the Belt-integrated Starter Generat (BiSG) and short circuit.","A short circuit increases the risk of a fire.","Dealers will install a tie strap between the battery cable and high voltage cable, free of charge.  Owner notification letters were mailed November 8, 2024.  Owners may contact Ford customer service at 1-866-436-7332.  Ford's number for this recall is 24S61.","Owners may also contact the National Highway Traffic Safety Administration Vehicle Safety Hotline at 1-888-327-4236 (TTY 1-800-424-9153), or go to www.nhtsa.gov.","2024","FORD","EXPLORER"
"Ford Motor Company","24V852000",0,0,0,,"08/11/2024","EQUIPMENT:OTHER:LABELS","Ford Motor Company (Ford) is recalling certain 2020-2025 Explorer, Lincoln Aviator, 2020-2024 Escape, Lincoln Corsair, 2018-2024 F-150, Expedition and Lincoln Navigator vehicles.  The air bag warning label may be missing from the dashboard.  As such, these vehicles fail to comply with the requirement Federal Motor Vehicle Safety Standard number 208, ""Occupant Crash Protection.""","Without a label that shows the proper restraint usage guidelines, the occupants may have an increased risk of injury in the event of a crash.","Ford will mail owners the warning labels, free of charge.  Owner notification letters were mailed December 19, 2024.  Owners may call Ford customer service at 1-866-436-7332.  Ford's number for this recall is 24C39.","Owners may also contact the National Highway Traffic Safety Administration Vehicle Safety Hotline at 1-888-327-4236 (TTY 1-800-424-9153) or go to nhtsa.gov.","2024","FORD","EXPLORER"
"Ford Motor Company","25V393000",0,0,0,,"13/06/2025","SEATS:MID/REAR ASSEMBLY","Ford Motor Company (Ford) is recalling certain 2020-2025 Aviator, and Explorer vehicles. The switch for the easy-entry second-row outer seats may bind or stick, resulting in the seats unlatching, folding, or sliding unexpectedly while driving.","A seat that moves unexpectedly may not properly restrain an occupant during a crash, increasing their risk of injury.","Dealers will inspect the second-row seat switch, and replace the bezel around the switch as necessary, free of charge. Owner notification letters were mailed August 7, 2025. Owners may contact Ford customer service at 1-866-436-7332. Ford's number for this recall is 25S67.",,"2024","FORD","EXPLORER"
"Ford Motor Company","25V442000",0,0,0,,"27/06/2025","BACK OVER PREVENTION:SOFTWARE","Ford Motor Company (Ford) is recalling certain 2018-2022 Transit Connect, 2019-2020 MKZ, MKX,  Edge, Continental, F-150, Nautilus, Fusion, 2019-2023 Ranger, Mustang, 2020-2021 EcoSport, Expedition, Navigator, 2020-2022 Escape, F-250 SD, Corsair, 2020-2023 Aviator, Transit, 2020-2024 Explorer, 2021-2024 Bronco Sport, and 2022-2024 Maverick vehicles. A software error may cause the rearview camera to display a blank image, or the image may remain on the display after the backing event has ended.","A rearview camera that displays a blank image can reduce the driver's view behind the vehicle. A rearview image that continues to be displayed after the vehicle is shifted out of reverse may distract the driver. Both of these situations can increase the risk of a crash.","Dealers will update the rearview camera software, free of charge. Owner notification letters were mailed September 4, 2025. Owners may contact Ford customer service at 1-866-436-7332. Ford's number for this recall is 25S72.",,"2024","FORD","EXPLORER"
"Ford Motor Company","25V687000",0,0,0,,"10/10/2025","TRAILER HITCHES","Ford Motor Company (Ford) is recalling certain 2024-2026 Explorer and 2024-2026 Lincoln Aviator vehicles. The trailer hitch assembly bolts may be loose.","While towing a trailer, loose trailer hitch bolts can cause a loss of vehicle handling and control, or cause the trailer to detach. Either of these conditions can increase the risk of a crash.","Dealers will inspect and tighten the trailer hitch bolts, or replace them as necessary, free of charge. Owner notification letters were mailed October 29, 2025. Owners may contact Ford customer service at 1-866-436-7332. Ford's number for this recall is 25SA3. Vehicle Identification Numbers (VINs) involved in this recall became searchable on NHTSA.gov on October 15, 2025.",,"2024","FORD","EXPLORER"
"Ford Motor Company","26V012000",0,0,0,,"15/01/2026","EQUIPMENT:ELECTRICAL:ENGINE BLOCK HEATER","Ford Motor Company (Ford) is recalling certain 2016-2018 Focus, 2019 Explorer, and 2024 Explorer vehicles. The engine block heater may crack and develop a coolant leak, causing it to short circuit when the block heater is plugged in.","An electrical short circuit can increase the risk of a fire.","Owners are advised not to plug in their block heater until the vehicle is remedied. Dealers will replace the block heater, free of charge. Owners will also have a alternative option to replace engine block heater element with a threaded blanking plug, and remove the block heater electrical cord. Interim letters, notifying owners of the safety risk, were mailed February 13, 2026. Additional letters will be sent once the final remedy is available, anticipated in October 2026. Owners may contact Ford customer service at 1-866-436-7332. Ford's number for this recall is 25SA4. Vehicle Identification Numbers (VINs) involved in this recall became searchable on NHTSA.gov on January 16, 2026. This recall expands previous recall number 25V685.",,"2024","FORD","EXPLORER"
"Ford Motor Company","26V123000",0,0,0,,"03/03/2026","BACK OVER PREVENTION:SOFTWARE","Ford Motor Company (Ford) is recalling certain 2020-2022 Escape, Lincoln Corsair, 2020-2024 Lincoln Aviator, and Explorer vehicles. The image on the center display may flip or invert, resulting in an incorrectly displayed rearview image when the vehicle is placed in reverse. As such, these vehicles fail to comply with the requirements of Federal Motor Vehicle Safety Standard number 111, ""Rear Visibility.""","An incorrectly displayed rearview image can reduce the driver’s view behind the vehicle, increasing the risk of a crash.","Dealers will update the accessory protocol interface module (APIM) software, free of charge. Owner notification letters were mailed June 23, 2026. Owners may contact Ford customer service at 1-866-436-7332. Ford's number for this recall is 26C11. Vehicle Identification Numbers (VINs) involved in this recall became searchable on NHTSA.gov on March 5, 2026.",,"2024","FORD","EXPLORER"
"Ford Motor Company","26V159000",0,0,0,,"17/03/2026","SEAT BELTS","Ford Motor Company (Ford) is recalling certain 2020-2026 Explorer and Lincoln Aviator vehicles. The seat belt anchor bolts at the second-row outer seating positions may be improperly secured.","A loose seat belt buckle may not properly restrain an occupant during a crash, increasing the risk of injury.","Dealers will inspect the second-row outer seat belt lower anchor bolts and replace or repair them as necessary, free of charge. Owner notification letters were mailed March 30, 2026. Owners may contact Ford customer service at 1-866-436-7332. Ford's number for this recall is 26C18. Vehicle Identification Numbers (VINs) involved in this recall became searchable on NHTSA.gov on March 19, 2026.",,"2024","FORD","EXPLORER"
"Ford Motor Company","26V371000",0,0,0,,"09/06/2026","POWER TRAIN:AUTOMATIC TRANSMISSION","Ford Motor Company (Ford) is recalling certain 2024 Explorer vehicles equipped with a 2.3L engine and 10R60 automatic transmission. An unintentional powertrain control module (PCM) reset may occur while the vehicle is in motion and result in park system damage.","A park system that is damaged may not shift into ""PARK,"" resulting in a vehicle rollaway and increasing the risk of injury or crash.","Dealers will inspect for park system damage and replace the park system components as necessary, free of charge. Owner notification letters were mailed June 24, 2026. Owners may contact customer service at 1-866-436-7332. Ford's number for this recall is 26S39. Vehicle Identification Numbers (VINs) involved in this recall will become searchable on NHTSA.gov on June 12, 2026.",,"2024","FORD","EXPLORER"
"Ford Motor Company","24V806000",0,0,0,,"25/10/2024","BACK OVER PREVENTION: SENSING SYSTEM: CAMERA","Ford Motor Company (Ford) is recalling certain 2023-2024 F-250, F-350, and F-450 vehicles.  Water may enter the Tailgate Park Assist Sensor Interface Module (TPASIM) and cause the rearview camera image to display intermittently or appear blue or black.","A rearview camera image that does not display can decrease the driver's visibility, increasing the risk of injury or crash.","Dealers will replace the tailgate top camera, wire harness, TPASIM module, and update the Image Processing Module A (IPMA) software, free of charge. Owner notification letters were mailed August 6, 2025.   Owners may contact Ford customer service at 1-866-436-7332.  Ford's number for this recall is 24S66.","Owners may also contact the National Highway Traffic Safety Administration Vehicle Safety Hotline at 1-888-327-4236 (TTY 1-800-424-9153) or go to nhtsa.gov.","2024","FORD","F-250 SD"
"Ford Motor Company","25V315000",0,0,0,,"09/05/2025","BACK OVER PREVENTION:SOFTWARE","Ford Motor Company (Ford) is recalling certain 2021-2024 Bronco, F-150, 2021-2024 Edge, 2022-2025 Escape, F-250, F-350, F-450, F-550, F-600, 2022-2024 Expedition, 2022-2025 Transit, 2021-2023 Mach-E, 2024 Ranger, Mustang, 2021-2023 Lincoln Nautilus, 2022-2024 Navigator, and 2023-2024 Corsair vehicles. A software error may cause the rearview camera image to delay, freeze, or not display when the vehicle is in reverse.","A frozen or missing rearview camera image can reduce the driver's view behind the vehicle, increasing the risk of a crash.","The accessory protocol interface module (APIM) software will be updated by a dealer or through an over-the-air update, free of charge. This will be a phased campaign, with the remedy becoming available in different phases based on model and model years. Interim letters notifying owners of the safety risk were mailed on June 26, 2025. Additional letters will be mailed once the final remedy is available on each phase. Owner notification letters were sent on October 8, 2025. Owners may contact Ford customer service at 1-866-436-7332. Ford's number for this recall is 25S49.","Owners may also contact the National Highway Traffic Safety Administration Vehicle Safety Hotline at 888-327-4236 (TTY 888-275-9171) or go to nhtsa.gov.","2024","FORD","F-250 SD"
"Ford Motor Company","26V104000",0,0,0,,"20/02/2026","ELECTRICAL SYSTEM: INTEGRATED TRAILER BRAKE CONTROL","Ford Motor Company (Ford) is recalling certain 2021-2026 F-150, 2022-2026 F-250 SD, F-350 SD, F-450 SD, F-550 SD, Maverick, 2024-2026 Ranger, 2023-2026 F-600 SD, 2022-2027 Lincoln Navigator, Expedition, and 2026 E-Transit vehicles. When towing a trailer, the integrated trailer module (ITRM) may lose communication with the vehicle, possibly causing a loss of brake and turn signal lights, or a loss of brake function. As such, these vehicles fail to comply with the requirements of Federal Motor Vehicle Safety Standard number 108, "" Lamps, Reflective Devices, and Associated Equipment.""","Trailer lights or brakes that do not function can reduce the driver’s ability to control the trailer and decrease the trailers visibility to other road users, increasing the risk of a crash.","The integrated trailer module software will be updated by a dealer, or through an over-the-air (OTA) update, free of charge. Owner notification letters were mailed March 25, 2026. Owners may contact Ford customer service at 1-866-436-7332. Ford's number for this recall is 26C10. Vehicle Identification Numbers (VINs) involved in this recall will be searchable on NHTSA.gov beginning March 17, 2026.",,"2024","FORD","F-250 SD"
"Ford Motor Company","24V806000",0,0,0,,"25/10/2024","BACK OVER PREVENTION: SENSING SYSTEM: CAMERA","Ford Motor Company (Ford) is recalling certain 2023-2024 F-250, F-350, and F-450 vehicles.  Water may enter the Tailgate Park Assist Sensor Interface Module (TPASIM) and cause the rearview camera image to display intermittently or appear blue or black.","A rearview camera image that does not display can decrease the driver's visibility, increasing the risk of injury or crash.","Dealers will replace the tailgate top camera, wire harness, TPASIM module, and update the Image Processing Module A (IPMA) software, free of charge. Owner notification letters were mailed August 6, 2025.   Owners may contact Ford customer service at 1-866-436-7332.  Ford's number for this recall is 24S66.","Owners may also contact the National Highway Traffic Safety Administration Vehicle Safety Hotline at 1-888-327-4236 (TTY 1-800-424-9153) or go to nhtsa.gov.","2024","FORD","F-350 SD"
"Ford Motor Company","25V315000",0,0,0,,"09/05/2025","BACK OVER PREVENTION:SOFTWARE","Ford Motor Company (Ford) is recalling certain 2021-2024 Bronco, F-150, 2021-2024 Edge, 2022-2025 Escape, F-250, F-350, F-450, F-550, F-600, 2022-2024 Expedition, 2022-2025 Transit, 2021-2023 Mach-E, 2024 Ranger, Mustang, 2021-2023 Lincoln Nautilus, 2022-2024 Navigator, and 2023-2024 Corsair vehicles. A software error may cause the rearview camera image to delay, freeze, or not display when the vehicle is in reverse.","A frozen or missing rearview camera image can reduce the driver's view behind the vehicle, increasing the risk of a crash.","The accessory protocol interface module (APIM) software will be updated by a dealer or through an over-the-air update, free of charge. This will be a phased campaign, with the remedy becoming available in different phases based on model and model years. Interim letters notifying owners of the safety risk were mailed on June 26, 2025. Additional letters will be mailed once the final remedy is available on each phase. Owner notification letters were sent on October 8, 2025. Owners may contact Ford customer service at 1-866-436-7332. Ford's number for this recall is 25S49.","Owners may also contact the National Highway Traffic Safety Administration Vehicle Safety Hotline at 888-327-4236 (TTY 888-275-9171) or go to nhtsa.gov.","2024","FORD","F-350 SD"
"Ford Motor Company","26V104000",0,0,0,,"20/02/2026","ELECTRICAL SYSTEM: INTEGRATED TRAILER BRAKE CONTROL","Ford Motor Company (Ford) is recalling certain 2021-2026 F-150, 2022-2026 F-250 SD, F-350 SD, F-450 SD, F-550 SD, Maverick, 2024-2026 Ranger, 2023-2026 F-600 SD, 2022-2027 Lincoln Navigator, Expedition, and 2026 E-Transit vehicles. When towing a trailer, the integrated trailer module (ITRM) may lose communication with the vehicle, possibly causing a loss of brake and turn signal lights, or a loss of brake function. As such, these vehicles fail to comply with the requirements of Federal Motor Vehicle Safety Standard number 108, "" Lamps, Reflective Devices, and Associated Equipment.""","Trailer lights or brakes that do not function can reduce the driver’s ability to control the trailer and decrease the trailers visibility to other road users, increasing the risk of a crash.","The integrated trailer module software will be updated by a dealer, or through an over-the-air (OTA) update, free of charge. Owner notification letters were mailed March 25, 2026. Owners may contact Ford customer service at 1-866-436-7332. Ford's number for this recall is 26C10. Vehicle Identification Numbers (VINs) involved in this recall will be searchable on NHTSA.gov beginning March 17, 2026.",,"2024","FORD","F-350 SD"
"Ford Motor Company","24V806000",0,0,0,,"25/10/2024","BACK OVER PREVENTION: SENSING SYSTEM: CAMERA","Ford Motor Company (Ford) is recalling certain 2023-2024 F-250, F-350, and F-450 vehicles.  Water may enter the Tailgate Park Assist Sensor Interface Module (TPASIM) and cause the rearview camera image to display intermittently or appear blue or black.","A rearview camera image that does not display can decrease the driver's visibility, increasing the risk of injury or crash.","Dealers will replace the tailgate top camera, wire harness, TPASIM module, and update the Image Processing Module A (IPMA) software, free of charge. Owner notification letters were mailed August 6, 2025.   Owners may contact Ford customer service at 1-866-436-7332.  Ford's number for this recall is 24S66.","Owners may also contact the National Highway Traffic Safety Administration Vehicle Safety Hotline at 1-888-327-4236 (TTY 1-800-424-9153) or go to nhtsa.gov.","2024","FORD","F-450 SD"
"Ford Motor Company","25V315000",0,0,0,,"09/05/2025","BACK OVER PREVENTION:SOFTWARE","Ford Motor Company (Ford) is recalling certain 2021-2024 Bronco, F-150, 2021-2024 Edge, 2022-2025 Escape, F-250, F-350, F-450, F-550, F-600, 2022-2024 Expedition, 2022-2025 Transit, 2021-2023 Mach-E, 2024 Ranger, Mustang, 2021-2023 Lincoln Nautilus, 2022-2024 Navigator, and 2023-2024 Corsair vehicles. A software error may cause the rearview camera image to delay, freeze, or not display when the vehicle is in reverse.","A frozen or missing rearview camera image can reduce the driver's view behind the vehicle, increasing the risk of a crash.","The accessory protocol interface module (APIM) software will be updated by a dealer or through an over-the-air update, free of charge. This will be a phased campaign, with the remedy becoming available in different phases based on model and model years. Interim letters notifying owners of the safety risk were mailed on June 26, 2025. Additional letters will be mailed once the final remedy is available on each phase. Owner notification letters were sent on October 8, 2025. Owners may contact Ford customer service at 1-866-436-7332. Ford's number for this recall is 25S49.","Owners may also contact the National Highway Traffic Safety Administration Vehicle Safety Hotline at 888-327-4236 (TTY 888-275-9171) or go to nhtsa.gov.","2024","FORD","F-450 SD"
"Ford Motor Company","26V104000",0,0,0,,"20/02/2026","ELECTRICAL SYSTEM: INTEGRATED TRAILER BRAKE CONTROL","Ford Motor Company (Ford) is recalling certain 2021-2026 F-150, 2022-2026 F-250 SD, F-350 SD, F-450 SD, F-550 SD, Maverick, 2024-2026 Ranger, 2023-2026 F-600 SD, 2022-2027 Lincoln Navigator, Expedition, and 2026 E-Transit vehicles. When towing a trailer, the integrated trailer module (ITRM) may lose communication with the vehicle, possibly causing a loss of brake and turn signal lights, or a loss of brake function. As such, these vehicles fail to comply with the requirements of Federal Motor Vehicle Safety Standard number 108, "" Lamps, Reflective Devices, and Associated Equipment.""","Trailer lights or brakes that do not function can reduce the driver’s ability to control the trailer and decrease the trailers visibility to other road users, increasing the risk of a crash.","The integrated trailer module software will be updated by a dealer, or through an over-the-air (OTA) update, free of charge. Owner notification letters were mailed March 25, 2026. Owners may contact Ford customer service at 1-866-436-7332. Ford's number for this recall is 26C10. Vehicle Identification Numbers (VINs) involved in this recall will be searchable on NHTSA.gov beginning March 17, 2026.",,"2024","FORD","F-450 SD"
"Ford Motor Company","24V725000",0,0,0,,"27/09/2024","ELECTRICAL SYSTEM: INSTRUMENT CLUSTER/PANEL","Ford Motor Company (Ford) is recalling certain 2024 F-53 Recreational Stripped Chassis and 2024 F-59 Commercial Stripped Chassis vehicles.  The instrument panel cluster may not properly display the transmission gear position indicator.  As such, these vehicles fail to comply with the requirements of Federal Motor Vehicle Safety Standard number 102, ""Transmission Shift Position Sequence, Starter Interlock, and Transmission Braking Effect.""","A transmission gear position indicator that fails to illuminate can make it difficult to identify the correct transmission shift position, increasing the risk of a crash.","Dealers will update the instrument panel cluster (IPC) module software, free of charge.  Owner notification letters were mailed on February 12, 2025.  Owners may contact Ford customer service at 1-866-436-7332.  Ford's number for this recall is 24C32.","Owners may also contact the National Highway Traffic Safety Administration Vehicle Safety Hotline at 1-888-327-4236 (TTY 1-800-424-9153) or go to nhtsa.gov.","2024","FORD","F-53"
"Ford Motor Company","25V315000",0,0,0,,"09/05/2025","BACK OVER PREVENTION:SOFTWARE","Ford Motor Company (Ford) is recalling certain 2021-2024 Bronco, F-150, 2021-2024 Edge, 2022-2025 Escape, F-250, F-350, F-450, F-550, F-600, 2022-2024 Expedition, 2022-2025 Transit, 2021-2023 Mach-E, 2024 Ranger, Mustang, 2021-2023 Lincoln Nautilus, 2022-2024 Navigator, and 2023-2024 Corsair vehicles. A software error may cause the rearview camera image to delay, freeze, or not display when the vehicle is in reverse.","A frozen or missing rearview camera image can reduce the driver's view behind the vehicle, increasing the risk of a crash.","The accessory protocol interface module (APIM) software will be updated by a dealer or through an over-the-air update, free of charge. This will be a phased campaign, with the remedy becoming available in different phases based on model and model years. Interim letters notifying owners of the safety risk were mailed on June 26, 2025. Additional letters will be mailed once the final remedy is available on each phase. Owner notification letters were sent on October 8, 2025. Owners may contact Ford customer service at 1-866-436-7332. Ford's number for this recall is 25S49.","Owners may also contact the National Highway Traffic Safety Administration Vehicle Safety Hotline at 888-327-4236 (TTY 888-275-9171) or go to nhtsa.gov.","2024","FORD","F-550 SD"
"Ford Motor Company","26V104000",0,0,0,,"20/02/2026","ELECTRICAL SYSTEM: INTEGRATED TRAILER BRAKE CONTROL","Ford Motor Company (Ford) is recalling certain 2021-2026 F-150, 2022-2026 F-250 SD, F-350 SD, F-450 SD, F-550 SD, Maverick, 2024-2026 Ranger, 2023-2026 F-600 SD, 2022-2027 Lincoln Navigator, Expedition, and 2026 E-Transit vehicles. When towing a trailer, the integrated trailer module (ITRM) may lose communication with the vehicle, possibly causing a loss of brake and turn signal lights, or a loss of brake function. As such, these vehicles fail to comply with the requirements of Federal Motor Vehicle Safety Standard number 108, "" Lamps, Reflective Devices, and Associated Equipment.""","Trailer lights or brakes that do not function can reduce the driver’s ability to control the trailer and decrease the trailers visibility to other road users, increasing the risk of a crash.","The integrated trailer module software will be updated by a dealer, or through an over-the-air (OTA) update, free of charge. Owner notification letters were mailed March 25, 2026. Owners may contact Ford customer service at 1-866-436-7332. Ford's number for this recall is 26C10. Vehicle Identification Numbers (VINs) involved in this recall will be searchable on NHTSA.gov beginning March 17, 2026.",,"2024","FORD","F-550 SD"
"Ford Motor Company","25V315000",0,0,0,,"09/05/2025","BACK OVER PREVENTION:SOFTWARE","Ford Motor Company (Ford) is recalling certain 2021-2024 Bronco, F-150, 2021-2024 Edge, 2022-2025 Escape, F-250, F-350, F-450, F-550, F-600, 2022-2024 Expedition, 2022-2025 Transit, 2021-2023 Mach-E, 2024 Ranger, Mustang, 2021-2023 Lincoln Nautilus, 2022-2024 Navigator, and 2023-2024 Corsair vehicles. A software error may cause the rearview camera image to delay, freeze, or not display when the vehicle is in reverse.","A frozen or missing rearview camera image can reduce the driver's view behind the vehicle, increasing the risk of a crash.","The accessory protocol interface module (APIM) software will be updated by a dealer or through an over-the-air update, free of charge. This will be a phased campaign, with the remedy becoming available in different phases based on model and model years. Interim letters notifying owners of the safety risk were mailed on June 26, 2025. Additional letters will be mailed once the final remedy is available on each phase. Owner notification letters were sent on October 8, 2025. Owners may contact Ford customer service at 1-866-436-7332. Ford's number for this recall is 25S49.","Owners may also contact the National Highway Traffic Safety Administration Vehicle Safety Hotline at 888-327-4236 (TTY 888-275-9171) or go to nhtsa.gov.","2024","FORD","F-600 SD"
"Ford Motor Company","26V104000",0,0,0,,"20/02/2026","ELECTRICAL SYSTEM: INTEGRATED TRAILER BRAKE CONTROL","Ford Motor Company (Ford) is recalling certain 2021-2026 F-150, 2022-2026 F-250 SD, F-350 SD, F-450 SD, F-550 SD, Maverick, 2024-2026 Ranger, 2023-2026 F-600 SD, 2022-2027 Lincoln Navigator, Expedition, and 2026 E-Transit vehicles. When towing a trailer, the integrated trailer module (ITRM) may lose communication with the vehicle, possibly causing a loss of brake and turn signal lights, or a loss of brake function. As such, these vehicles fail to comply with the requirements of Federal Motor Vehicle Safety Standard number 108, "" Lamps, Reflective Devices, and Associated Equipment.""","Trailer lights or brakes that do not function can reduce the driver’s ability to control the trailer and decrease the trailers visibility to other road users, increasing the risk of a crash.","The integrated trailer module software will be updated by a dealer, or through an over-the-air (OTA) update, free of charge. Owner notification letters were mailed March 25, 2026. Owners may contact Ford customer service at 1-866-436-7332. Ford's number for this recall is 26C10. Vehicle Identification Numbers (VINs) involved in this recall will be searchable on NHTSA.gov beginning March 17, 2026.",,"2024","FORD","F-600 SD"
"Ford Motor Company","23V848000",0,0,0,,"15/12/2023","EXTERIOR LIGHTING:TURN SIGNAL:BULBS","Ford Motor Company (Ford) is recalling certain 2022-2024 Maverick vehicles.  In the event that one of the rear turn signals stops working, the vehicle will not adjust the turn signal flash rate frequency to warn the driver that a turn signal is not working correctly.  As such, these vehicles fail to comply with the requirements of Federal Motor Vehicle Safety Standard number 108, ""Lamps, Reflective Devices, and Associated Equipment.""","A nonfunctioning exterior turn signal will not notify other drivers that the vehicle is turning, increasing the risk of a crash.","Dealers will update the body control module software, free of charge.  Owner notification letters were mailed January 16, 2024.  Owners may contact Ford customer service at 1-866-436-7332.  Ford's number for this recall is 23C41.","Owners may also contact the National Highway Traffic Safety Administration Vehicle Safety Hotline at 1-888-327-4236 (TTY 1-800-424-9153), or go to www.nhtsa.gov.","2024","FORD","MAVERICK"
"Ford Motor Company","24V185000",0,0,0,,"08/03/2024","FUEL SYSTEM, GASOLINE:STORAGE:TANK ASSEMBLY","Ford Motor Company (Ford) is recalling certain 2024 Maverick vehicles.  The fuel tanks may have an open pinch joint between the two molds, which can allow fuel to leak.","A fuel leak in the presence of an ignition source increases the risk of a vehicle fire.","Owners are advised to park and shut off the engine immediately if a fuel leak is detected or the Malfunction Indicator Lamp illuminates.  Dealers will replace the fuel tanks, free of charge. Owner notification letters were mailed on July 10, 2024.  Owners may contact Ford customer service at 1-866-436-7332.  Ford's number for this recall is 24S17.","Owners may also contact the National Highway Traffic Safety Administration Vehicle Safety Hotline at 1-888-327-4236 (TTY 1-800-424-9153), or go to www.nhtsa.gov.","2024","FORD","MAVERICK"
"Ford Motor Company","24V266000",0,0,0,,"12/04/2024","EQUIPMENT:OTHER:LABELS","Ford Motor Company (Ford) is recalling certain 2024 Maverick vehicles.  The tire and loading information label may state the incorrect vehicle capacity, tire pressure, and spare tire size.  As such, these vehicles fail to comply with the requirements of Federal Motor Vehicle Safety Standard number 110, ""Tire Selection and Rims.""","Incorrect tire and capacity information may result in the vehicle being overloaded, increasing the risk of a crash.","Ford will mail new labels, free of charge.  Owner notification letters were mailed May 1, 2024.  Owners may contact Ford customer service at 1-866-436-7332.  Ford's number for this recall is 24C08.","Owners may also contact the National Highway Traffic Safety Administration Vehicle Safety Hotline at 1-888-327-4236 (TTY 1-800-424-9153), or go to www.nhtsa.gov.","2024","FORD","MAVERICK"
"Ford Motor Company","24V293000",0,0,0,,"26/04/2024","EXTERIOR LIGHTING:TAIL LIGHTS","Ford Motor Company (Ford) is recalling certain 2022-2024 Maverick vehicles.  The Body Control Module (BCM) may inadvertently deactivate one or both rear tail lights.","Rear tail lights that fail to illuminate can reduce the vehicle's visibility to other drivers, increasing the risk of a crash.","Dealers will update the BCM software, free of charge.  Owner notification letters were mailed May 10, 2024.  Owners may contact Ford customer service at 1-866-436-7332.  Ford's number for this recall is 24S24.","Owners may also contact the National Highway Traffic Safety Administration Vehicle Safety Hotline at 1-888-327-4236 (TTY 1-800-424-9153), or go to www.nhtsa.gov.","2024","FORD","MAVERICK"
"Ford Motor Company","24V330000",0,0,0,,"10/05/2024","POWER TRAIN:AUTOMATIC TRANSMISSION:CONTROL MODULE (TCM/PCM/TECM)","Ford Motor Company (Ford) is recalling certain 2022-2024 Maverick, 2020-2022 Escape, and 2021-2022 Lincoln Corsair vehicles.  The Hybrid Powertrain Control Module (HPCM) software may cause the vehicle to shift into neutral unexpectedly, causing a loss of drive power.","A loss of drive power increases the risk of a crash.","Dealers will update the HPCM software, free of charge.  Owner notification letters were mailed May 22, 2024.  Owners may contact Ford customer service at 1-866-436-7332.  Ford's number for this recall is 24S33.","Owners may also contact the National Highway Traffic Safety Administration Vehicle Safety Hotline at 1-888-327-4236 (TTY 1-800-424-9153), or go to www.nhtsa.gov.","2024","FORD","MAVERICK"
"Ford Motor Company","24V594000",0,0,0,,"09/08/2024","VISIBILITY:WINDSHIELD WIPER/WASHER:MOTOR","Ford Motor Company (Ford) is recalling certain 2023-2024 Maverick, Ford Bronco Sport, and Mustang Mach-E vehicles.  The front windshield wiper motor may become inoperative, causing the wipers to fail.","Inoperative windshield wipers can reduce visibility in certain conditions, increasing the risk of a crash.","Dealers will inspect and replace the windshield wiper motor as necessary, free of charge.  Owner notification letters were mailed on December 6, 2024.  Owners may contact Ford customer service at 1-866-436-7332.  Ford's number for this recall is 24S51.","Owners may also contact the National Highway Traffic Safety Administration Vehicle Safety Hotline at 1-888-327-4236 (TTY 1-800-424-9153), or go to www.safercar.gov.","2024","FORD","MAVERICK"
"Ford Motor Company","24V684000",0,0,0,,"13/09/2024","BACK OVER PREVENTION:SOFTWARE","Ford Motor Company (Ford) is recalling certain 2022-2024 Ford Maverick vehicles equipped with Connected Touch Radios (CTR).  The rearview camera image may freeze when the vehicle is in reverse.","An inoperative rearview camera display can reduce the driver's rear visibility, increasing the risk of a crash.","Dealers will update the Connected Touch Radio (CTR) software, free of charge.  Owner notification letters were mailed on March 21, 2025.  Owners may contact Ford customer service at 1-866-436-7332.  Ford's number for this recall is 24S59.","Owners may also contact the National Highway Traffic Safety Administration Vehicle Safety Hotline at 1-888-327-4236 (TTY 1-800-424-9153), or go to www.nhtsa.gov.","2024","FORD","MAVERICK"
"Ford Motor Company","24V778000",0,0,0,,"18/10/2024","CHILD SEAT:VEHICLE TETHER ANCHOR","Ford Motor Company (Ford) is recalling certain 2024 Maverick vehicles.  The second-row child seat tether anchors may not properly secure a child seat, due to incomplete thread engagement.  As such, these vehicles fail to comply with the requirements of Federal Motor Vehicle Safety Standard number 225, ""Child Restraint Anchorage Systems.""","A child seat that is not secured properly increases the risk of injury in the event of a crash.","Dealers will repair the tether anchorage points, free of charge.  Owner notification letters were mailed December 4, 2024.  Owners may contact Ford customer service at 1-866-436-7332.  Ford's number for this recall is 24C33.","Owners may also contact the National Highway Traffic Safety Administration Vehicle Safety Hotline at 1-888-327-4236 (TTY 1-800-424-9153) or go to nhtsa.gov.","2024","FORD","MAVERICK"
"Ford Motor Company","25V094000",0,0,0,,"14/02/2025","EXTERIOR LIGHTING:TURN SIGNAL","Ford Motor Company (Ford) is recalling certain 2022-2024 Maverick vehicles previously repaired incorrectly under recall number 23V-848.  In the event that one of the rear turn signals stops working, the vehicle will not adjust the turn signal flash rate frequency to warn the driver that a turn signal has failed.  As such, these vehicles fail to comply with the requirements of Federal Motor Vehicle Safety Standard number 108, ""Lamps, Reflective Devices, and Associated Equipment.""","A nonfunctioning exterior turn signal cannot notify other drivers that the vehicle is turning, increasing the risk of a crash.","Dealers will update the body control module software, free of charge.  Owner notification letters were mailed March 27, 2025.  Owners may contact Ford customer service at 866-436-7332.  Ford's number for this recall is 25C04.","Owners may also contact the National Highway Traffic Safety Administration Vehicle Safety Hotline at 888-327-4236 (TTY 888-275-9171) or go to nhtsa.gov.","2024","FORD","MAVERICK"
"Ford Motor Company","25V095000",0,0,0,,"14/02/2025","EXTERIOR LIGHTING:TAIL LIGHTS","Ford Motor Company (Ford) is recalling certain 2022-2024 Maverick vehicles previously repaired incorrectly under recall number 24V-293.  The body control module (BCM) may inadvertently deactivate one or both rear tail lights.","Rear tail lights that fail to illuminate can reduce the vehicle's visibility to other drivers, increasing the risk of a crash.","Dealers will update the body control module software, free of charge.  Owner notification letters were mailed March 28, 2025.  Owners may contact Ford customer service at 866-436-7332.  Ford's number for this recall is 25S07.","Owners may also contact the National Highway Traffic Safety Administration Vehicle Safety Hotline at 888-327-4236 (TTY 888-275-9171) or go to nhtsa.gov.","2024","FORD","MAVERICK"
"Ford Motor Company","25V133000",0,0,0,,"28/02/2025","POWER TRAIN:AUTOMATIC TRANSMISSION:CONTROL MODULE (TCM/PCM/TECM)","Ford Motor Company (Ford) is recalling certain 2022-2024 Maverick, 2022 Escape, and 2021-2022 Lincoln Corsair vehicles previously repaired incorrectly under recall number 24V-330.  The Hybrid Powertrain Control Module (HPCM) software may cause the vehicle to shift into neutral unexpectedly, causing a loss of drive power.","A loss of drive power increases the risk of a crash.","Dealers will update the HPCM software, free of charge.  Owner notification letters were mailed April 11, 2025.  Owners may contact Ford customer service at 1-866-436-7332.  Ford's number for this recall is 25S16.","Owners may also contact the National Highway Traffic Safety Administration Vehicle Safety Hotline at 888-327-4236 (TTY 888-275-9171) or go to nhtsa.gov.","2024","FORD","MAVERICK"
"Ford Motor Company","25V442000",0,0,0,,"27/06/2025","BACK OVER PREVENTION:SOFTWARE","Ford Motor Company (Ford) is recalling certain 2018-2022 Transit Connect, 2019-2020 MKZ, MKX,  Edge, Continental, F-150, Nautilus, Fusion, 2019-2023 Ranger, Mustang, 2020-2021 EcoSport, Expedition, Navigator, 2020-2022 Escape, F-250 SD, Corsair, 2020-2023 Aviator, Transit, 2020-2024 Explorer, 2021-2024 Bronco Sport, and 2022-2024 Maverick vehicles. A software error may cause the rearview camera to display a blank image, or the image may remain on the display after the backing event has ended.","A rearview camera that displays a blank image can reduce the driver's view behind the vehicle. A rearview image that continues to be displayed after the vehicle is shifted out of reverse may distract the driver. Both of these situations can increase the risk of a crash.","Dealers will update the rearview camera software, free of charge. Owner notification letters were mailed September 4, 2025. Owners may contact Ford customer service at 1-866-436-7332. Ford's number for this recall is 25S72.",,"2024","FORD","MAVERICK"
"Ford Motor Company","25V685000",0,0,0,,"10/10/2025","EQUIPMENT:ELECTRICAL:ENGINE BLOCK HEATER","Ford Motor Company (Ford) is recalling certain 2016-2019 Lincoln MKC, 2016-2023 Explorer, 2019-2020 Fusion, 2019-2024 Ranger, 2020-2022 Lincoln Corsair, Escape, 2021-2024 Bronco, Bronco Sport, and 2022-2024 Maverick vehicles. The engine block heater may crack and develop a coolant leak, causing it to short circuit when the block heater is plugged in.","An electrical short circuit can increase the risk of a fire.","Owners are advised not to plug in their block heater until the vehicle is remedied. Dealers will replace the block heater, free of charge. Owners will also have a alternative option to replace engine block heater element with a threaded blanking plug, and remove the block heater electrical cord. Interim letters, notifying owners of the safety risk, were mailed December 3, 2025. Additional letters will be sent once the final remedy is available, anticipated September 2026. Owners may contact Ford customer service at 1-866-436-7332. Ford's number for this recall is 25SA4. Vehicle Identification Numbers (VINs) involved in this recall became searchable on NHTSA.gov on October 15, 2025.",,"2024","FORD","MAVERICK"
"Ford Motor Company","26V104000",0,0,0,,"20/02/2026","ELECTRICAL SYSTEM: INTEGRATED TRAILER BRAKE CONTROL","Ford Motor Company (Ford) is recalling certain 2021-2026 F-150, 2022-2026 F-250 SD, F-350 SD, F-450 SD, F-550 SD, Maverick, 2024-2026 Ranger, 2023-2026 F-600 SD, 2022-2027 Lincoln Navigator, Expedition, and 2026 E-Transit vehicles. When towing a trailer, the integrated trailer module (ITRM) may lose communication with the vehicle, possibly causing a loss of brake and turn signal lights, or a loss of brake function. As such, these vehicles fail to comply with the requirements of Federal Motor Vehicle Safety Standard number 108, "" Lamps, Reflective Devices, and Associated Equipment.""","Trailer lights or brakes that do not function can reduce the driver’s ability to control the trailer and decrease the trailers visibility to other road users, increasing the risk of a crash.","The integrated trailer module software will be updated by a dealer, or through an over-the-air (OTA) update, free of charge. Owner notification letters were mailed March 25, 2026. Owners may contact Ford customer service at 1-866-436-7332. Ford's number for this recall is 26C10. Vehicle Identification Numbers (VINs) involved in this recall will be searchable on NHTSA.gov beginning March 17, 2026.",,"2024","FORD","MAVERICK"
"Ford Motor Company","26V340000",1,0,0,,"27/05/2026","SUSPENSION:FRONT:CONTROL ARM:LOWER BALL JOINT","Ford Motor Company (Ford) is recalling certain 2021-2026 Bronco Sport and 2022-2026 Maverick vehicles. The front lower control arm ball joints may have been incorrectly installed or incorrectly repaired at the vehicle assembly plant, allowing the control arm to disconnect from the front wheel knuckle.","A detached control arm can cause a loss of vehicle control, increasing the risk of a crash.","Owners are advised not to drive their vehicles until the remedy is completed. Dealers will inspect and repair the front lower control arm ball joints as necessary, free of charge. Interim letters, notifying owners of the safety risk, were mailed June 4, 2026. Additional letters will be sent once the remedy is available. Owners may contact Ford customer service at 1-866-436-7332. Ford's number for this recall is 26S36. Vehicle Identification Numbers (VINs) involved in this recall became searchable on NHTSA.gov on May 29, 2026.",,"2024","FORD","MAVERICK"
"Ford Motor Company","23V800000",1,0,0,,"28/11/2023","SERVICE BRAKES, HYDRAULIC:PEDALS AND LINKAGES","Ford Motor Company (Ford) is recalling certain 2024 Mustang vehicles.  The brake pedal assembly may have been manufactured incorrectly, which can result in a loose brake pedal.","A loose brake pedal can result in a loss of braking function, increasing the risk of a crash.","Owners are advised not to drive their vehicle until the repair has been performed.  Dealers will replace the brake pedal and bracket assembly, free of charge.  Owner notification letters were mailed December 21, 2023.  Owners may contact Ford customer service at 1-866-436-7332.  Ford's number for this recall is 23S61.","Owners may also contact the National Highway Traffic Safety Administration Vehicle Safety Hotline at 1-888-327-4236 (TTY 1-800-424-9153), or go to www.nhtsa.gov.","2024","FORD","MUSTANG"
"Ford Motor Company","24V220000",0,0,0,,"22/03/2024","FUEL SYSTEM, GASOLINE:DELIVERY:HOSES, LINES/PIPING, AND FITTINGS","Ford Motor Company (Ford) is recalling certain 2024 Mustang vehicles equipped with 2.3L engines.  The low-pressure fuel supply line may be damaged or cut, which can result in a fuel leak.","A fuel leak in the presence of an ignition source such as hot engine or exhaust components, can increase the risk of a fire.  In addition, a loss of fuel may result in an engine stall, increasing the risk of a crash.","Dealers will replace the low-pressure fuel supply line, free of charge.  Owner notification letters were mailed April 4, 2024.  Owners may contact Ford customer service at 1-866-436-7332.  Ford's number for this recall is 24S19.","Owners may also contact the National Highway Traffic Safety Administration Vehicle Safety Hotline at 1-888-327-4236 (TTY 1-800-424-9153), or go to www.nhtsa.gov.","2024","FORD","MUSTANG"
"Ford Motor Company","24V394000",0,0,0,,"03/06/2024","POWER TRAIN:CLUTCH ASSEMBLY:LINKAGE:HYDRAULIC HOSE/FITTINGS","Ford Motor Company (Ford) is recalling certain 2024 Mustang vehicles.  The clutch pressure line may be improperly secured and contact hot exhaust components, which can result in melting of the clutch pressure line and cause a brake fluid leak.","A melted clutch pressure line can result in a loss of drive power, increases the risk of a crash.  A brake fluid leak increases the risk of fire in the presence of an ignition source.","Dealers will inspect the clutch pressure line and repair it as necessary, free of charge.  Owner notification letters were mailed June 14, 2024.  Owners may contact Ford customer service at 1-866-436-7332.  Ford's number for this recall is 24S36.","Owners may also contact the National Highway Traffic Safety Administration Vehicle Safety Hotline at 1-888-327-4236 (TTY 1-800-424-9153), or go to www.nhtsa.gov.","2024","FORD","MUSTANG"
"Ford Motor Company","24V496000",0,0,0,,"28/06/2024","SERVICE BRAKES, HYDRAULIC:BRAKE FLUID LOW WARNING:SWITCH/SENSOR/FLOAT","Ford Motor Company (Ford) is recalling certain 2024 Mustang vehicles.  The brake fluid level sensor may not be properly configured after a Body Control Module (BCM) service update, resulting in a constantly illuminated brake fluid level warning light that can conceal a low brake fluid condition.","An undetected low brake fluid condition can lead to a loss of braking function, increasing the risk of a crash.","Dealers will update the body control module (BCM) software, free of charge.  Owner notification letters were mailed July 12, 2024.  Owners may contact Ford customer service at 1-866-436-7332.  Ford's number for this recall is 24S43.","Owners may also contact the National Highway Traffic Safety Administration Vehicle Safety Hotline at 1-888-327-4236 (TTY 1-800-424-9153), or go to www.nhtsa.gov.","2024","FORD","MUSTANG"
"Ford Motor Company","24V593000",0,0,0,,"09/08/2024","SUSPENSION:REAR","Ford Motor Company (Ford) is recalling certain 2024 Mustang vehicles.  The rear suspension knuckles may have a casting defect that causes them to fail, which can result in a loss of vehicle handling and steering control.","A loss of vehicle handling and steering control increases the risk of a crash.","Dealers will inspect and replace the rear suspension knuckle as necessary, free of charge.  Owner notification letters were mailed August 26, 2024.  Owners may contact Ford customer service at 1-866-436-7332.  Ford's number for this recall is 24S49.","Owners may also contact the National Highway Traffic Safety Administration Vehicle Safety Hotline at 1-888-327-4236 (TTY 1-800-424-9153), or go to www.nhtsa.gov.","2024","FORD","MUSTANG"
"Ford Motor Company","24V634000",0,0,0,,"23/08/2024","FUEL SYSTEM, GASOLINE:FUEL INJECTION SYSTEM:INJECTORS","Ford Motor Company (Ford) is recalling certain 2023 Lincoln Corsair, 2023-2024 Escape, 2024 Mustang, and 2025 Explorer vehicles.  The fuel injectors may have been assembled without O-ring support discs, which can result in a fuel leak.","A fuel leak in the presence of an ignition source increases the risk of a fire.","Dealers will install new fuel injector O-rings and O-ring support discs, free of charge.  Owner notification letters were mailed on October 7, 2024.  Owners may contact Ford customer service at 1-866-436-7332.  Ford's number for this recall is 24S54.","Owners may also contact the National Highway Traffic Safety Administration Vehicle Safety Hotline at 1-888-327-4236 (TTY 1-800-424-9153), or go to www.safercar.gov.","2024","FORD","MUSTANG"
"Ford Motor Company","24V802000",0,0,0,,"25/10/2024","ELECTRICAL SYSTEM: INSTRUMENT CLUSTER/PANEL","Ford Motor Company (Ford) is recalling certain 2024 Mustang vehicles.  The Instrument Panel Cluster (IPC) may not illuminate at startup or while driving.  As such, these vehicles fail to comply with the requirements of Federal Motor Vehicle Safety Standard numbers 101, ""Control and Displays"" and 102, ""Transmission shift lever sequence, starter interlock, and transmission braking effect.""","An instrument panel display that does not show critical information, such as warning lights or vehicle speed, increases the risk of a crash.","Dealers will update the instrument panel cluster software, free of charge.  Owner notification letters were mailed on February 25, 2025.  Owners may contact Ford customer service at 1-866-436-7332.  Ford's number for this recall is 24C35.","Owners may also contact the National Highway Traffic Safety Administration Vehicle Safety Hotline at 1-888-327-4236 (TTY 1-800-424-9153) or go to nhtsa.gov.","2024","FORD","MUSTANG"
"Ford Motor Company","25V315000",0,0,0,,"09/05/2025","BACK OVER PREVENTION:SOFTWARE","Ford Motor Company (Ford) is recalling certain 2021-2024 Bronco, F-150, 2021-2024 Edge, 2022-2025 Escape, F-250, F-350, F-450, F-550, F-600, 2022-2024 Expedition, 2022-2025 Transit, 2021-2023 Mach-E, 2024 Ranger, Mustang, 2021-2023 Lincoln Nautilus, 2022-2024 Navigator, and 2023-2024 Corsair vehicles. A software error may cause the rearview camera image to delay, freeze, or not display when the vehicle is in reverse.","A frozen or missing rearview camera image can reduce the driver's view behind the vehicle, increasing the risk of a crash.","The accessory protocol interface module (APIM) software will be updated by a dealer or through an over-the-air update, free of charge. This will be a phased campaign, with the remedy becoming available in different phases based on model and model years. Interim letters notifying owners of the safety risk were mailed on June 26, 2025. Additional letters will be mailed once the final remedy is available on each phase. Owner notification letters were sent on October 8, 2025. Owners may contact Ford customer service at 1-866-436-7332. Ford's number for this recall is 25S49.","Owners may also contact the National Highway Traffic Safety Administration Vehicle Safety Hotline at 888-327-4236 (TTY 888-275-9171) or go to nhtsa.gov.","2024","FORD","MUSTANG"
"Ford Motor Company","25V516000",0,0,0,,"08/08/2025","ELECTRICAL SYSTEM: INSTRUMENT CLUSTER/PANEL","Ford Motor Company (Ford) is recalling one 2024 Mustang vehicle that was repaired incorrectly under recall 24V802. The Instrument Panel Cluster (IPC) may not illuminate at startup or while driving. As such, these vehicles fail to comply with the requirements of Federal Motor Vehicle Safety Standard numbers 101, ""Control and Displays"" and 102, ""Transmission shift lever sequence, starter interlock, and transmission braking effect.""","An instrument panel display that does not show critical information, such as warning lights or vehicle speed, increases the risk of a crash.","A dealer will update the instrument panel cluster software, free of charge. Owner notification letters were mailed on September 12, 2025. Owners may contact Ford customer service at 1-866-436-7332. Ford's number for this recall is 25C35.",,"2024","FORD","MUSTANG"
"Ford Motor Company","25V546000",0,0,0,,"22/08/2025","EXTERIOR LIGHTING","Ford Motor Company (Ford) is recalling certain 2024-2025 Mustang, and  Mustang GTD vehicles. Water may enter the body control module and cause a loss of communication with the exterior lighting, including the license plate light, side marker, and tail lights. As such, these vehicles fail to comply with the requirements of Federal Motor Vehicle Safety Standard number 108, ""Lamps, Reflective Devices, and Associated Equipment.""","License plate, side marker, and tail lights that fail to illuminate as intended can reduce visibility to other drivers, increasing the risk of a crash.","Dealers will inspect and seal the body seams as necessary. Dealers will also inspect the body control module for corrosion and replace it, if necessary. Repairs will be performed free of charge. Owner notification letters were mailed October 10, 2025. Owners may contact Ford customer service at 1-866-436-7332. Ford's number for this recall is 25C43.",,"2024","FORD","MUSTANG"
"Ford Motor Company","26V418000",0,0,0,,"30/06/2026","VISIBILITY:WINDSHIELD WIPER/WASHER:MOTOR","Ford Motor Company (Ford) is recalling certain 2024-2026 Mustang and 2025-2026 Mustang GTD vehicles. During certain cold temperature conditions, the windshield wipers may function only at their high-speed setting and the washing system may fail to function properly.","Windshield wipers or a washing system that fails to function as intended can reduce visibility, increasing the risk of a crash.","Dealers will inspect and replace the wiper motor as necessary, free of charge. Interim letters, notifying owners of the safety risk, were mailed July 9, 2026. Additional letters will be sent once the remedy is available, anticipated in late March 2027. Owners may contact Ford customer service at 1-866-436-7332. Ford's number for this recall is 26C32. Vehicle Identification Numbers (VINs) involved in this recall became searchable on NHTSA.gov on July 2, 2026.",,"2024","FORD","MUSTANG"
"Forest River, Inc.","25V245000",0,0,0,,"14/04/2025","STRUCTURE:BODY:STEP/LADDER","Forest River, Inc. (Forest River) is recalling certain 2024-2025 Coachmen Catalina, Forest River Aurora, Cascade, Cedar Creek, Cherokee, Sandpiper, Sierra, 2025 Campsite Reserve, Impression, Pause, Puma, Sabre, Salem, Vengeance, and Wildwood fifth wheel and travel trailers, equipped with a removable step assembly.  The clip-on bracket mounting bolts may come loose, allowing the steps to detach.","Steps that detach while in use increase the risk of injury.","Dealers will inspect and repair or replace the clip-on bracket as necessary, free of charge.  Owner notification letters were mailed April 28, 2025.  Owners may contact customer service at Aurora & Catalina (1-574-825-4995), Campsite Reserve, Cascade, Cherokee, Sabre, Vengeance (1-260-499-2100), Cedar Creek (1-260-593-4000), Impression (1-574-327-2716), Pause (1-574-327-2681), Puma (1-574-642-0588), Sierra & Sandpiper (1-574-534-4574), and Salem & Wildwood (1-574-534-3167).  Forest River's number for this recall is 51-1915.","Owners may also contact the National Highway Traffic Safety Administration Vehicle Safety Hotline at 1-888-327-4236 (TTY 1- 888-275-9171), or go to www.safercar.gov.","2024","FOREST RIVER","CHEROKEE"
"Forest River, Inc.","23V774000",0,0,0,,"17/11/2023","PARKING BRAKE:ELECTRICAL","Forest River, Inc. (Forest River) is recalling certain 2022-2024 Forester and Sunseeker motorhomes.  The park brake signal wire may not be connected to the house battery control center, which can allow the slideroom to extend during transit.","A slideroom unexpectedly extends increases the risk of a crash.","Dealers will connect the signal wire to the battery control center, free of charge.  Owner notification letters were mailed December 12, 2023.  Owners may contact Forest River Customer Service at 1-574-206-7600.  Forest River's number for this recall is 34-1707.","Owners may also contact the National Highway Traffic Safety Administration Vehicle Safety Hotline at 1-888-327-4236 (TTY 1-800-424-9153), or go to www.nhtsa.gov.","2024","FOREST RIVER","FORESTER"
"Forest River, Inc.","24V351000",0,0,0,,"17/05/2024","EQUIPMENT:RECREATIONAL VEHICLE/TRAILER:LPG SYSTEMS:LINES AND FITTINGS","Forest River, Inc. (Forest River) is recalling certain 2024-2025 Solera, 2023-2025 Forester, and Sunseeker motorhomes.  The Liquid Propane (LP) line may not be properly secured, which can cause the line to become damaged and leak.","A propane gas leak in the presence of an ignition source increases the risk of a fire.","Dealers will install a p-clamp to secure the LP line, free of charge.  Owner notification letters were mailed May 28, 2024.  Owners may contact Forest River Customer Service at 1-574-206-7600.  Forest River's number for this recall is 34-1780.","Owners may also contact the National Highway Traffic Safety Administration Vehicle Safety Hotline at 1-888-327-4236 (TTY 1-800-424-9153), or go to www.nhtsa.gov.","2024","FOREST RIVER","FORESTER"
"Forest River, Inc.","24V103000",0,0,0,,"12/02/2024","EQUIPMENT:RECREATIONAL VEHICLE/TRAILER:LPG SYSTEMS:TANK ASSEMBLY","Forest River, Inc. (Forest River) is recalling certain 2019-2024 Georgetown and FR3 Class A motorhomes.  The liquid petroleum gas (LPG) tank mounting brackets may break, which can result in the LPG tank becoming dislodged and damaged.","A damaged LPG tank increases the risk of a fire.","Dealers will inspect and replace the brackets and welds as necessary, free of charge.  Owner notification letters were mailed March 11, 2024.  Owners may contact Forest River Customer Service at 1-574-206-7600.  Forest River's number for this recall is 68-1736.","Owners may also contact the National Highway Traffic Safety Administration Vehicle Safety Hotline at 1-888-327-4236 (TTY 1-800-424-9153), or go to www.nhtsa.gov.","2024","FOREST RIVER","FR3"
"Forest River, Inc.","24V771000",0,0,0,,"08/11/2024","EQUIPMENT:APPLIANCE:AIR CONDITIONER","Forest River, Inc. (Forest River) is recalling certain 2024 Ahara, Entrada, 2022-2025 FR3, Georgetown, 2021-2023 Dynamax Isata, 2021-2025 Encore, Mirada, Pursuit, 2025 Sportscoach, V-Cruise, V-Sport, V-Tour, 2023 Sunseeker, and 2024-2025 V-RV motorhomes, equipped with General Electric air conditioners with a soft start device with part number ICM870-16A-BH5400.  The air conditioner soft start device may fail and overheat.","An air conditioner soft start device that overheats increases the risk of a fire.","Dealers will replace the soft start, free of charge.  Owner notification letters were mailed July 1, 2025.  Owners may contact Encore, Mirada, Pursuit and Sportscoach customer service at 1-574-825-8212, Isata customer service at 574-262-3474, Georgetown, FR3, and Sunseeker customer service at 574-206-7600, Ahara and Entrada customer service at 574-264-6664, and V-Cruise, V-RV, V-Sport, and V-Tour customer service at 574-617-6408.  Forest River's number for this recall is 51-1839.","Owners may also contact the National Highway Traffic Safety Administration Vehicle Safety Hotline at 1-888-327-4236 (TTY 1-800-424-9153) or go to nhtsa.gov.","2024","FOREST RIVER","FR3"
"Forest River, Inc.","24V103000",0,0,0,,"12/02/2024","EQUIPMENT:RECREATIONAL VEHICLE/TRAILER:LPG SYSTEMS:TANK ASSEMBLY","Forest River, Inc. (Forest River) is recalling certain 2019-2024 Georgetown and FR3 Class A motorhomes.  The liquid petroleum gas (LPG) tank mounting brackets may break, which can result in the LPG tank becoming dislodged and damaged.","A damaged LPG tank increases the risk of a fire.","Dealers will inspect and replace the brackets and welds as necessary, free of charge.  Owner notification letters were mailed March 11, 2024.  Owners may contact Forest River Customer Service at 1-574-206-7600.  Forest River's number for this recall is 68-1736.","Owners may also contact the National Highway Traffic Safety Administration Vehicle Safety Hotline at 1-888-327-4236 (TTY 1-800-424-9153), or go to www.nhtsa.gov.","2024","FOREST RIVER","GEORGETOWN"
"Forest River, Inc.","24V771000",0,0,0,,"08/11/2024","EQUIPMENT:APPLIANCE:AIR CONDITIONER","Forest River, Inc. (Forest River) is recalling certain 2024 Ahara, Entrada, 2022-2025 FR3, Georgetown, 2021-2023 Dynamax Isata, 2021-2025 Encore, Mirada, Pursuit, 2025 Sportscoach, V-Cruise, V-Sport, V-Tour, 2023 Sunseeker, and 2024-2025 V-RV motorhomes, equipped with General Electric air conditioners with a soft start device with part number ICM870-16A-BH5400.  The air conditioner soft start device may fail and overheat.","An air conditioner soft start device that overheats increases the risk of a fire.","Dealers will replace the soft start, free of charge.  Owner notification letters were mailed July 1, 2025.  Owners may contact Encore, Mirada, Pursuit and Sportscoach customer service at 1-574-825-8212, Isata customer service at 574-262-3474, Georgetown, FR3, and Sunseeker customer service at 574-206-7600, Ahara and Entrada customer service at 574-264-6664, and V-Cruise, V-RV, V-Sport, and V-Tour customer service at 574-617-6408.  Forest River's number for this recall is 51-1839.","Owners may also contact the National Highway Traffic Safety Administration Vehicle Safety Hotline at 1-888-327-4236 (TTY 1-800-424-9153) or go to nhtsa.gov.","2024","FOREST RIVER","GEORGETOWN"
"Forest River, Inc.","24V029000",0,0,0,,"19/01/2024","SUSPENSION:CRITICAL FASTENERS","Forest River, Inc. (Forest River) is recalling certain 2022-2024 No Boundaries (NOBO), and 2023-2024 RPOD, and IBEX trailers.  The fasteners for the independent suspension may loosen, allowing the independent suspension to detach.","A detached independent suspension can increase the risk of a crash.","Dealers will inspect the fasteners and replace or secure them as necessary, free of charge.  Owner notification letters were mailed February 20, 2024.  Owners may contact Forest River Customer Service at 1-574-642-1612.  Forest River's number for this recall is 51-1727.","Owners may also contact the National Highway Traffic Safety Administration Vehicle Safety Hotline at 1-888-327-4236 (TTY 1-800-424-9153), or go to www.nhtsa.gov.","2024","FOREST RIVER","IBEX"
"Forest River, Inc.","24V137000",0,0,0,,"23/02/2024","EQUIPMENT:RECREATIONAL VEHICLE/TRAILER","Forest River, Inc. (Forest River) is recalling certain 2024 IBEX and No Boundaries travel trailers.  The recessed space heaters may have been installed too close to the ceiling.","Inadequate clearance around the heaters increases the risk of a fire.","Dealers will reinstall the heaters, free of charge.  Owner notification letters were mailed March 15, 2024.  Owners may contact Forest River Customer Service at 1-574-642-1612.  Forest River's number for this recall is 91-174.","Owners may also contact the National Highway Traffic Safety Administration Vehicle Safety Hotline at 1-888-327-4236 (TTY 1-800-424-9153), or go to www.nhtsa.gov.","2024","FOREST RIVER","IBEX"
"Forest River, Inc.","24V272000",0,0,0,,"17/04/2024","EQUIPMENT:ELECTRICAL","Forest River, Inc. (Forest River) is recalling certain 2021-2022 Forest River Cardinal, Wildcat, 2018-2019 Cedar Creek, 2021 Columbus, 2023 Continental Cargo, 2021-2024 Dynamax DX3, Dynamax Dynaquest XL, Dynamax Isata, Forest River IBEX, 2022-2024 Dynamax Europa, Forest River NOBO, 2022-2023 Forest River Sandstorm, Shockwave, Stealth, and 2021-2023 Dynamax Force trailers.  The LED backlight circuit board in the cooktop range may fail, causing the board to overheat.","A circuit board that overheats increases the risk of a fire.","Dealers will disconnect and cut the circuit powering the LED backlights and terminate the wiring, free of charge.  Owner notification letters were mailed by May 14, 2024.  Owners may contact Suburban customer service at 1-574-247-9235 option 5; Cardinal & Wildcat customer service at 1-574-296-7700; Cedar Creek customer service at 1-260-593-4000; Columbus customer service at 1-574-821-1487; Continental Cargo customer service at 1-254-420-0171; Dynamax customer service at 1-574-264-6664; Ibex & Nobo customer service at 1-574-6421612; and Sandstorm & Shockwave customer service at 1-909-873-3777.  Forest River's number for this recall is 51-1760.","Owners may also contact the National Highway Traffic Safety Administration Vehicle Safety Hotline at 1-888-327-4236 (TTY 1-800-424-9153), or go to www.nhtsa.gov.","2024","FOREST RIVER","IBEX"
"Forest River, Inc.","23V638000",0,0,0,,"15/09/2023","ELECTRICAL SYSTEM:12V/24V/48V BATTERY","Forest River, Inc. (Forest River) is recalling certain 2024 Palomino hardside, softside, and real-lite truck campers.  An unnecessary charge line may have been connected to the lithium battery.","The charge line may overcharge the lithium battery, increasing the risk of a fire.","Dealers will disconnect the charge line and install bell caps, free of charge.  Owner notification letters are expected to be mailed October 25, 2023.  Owners may contact Palomino customer service at 1-269-432-3271.  Forest River's number for this recall is 400-1677.","Owners may also contact the National Highway Traffic Safety Administration Vehicle Safety Hotline at 1-888-327-4236 (TTY 1-800-424-9153), or go to www.safercar.gov.","2024","FOREST RIVER","PALOMINO"
"Forest River, Inc.","24V029000",0,0,0,,"19/01/2024","SUSPENSION:CRITICAL FASTENERS","Forest River, Inc. (Forest River) is recalling certain 2022-2024 No Boundaries (NOBO), and 2023-2024 RPOD, and IBEX trailers.  The fasteners for the independent suspension may loosen, allowing the independent suspension to detach.","A detached independent suspension can increase the risk of a crash.","Dealers will inspect the fasteners and replace or secure them as necessary, free of charge.  Owner notification letters were mailed February 20, 2024.  Owners may contact Forest River Customer Service at 1-574-642-1612.  Forest River's number for this recall is 51-1727.","Owners may also contact the National Highway Traffic Safety Administration Vehicle Safety Hotline at 1-888-327-4236 (TTY 1-800-424-9153), or go to www.nhtsa.gov.","2024","FOREST RIVER","R-POD"
"Forest River, Inc.","26V336000",0,0,0,,"26/05/2026","SUSPENSION:FRONT:SPRINGS:COIL SPRINGS","Forest River, Inc. (Forest River) is recalling certain 2026 Riverstone, Cedar Creek, and 2024 R-Pod recreational trailers equipped with Curt Touring Coil Suspensions. The shock bolts may have been incorrectly tightened.","Broken shock retainer bolt heads and washers may detach and become a road hazard for other vehicles, increasing the risk of a crash.","Dealers will replace the shock bolts, free of charge. Owner notification letters were mailed July 6, 2026. Owners may contact Cedar Creek customer service at 1-260-593-4000, R-Pod customer service at 1-574-642-3119, and Riverstone customer service at 1-260-593-4028. Forest River's number for this recall is 51-062.",,"2024","FOREST RIVER","R-POD"
"Forest River, Inc.","23V658000",0,0,0,,"29/09/2023","STRUCTURE:EMERGENCY:ESCAPE/EGRESS/EXIT","Forest River, Inc. (Forest River) is recalling certain 2024 Salem and Wildwood fifth wheels.  These vehicles may be missing a secondary emergency exit.","A missing emergency exit window could prevent or delay the occupants from exiting in the event of an emergency, increasing the risk of injury.","Dealers will install an emergency exit window, free of charge.  All affected vehicles are still within dealer inventory and therefore no owner notification letters will be mailed.  Owners may contact Forest River Customer Service at 1-574-534-3167.  Forest River's number for this recall is 51-1683.","Owners may also contact the National Highway Traffic Safety Administration Vehicle Safety Hotline at 1-888-327-4236 (TTY 1-800-424-9153), or go to www.nhtsa.gov.","2024","FOREST RIVER","SALEM"
"Forest River, Inc.","24V066000",0,0,0,,"02/02/2024","EQUIPMENT:OTHER:LABELS","Forest River, Inc. (Forest River) is recalling certain 2023-2024 Salem and Wildwood fifth wheel travel trailers.  The Federal Placard may have incorrect tire size information.  As such, these trailers fail to comply with the requirements of Federal Motor Vehicle Safety Standard number 120, ""Wheels and Rims - Other Than Passenger Cars.""","Incorrect tire size information could result in the wrong tires being installed on the trailer, increasing the risk of a crash.","Dealers will mail new federal placards, free of charge.  Owner notification letters were mailed February 13, 2024.  Owners may contact Forest River Customer Service at 1-574-534-3167.  Forest River's number for this recall is 69-1731.","Owners may also contact the National Highway Traffic Safety Administration Vehicle Safety Hotline at 1-888-327-4236 (TTY 1-800-424-9153), or go to www.nhtsa.gov.","2024","FOREST RIVER","SALEM"
"Forest River, Inc.","24V388000",0,0,0,,"03/06/2024","SUSPENSION:MULTIPLE AXLE","Forest River, Inc. (Forest River) is recalling certain 2024 Forest River Rainier, Stealth Evo, Salem, Vibe, and Wildwood travel trailers.  The tire may contact the vehicle body due to insufficient clearance, which can cause tire damage.","A damaged tire can fail and cause a loss of vehicle control, increasing the risk of a crash.","Dealers will install taller shackles and equalizers, free of charge.  Owner notification letters were mailed June 19, 2024.  Owners may contact Forest River customer service at 1-503-831-5410.  Forest River's number for this recall is 22-1789.","Owners may also contact the National Highway Traffic Safety Administration Vehicle Safety Hotline at 1-888-327-4236 (TTY 1-800-424-9153), or go to www.safercar.gov.","2024","FOREST RIVER","SALEM"
"Forest River, Inc.","24V490000",0,0,0,,"28/06/2024","STRUCTURE:EMERGENCY:ESCAPE/EGRESS/EXIT","Forest River, Inc. (Forest River) is recalling certain 2024-2025 Salem, and Wildwood travel trailers.  The affected vehicles may not have a secondary emergency exit installed.","In the event of an emergency, passengers may not be able to exit the vehicle, increasing the risk of injury.","Dealers will install an emergency exit window, free of charge.  Owner notification letters were mailed July 26, 2024.  Owners may contact Forest River customer service at 574-534-3167.  Forest River's number for this recall is 72-1805.","Owners may also contact the National Highway Traffic Safety Administration Vehicle Safety Hotline at 1-888-327-4236 (TTY 1-800-424-9153), or go to www.nhtsa.gov.","2024","FOREST RIVER","SALEM"
"Forest River, Inc.","24V531000",0,0,0,,"12/07/2024","TRAILER HITCHES","Forest River, Inc. (Forest River) is recalling certain 2024 Salem, Puma, Wildwood, and 2025 Cherokee travel trailers equipped with certain Pacific Rim brand couplers.  The couplers have an incorrect load rating of 14,000 pounds and may be overloaded, causing the hitch to fail.","Hitch failure increases the risk of a crash or injury.","Dealers will inspect the date code of the hitch coupler and replace it if necessary, free of charge.  Owner notification letters were mailed August 2, 2024.  Owners may contact Forest River Customer Service at Salem & Wildwood (574) 534-3167, Puma (574) 642-0588 or Cherokee (260) 499-2100.  Forest River's number for this recall is 51-1803.","Owners may also contact the National Highway Traffic Safety Administration Vehicle Safety Hotline at 1-888-327-4236 (TTY 1-800-424-9153), or go to www.safercar.gov.","2024","FOREST RIVER","SALEM"
"Forest River, Inc.","24V530000",0,0,0,,"12/07/2024","EQUIPMENT:OTHER:LABELS","Forest River, Inc. (Forest River) is recalling certain 2024 Forest River Salem, Wildwood, and Stealth EVO travel trailers.  The Federal Placard may state an incorrect rim size.  As such, these vehicles fail to comply with the requirements of Federal Motor Vehicle Safety Standard (FMVSS) number 110, ""Tire Selection and Rims.""","An incorrect rim size on the label may result in the wrong wheels being installed, increasing the risk of a crash.","Dealers will install new Federal Placards, free of charge.  Owner notification letters were mailed July 19, 2024.  Owners may contact customer service at 1-503-831-5413.  Forest River's number for this recall is 22-1808.","Owners may also contact the National Highway Traffic Safety Administration Vehicle Safety Hotline at 1-888-327-4236 (TTY 1-800-424-9153), or go to www.safercar.gov.","2024","FOREST RIVER","SALEM"
"Forest River, Inc.","24V629000",0,0,0,,"22/08/2024","STRUCTURE:FRAME AND MEMBERS","Forest River, Inc. (Forest River) is recalling certain 2024-2025 Salem SBF325RL, and Wildwood WBF325RL travel trailers.  The tires may contact chassis components, causing the tires to fail.","Tire failure can cause a loss of vehicle control, increasing the risk of a crash.","Dealers will install a riser kit, free of charge.  Owner notification letters were mailed September 18, 2024.  Owners may contact Forest River customer service at 1-574-534-3167.  Forest River's number for this recall is 69-1833.","Owners may also contact the National Highway Traffic Safety Administration Vehicle Safety Hotline at 1-888-327-4236 (TTY 1-800-424-9153), or go to www.safercar.gov.","2024","FOREST RIVER","SALEM"
"Forest River, Inc.","24V628000",0,0,0,,"22/08/2024","TIRES","Forest River, Inc. (Forest River) is recalling certain 2024 Forest River Salem, and Wildwood travel trailers.  The tire may contact the outrigger, causing the tire to fail.","Tire failure can cause a loss of control, increasing the risk of a crash.","Dealers will replace and relocate the outriggers, free of charge.  Owner notification letters were mailed September 10, 2024.  Owners may contact Forest River customer service at 1-574-534-3167.  Forest River's number for this recall is 44-1831.","Owners may also contact the National Highway Traffic Safety Administration Vehicle Safety Hotline at 1-888-327-4236 (TTY 1-800-424-9153), or go to www.safercar.gov.","2024","FOREST RIVER","SALEM"
"Forest River, Inc.","25V682000",0,0,0,,"10/10/2025","ELECTRICAL SYSTEM:WIRING","Forest River, Inc. (Forest River) is recalling certain 2025-2026 Forest River Aurora, Coachmen Catalina, 2026 Coachmen Viking, Coachmen Clipper, 2016-2026 Wildwood, and Salem recreational trailers. The distribution panel wire may be connected to the battery without over current protection.","Unprotected wiring can increase the risk of a fire.","Dealers will relocate the distribution panel wire to the correct side of the breaker, free of charge. Owner notification letters were mailed November 18, 2025. Owners may contact Forest River customer service at 1-574-825-4995. Forest River's number for this recall is 205-1987.",,"2024","FOREST RIVER","SALEM"
"Forest River, Inc.","26V352000",0,0,0,,"29/05/2026","EQUIPMENT:ELECTRICAL","Forest River, Inc. (Forest River) is recalling certain 2024-2026 Wildwood, Salem and 2026 Stealth EVO travel trailers. The fireplace outlet may have the incorrect wiring.","The incorrect wiring may not make adequate contact, increasing the amperage and risk of a fire.","Dealers will replace the wiring and outlet, free of charge. Owner notification letters were mailed June 29, 2026. Owners may contact Forest River customer service at 1-503-831-5410.",,"2024","FOREST RIVER","SALEM"
"Forest River, Inc.","23V559000",0,0,0,,"07/08/2023","SERVICE BRAKES","Forest River, Inc. (Forest River) is recalling certain 2024 Sandpiper, and Sierra fifth wheels.  The axle may be installed backwards, which can reduce braking ability.","Reduced braking ability can increase the distance required to stop the vehicle, increasing the risk of a crash.","Dealers will remove and reinstall the axle, free of charge.  Owner notification letters were mailed August 28, 2023.  Owners may contact Forest River Customer Service at 1-574-534-4574.  Forest River's number for this recall is 3-1665.","Owners may also contact the National Highway Traffic Safety Administration Vehicle Safety Hotline at 1-888-327-4236 (TTY 1-800-424-9153), or go to www.nhtsa.gov.","2024","FOREST RIVER","SANDPIPER"
"Forest River, Inc.","25V245000",0,0,0,,"14/04/2025","STRUCTURE:BODY:STEP/LADDER","Forest River, Inc. (Forest River) is recalling certain 2024-2025 Coachmen Catalina, Forest River Aurora, Cascade, Cedar Creek, Cherokee, Sandpiper, Sierra, 2025 Campsite Reserve, Impression, Pause, Puma, Sabre, Salem, Vengeance, and Wildwood fifth wheel and travel trailers, equipped with a removable step assembly.  The clip-on bracket mounting bolts may come loose, allowing the steps to detach.","Steps that detach while in use increase the risk of injury.","Dealers will inspect and repair or replace the clip-on bracket as necessary, free of charge.  Owner notification letters were mailed April 28, 2025.  Owners may contact customer service at Aurora & Catalina (1-574-825-4995), Campsite Reserve, Cascade, Cherokee, Sabre, Vengeance (1-260-499-2100), Cedar Creek (1-260-593-4000), Impression (1-574-327-2716), Pause (1-574-327-2681), Puma (1-574-642-0588), Sierra & Sandpiper (1-574-534-4574), and Salem & Wildwood (1-574-534-3167).  Forest River's number for this recall is 51-1915.","Owners may also contact the National Highway Traffic Safety Administration Vehicle Safety Hotline at 1-888-327-4236 (TTY 1- 888-275-9171), or go to www.safercar.gov.","2024","FOREST RIVER","SANDPIPER"
"Forest River, Inc.","23V739000",0,0,0,,"03/11/2023","ELECTRICAL SYSTEM:WIRING","Forest River, Inc. (Forest River) is recalling certain 2023-2024 Sandstorm, Stealth, and 2024 Shockwave travel trailers.  The wire routed from the 50AMP inlet to the transfer switch in the distribution panel is the incorrect gauge, which may cause the wire to melt.","A melted wire may cause a short circuit, increasing the risk of a fire.","Dealers will replace the incorrect 10-gauge wire with a 6-gauge wire, free of charge.  Owner notification letters were mailed November 20, 2023.  Owners may contact Forest River Customer Service at 1-951-357-2327.  Forest River's number for this recall is 67-1700.","Owners may also contact the National Highway Traffic Safety Administration Vehicle Safety Hotline at 1-888-327-4236 (TTY 1-800-424-9153), or go to www.nhtsa.gov.","2024","FOREST RIVER","STEALTH"
"Forest River, Inc.","23V774000",0,0,0,,"17/11/2023","PARKING BRAKE:ELECTRICAL","Forest River, Inc. (Forest River) is recalling certain 2022-2024 Forester and Sunseeker motorhomes.  The park brake signal wire may not be connected to the house battery control center, which can allow the slideroom to extend during transit.","A slideroom unexpectedly extends increases the risk of a crash.","Dealers will connect the signal wire to the battery control center, free of charge.  Owner notification letters were mailed December 12, 2023.  Owners may contact Forest River Customer Service at 1-574-206-7600.  Forest River's number for this recall is 34-1707.","Owners may also contact the National Highway Traffic Safety Administration Vehicle Safety Hotline at 1-888-327-4236 (TTY 1-800-424-9153), or go to www.nhtsa.gov.","2024","FOREST RIVER","SUNSEEKER"
"Forest River, Inc.","24V351000",0,0,0,,"17/05/2024","EQUIPMENT:RECREATIONAL VEHICLE/TRAILER:LPG SYSTEMS:LINES AND FITTINGS","Forest River, Inc. (Forest River) is recalling certain 2024-2025 Solera, 2023-2025 Forester, and Sunseeker motorhomes.  The Liquid Propane (LP) line may not be properly secured, which can cause the line to become damaged and leak.","A propane gas leak in the presence of an ignition source increases the risk of a fire.","Dealers will install a p-clamp to secure the LP line, free of charge.  Owner notification letters were mailed May 28, 2024.  Owners may contact Forest River Customer Service at 1-574-206-7600.  Forest River's number for this recall is 34-1780.","Owners may also contact the National Highway Traffic Safety Administration Vehicle Safety Hotline at 1-888-327-4236 (TTY 1-800-424-9153), or go to www.nhtsa.gov.","2024","FOREST RIVER","SUNSEEKER"
"Forest River, Inc.","23V658000",0,0,0,,"29/09/2023","STRUCTURE:EMERGENCY:ESCAPE/EGRESS/EXIT","Forest River, Inc. (Forest River) is recalling certain 2024 Salem and Wildwood fifth wheels.  These vehicles may be missing a secondary emergency exit.","A missing emergency exit window could prevent or delay the occupants from exiting in the event of an emergency, increasing the risk of injury.","Dealers will install an emergency exit window, free of charge.  All affected vehicles are still within dealer inventory and therefore no owner notification letters will be mailed.  Owners may contact Forest River Customer Service at 1-574-534-3167.  Forest River's number for this recall is 51-1683.","Owners may also contact the National Highway Traffic Safety Administration Vehicle Safety Hotline at 1-888-327-4236 (TTY 1-800-424-9153), or go to www.nhtsa.gov.","2024","FOREST RIVER","WILDWOOD"
"Forest River, Inc.","24V066000",0,0,0,,"02/02/2024","EQUIPMENT:OTHER:LABELS","Forest River, Inc. (Forest River) is recalling certain 2023-2024 Salem and Wildwood fifth wheel travel trailers.  The Federal Placard may have incorrect tire size information.  As such, these trailers fail to comply with the requirements of Federal Motor Vehicle Safety Standard number 120, ""Wheels and Rims - Other Than Passenger Cars.""","Incorrect tire size information could result in the wrong tires being installed on the trailer, increasing the risk of a crash.","Dealers will mail new federal placards, free of charge.  Owner notification letters were mailed February 13, 2024.  Owners may contact Forest River Customer Service at 1-574-534-3167.  Forest River's number for this recall is 69-1731.","Owners may also contact the National Highway Traffic Safety Administration Vehicle Safety Hotline at 1-888-327-4236 (TTY 1-800-424-9153), or go to www.nhtsa.gov.","2024","FOREST RIVER","WILDWOOD"
"Forest River, Inc.","24V388000",0,0,0,,"03/06/2024","SUSPENSION:MULTIPLE AXLE","Forest River, Inc. (Forest River) is recalling certain 2024 Forest River Rainier, Stealth Evo, Salem, Vibe, and Wildwood travel trailers.  The tire may contact the vehicle body due to insufficient clearance, which can cause tire damage.","A damaged tire can fail and cause a loss of vehicle control, increasing the risk of a crash.","Dealers will install taller shackles and equalizers, free of charge.  Owner notification letters were mailed June 19, 2024.  Owners may contact Forest River customer service at 1-503-831-5410.  Forest River's number for this recall is 22-1789.","Owners may also contact the National Highway Traffic Safety Administration Vehicle Safety Hotline at 1-888-327-4236 (TTY 1-800-424-9153), or go to www.safercar.gov.","2024","FOREST RIVER","WILDWOOD"
"Forest River, Inc.","24V490000",0,0,0,,"28/06/2024","STRUCTURE:EMERGENCY:ESCAPE/EGRESS/EXIT","Forest River, Inc. (Forest River) is recalling certain 2024-2025 Salem, and Wildwood travel trailers.  The affected vehicles may not have a secondary emergency exit installed.","In the event of an emergency, passengers may not be able to exit the vehicle, increasing the risk of injury.","Dealers will install an emergency exit window, free of charge.  Owner notification letters were mailed July 26, 2024.  Owners may contact Forest River customer service at 574-534-3167.  Forest River's number for this recall is 72-1805.","Owners may also contact the National Highway Traffic Safety Administration Vehicle Safety Hotline at 1-888-327-4236 (TTY 1-800-424-9153), or go to www.nhtsa.gov.","2024","FOREST RIVER","WILDWOOD"
"Forest River, Inc.","24V531000",0,0,0,,"12/07/2024","TRAILER HITCHES","Forest River, Inc. (Forest River) is recalling certain 2024 Salem, Puma, Wildwood, and 2025 Cherokee travel trailers equipped with certain Pacific Rim brand couplers.  The couplers have an incorrect load rating of 14,000 pounds and may be overloaded, causing the hitch to fail.","Hitch failure increases the risk of a crash or injury.","Dealers will inspect the date code of the hitch coupler and replace it if necessary, free of charge.  Owner notification letters were mailed August 2, 2024.  Owners may contact Forest River Customer Service at Salem & Wildwood (574) 534-3167, Puma (574) 642-0588 or Cherokee (260) 499-2100.  Forest River's number for this recall is 51-1803.","Owners may also contact the National Highway Traffic Safety Administration Vehicle Safety Hotline at 1-888-327-4236 (TTY 1-800-424-9153), or go to www.safercar.gov.","2024","FOREST RIVER","WILDWOOD"
"Forest River, Inc.","24V530000",0,0,0,,"12/07/2024","EQUIPMENT:OTHER:LABELS","Forest River, Inc. (Forest River) is recalling certain 2024 Forest River Salem, Wildwood, and Stealth EVO travel trailers.  The Federal Placard may state an incorrect rim size.  As such, these vehicles fail to comply with the requirements of Federal Motor Vehicle Safety Standard (FMVSS) number 110, ""Tire Selection and Rims.""","An incorrect rim size on the label may result in the wrong wheels being installed, increasing the risk of a crash.","Dealers will install new Federal Placards, free of charge.  Owner notification letters were mailed July 19, 2024.  Owners may contact customer service at 1-503-831-5413.  Forest River's number for this recall is 22-1808.","Owners may also contact the National Highway Traffic Safety Administration Vehicle Safety Hotline at 1-888-327-4236 (TTY 1-800-424-9153), or go to www.safercar.gov.","2024","FOREST RIVER","WILDWOOD"
"Forest River, Inc.","24V629000",0,0,0,,"22/08/2024","STRUCTURE:FRAME AND MEMBERS","Forest River, Inc. (Forest River) is recalling certain 2024-2025 Salem SBF325RL, and Wildwood WBF325RL travel trailers.  The tires may contact chassis components, causing the tires to fail.","Tire failure can cause a loss of vehicle control, increasing the risk of a crash.","Dealers will install a riser kit, free of charge.  Owner notification letters were mailed September 18, 2024.  Owners may contact Forest River customer service at 1-574-534-3167.  Forest River's number for this recall is 69-1833.","Owners may also contact the National Highway Traffic Safety Administration Vehicle Safety Hotline at 1-888-327-4236 (TTY 1-800-424-9153), or go to www.safercar.gov.","2024","FOREST RIVER","WILDWOOD"
"Forest River, Inc.","24V628000",0,0,0,,"22/08/2024","TIRES","Forest River, Inc. (Forest River) is recalling certain 2024 Forest River Salem, and Wildwood travel trailers.  The tire may contact the outrigger, causing the tire to fail.","Tire failure can cause a loss of control, increasing the risk of a crash.","Dealers will replace and relocate the outriggers, free of charge.  Owner notification letters were mailed September 10, 2024.  Owners may contact Forest River customer service at 1-574-534-3167.  Forest River's number for this recall is 44-1831.","Owners may also contact the National Highway Traffic Safety Administration Vehicle Safety Hotline at 1-888-327-4236 (TTY 1-800-424-9153), or go to www.safercar.gov.","2024","FOREST RIVER","WILDWOOD"
"Forest River, Inc.","25V682000",0,0,0,,"10/10/2025","ELECTRICAL SYSTEM:WIRING","Forest River, Inc. (Forest River) is recalling certain 2025-2026 Forest River Aurora, Coachmen Catalina, 2026 Coachmen Viking, Coachmen Clipper, 2016-2026 Wildwood, and Salem recreational trailers. The distribution panel wire may be connected to the battery without over current protection.","Unprotected wiring can increase the risk of a fire.","Dealers will relocate the distribution panel wire to the correct side of the breaker, free of charge. Owner notification letters were mailed November 18, 2025. Owners may contact Forest River customer service at 1-574-825-4995. Forest River's number for this recall is 205-1987.",,"2024","FOREST RIVER","WILDWOOD"
"Forest River, Inc.","26V352000",0,0,0,,"29/05/2026","EQUIPMENT:ELECTRICAL","Forest River, Inc. (Forest River) is recalling certain 2024-2026 Wildwood, Salem and 2026 Stealth EVO travel trailers. The fireplace outlet may have the incorrect wiring.","The incorrect wiring may not make adequate contact, increasing the amperage and risk of a fire.","Dealers will replace the wiring and outlet, free of charge. Owner notification letters were mailed June 29, 2026. Owners may contact Forest River customer service at 1-503-831-5410.",,"2024","FOREST RIVER","WILDWOOD"
"Forest River, Inc.","26V390000",0,0,0,,"15/06/2026","EQUIPMENT:OTHER:LABELS","Forest River, Inc. (Forest River) is recalling certain 2023-2024 XLR Toy Hauler recreational trailers. The listed Gross Vehicle Weight Rating (GVWR) exceeds the weight rating on the upper deck chassis. As such, these vehicles fail to comply with the requirements of Federal Motor Vehicle Safety Standard (FMVSS) number 120, ""Wheels and Rims-Other than Passenger Cars.""","Referencing the incorrect GVWR may lead to unintentionally overloading the vehicle, increasing the risk of a crash.","Dealers will install a new corrected label, free of charge. Owner notification letters are expected to be mailed July 25, 2026. Owners may contact Forest River customer service at 1-574-642-0432. Forest River's number for this recall is 79-2067.",,"2024","FOREST RIVER","XLR TOYHAULER"
"Daimler Trucks North America, LLC","23V299000",0,0,0,,"26/04/2023","ELECTRONIC STABILITY CONTROL (ESC)","Daimler Trucks North America, LLC (DTNA) is recalling certain short wheelbase 2020-2024 Freightliner Cascadia, 2021-2024 Freightliner M2 Business Class, 2022 Western Star 4700, and 2020 Freightliner Classic Cascadia vehicles.  The vehicle is equipped with an electronic stability control system and tire combination that may understeer during a J-turn.  As such, these vehicles fail to comply with the requirements of Federal Motor Vehicle Safety Standard number 136, ""Electronic Stability Control Systems on Heavy Vehicles.""","Understeering during a J-turn may increase the risk of a crash.","DTNA will replace the tires, free of charge. Owner notification letters were mailed June 19, 2023.  Owners may contact DTNA customer service at 1-800-547-0712.  DTNA's number for this recall is FL971.","Owners may also contact the National Highway Traffic Safety Administration Vehicle Safety Hotline at 1-888-327-4236 (TTY 1-800-424-9153), or go to www.nhtsa.gov.","2024","FREIGHTLINER","CASCADIA"
"Daimler Trucks North America, LLC","24V093000",0,0,0,,"08/02/2024","STEERING","Daimler Trucks North America, LLC (DTNA) is recalling certain 2024 FCCC MT45G, MT45, and Freightliner Cascadia vehicles.  The steering gear assemblies may have been assembled incorrectly with fewer recirculating balls than are required, which may result in a loss of steering control.","A loss of steering control increases the risk of a crash.","Dealers will replace the steering gears, free of charge.  Owner notification letters were mailed April 5, 2024.  Owners may contact DTNA customer service at 1-800-745-8000.  DTNA's number for the recall is FL995.","Owners may also contact the National Highway Traffic Safety Administration Vehicle Safety Hotline at 1-888-327-4236 (TTY 1-800-424-9153), or go to www.safercar.gov.","2024","FREIGHTLINER","CASCADIA"
"Hyundai Motor America","24V868000",0,0,0,,"18/11/2024","ELECTRICAL SYSTEM:12V/24V/48V BATTERY","Hyundai Motor America (Hyundai) is recalling certain 2022-2024 IONIQ 5, 2023-2025 IONIQ 6, Genesis GV60, Genesis GV70 ""Electrified,"" and Genesis G80 ""Electrified"" vehicles.  The Integrated Charging Control Unit (ICCU) may become damaged and stop charging the 12-volt battery, which can result in a loss of drive power.","A loss of drive power increases the risk of a crash.","Dealers will inspect and replace the ICCU and its fuse, as necessary.  In addition, dealers will update the ICCU software.  All repairs will be performed free of charge.  Owner notification letters were mailed December 20, 2024.  Owners may contact Hyundai customer service at 1-855-371-9460 or Genesis customer service at 1-844-340-9741.  Hyundai's numbers for this recall are 272 (Hyundai) and 025G (Genesis).  This recall expands and replaces previous recall number 24V-204. Vehicles previously repaired under recall 24V-204 will need to have the new remedy completed.","Owners may also contact the National Highway Traffic Safety Administration Vehicle Safety Hotline at 1-888-327-4236 (TTY 1-800-424-9153) or go to nhtsa.gov.","2024","GENESIS","G80"
"Hyundai Motor America","25V105000",0,0,0,,"20/02/2025","ELECTRICAL SYSTEM: INSTRUMENT CLUSTER/PANEL","Hyundai Motor America (Hyundai) is recalling certain Genesis 2023-2024 G80, GV80, 2025 GV70 and 2023-2025 GV70 ""Electrified"" vehicles.  Due to a software error, the instrument panel display may fail.  As such, these vehicles fail to comply with the requirements of Federal Motor Vehicle Safety Standard (FMVSS) number 101, ""Controls and Displays.""","An instrument panel display that fails to show critical safety information, such as the speedometer or warning lights, increases the risk of a crash.","Dealers will inspect and update the instrument panel display software, as necessary, free of charge.  Owner notification letters were mailed March 26, 2025.  Owners may contact Genesis customer service at 844-340-9741.  Hyundai's number for this recall is 026G.","Owners may also contact the National Highway Traffic Safety Administration Vehicle Safety Hotline at 888-327-4236 (TTY 888-275-9171) or go to nhtsa.gov.","2024","GENESIS","G80"
"Hyundai Motor America","26V229000",0,0,0,,"10/04/2026","FUEL SYSTEM, GASOLINE:DELIVERY:HOSES, LINES/PIPING, AND FITTINGS","Hyundai Motor America (Genesis) is recalling certain Genesis 2022-2026 GV70, 2023-2025 G90, 2021-2025 G80, and GV80 vehicles. Fuel may leak at the pipe connection between the fuel pipe and fuel rail.","A fuel leak increases the risk of a fire.","Dealers will inspect and tighten, or replace the fuel pipe as necessary, free of charge. Interim owner notification letters explaining the safety risk mailed June 3, 2026. Additional letters will be sent once the final remedy becomes available. Owners may contact Genesis customer service at 844-340-9741. Genesis' number for this recall is 033G. Vehicle Identification Numbers (VINs) involved in this recall became searchable on NHTSA.gov beginning April 11, 2026.",,"2024","GENESIS","G80"
"Hyundai Motor America","25V474000",0,0,0,,"17/07/2025","ELECTRICAL SYSTEM: INSTRUMENT CLUSTER/PANEL","Hyundai Motor America (Hyundai) is recalling certain Genesis 2023-2025 G90 and GV60 vehicles. Due to a software error, the instrument panel display may fail. As such, these vehicles fail to comply with the requirements of Federal Motor Vehicle Safety Standard (FMVSS) number 101, ""Controls and Displays.""","An instrument panel display that fails to show critical safety information, such as the speedometer or warning lights, increases the risk of a crash.","The instrument panel display software will be updated over-the-air (OTA) or by a dealer, free of charge. Owner notification letters were mailed August 22, 2025. Owners may contact Genesis customer service at 844-340-9741. Hyundai's number for this recall is 027G.",,"2024","GENESIS","G90"
"Hyundai Motor America","25V833000",0,0,0,,"02/12/2025","ELECTRICAL SYSTEM:ADAS","Hyundai Motor America (Hyundai) is recalling certain 2023-2026 Genesis G90 vehicles. The Highway Drive Assist (HDA) corner radar may falsely detect another vehicle, which can result in sudden, unintended braking while driving.","Sudden, unintended braking increases the risk of a crash.","Owners are advised not to use the Highway Drive Assist feature until the remedy has been performed. Dealers will replace the front bumper beam, free of charge. Owner notification letters were mailed January 26, 2026. Owners may contact Genesis customer service at 844-340-9741. Hyundai's number for this recall is 030G. Vehicle Identification Numbers (VINs) involved in this recall became searchable on NHTSA.gov on December 3, 2025.",,"2024","GENESIS","G90"
"Hyundai Motor America","26V218000",0,0,0,,"06/04/2026","SEAT BELTS:FRONT:ANCHORAGE","Hyundai Motor America (Hyundai) is recalling certain 2023-2025 Hyundai Ioniq 6, 2023-2026 Genesis G90, 2024-2026 Hyundai Santa Fe, and Hyundai Santa Fe Hybrid vehicles. The driver and passenger seat belt anchors may detach.","A detached seat belt anchor will not adequately restrain the seat occupant, increasing the risk of injury in a crash.","Dealers will inspect and reinforce or replace the seat belt anchors, as necessary, free of charge. Owner notification letters were mailed beginning May 29, 2026. Owners may contact Hyundai customer service at 1-855-371-9460 and Genesis customer service at 844-340-9741. Hyundai's numbers for this recall are 298 and 032G. Vehicle Identification Numbers (VINs) involved in this recall became searchable on NHTSA.gov April 8, 2026.",,"2024","GENESIS","G90"
"Hyundai Motor America","26V229000",0,0,0,,"10/04/2026","FUEL SYSTEM, GASOLINE:DELIVERY:HOSES, LINES/PIPING, AND FITTINGS","Hyundai Motor America (Genesis) is recalling certain Genesis 2022-2026 GV70, 2023-2025 G90, 2021-2025 G80, and GV80 vehicles. Fuel may leak at the pipe connection between the fuel pipe and fuel rail.","A fuel leak increases the risk of a fire.","Dealers will inspect and tighten, or replace the fuel pipe as necessary, free of charge. Interim owner notification letters explaining the safety risk mailed June 3, 2026. Additional letters will be sent once the final remedy becomes available. Owners may contact Genesis customer service at 844-340-9741. Genesis' number for this recall is 033G. Vehicle Identification Numbers (VINs) involved in this recall became searchable on NHTSA.gov beginning April 11, 2026.",,"2024","GENESIS","G90"
"Hyundai Motor America","24V204000",0,0,0,"PE23011","15/03/2024","ELECTRICAL SYSTEM:12V/24V/48V BATTERY","Hyundai Motor America (Hyundai) is recalling certain 2022-2024 IONIQ 5, 2023-2024 IONIQ 6, Genesis GV60, Genesis GV70 ""Electrified,"" and Genesis G80 ""Electrified"" vehicles.  The Integrated Charging Control Unit (ICCU) may become damaged and stop charging the 12-Volt battery, which can result in a loss of drive power.","A loss of drive power increases the risk of a crash.","This recall is replaced by NHTSA recall number 24V-868.  Vehicles already repaired under this recall will need to have the new remedy completed. Dealers will inspect and replace the ICCU and its fuse, as necessary.  In addition, dealers will update the ICCU software.  All repairs will be performed free of charge.  Owner notification letters were mailed April 22, 2024.  Owners may contact Hyundai customer service at 1-855-371-9460.  Hyundai's number for this recall is 257/021G.","Owners may also contact the National Highway Traffic Safety Administration Vehicle Safety Hotline at 1-888-327-4236 (TTY 1-800-424-9153), or go to www.nhtsa.gov.","2024","GENESIS","GV60"
"Hyundai Motor America","24V584000",0,0,0,,"07/08/2024","BACK OVER PREVENTION: SENSING SYSTEM: CAMERA","Hyundai Motor America (Hyundai) is recalling certain Genesis 2024-2025 GV60 hybrid and 2025 GV80 vehicles.  The rearview camera display may shut off when the vehicle is driven in reverse.  As such, these vehicles fail to comply with the requirements of Federal Motor Vehicle Safety Standard number 111, ""Rear Visibility.""","A rearview camera image that does not display decreases the driver's visibility, increasing the risk of a crash.","Dealers will update the rearview camera software, free of charge.  Owner notification letters were mailed September 11, 2024.  Owners may contact Genesis Customer service at 1-844-340-9741.  Hyundai's number for this recall is 024G.","Owners may also contact the National Highway Traffic Safety Administration Vehicle Safety Hotline at 1-888-327-4236 (TTY 1-800-424-9153), or go to www.nhtsa.gov.","2024","GENESIS","GV60"
"Hyundai Motor America","24V868000",0,0,0,,"18/11/2024","ELECTRICAL SYSTEM:12V/24V/48V BATTERY","Hyundai Motor America (Hyundai) is recalling certain 2022-2024 IONIQ 5, 2023-2025 IONIQ 6, Genesis GV60, Genesis GV70 ""Electrified,"" and Genesis G80 ""Electrified"" vehicles.  The Integrated Charging Control Unit (ICCU) may become damaged and stop charging the 12-volt battery, which can result in a loss of drive power.","A loss of drive power increases the risk of a crash.","Dealers will inspect and replace the ICCU and its fuse, as necessary.  In addition, dealers will update the ICCU software.  All repairs will be performed free of charge.  Owner notification letters were mailed December 20, 2024.  Owners may contact Hyundai customer service at 1-855-371-9460 or Genesis customer service at 1-844-340-9741.  Hyundai's numbers for this recall are 272 (Hyundai) and 025G (Genesis).  This recall expands and replaces previous recall number 24V-204. Vehicles previously repaired under recall 24V-204 will need to have the new remedy completed.","Owners may also contact the National Highway Traffic Safety Administration Vehicle Safety Hotline at 1-888-327-4236 (TTY 1-800-424-9153) or go to nhtsa.gov.","2024","GENESIS","GV60"
"Hyundai Motor America","25V474000",0,0,0,,"17/07/2025","ELECTRICAL SYSTEM: INSTRUMENT CLUSTER/PANEL","Hyundai Motor America (Hyundai) is recalling certain Genesis 2023-2025 G90 and GV60 vehicles. Due to a software error, the instrument panel display may fail. As such, these vehicles fail to comply with the requirements of Federal Motor Vehicle Safety Standard (FMVSS) number 101, ""Controls and Displays.""","An instrument panel display that fails to show critical safety information, such as the speedometer or warning lights, increases the risk of a crash.","The instrument panel display software will be updated over-the-air (OTA) or by a dealer, free of charge. Owner notification letters were mailed August 22, 2025. Owners may contact Genesis customer service at 844-340-9741. Hyundai's number for this recall is 027G.",,"2024","GENESIS","GV60"
"Hyundai Motor America","25V624000",0,0,0,,"19/09/2025","STRUCTURE:EXTERIOR TRIM","Hyundai Motor America (Hyundai) is recalling certain 2023-2025 Genesis GV60 electric vehicles. The stainless-steel molding at the top of the windshield assembly may detach.","Detached molding can create a road hazard for other vehicles, increasing the risk of a crash.","Dealers will replace the windshield molding, free of charge. Owner notification letters are expected to be mailed beginning October 30, 2025. Owners may contact Genesis customer service at 844-340-9741. Hyundai's number for this recall is 028G. Vehicle Identification Numbers (VINs) involved in this recall became searchable on NHTSA.gov on September 20, 2025.",,"2024","GENESIS","GV60"
"Hyundai Motor America","24V868000",0,0,0,,"18/11/2024","ELECTRICAL SYSTEM:12V/24V/48V BATTERY","Hyundai Motor America (Hyundai) is recalling certain 2022-2024 IONIQ 5, 2023-2025 IONIQ 6, Genesis GV60, Genesis GV70 ""Electrified,"" and Genesis G80 ""Electrified"" vehicles.  The Integrated Charging Control Unit (ICCU) may become damaged and stop charging the 12-volt battery, which can result in a loss of drive power.","A loss of drive power increases the risk of a crash.","Dealers will inspect and replace the ICCU and its fuse, as necessary.  In addition, dealers will update the ICCU software.  All repairs will be performed free of charge.  Owner notification letters were mailed December 20, 2024.  Owners may contact Hyundai customer service at 1-855-371-9460 or Genesis customer service at 1-844-340-9741.  Hyundai's numbers for this recall are 272 (Hyundai) and 025G (Genesis).  This recall expands and replaces previous recall number 24V-204. Vehicles previously repaired under recall 24V-204 will need to have the new remedy completed.","Owners may also contact the National Highway Traffic Safety Administration Vehicle Safety Hotline at 1-888-327-4236 (TTY 1-800-424-9153) or go to nhtsa.gov.","2024","GENESIS","GV70"
"Hyundai Motor America","24V205000",0,0,0,,"15/03/2024","ELECTRICAL SYSTEM:WIRING","Hyundai Motor America (Hyundai) is recalling certain 2024 Genesis GV70 vehicles.  Water may leak into the transmission control harness, which can cause a short circuit and unexpectedly shift the transmission from Park to Neutral.","An unexpected shift from Park to Neutral can cause a vehicle roll away and increase the risk of a crash or injury.","Owners are advised to turn off the ignition and use the emergency parking brake after parking their vehicles.  Dealers will inspect the transmission control harness and repair the connector, or replace the harness and internal wiring, as necessary, free of charge.  Owner notification letters were mailed May 9, 2024.  Owners may contact Hyundai customer service at 1-855-371-9460.  Hyundai's number for this recall is 020G.","Owners may also contact the National Highway Traffic Safety Administration Vehicle Safety Hotline at 1-888-327-4236 (TTY 1-800-424-9153), or go to www.nhtsa.gov.","2024","GENESIS","GV70"
"Hyundai Motor America","26V229000",0,0,0,,"10/04/2026","FUEL SYSTEM, GASOLINE:DELIVERY:HOSES, LINES/PIPING, AND FITTINGS","Hyundai Motor America (Genesis) is recalling certain Genesis 2022-2026 GV70, 2023-2025 G90, 2021-2025 G80, and GV80 vehicles. Fuel may leak at the pipe connection between the fuel pipe and fuel rail.","A fuel leak increases the risk of a fire.","Dealers will inspect and tighten, or replace the fuel pipe as necessary, free of charge. Interim owner notification letters explaining the safety risk mailed June 3, 2026. Additional letters will be sent once the final remedy becomes available. Owners may contact Genesis customer service at 844-340-9741. Genesis' number for this recall is 033G. Vehicle Identification Numbers (VINs) involved in this recall became searchable on NHTSA.gov beginning April 11, 2026.",,"2024","GENESIS","GV70"
"Hyundai Motor America","25V105000",0,0,0,,"20/02/2025","ELECTRICAL SYSTEM: INSTRUMENT CLUSTER/PANEL","Hyundai Motor America (Hyundai) is recalling certain Genesis 2023-2024 G80, GV80, 2025 GV70 and 2023-2025 GV70 ""Electrified"" vehicles.  Due to a software error, the instrument panel display may fail.  As such, these vehicles fail to comply with the requirements of Federal Motor Vehicle Safety Standard (FMVSS) number 101, ""Controls and Displays.""","An instrument panel display that fails to show critical safety information, such as the speedometer or warning lights, increases the risk of a crash.","Dealers will inspect and update the instrument panel display software, as necessary, free of charge.  Owner notification letters were mailed March 26, 2025.  Owners may contact Genesis customer service at 844-340-9741.  Hyundai's number for this recall is 026G.","Owners may also contact the National Highway Traffic Safety Administration Vehicle Safety Hotline at 888-327-4236 (TTY 888-275-9171) or go to nhtsa.gov.","2024","GENESIS","GV80"
"Hyundai Motor America","26V229000",0,0,0,,"10/04/2026","FUEL SYSTEM, GASOLINE:DELIVERY:HOSES, LINES/PIPING, AND FITTINGS","Hyundai Motor America (Genesis) is recalling certain Genesis 2022-2026 GV70, 2023-2025 G90, 2021-2025 G80, and GV80 vehicles. Fuel may leak at the pipe connection between the fuel pipe and fuel rail.","A fuel leak increases the risk of a fire.","Dealers will inspect and tighten, or replace the fuel pipe as necessary, free of charge. Interim owner notification letters explaining the safety risk mailed June 3, 2026. Additional letters will be sent once the final remedy becomes available. Owners may contact Genesis customer service at 844-340-9741. Genesis' number for this recall is 033G. Vehicle Identification Numbers (VINs) involved in this recall became searchable on NHTSA.gov beginning April 11, 2026.",,"2024","GENESIS","GV80"
"General Motors, LLC","24V491000",0,0,0,,"28/06/2024","FUEL SYSTEM, GASOLINE:STORAGE:TANK ASSEMBLY","General Motors, LLC (GM) is recalling certain 2024 Chevrolet Colorado and GMC Canyon vehicles.  The lock ring that secures the fuel pump to the fuel tank assembly may not have been fully locked during assembly, which can result in a fuel leak during a crash.","A fuel leak in the presence of an ignition source increases the risk of a fire.","Dealers will inspect and fully lock the fuel tank lock ring as necessary, free of charge.  Owner notification letters are expected to be mailed August 13, 2024.  Owners may contact Chevrolet customer service at 1-800-222-1020, or GMC Customer Call Center at (888) 988-7267.  GM's number for this recall is N242451330.","Owners may also contact the National Highway Traffic Safety Administration Vehicle Safety Hotline at 1-888-327-4236 (TTY 1-800-424-9153), or go to www.nhtsa.gov.","2024","GMC","CANYON"
"General Motors, LLC","24V673000",0,0,0,,"12/09/2024","EXTERIOR LIGHTING:HEADLIGHTS","General Motors, LLC (GM) is recalling certain 2024 GMC Canyon vehicles.  The headlights may flicker while driving and while the vehicle is in park.  As such, these vehicles fail to comply with the requirements of Federal Motor Safety Standard number 108, ""Lamps, Reflective Devices, and Associated Equipment.""","Headlights flickering can reduce visibility, increasing the risk of a crash.","Dealers will replace a module in the headlight, free of charge.  Owner notification letters were mailed October 10, 2024.  Owners can contact GMC customer service at 1-800-462-8782.  GM's number for this recall is N242468880.","Owners may also contact the National Highway Traffic Safety Administration Vehicle Safety Hotline at 1-888-327-4236 (TTY 1-800-424-9153), or go to www.nhtsa.gov.","2024","GMC","CANYON"
"General Motors, LLC","25V856000",0,0,0,,"11/12/2025","AIR BAGS:FRONTAL:PASSENGER SIDE:INFLATOR MODULE","General Motors, LLC (GM) is recalling certain 2024–2026 GMC Canyon AT4X AEV vehicles. Incorrect sensing and diagnostic module (SDM) software may cause a second stage passenger air bag deployment when only a first stage is intended. As such, these vehicles fail to conform to Federal Motor Vehicle Safety Standard (FMVSS) number 208, “Occupant Crash Protection.""","An air bag that deploys improperly increases the risk of injury in a crash.","Dealers will update the SDM software, free of charge. Owner notification letters were mailed January 30, 2026. Owners may contact GMC customer service at 1-800-462-8782. GM's number for this recall is N252533510. Vehicle Identification Numbers (VINs) involved in this recall became searchable on NHTSA.gov on December 11, 2025.",,"2024","GMC","CANYON"
"General Motors, LLC","23V786000",0,0,0,,"22/11/2023","SEAT BELTS:FRONT:ANCHORAGE","General Motors, LLC (GM) is recalling certain 2023-2024 GMC Hummer EV pick up, 2024 GMC Hummer EV SUV, and 2024 Chevrolet Silverado EV vehicles.  The left or right front seat belt buckle attachment bolts may not be tightened properly.","An improperly tightened seat belt buckle may not restrain an occupant as intended, increasing the risk of injury during a crash.","Dealers will tighten the left and right front seat belt buckle attachment bolts, free of charge.  Owner notification letters were mailed December 21, 2023.  Owners may contact GMC customer service at 1-833-EVCHEVY (1-833-382-4389) (TTY 711 / 1-800-833-2438) /1-833-HUMMER-EV (1-833-486-6373) (TTY 711 / 1-800-833-2438).  GM's number for this recall is N232419280.","Owners may also contact the National Highway Traffic Safety Administration Vehicle Safety Hotline at 1-888-327-4236 (TTY 1-800-424-9153), or go to www.nhtsa.gov.","2024","GMC","HUMMER EV"
"General Motors, LLC","24V320000",0,0,0,,"09/05/2024","ELECTRICAL SYSTEM:WIRING","General Motors, LLC (GM) is recalling certain 2024 Cadillac Lyriq, Chevrolet Blazer EV, Chevrolet Silverado EV, GMC Hummer EV SUV, and GMC Sierra EV vehicles.  The electric motors in the rear drive units may have insufficiently insulated wires that can contact each other, resulting in a loss of drive power.","A loss of drive power increases the risk of a crash.","Dealers will replace the rear drive unit, free of charge.  Owner notification letters were mailed May 16, 2024.  Owners may contact Chevrolet customer service at 1-800-222-1020; Cadillac customer service at 1-800-458-8006; Hummer customer service at 1-800-732-5493; or GMC customer service at 1-800-462-8782.  GM's number for this recall is N242447080.","Owners may also contact the National Highway Traffic Safety Administration Vehicle Safety Hotline at 1-888-327-4236 (TTY 1-800-424-9153), or go to www.nhtsa.gov.","2024","GMC","HUMMER EV"
"General Motors, LLC","25V274000",0,0,0,"PE25001","24/04/2025","ENGINE AND ENGINE COOLING:ENGINE:HARD PARTS INTERNAL/MECHANICAL","General Motors LLC (GM) is recalling certain 2021-2024 Cadillac Escalade and Escalade ESV, Chevrolet Silverado 1500, Suburban, and Tahoe, GMC Sierra 1500, Yukon, and Yukon XL vehicles equipped with a 6.2L V8 gas engine.  The connecting rod and/or crankshaft engine components may have manufacturing defects that can lead to engine damage and engine failure.","Engine failure increases the risk of a crash.","Dealers will inspect the engine, and as necessary, repair or replace the engine.  For vehicles that pass inspection, dealers will add higher viscosity oil, install 6 oil fill cap, replace the oil filter, and update the owner's manual.  Repairs will be performed free of charge.  Owner notification letters were mailed June 18, 2025.  Owners may contact Cadillac customer service at 1-800-333-4223, Chevrolet customer service at 1-800-222-1020, or GMC customer service at 1-800-462-8782.  GM's number for this recall is N252494000.","Owners may also contact the National Highway Traffic Safety Administration Vehicle Safety Hotline at 1-888-327-4236 (TTY 1-888-275-9171) or go to www.nhtsa.gov.","2024","GMC","SIERRA 1500"
"General Motors, LLC","23V549000",0,0,0,,"03/08/2023","STEERING","General Motors, LLC (GM) is recalling certain 2024 Chevrolet Silverado 2500, 3500, and GMC Sierra 2500, 3500 vehicles.  The steering gear shaft may fracture and disconnect from the steering arm.","A steering arm that disconnects may result in a total loss of steering control, increasing the risk of a crash.","Dealers will inspect and replace the steering gear, if necessary, free of charge.  Owner notification letters were mailed September 22, 2023.  Owners may contact Chevrolet customer service at 1-800-222-1020 or GMC customer service at 1-800-462-8782.  GM's number for this recall is N232414720.","Owners may also contact the National Highway Traffic Safety Administration Vehicle Safety Hotline at 1-888-327-4236 (TTY 1-800-424-9153), or go to www.nhtsa.gov.","2024","GMC","SIERRA 2500"
"General Motors, LLC","24V060000",0,0,0,,"01/02/2024","LATCHES/LOCKS/LINKAGES:TAILGATE:LATCH","General Motors, LLC (GM) is recalling certain 2020-2024 Chevrolet Silverado 2500, 3500, GMC Sierra 2500 and 3500 vehicles equipped with power-unlatching tailgates.  The tailgate's electronic gate-release switch may short circuit due to water intrusion, which can result in the tailgate inadvertently unlatching while the vehicle is in park.","An unlatched tailgate may open while driving and result in a loss of unsecured cargo, creating a road hazard and increasing the risk of a crash.","Owners are advised to check that the tailgate is closed and latched before driving.  Dealers will replace the exterior touchpad switch assemblies, free of charge.  Owner notification letters were mailed May 17, 2024.  Owners may contact Chevrolet customer service at 1-800-222-1020 or GMC customer service at 1-800-462-8782.  GM's number for this recall is N232426400.","Owners may also contact the National Highway Traffic Safety Administration Vehicle Safety Hotline at 1-888-327-4236 (TTY 1-800-424-9153), or go to www.nhtsa.gov.","2024","GMC","SIERRA 2500"
"General Motors, LLC","24V894000",0,0,0,,"26/11/2024","LATCHES/LOCKS/LINKAGES:TAILGATE:LATCH","General Motors, LLC (GM) is recalling certain 2024 Chevrolet Silverado HD 2500, 3500, and GMC Sierra HD 2500, 3500 vehicles equipped with power-unlatching tailgates.  The tailgate's electronic gate-release switch may short circuit due to water intrusion, which can result in the tailgate inadvertently unlatching while the vehicle is in Park.","An unlatched tailgate may open and result in a loss of unsecured cargo, creating a road hazard and increasing the risk of a crash.","Owners are advised to check that the tailgate is closed and latched before driving.  Dealers will replace the exterior touchpad switch assemblies, free of charge.  Owner notification letters were mailed December 17, 2024.  Owners may contact Chevrolet customer service at 1-800-222-1020 or GMC customer service at 1-800-462-8782.  GM's number for this recall is N242469160.  This recall is an expansion of NHTSA Recall 24V-060.","Owners may also contact the National Highway Traffic Safety Administration Vehicle Safety Hotline at 1-888-327-4236 (TTY 1-800-424-9153) or go to nhtsa.gov.","2024","GMC","SIERRA 2500"
"General Motors, LLC","24V894000",0,0,0,,"26/11/2024","LATCHES/LOCKS/LINKAGES:TAILGATE:LATCH","General Motors, LLC (GM) is recalling certain 2024 Chevrolet Silverado HD 2500, 3500, and GMC Sierra HD 2500, 3500 vehicles equipped with power-unlatching tailgates.  The tailgate's electronic gate-release switch may short circuit due to water intrusion, which can result in the tailgate inadvertently unlatching while the vehicle is in Park.","An unlatched tailgate may open and result in a loss of unsecured cargo, creating a road hazard and increasing the risk of a crash.","Owners are advised to check that the tailgate is closed and latched before driving.  Dealers will replace the exterior touchpad switch assemblies, free of charge.  Owner notification letters were mailed December 17, 2024.  Owners may contact Chevrolet customer service at 1-800-222-1020 or GMC customer service at 1-800-462-8782.  GM's number for this recall is N242469160.  This recall is an expansion of NHTSA Recall 24V-060.","Owners may also contact the National Highway Traffic Safety Administration Vehicle Safety Hotline at 1-888-327-4236 (TTY 1-800-424-9153) or go to nhtsa.gov.","2024","GMC","SIERRA 2500 HD"
"General Motors, LLC","23V549000",0,0,0,,"03/08/2023","STEERING","General Motors, LLC (GM) is recalling certain 2024 Chevrolet Silverado 2500, 3500, and GMC Sierra 2500, 3500 vehicles.  The steering gear shaft may fracture and disconnect from the steering arm.","A steering arm that disconnects may result in a total loss of steering control, increasing the risk of a crash.","Dealers will inspect and replace the steering gear, if necessary, free of charge.  Owner notification letters were mailed September 22, 2023.  Owners may contact Chevrolet customer service at 1-800-222-1020 or GMC customer service at 1-800-462-8782.  GM's number for this recall is N232414720.","Owners may also contact the National Highway Traffic Safety Administration Vehicle Safety Hotline at 1-888-327-4236 (TTY 1-800-424-9153), or go to www.nhtsa.gov.","2024","GMC","SIERRA 3500"
"General Motors, LLC","24V060000",0,0,0,,"01/02/2024","LATCHES/LOCKS/LINKAGES:TAILGATE:LATCH","General Motors, LLC (GM) is recalling certain 2020-2024 Chevrolet Silverado 2500, 3500, GMC Sierra 2500 and 3500 vehicles equipped with power-unlatching tailgates.  The tailgate's electronic gate-release switch may short circuit due to water intrusion, which can result in the tailgate inadvertently unlatching while the vehicle is in park.","An unlatched tailgate may open while driving and result in a loss of unsecured cargo, creating a road hazard and increasing the risk of a crash.","Owners are advised to check that the tailgate is closed and latched before driving.  Dealers will replace the exterior touchpad switch assemblies, free of charge.  Owner notification letters were mailed May 17, 2024.  Owners may contact Chevrolet customer service at 1-800-222-1020 or GMC customer service at 1-800-462-8782.  GM's number for this recall is N232426400.","Owners may also contact the National Highway Traffic Safety Administration Vehicle Safety Hotline at 1-888-327-4236 (TTY 1-800-424-9153), or go to www.nhtsa.gov.","2024","GMC","SIERRA 3500"
"General Motors, LLC","24V894000",0,0,0,,"26/11/2024","LATCHES/LOCKS/LINKAGES:TAILGATE:LATCH","General Motors, LLC (GM) is recalling certain 2024 Chevrolet Silverado HD 2500, 3500, and GMC Sierra HD 2500, 3500 vehicles equipped with power-unlatching tailgates.  The tailgate's electronic gate-release switch may short circuit due to water intrusion, which can result in the tailgate inadvertently unlatching while the vehicle is in Park.","An unlatched tailgate may open and result in a loss of unsecured cargo, creating a road hazard and increasing the risk of a crash.","Owners are advised to check that the tailgate is closed and latched before driving.  Dealers will replace the exterior touchpad switch assemblies, free of charge.  Owner notification letters were mailed December 17, 2024.  Owners may contact Chevrolet customer service at 1-800-222-1020 or GMC customer service at 1-800-462-8782.  GM's number for this recall is N242469160.  This recall is an expansion of NHTSA Recall 24V-060.","Owners may also contact the National Highway Traffic Safety Administration Vehicle Safety Hotline at 1-888-327-4236 (TTY 1-800-424-9153) or go to nhtsa.gov.","2024","GMC","SIERRA 3500"
"General Motors, LLC","24V320000",0,0,0,,"09/05/2024","ELECTRICAL SYSTEM:WIRING","General Motors, LLC (GM) is recalling certain 2024 Cadillac Lyriq, Chevrolet Blazer EV, Chevrolet Silverado EV, GMC Hummer EV SUV, and GMC Sierra EV vehicles.  The electric motors in the rear drive units may have insufficiently insulated wires that can contact each other, resulting in a loss of drive power.","A loss of drive power increases the risk of a crash.","Dealers will replace the rear drive unit, free of charge.  Owner notification letters were mailed May 16, 2024.  Owners may contact Chevrolet customer service at 1-800-222-1020; Cadillac customer service at 1-800-458-8006; Hummer customer service at 1-800-732-5493; or GMC customer service at 1-800-462-8782.  GM's number for this recall is N242447080.","Owners may also contact the National Highway Traffic Safety Administration Vehicle Safety Hotline at 1-888-327-4236 (TTY 1-800-424-9153), or go to www.nhtsa.gov.","2024","GMC","SIERRA EV"
"General Motors, LLC","24V755000",0,0,0,,"10/10/2024","EXTERIOR LIGHTING:LIGHTING CONTROL MODULE","General Motors, LLC (GM) is recalling certain 2024 GMC Sierra EV vehicles.  The front turn signal lights and parking lights may be too similar in brightness, making it difficult to see the front turn signals when they are activated.  As such, these vehicles fail to comply with the requirements of Federal Motor Vehicle Safety Standard number 108, ""Lamps, Reflective Devices, and Associated Equipment.""","Front turn signals that are difficult to see may not clearly indicate the driver's intentions to other road users, increasing the risk of a crash.","Dealers will replace the headlamp multipurpose LED driver (MLD) module, free of charge.  Owner notification letters were mailed November 4, 2024.  Owners may contact GMC customer service at 888-988-7267.  GM's number for this recall is N242474560.","Owners may also contact the National Highway Traffic Safety Administration Vehicle Safety Hotline at 1-888-327-4236 (TTY 1-800-424-9153) or go to nhtsa.gov.","2024","GMC","SIERRA EV"
"General Motors, LLC","25V015000",0,0,0,,"16/01/2025","SEAT BELTS:REAR/OTHER:ANCHORAGE","General Motors, LLC (GM) is recalling certain 2024 Chevrolet Silverado EV and 2024-2025 GMC Sierra EV pickup trucks.  The bolt that secures the rear center seat belt assembly to the seat structure may not have been properly tightened.","An improperly secured seat belt assembly may not restrain an occupant as intended, increasing the risk of injury in a crash.","GM will tighten the bolt that attaches the center seat belt assembly to the rear seat structure, free of charge.  All affected vehicles are still in dealer inventory and, therefore, no owner letters will be mailed.  Owners may contact GM customer service at 1-888-988-7267, or Chevrolet customer service at 1-800-222-1020.  GM's number for this recall is N242489901.","Owners may also contact the National Highway Traffic Safety Administration Vehicle Safety Hotline at 1-888-327-4236 (TTY 1-800-424-9153) or go to nhtsa.gov.","2024","GMC","SIERRA EV"
"General Motors, LLC","23V869000",0,0,0,,"21/12/2023","STRUCTURE:BODY:DOOR","General Motors, LLC (GM) is recalling certain 2024 Chevrolet Blazer, Blazer EV, Equinox, and GMC Terrain vehicles.  The door strikers may fracture, resulting in the door opening unexpectedly.","A door opening while the vehicle is being driven can increasing the risk of injury or a crash.","Dealers will replace all four door strikers and attaching bolts, free of charge.  Owner notification letters were mailed January 24, 2024.  Owners may contact Chevrolet customer service at 1-800-222-1020 and GMC customer service at 1-800-462-8782.  GM's number for this recall is N232429911.","Owners may also contact the National Highway Traffic Safety Administration Vehicle Safety Hotline at 1-888-327-4236 (TTY 1-800-424-9153), or go to www.nhtsa.gov.","2024","GMC","TERRAIN"
"General Motors, LLC","24V674000",0,0,1,,"12/09/2024","SERVICE BRAKES, HYDRAULIC:BRAKE FLUID LOW WARNING: LAMP","General Motors, LLC (GM) is recalling certain 2023 Chevrolet Silverado 1500, GMC Sierra 1500, 2023-2024 Chevrolet Tahoe, Suburban, GMC Yukon, Yukon XL, Cadillac Escalade, and Escalade ESV vehicles.  The electronic brake control module software may fail to display a warning light when a loss of brake fluid occurs.  As such, these vehicles fail to comply with the requirements of Federal Vehicle Safety Standard number 135, ""Light Vehicle Brake Systems.""","Without a warning light, the vehicle may be driven with low brake fluid, which can reduce braking performance and increase the risk of a crash.","The Electronic Brake Control Module (eBCM) software will be updated through an over-the-air (OTA) update or by a dealer, free of charge.  Owner notification letters were mailed October 25, 2024.  Owners can contact GMC customer service at 1-800-462-8782, Chevrolet customer service at 1-800-222-1020, or Cadillac customer service at 1-800-458-8006.  GM's number for this recall is N242447990.","Owners may also contact the National Highway Traffic Safety Administration Vehicle Safety Hotline at 1-888-327-4236 (TTY 1-800-424-9153), or go to www.nhtsa.gov.","2024","GMC","YUKON"
"General Motors, LLC","25V274000",0,0,0,"PE25001","24/04/2025","ENGINE AND ENGINE COOLING:ENGINE:HARD PARTS INTERNAL/MECHANICAL","General Motors LLC (GM) is recalling certain 2021-2024 Cadillac Escalade and Escalade ESV, Chevrolet Silverado 1500, Suburban, and Tahoe, GMC Sierra 1500, Yukon, and Yukon XL vehicles equipped with a 6.2L V8 gas engine.  The connecting rod and/or crankshaft engine components may have manufacturing defects that can lead to engine damage and engine failure.","Engine failure increases the risk of a crash.","Dealers will inspect the engine, and as necessary, repair or replace the engine.  For vehicles that pass inspection, dealers will add higher viscosity oil, install 6 oil fill cap, replace the oil filter, and update the owner's manual.  Repairs will be performed free of charge.  Owner notification letters were mailed June 18, 2025.  Owners may contact Cadillac customer service at 1-800-333-4223, Chevrolet customer service at 1-800-222-1020, or GMC customer service at 1-800-462-8782.  GM's number for this recall is N252494000.","Owners may also contact the National Highway Traffic Safety Administration Vehicle Safety Hotline at 1-888-327-4236 (TTY 1-888-275-9171) or go to www.nhtsa.gov.","2024","GMC","YUKON"
"General Motors, LLC","25V619000",0,0,0,,"18/09/2025","FUEL SYSTEM, DIESEL:STORAGE:TANK ASSEMBLY","General Motors, LLC (GM) is recalling certain 2021 Cadillac Escalade, 2021, 2023-2024 Chevrolet Tahoe, and 2022 and 2024 GMC Yukon vehicles equipped with a 6-cylinder diesel engine. The original fuel tank may have been replaced with an incorrect fuel tank, which can allow fuel to leak in a rollover crash.","A fuel leak in the presence of an ignition source increases the risk of a vehicle fire.","Dealers will inspect for the correct fuel tank and replace it, if necessary, free of charge. Owner notification letters were mailed November 5, 2025. Owners may contact Cadillac customer service at 1-800-333-4223, Chevrolet customer service at 1-800-222-1020, or GMC customer service at 1-800-462-8782.  GM's number for this recall is N252512770. Vehicle Identification Numbers (VINs) involved in this recall became searchable on NHTSA.gov on September 18, 2025.",,"2024","GMC","YUKON"
"General Motors, LLC","24V674000",0,0,1,,"12/09/2024","SERVICE BRAKES, HYDRAULIC:BRAKE FLUID LOW WARNING: LAMP","General Motors, LLC (GM) is recalling certain 2023 Chevrolet Silverado 1500, GMC Sierra 1500, 2023-2024 Chevrolet Tahoe, Suburban, GMC Yukon, Yukon XL, Cadillac Escalade, and Escalade ESV vehicles.  The electronic brake control module software may fail to display a warning light when a loss of brake fluid occurs.  As such, these vehicles fail to comply with the requirements of Federal Vehicle Safety Standard number 135, ""Light Vehicle Brake Systems.""","Without a warning light, the vehicle may be driven with low brake fluid, which can reduce braking performance and increase the risk of a crash.","The Electronic Brake Control Module (eBCM) software will be updated through an over-the-air (OTA) update or by a dealer, free of charge.  Owner notification letters were mailed October 25, 2024.  Owners can contact GMC customer service at 1-800-462-8782, Chevrolet customer service at 1-800-222-1020, or Cadillac customer service at 1-800-458-8006.  GM's number for this recall is N242447990.","Owners may also contact the National Highway Traffic Safety Administration Vehicle Safety Hotline at 1-888-327-4236 (TTY 1-800-424-9153), or go to www.nhtsa.gov.","2024","GMC","YUKON XL"
"General Motors, LLC","25V274000",0,0,0,"PE25001","24/04/2025","ENGINE AND ENGINE COOLING:ENGINE:HARD PARTS INTERNAL/MECHANICAL","General Motors LLC (GM) is recalling certain 2021-2024 Cadillac Escalade and Escalade ESV, Chevrolet Silverado 1500, Suburban, and Tahoe, GMC Sierra 1500, Yukon, and Yukon XL vehicles equipped with a 6.2L V8 gas engine.  The connecting rod and/or crankshaft engine components may have manufacturing defects that can lead to engine damage and engine failure.","Engine failure increases the risk of a crash.","Dealers will inspect the engine, and as necessary, repair or replace the engine.  For vehicles that pass inspection, dealers will add higher viscosity oil, install 6 oil fill cap, replace the oil filter, and update the owner's manual.  Repairs will be performed free of charge.  Owner notification letters were mailed June 18, 2025.  Owners may contact Cadillac customer service at 1-800-333-4223, Chevrolet customer service at 1-800-222-1020, or GMC customer service at 1-800-462-8782.  GM's number for this recall is N252494000.","Owners may also contact the National Highway Traffic Safety Administration Vehicle Safety Hotline at 1-888-327-4236 (TTY 1-888-275-9171) or go to www.nhtsa.gov.","2024","GMC","YUKON XL"
"Grand Design RV, LLC","23V490000",0,0,0,,"17/07/2023","SUSPENSION:FRONT:SPRINGS:LEAF SPRING ASSEMBLY:U-BOLT, LEAF SPRING TO AXLE","Grand Design RV, LLC. (Grand Design) is recalling certain 2021-2024 Momentum and Solitude fifth wheels, equipped with certain CURT 7000 and 8000 lb axles.  The U-bolts may have been improperly tightened, which can cause the axle to move out of position.","An axle that moves out of position can cause a loss of vehicle control and increase the risk of a crash.","Dealers will inspect and tighten the U-bolts, as necessary.  Any damaged components will be replaced.  Repairs will be performed free of charge.  Owner notification letters were mailed August 16, 2023.  Owners may contact Grand Design customer service at 1-574-825-9679.  Grand Design's number for this recall is 910039.","Owners may also contact the National Highway Traffic Safety Administration Vehicle Safety Hotline at 1-888-327-4236 (TTY 1-800-424-9153), or go to www.nhtsa.gov.","2024","GRAND DESIGN","MOMENTUM"
"Grand Design RV, LLC","23V586000",0,0,0,,"17/08/2023","TRAILER HITCHES","Grand Design RV, LLC (Grand Design) is recalling certain 2022-2024 Momentum 23G and 25G travel trailers.  The installed safety chains are underrated for the Gross Vehicle Weight Rating (GVWR).","Underrated chains can allow the trailer to detach from the tow vehicle, increasing the risk of a crash.","Dealers will replace the safety chains, free of charge.  Owner notification letters were mailed September 6, 2023.  Owners may contact Grand Design customer service at 1-574-825-9679.  Grand Design's number for this recall is 910040.","Owners may also contact the National Highway Traffic Safety Administration Vehicle Safety Hotline at 1-888-327-4236 (TTY 1-800-424-9153), or go to www.nhtsa.gov.","2024","GRAND DESIGN","MOMENTUM"
"Grand Design RV, LLC","24V193000",0,0,0,,"12/03/2024","SUSPENSION:FRONT:SPRINGS:LEAF SPRING ASSEMBLY:U-BOLT, LEAF SPRING TO AXLE","Grand Design RV, LLC (Grand Design) is recalling certain 2024 Solitude and Momentum Fifth Wheel trailers.  The U-bolts may have been improperly tightened, which can cause the axle to move out of position.","An axle that moves out of position can cause a loss of vehicle control and increase the risk of a crash.","Dealers will replace the U-bolts, free of charge.  Owner notification letters were mailed March 25, 2024.  Owners may contact Grand Design customer service at 1-574-825-9679.  Grand Design's number for this recall is 910042.","Owners may also contact the National Highway Traffic Safety Administration Vehicle Safety Hotline at 1-888-327-4236 (TTY 1-800-424-9153), or go to www.nhtsa.gov.","2024","GRAND DESIGN","MOMENTUM"
"Grand Design RV, LLC","24V916000",0,0,0,,"10/12/2024","STRUCTURE:BODY:STEP/LADDER","Grand Design RV, LLC (Grand Design) is recalling certain 2023-2025 Momentum fifth wheel trailers.  The interior step base does not adequately support the step tread.","The tread may detach from the step, increasing the risk of a trip and fall injury.","Dealers will replace the step riser and step treads, free of charge.  Owner notification letters were mailed January 16, 2025.  Owners may contact Grand Design customer service at 1-574-825-9679.  Grand Design's number for this recall is 910047.","Owners may also contact the National Highway Traffic Safety Administration Vehicle Safety Hotline at 1-888-327-4236 (TTY 1-800-424-9153) or go to nhtsa.gov.","2024","GRAND DESIGN","MOMENTUM"
"Grand Design RV, LLC","25V281000",0,0,0,,"06/05/2025","STRUCTURE:BODY:STEP/LADDER","Grand Design RV, LLC (Grand Design) is recalling certain 2024-2025 Momentum 320G, 325G, 344M, 250G, 351MS, 381MS, 392M, 395MS, 397THS, 398M, 399TH, 410TH, 414M, and 415G toy haulers, equipped with a removable step assembly.  The clip-on bracket mounting bolts may come loose, allowing the steps to detach.","Steps that detach while in use increase the risk of injury.","Dealers will inspect the clip-on bracket and make repairs as necessary, free of charge.  Owner notification letters were mailed May 15, 2025.  Owners may contact Grand Design customer service at 1-574-825-9679.  Grand Design's number for this recall is 910050.","Owners may also contact the National Highway Traffic Safety Administration Vehicle Safety Hotline at 1-888-327-4236 (TTY 1- 888-275-9171), or go to www.safercar.gov.","2024","GRAND DESIGN","MOMENTUM"
"Grand Design RV, LLC","26V044000",0,0,0,,"26/01/2026","SUSPENSION:FRONT:SPRINGS:LEAF SPRING ASSEMBLY:U-BOLT, LEAF SPRING TO AXLE","Grand Design RV, LLC (Grand Design) is recalling certain 2021-2024 Momentum and 2022-2024 Solitude Fifth Wheel trailers. The U-bolt may become loose due to inadequate preload and preload losses, causing the axle to move out of position.","An axle that moves out of position can cause a loss of vehicle control and increase the risk of a crash.","Dealers will replace the axle attachment components, free of charge. Owner notification letters were mailed May 15, 2026. Owners may contact Grand Design customer service at 1-574-825-9679. Grand Design's number for this recall is 910054. This recall supersedes NHTSA Recalls 23V490 and 24V193.",,"2024","GRAND DESIGN","MOMENTUM"
"Grand Design RV, LLC","23V788000",0,0,0,,"22/11/2023","ELECTRICAL SYSTEM:WIRING","Grand Design RV, LLC (Grand Design) is recalling certain 2024 Reflection travel trailers.  The electrical plug blade openings (narrow hot blade and wider neutral blade) may be reversed on one of the two receptacle outlet faces, which can cause outlet failure.","Electrical outlet failure can increase the risk of a fire.","Dealers will replace the incorrect receptacles, free of charge.  Owner notification letters were mailed January 5, 2024.  Owners may contact Grand Design customer service at 1-574-825-9679.  Grand Design's number for this recall is 910041.","Owners may also contact the National Highway Traffic Safety Administration Vehicle Safety Hotline at 1-888-327-4236 (TTY 1-800-424-9153), or go to www.nhtsa.gov.","2024","GRAND DESIGN","REFLECTION"
"Grand Design RV, LLC","24V522000",0,0,0,,"09/07/2024","ELECTRICAL SYSTEM:WIRING:FUSES AND CIRCUIT BREAKERS","Grand Design RV, LLC (Grand Design) is recalling certain 2024 Reflection travel trailers.  The electrical wiring may be missing over current circuit protection.","Wiring without circuit protection may become damaged and short circuit, increasing the risk of a fire.","Dealers will install a 50-amp breaker, free of charge.  Owner notification letters were mailed July 24, 2024.  Owners may contact Grand Design customer service at 1-574-825-9679.  Grand Design's number for this recall is 910044.","Owners may also contact the National Highway Traffic Safety Administration Vehicle Safety Hotline at 1-888-327-4236 (TTY 1-800-424-9153), or go to www.nhtsa.gov.","2024","GRAND DESIGN","REFLECTION"
"Grand Design RV, LLC","23V490000",0,0,0,,"17/07/2023","SUSPENSION:FRONT:SPRINGS:LEAF SPRING ASSEMBLY:U-BOLT, LEAF SPRING TO AXLE","Grand Design RV, LLC. (Grand Design) is recalling certain 2021-2024 Momentum and Solitude fifth wheels, equipped with certain CURT 7000 and 8000 lb axles.  The U-bolts may have been improperly tightened, which can cause the axle to move out of position.","An axle that moves out of position can cause a loss of vehicle control and increase the risk of a crash.","Dealers will inspect and tighten the U-bolts, as necessary.  Any damaged components will be replaced.  Repairs will be performed free of charge.  Owner notification letters were mailed August 16, 2023.  Owners may contact Grand Design customer service at 1-574-825-9679.  Grand Design's number for this recall is 910039.","Owners may also contact the National Highway Traffic Safety Administration Vehicle Safety Hotline at 1-888-327-4236 (TTY 1-800-424-9153), or go to www.nhtsa.gov.","2024","GRAND DESIGN","SOLITUDE"
"Grand Design RV, LLC","24V193000",0,0,0,,"12/03/2024","SUSPENSION:FRONT:SPRINGS:LEAF SPRING ASSEMBLY:U-BOLT, LEAF SPRING TO AXLE","Grand Design RV, LLC (Grand Design) is recalling certain 2024 Solitude and Momentum Fifth Wheel trailers.  The U-bolts may have been improperly tightened, which can cause the axle to move out of position.","An axle that moves out of position can cause a loss of vehicle control and increase the risk of a crash.","Dealers will replace the U-bolts, free of charge.  Owner notification letters were mailed March 25, 2024.  Owners may contact Grand Design customer service at 1-574-825-9679.  Grand Design's number for this recall is 910042.","Owners may also contact the National Highway Traffic Safety Administration Vehicle Safety Hotline at 1-888-327-4236 (TTY 1-800-424-9153), or go to www.nhtsa.gov.","2024","GRAND DESIGN","SOLITUDE"
"Grand Design RV, LLC","25V061000",0,0,0,,"07/02/2025","EQUIPMENT:RECREATIONAL VEHICLE/TRAILER:MATERIALS:FLOORING","Grand Design RV, LLC (Grand Design) is recalling certain 2019-2024 Grand Design Solitude fifth wheel trailers.  The step tread joints may be unsupported, causing the tread to break.","A broken step increases the risk of injury.","Dealers will reinforce the current step tread with a metal bracket, free of charge.  Owner notification letters were mailed May 22, 2025.  Owners may contact Grand Design customer service at 1-574-825-9679.  Grand Design's number for this recall is 910048.","Owners may also contact the National Highway Traffic Safety Administration Vehicle Safety Hotline at 1-888-327-4236 (TTY 1-800-424-9153) or go to nhtsa.gov.","2024","GRAND DESIGN","SOLITUDE"
"Grand Design RV, LLC","26V044000",0,0,0,,"26/01/2026","SUSPENSION:FRONT:SPRINGS:LEAF SPRING ASSEMBLY:U-BOLT, LEAF SPRING TO AXLE","Grand Design RV, LLC (Grand Design) is recalling certain 2021-2024 Momentum and 2022-2024 Solitude Fifth Wheel trailers. The U-bolt may become loose due to inadequate preload and preload losses, causing the axle to move out of position.","An axle that moves out of position can cause a loss of vehicle control and increase the risk of a crash.","Dealers will replace the axle attachment components, free of charge. Owner notification letters were mailed May 15, 2026. Owners may contact Grand Design customer service at 1-574-825-9679. Grand Design's number for this recall is 910054. This recall supersedes NHTSA Recalls 23V490 and 24V193.",,"2024","GRAND DESIGN","SOLITUDE"
"Harley-Davidson Motor Company","25V375000",0,0,0,,"06/06/2025","SUSPENSION:REAR:SHOCK ABSORBER","Harley-Davidson Motor Company (Harley-Davidson) is recalling certain 2018-2024 Softail motorcycles. The mounting tab on the rear shock pre-load adjuster may break, allowing the rear shock absorber adjuster to damage the rear tire, causing a loss of tire pressure.","A sudden loss of tire pressure increases the risk of a crash.","Dealers will install a new bracket, free of charge. Owner notification letters are expected to be mailed June 16, 2025. Owners may contact Harley-Davidson customer service at 1-800-258-2464. Harley-Davidson's number for this recall is 0188. Some of the vehicles included in this recall were previously repaired under recall 23V591, and will need to have the new remedy completed.",,"2024","HARLEY-DAVIDSON","FLHCS"
"Harley-Davidson Motor Company","24V672000",0,0,0,,"16/09/2024","ELECTRICAL SYSTEM:WIRING","Harley-Davidson Motor Company (Harley-Davidson) is recalling certain 2024 FLHX, FLHXSE, FLTRX, FLTRXSE, and FLTRXSTSE motorcycles.  The voltage regulator output wire may rub on the front corner of the crankcase, exposing the wire and causing an electrical short circuit.  A short can result in a loss of electrical power and drive power.","The unexpected loss of drive power and the loss of electrical power while in motion increases the risk of a crash.","Dealers will inspect and as necessary, repair the voltage regulator output wire harness, and install a secondary retention strap, free of charge.  Owner notification letters were mailed September 23, 2024.  Owners may contact Harley-Davidson customer service at 1-800-258-2464.  Harley-Davidson's number for this recall is 0186.","Owners may also contact the National Highway Traffic Safety Administration Vehicle Safety Hotline at 1-888-327-4236 (TTY 1-800-424-9153), or go to www.nhtsa.gov.","2024","HARLEY-DAVIDSON","FLHX"
"Harley-Davidson Motor Company","26V270000",0,0,0,,"28/04/2026","ENGINE AND ENGINE COOLING:EXHAUST SYSTEM:EMISSION CONTROL:CRANKCASE (PCV)","Harley-Davidson Motor Company (Harley-Davidson) is recalling certain 2024-2026 FLTRX, FLHX, 2025-2026 FXBR, FLFB, 2025 FLHXU, 2026 FLTRXL, FLTRT, FLHXL, and FLHLT motorcycles built with an Airbox Baseplate (part number 29000373). The airbox backplate breather port may be blocked, allowing pressure to build up inside the crankcase.","When the dipstick is removed while the crankcase is pressurized, oil may eject from the fill spout, increasing the risk of injury.","Dealers will inspect the breather port, and if the port is blocked, repair the blockage, free of charge. Owner notification letters were mailed May 14, 2026.  Owners may contact Harley-Davidson customer service at 1-800-258-2464. Vehicle Identification Numbers (VINs) involved in this recall became searchable on NHTSA.gov April 16, 2025. Harley-Davidson's number for this recall is 0193.",,"2024","HARLEY-DAVIDSON","FLHX"
"Harley-Davidson Motor Company","24V672000",0,0,0,,"16/09/2024","ELECTRICAL SYSTEM:WIRING","Harley-Davidson Motor Company (Harley-Davidson) is recalling certain 2024 FLHX, FLHXSE, FLTRX, FLTRXSE, and FLTRXSTSE motorcycles.  The voltage regulator output wire may rub on the front corner of the crankcase, exposing the wire and causing an electrical short circuit.  A short can result in a loss of electrical power and drive power.","The unexpected loss of drive power and the loss of electrical power while in motion increases the risk of a crash.","Dealers will inspect and as necessary, repair the voltage regulator output wire harness, and install a secondary retention strap, free of charge.  Owner notification letters were mailed September 23, 2024.  Owners may contact Harley-Davidson customer service at 1-800-258-2464.  Harley-Davidson's number for this recall is 0186.","Owners may also contact the National Highway Traffic Safety Administration Vehicle Safety Hotline at 1-888-327-4236 (TTY 1-800-424-9153), or go to www.nhtsa.gov.","2024","HARLEY-DAVIDSON","FLTRX"
"Harley-Davidson Motor Company","26V270000",0,0,0,,"28/04/2026","ENGINE AND ENGINE COOLING:EXHAUST SYSTEM:EMISSION CONTROL:CRANKCASE (PCV)","Harley-Davidson Motor Company (Harley-Davidson) is recalling certain 2024-2026 FLTRX, FLHX, 2025-2026 FXBR, FLFB, 2025 FLHXU, 2026 FLTRXL, FLTRT, FLHXL, and FLHLT motorcycles built with an Airbox Baseplate (part number 29000373). The airbox backplate breather port may be blocked, allowing pressure to build up inside the crankcase.","When the dipstick is removed while the crankcase is pressurized, oil may eject from the fill spout, increasing the risk of injury.","Dealers will inspect the breather port, and if the port is blocked, repair the blockage, free of charge. Owner notification letters were mailed May 14, 2026.  Owners may contact Harley-Davidson customer service at 1-800-258-2464. Vehicle Identification Numbers (VINs) involved in this recall became searchable on NHTSA.gov April 16, 2025. Harley-Davidson's number for this recall is 0193.",,"2024","HARLEY-DAVIDSON","FLTRX"
"Harley-Davidson Motor Company","24V672000",0,0,0,,"16/09/2024","ELECTRICAL SYSTEM:WIRING","Harley-Davidson Motor Company (Harley-Davidson) is recalling certain 2024 FLHX, FLHXSE, FLTRX, FLTRXSE, and FLTRXSTSE motorcycles.  The voltage regulator output wire may rub on the front corner of the crankcase, exposing the wire and causing an electrical short circuit.  A short can result in a loss of electrical power and drive power.","The unexpected loss of drive power and the loss of electrical power while in motion increases the risk of a crash.","Dealers will inspect and as necessary, repair the voltage regulator output wire harness, and install a secondary retention strap, free of charge.  Owner notification letters were mailed September 23, 2024.  Owners may contact Harley-Davidson customer service at 1-800-258-2464.  Harley-Davidson's number for this recall is 0186.","Owners may also contact the National Highway Traffic Safety Administration Vehicle Safety Hotline at 1-888-327-4236 (TTY 1-800-424-9153), or go to www.nhtsa.gov.","2024","HARLEY-DAVIDSON","FLTRXSE"
"Harley-Davidson Motor Company","24V672000",0,0,0,,"16/09/2024","ELECTRICAL SYSTEM:WIRING","Harley-Davidson Motor Company (Harley-Davidson) is recalling certain 2024 FLHX, FLHXSE, FLTRX, FLTRXSE, and FLTRXSTSE motorcycles.  The voltage regulator output wire may rub on the front corner of the crankcase, exposing the wire and causing an electrical short circuit.  A short can result in a loss of electrical power and drive power.","The unexpected loss of drive power and the loss of electrical power while in motion increases the risk of a crash.","Dealers will inspect and as necessary, repair the voltage regulator output wire harness, and install a secondary retention strap, free of charge.  Owner notification letters were mailed September 23, 2024.  Owners may contact Harley-Davidson customer service at 1-800-258-2464.  Harley-Davidson's number for this recall is 0186.","Owners may also contact the National Highway Traffic Safety Administration Vehicle Safety Hotline at 1-888-327-4236 (TTY 1-800-424-9153), or go to www.nhtsa.gov.","2024","HARLEY-DAVIDSON","FLTRXSTSE"
"Harley-Davidson Motor Company","25V375000",0,0,0,,"06/06/2025","SUSPENSION:REAR:SHOCK ABSORBER","Harley-Davidson Motor Company (Harley-Davidson) is recalling certain 2018-2024 Softail motorcycles. The mounting tab on the rear shock pre-load adjuster may break, allowing the rear shock absorber adjuster to damage the rear tire, causing a loss of tire pressure.","A sudden loss of tire pressure increases the risk of a crash.","Dealers will install a new bracket, free of charge. Owner notification letters are expected to be mailed June 16, 2025. Owners may contact Harley-Davidson customer service at 1-800-258-2464. Harley-Davidson's number for this recall is 0188. Some of the vehicles included in this recall were previously repaired under recall 23V591, and will need to have the new remedy completed.",,"2024","HARLEY-DAVIDSON","FXLRS"
"Harley-Davidson Motor Company","24V753000",0,0,0,,"09/10/2024","SERVICE BRAKES","Harley-Davidson Motor Company (Harley-Davidson) is recalling certain 2022 FXRST and 2022-2024 FXLRST motorcycles.  The front brake lines may contact the fuel tank and become damaged, possibly resulting in a brake fluid leak and a loss of front brake function.","A loss of front brake function can increase the risk of a crash.","Dealers will inspect the brake lines and replace them, as necessary, free of charge.  Owner notification letters were mailed October 25, 2024.  Owners may contact Harley-Davidson Customer Service at (414) 343-4056.  Harley-Davidson's number for this recall is 0187.","Owners may also contact the National Highway Traffic Safety Administration Vehicle Safety Hotline at 1-888-327-4236 (TTY 1-800-424-9153) or go to nhtsa.gov.","2024","HARLEY-DAVIDSON","FXLRST"
"Harley-Davidson Motor Company","25V375000",0,0,0,,"06/06/2025","SUSPENSION:REAR:SHOCK ABSORBER","Harley-Davidson Motor Company (Harley-Davidson) is recalling certain 2018-2024 Softail motorcycles. The mounting tab on the rear shock pre-load adjuster may break, allowing the rear shock absorber adjuster to damage the rear tire, causing a loss of tire pressure.","A sudden loss of tire pressure increases the risk of a crash.","Dealers will install a new bracket, free of charge. Owner notification letters are expected to be mailed June 16, 2025. Owners may contact Harley-Davidson customer service at 1-800-258-2464. Harley-Davidson's number for this recall is 0188. Some of the vehicles included in this recall were previously repaired under recall 23V591, and will need to have the new remedy completed.",,"2024","HARLEY-DAVIDSON","FXLRST"
"Harley-Davidson Motor Company","25V590000",0,0,0,,"10/09/2025","STEERING:LINKAGES","Harley-Davidson Motor Company (Harley-Davidson) is recalling certain RH1250S (Sportster S) motorcycles. The upper triple clamp may fracture.","An upper triple clamp that fractures while the motorcycle is being operated could lead to a loss of control, increasing the risk of a crash.","Dealers will replace the upper triple clamp, free of charge. Owner notification letters were mailed October 1, 2025. Owners may contact Harley-Davidson customer service at 1-800-258-2464. Harley-Davidson's number for this recall is 0190.",,"2024","HARLEY-DAVIDSON","RH1250S"
"Harley-Davidson Motor Company","26V075000",0,0,0,,"09/02/2026","STEERING:LINKAGES","Harley-Davidson Motor Company (Harley) is recalling certain 2021-2026 RH1250S (Sportster S) motorcycles. The upper triple clamp may fracture.","An upper triple clamp that fractures can lead to a loss of control, increasing the risk of a crash.","Dealers will inspect and replace the upper triple clamp, as necessary, free of charge. Owner notification letters are expected to be mailed February 19, 2026. Owners may contact Harley-Davidson customer service at 1-800-258-2464. Harley-Davidson's number for this recall is 0191. This recall expands previous NHTSA recall number 25V590. Motorcycles that were repaired under the previous recall will need to have the new remedy performed.",,"2024","HARLEY-DAVIDSON","RH1250S"
"Heartland Recreational Vehicles, LLC","25V304000",0,0,0,,"09/05/2025","STRUCTURE:BODY:STEP/LADDER","Heartland Recreational Vehicles, LLC (Heartland) is recalling certain 2024-2025 Cyclone fifth wheels, equipped with a removable step assembly.  The clip-on bracket mounting bolts may come loose, allowing the steps to detach.","Steps that detach while in use increase the risk of injury.","Dealers will replace the clip-on bracket, free of charge.  Owner notification letters were mailed June 19, 2025.  Owners may contact Heartland customer service at 1-877-262-8032.","Owners may also contact the National Highway Traffic Safety Administration Vehicle Safety Hotline at 1-888-327-4236 (TTY 1- 888-275-9171), or go to www.safercar.gov.","2024","HEARTLAND","CYCLONE"
"Heartland Recreational Vehicles, LLC","24V236000",0,0,0,,"27/03/2024","EQUIPMENT:APPLIANCE:OVEN/STOVE/COOKTOP","Heartland Recreational Vehicles, LLC (Heartland) is recalling certain 2023 Elk Ridge, Lithium, 2024 Eddie Bauer, Corterra, 2023-2024 Big Country, Big Horn, South Fork, Fuel, Gravity, Mallard, North Trail, Sundance, Milestone, Pioneer, Prowler, Torque, and Trail Runner fifth wheels and travel trailers.  The LED backlight circuit board in the cooktop range may fail, causing the board to overheat.","A circuit board that overheats increases the risk of a fire.","Dealers will disconnect and cut the circuit powering the LED backlights and terminate the wiring, free of charge.  Owner notification letters were mailed May 9, 2024.  Owners may contact Heartland customer service at 1-877-262-8032.","Owners may also contact the National Highway Traffic Safety Administration Vehicle Safety Hotline at 1-888-327-4236 (TTY 1-800-424-9153), or go to www.nhtsa.gov.","2024","HEARTLAND","NORTH TRAIL"
"REV Recreation Group","23V665000",0,0,0,,"02/10/2023","EQUIPMENT:APPLIANCE:OVEN/STOVE/COOKTOP","REV Recreation Group (REV) is recalling certain 2023-2024 Fleetwood Fortis and 2024 Holiday Rambler Invicta motorhomes.  The exterior griddle may be stowed while still connected to the LP gas line.","A griddle stowed while the gas is still in use can increase the risk of a fire.","Dealers will install a 90-degree fitting and quick disconnect on the griddle, free of charge.  Owner notification letters were mailed October 31, 2023.  Owners may contact REV customer service at 1-800-509-3417.  REV's number for this recall is 231002REV.","Owners may also contact the National Highway Traffic Safety Administration Vehicle Safety Hotline at 1-888-327-4236 (TTY 1-800-424-9153), or go to www.nhtsa.gov.","2024","HOLIDAY RAMBLER","INVICTA"
"REV Recreation Group","24V607000",0,0,0,,"13/08/2024","STRUCTURE","REV Recreation Group (REV) is recalling certain 2019-2025 Holiday Rambler Admiral, 2018 Holiday Rambler Admiral XE, Fleetwood Storm, 2023-2025 Holiday Rambler Eclipse, Fleetwood Flex, 2018-2025 Fleetwood Flair, 2020-2024 Fleetwood Fortis, 2020-2025 Holiday Rambler Invicta, 2018-2023 Fleetwood Pace Arrow, and 2018-2019 Holiday Rambler Vacationer XE motorhomes, equipped with the HappiJac drop down bed option.  The front overhead cabinet fasteners can break, allowing the overhead cabinet to detach.","A cabinet that detaches while the vehicle is in motion can distract the driver, increasing the risk of a crash.","Dealers will inspect and install new hardware and fasteners as necessary, free of charge.  Owner notification letters were mailed October 7, 2024.  Owners may contact REV customer service at 1-800-509-3417.  REV's number for this recall is 240809REV.","Owners may also contact the National Highway Traffic Safety Administration Vehicle Safety Hotline at 1-888-327-4236 (TTY 1-800-424-9153), or go to www.nhtsa.gov.","2024","HOLIDAY RAMBLER","INVICTA"
"REV Recreation Group","25V121000",0,0,0,,"27/02/2025","ENGINE AND ENGINE COOLING:EXHAUST SYSTEM","REV Recreation Group (REV) is recalling certain 2022-2025 Fleetwood Bounder, Flair, Fortis, Holiday Rambler Admiral, Invicta, Vacationer, 2023-2025 Fleetwood Flex, Holiday Rambler Eclipse, and 2022-2023 Fleetwood Southwind motorhomes.  The engine exhaust tip may detach, allowing exhaust fumes to enter the cabin.","Exhaust fumes inside the cabin increases the risk of injury or death from carbon monoxide poisoning.  In addition, a detached exhaust tip can become a road hazard for other road users, increasing the risk of a crash.","Dealers will install a clamp to the exhaust tip, free of charge.  Owner notification letters are expected to be mailed April 26, 2025.  Owners may contact REV customer service at 1-800-509-3417.  REV's number for this recall is 250221REV.","Owners may also contact the National Highway Traffic Safety Administration Vehicle Safety Hotline at 1-888-327-4236 (TTY 1-888-275-9171), or go to www.safercar.gov.","2024","HOLIDAY RAMBLER","INVICTA"
"REV Recreation Group","25V664000",0,1,0,,"03/10/2025","EQUIPMENT:RECREATIONAL VEHICLE/TRAILER:LPG SYSTEMS:LINES AND FITTINGS","REV Recreation Group (REV) is recalling certain 2024-2026 Holiday Rambler Invicta, and Fleetwood Fortis recreational vehicles, equipped with the theater seat option. The theater seat fasteners may have damaged the Liquid Propane (LP) hoses, causing a propane leak.","A propane gas leak increases the risk of a fire.","Owners are advised to park outside and away from structures until the remedy is completed. Dealers will inspect and replace any damaged hoses, free of charge. Owner notification letters were mailed December 1, 2025. Owners may contact REV customer service at 1-800-509-3417. REV's number for this recall is 251003REV.",,"2024","HOLIDAY RAMBLER","INVICTA"
"REV Recreation Group","25V718000",0,0,0,,"21/10/2025","LATCHES/LOCKS/LINKAGES","REV Recreation Group (REV) is recalling certain 2024-2026 Holiday Rambler Invicta and Fleetwood Fortis recreational vehicles equipped with Lippert Paddle latches with part number 2021097882. The paddle latch may unintentionally lock, preventing operators from accessing the Liquid Propane (LP) compartment.","An inability to access the LP compartment can increase the risk of a fire.","Dealers will inspect and replace the paddle latches as necessary, free of charge. Owner notification letters were mailed December 19, 2025. Owners may contact REV customer service at 1-800-509-3417. REV's number for this recall is 251021REV.",,"2024","HOLIDAY RAMBLER","INVICTA"
"Honda (American Honda Motor Co.)","24V763000",0,0,0,,"14/10/2024","FUEL SYSTEM, GASOLINE:DELIVERY:FUEL PUMP","Honda (American Honda Motor Co.) is recalling certain 2023-2024 Honda Accord, Accord Hybrid, 2023-2025 Honda CR-V Hybrid, and 2025 Honda Civic and Civic Hybrid vehicles.  The high-pressure fuel pump may crack and leak fuel.","A fuel leak in the presence of an ignition source can increase the risk of a fire.","Dealers will inspect and replace the high-pressure fuel pump as necessary, free of charge.  Owner letters were mailed February 20, 2025.  Owners may contact Honda customer service at 1-888-234-2138.  Honda's number for this recall is PJW.","Owners may also contact the National Highway Traffic Safety Administration Vehicle Safety Hotline at 1-888-327-4236 (TTY 1-800-424-9153) or go to nhtsa.gov.","2024","HONDA","ACCORD HYBRID"
"Honda (American Honda Motor Co.)","24V859000",0,0,0,,"14/11/2024","SEATS:CRITICAL FASTENERS","Honda (American Honda Motor Co.) is recalling certain 2023-2024 Honda Accord, Accord Hybrid, Civic Sedan, Civic Hatchback, Pilot, and 2024 HR-V, Acura Integra and Acura Integra Type S vehicles.  The driver's seat cushion frame may not have been tightened properly, which can result in an unsecured seat.  As such, these vehicles fail to comply with the requirements of Federal Motor Vehicle Safety Standard number 207, ""Seating Systems.""","An unsecured driver's seat may not adequately restrain the driver during a crash, increasing the risk of injury.","Dealers will replace the driver's seat cushion frame, free of charge.  Owner notification letters were mailed January 6, 2025.  Owners may contact Honda customer service at 1-888-234-2138.","Owners may also contact the National Highway Traffic Safety Administration Vehicle Safety Hotline at 1-888-327-4236 (TTY 1-800-424-9153) or go to nhtsa.gov.","2024","HONDA","ACCORD HYBRID"
"Honda (American Honda Motor Co.)","25V785000",0,0,0,,"13/11/2025","ELECTRICAL SYSTEM:PROPULSION SYSTEM:HYBRID MANAGEMENT:POWER CONTROL UNIT/MODULE (HPCU):SOFTWARE","Honda (American Honda Motor Co.) is recalling certain 2023-2025 Honda Accord Hybrid vehicles. Due to a software error, the integrated control module (ICM) central processing unit (CPU) may reset while driving, causing a loss of drive power.","A loss of drive power increases the risk of a crash or injury.","Dealers will reprogram the ICM CPU software, free of charge. Owner notification letters were mailed January 6, 2026. Owners may contact Honda's customer service at 1-888-234-2138. Honda's number for this recall is TN2. Vehicle Identification Numbers (VINs) involved in this recall will be searchable on NHTSA.gov beginning November 18, 2025.",,"2024","HONDA","ACCORD HYBRID"
"Honda (American Honda Motor Co.)","26V366000",0,0,0,,"04/06/2026","TIRES:TEMPORARY/EMERGENCY SPARE TIRE","Honda (American Honda Motor Co.) is recalling certain 2023-2026 CR-V Hybrid, Accord Hybrid, and 2025-2026 CR-V Fuel Cell EV vehicles. When using the tire repair kit, pressure may build within the sealant bottle, causing the bottle cap to detach.","A detached bottle cap can become a projectile and strike the user or others nearby, increasing the risk of injury.","Dealers will replace the tire repair kit nozzle or sealant bottle, free of charge. Interim letters notifying owners of the safety risk are expected to be mailed July 27, 2026. Additional letters will be sent once the final remedy is available, anticipated in Fall 2026. Owners may contact Honda's customer service at 1-866-784-1870. Honda's number for this recall is DOV. Vehicle Identification Numbers (VINs) involved in this recall will be searchable on NHTSA.gov beginning June 11, 2026.",,"2024","HONDA","ACCORD HYBRID"
"Honda (American Honda Motor Co.)","25V195000",0,0,0,,"27/03/2025","ENGINE AND ENGINE COOLING:ENGINE:OIL/LUBRICATION:PUMP","Honda (American Honda Motor Co.) is recalling certain 2024-2025 ADV160 scooters.  The oil pump driven gear may fail, resulting in a loss of drive power.","Loss of drive power increases the risk of a crash or injury.","Dealers will replace the oil pump driven gear, free of charge. Owner letters were mailed August 6, 2025. Owners may contact Honda's customer service at 866-784-1870.  Honda's number for this recall is KR9.","Owners may also contact the National Highway Traffic Safety Administration Vehicle Safety Hotline at 888-327-4236 (TTY 888-275-9171) or go to nhtsa.gov.","2024","HONDA","ADV160"
"Honda (American Honda Motor Co.)","25V107000",0,0,0,,"20/02/2025","POWER TRAIN:CLUTCH ASSEMBLY:PEDAL/HAND LEVER(MOTORCYCLE)","Honda (American Honda Motor Co.) is recalling certain 2024 CB650R and CBR650R motorcycles.  The fasteners of the gear shift arm may loosen and detach, resulting in the inability to shift gears.","The inability to shift gears while riding increases the risk of a crash.","Dealers will replace the gear shift arm, free of charge.  Owner notification letters were mailed April 31, 2025.  Owners may contact Honda's customer service at 866-784-1870.  Honda's number for this recall is KR7.","Owners may also contact the National Highway Traffic Safety Administration Vehicle Safety Hotline at 888-327-4236 (TTY 888-275-9171) or go to nhtsa.gov.","2024","HONDA","CBR650R"
"Honda (American Honda Motor Co.)","25V911000",0,0,0,,"23/12/2025","ELECTRICAL SYSTEM:WIRING","Honda (American Honda Motor Co.) is recalling certain 2024-2025 CBR650R motorcycles. Engine vibration may cause the turn signal switch wire harness to become damaged, which can cause an electrical short circuit and blown fuse. As such, these vehicles fail to comply with the requirements of Federal Motor Vehicle Safety Standard number 108, ""Lamps, Reflective Devices, and Associated Equipment.""","A blown fuse will cause a loss of turn signal, brake light, speedometer, and horn function, increasing the risk of a crash or injury.","Dealers will inspect and repair the turn signal switch wire harness as necessary, free of charge. Owner notification letters were mailed February 9, 2026. Owners may contact Honda's customer service at 1-866-784-1870. Honda's number for this recall is KT7. Vehicle Identification Numbers (VINs) involved in this recall became searchable on NHTSA.gov on January 8, 2026.",,"2024","HONDA","CBR650R"
"Honda (American Honda Motor Co.)","24V744000",0,0,0,"EA23003","03/10/2024","STEERING","Honda (American Honda Motor Co.) is recalling certain 2023-2025 Acura Integra, Civic Type R, CR-V Hybrid, CR-V, HR-V, 2022-2025 Civic, Civic Hatchback, 2024-2025 Acura Integra Type S, 2025 CR-V Fuel Cell EV, Civic Hybrid, and Civic Hatchback Hybrid vehicles.  The steering gearbox assembly may have been manufactured incorrectly, which can cause excessive internal friction and lead to difficulty steering the vehicle.","Difficulty steering can increase the risk of a crash.","Dealers will replace the worm gear spring and redistribute or add grease as necessary, free of charge.  Owner notification letters were mailed November 18, 2024.  Owners may contact Honda Customer Service at 1-888-234-2138.   Honda's numbers for this recall are SJS, MJU, QJT and VJV.","Owners may also contact the National Highway Traffic Safety Administration Vehicle Safety Hotline at 1-888-327-4236 (TTY 1-800-424-9153) or go to nhtsa.gov.","2024","HONDA","CIVIC HATCHBACK"
"Honda (American Honda Motor Co.)","24V859000",0,0,0,,"14/11/2024","SEATS:CRITICAL FASTENERS","Honda (American Honda Motor Co.) is recalling certain 2023-2024 Honda Accord, Accord Hybrid, Civic Sedan, Civic Hatchback, Pilot, and 2024 HR-V, Acura Integra and Acura Integra Type S vehicles.  The driver's seat cushion frame may not have been tightened properly, which can result in an unsecured seat.  As such, these vehicles fail to comply with the requirements of Federal Motor Vehicle Safety Standard number 207, ""Seating Systems.""","An unsecured driver's seat may not adequately restrain the driver during a crash, increasing the risk of injury.","Dealers will replace the driver's seat cushion frame, free of charge.  Owner notification letters were mailed January 6, 2025.  Owners may contact Honda customer service at 1-888-234-2138.","Owners may also contact the National Highway Traffic Safety Administration Vehicle Safety Hotline at 1-888-327-4236 (TTY 1-800-424-9153) or go to nhtsa.gov.","2024","HONDA","CIVIC HATCHBACK"
"Honda (American Honda Motor Co.)","24V508000",0,0,0,,"02/07/2024","TIRES:MARKINGS","Honda (America Honda Motor Co.) is recalling certain 2024 CR-V vehicles.  The tire identification number (TIN) is missing the four-digit date code.  As such, these vehicles fail to comply with the requirements of Federal Motor Vehicle Safety Standard number 139, ""New Pneumatic Radial Tires for Light Vehicles.""","An owner whose TIN information is missing may not recognize that their vehicle is involved in a safety recall and continue to drive on recalled tires, increasing the risk of a crash.","Dealers will inspect and replace the tires as necessary, free of charge.  Owner notification letters were mailed August 27, 2024.  Owners may contact Honda customer service at 1-888-234-2138.  Honda's number for this recall is BIS.","Owners may also contact the National Highway Traffic Safety Administration Vehicle Safety Hotline at 1-888-327-4236 (TTY 1-800-424-9153), or go to www.nhtsa.gov.","2024","HONDA","CR-V"
"Honda (American Honda Motor Co.)","24V744000",0,0,0,"EA23003","03/10/2024","STEERING","Honda (American Honda Motor Co.) is recalling certain 2023-2025 Acura Integra, Civic Type R, CR-V Hybrid, CR-V, HR-V, 2022-2025 Civic, Civic Hatchback, 2024-2025 Acura Integra Type S, 2025 CR-V Fuel Cell EV, Civic Hybrid, and Civic Hatchback Hybrid vehicles.  The steering gearbox assembly may have been manufactured incorrectly, which can cause excessive internal friction and lead to difficulty steering the vehicle.","Difficulty steering can increase the risk of a crash.","Dealers will replace the worm gear spring and redistribute or add grease as necessary, free of charge.  Owner notification letters were mailed November 18, 2024.  Owners may contact Honda Customer Service at 1-888-234-2138.   Honda's numbers for this recall are SJS, MJU, QJT and VJV.","Owners may also contact the National Highway Traffic Safety Administration Vehicle Safety Hotline at 1-888-327-4236 (TTY 1-800-424-9153) or go to nhtsa.gov.","2024","HONDA","CR-V"
"Honda (American Honda Motor Co.)","24V744000",0,0,0,"EA23003","03/10/2024","STEERING","Honda (American Honda Motor Co.) is recalling certain 2023-2025 Acura Integra, Civic Type R, CR-V Hybrid, CR-V, HR-V, 2022-2025 Civic, Civic Hatchback, 2024-2025 Acura Integra Type S, 2025 CR-V Fuel Cell EV, Civic Hybrid, and Civic Hatchback Hybrid vehicles.  The steering gearbox assembly may have been manufactured incorrectly, which can cause excessive internal friction and lead to difficulty steering the vehicle.","Difficulty steering can increase the risk of a crash.","Dealers will replace the worm gear spring and redistribute or add grease as necessary, free of charge.  Owner notification letters were mailed November 18, 2024.  Owners may contact Honda Customer Service at 1-888-234-2138.   Honda's numbers for this recall are SJS, MJU, QJT and VJV.","Owners may also contact the National Highway Traffic Safety Administration Vehicle Safety Hotline at 1-888-327-4236 (TTY 1-800-424-9153) or go to nhtsa.gov.","2024","HONDA","CR-V HYBRID"
"Honda (American Honda Motor Co.)","24V763000",0,0,0,,"14/10/2024","FUEL SYSTEM, GASOLINE:DELIVERY:FUEL PUMP","Honda (American Honda Motor Co.) is recalling certain 2023-2024 Honda Accord, Accord Hybrid, 2023-2025 Honda CR-V Hybrid, and 2025 Honda Civic and Civic Hybrid vehicles.  The high-pressure fuel pump may crack and leak fuel.","A fuel leak in the presence of an ignition source can increase the risk of a fire.","Dealers will inspect and replace the high-pressure fuel pump as necessary, free of charge.  Owner letters were mailed February 20, 2025.  Owners may contact Honda customer service at 1-888-234-2138.  Honda's number for this recall is PJW.","Owners may also contact the National Highway Traffic Safety Administration Vehicle Safety Hotline at 1-888-327-4236 (TTY 1-800-424-9153) or go to nhtsa.gov.","2024","HONDA","CR-V HYBRID"
"Honda (American Honda Motor Co.)","26V366000",0,0,0,,"04/06/2026","TIRES:TEMPORARY/EMERGENCY SPARE TIRE","Honda (American Honda Motor Co.) is recalling certain 2023-2026 CR-V Hybrid, Accord Hybrid, and 2025-2026 CR-V Fuel Cell EV vehicles. When using the tire repair kit, pressure may build within the sealant bottle, causing the bottle cap to detach.","A detached bottle cap can become a projectile and strike the user or others nearby, increasing the risk of injury.","Dealers will replace the tire repair kit nozzle or sealant bottle, free of charge. Interim letters notifying owners of the safety risk are expected to be mailed July 27, 2026. Additional letters will be sent once the final remedy is available, anticipated in Fall 2026. Owners may contact Honda's customer service at 1-866-784-1870. Honda's number for this recall is DOV. Vehicle Identification Numbers (VINs) involved in this recall will be searchable on NHTSA.gov beginning June 11, 2026.",,"2024","HONDA","CR-V HYBRID"
"Honda (American Honda Motor Co.)","24V113000",0,0,0,,"15/02/2024","FUEL SYSTEM, GASOLINE:DELIVERY:FUEL PUMP","Honda (American Honda Motor Co.) is recalling certain 2018-2024 GL1800 (Goldwing), CBR600RR, and 2018-2019 CBR1000RR motorcycles.  The fuel pump impellers may have been improperly molded, which can cause them to deform and result in fuel pump failure.","Fuel pump failure can cause an engine stall while driving, increasing the risk of a crash.","Dealers will inspect and replace the fuel pump module as necessary, free of charge.  Owner letters were mailed June 19, 2024.  Owners may contact Honda customer service at 1-866-784-1870.  Honda's numbers for this recall are KP8, KP9, KQ0, and KQ1.","Owners may also contact the National Highway Traffic Safety Administration Vehicle Safety Hotline at 1-888-327-4236 (TTY 1-800-424-9153), or go to www.nhtsa.gov.","2024","HONDA","GL1800"
"Honda (American Honda Motor Co.)","23V782000",0,0,0,,"21/11/2023","SEAT BELTS:FRONT","Honda (American Honda Motor Co.) is recalling certain 2023-2024 Accord and HR-V vehicles.  The front seat belt pretensioners may be missing the rivet that secures the quick connector and wire plate.  As such, these vehicles fail to comply with the requirements of Federal Motor Vehicle Safety Standard numbers 208, ""Occupant Crash Protection,"" 209, ""Seat Belt Assembles,"" and 210, ""Seat Belt Assembly Anchorages.""","A seat belt pretensioner missing a rivet will not properly restrain the occupant, increasing the risk of injury during a crash.","Dealers will inspect and replace the seat belt pretensioner assemblies as necessary, free of charge.  Owner notification letters were mailed January 8, 2024.  Owners may contact Honda customer service at 1-888-234-2138.  Honda's numbers for this recall are MG7 and NG5.","Owners may also contact the National Highway Traffic Safety Administration Vehicle Safety Hotline at 1-888-327-4236 (TTY 1-800-424-9153), or go to www.nhtsa.gov.","2024","HONDA","HR-V"
"Honda (American Honda Motor Co.)","24V744000",0,0,0,"EA23003","03/10/2024","STEERING","Honda (American Honda Motor Co.) is recalling certain 2023-2025 Acura Integra, Civic Type R, CR-V Hybrid, CR-V, HR-V, 2022-2025 Civic, Civic Hatchback, 2024-2025 Acura Integra Type S, 2025 CR-V Fuel Cell EV, Civic Hybrid, and Civic Hatchback Hybrid vehicles.  The steering gearbox assembly may have been manufactured incorrectly, which can cause excessive internal friction and lead to difficulty steering the vehicle.","Difficulty steering can increase the risk of a crash.","Dealers will replace the worm gear spring and redistribute or add grease as necessary, free of charge.  Owner notification letters were mailed November 18, 2024.  Owners may contact Honda Customer Service at 1-888-234-2138.   Honda's numbers for this recall are SJS, MJU, QJT and VJV.","Owners may also contact the National Highway Traffic Safety Administration Vehicle Safety Hotline at 1-888-327-4236 (TTY 1-800-424-9153) or go to nhtsa.gov.","2024","HONDA","HR-V"
"Honda (American Honda Motor Co.)","24V859000",0,0,0,,"14/11/2024","SEATS:CRITICAL FASTENERS","Honda (American Honda Motor Co.) is recalling certain 2023-2024 Honda Accord, Accord Hybrid, Civic Sedan, Civic Hatchback, Pilot, and 2024 HR-V, Acura Integra and Acura Integra Type S vehicles.  The driver's seat cushion frame may not have been tightened properly, which can result in an unsecured seat.  As such, these vehicles fail to comply with the requirements of Federal Motor Vehicle Safety Standard number 207, ""Seating Systems.""","An unsecured driver's seat may not adequately restrain the driver during a crash, increasing the risk of injury.","Dealers will replace the driver's seat cushion frame, free of charge.  Owner notification letters were mailed January 6, 2025.  Owners may contact Honda customer service at 1-888-234-2138.","Owners may also contact the National Highway Traffic Safety Administration Vehicle Safety Hotline at 1-888-327-4236 (TTY 1-800-424-9153) or go to nhtsa.gov.","2024","HONDA","HR-V"
"Honda (American Honda Motor Co.)","26V054000",0,0,0,,"29/01/2026","SEATS:CRITICAL FASTENERS","Honda (American Honda Motor Co.) is recalling certain 2023 Honda Accord, Accord Hybrid, and 2024 HR-V, Pilot, and Acura Integra vehicles. The driver's seat cushion frame may not have been tightened properly, which can result in a loose seat. As such, these vehicles fail to comply with the requirements of Federal Motor Vehicle Safety Standard number 207, ""Seating Systems.""","A loose driver's seat may not adequately restrain the driver during a crash, increasing the risk of injury.","Dealers will replace the driver's seat cushion frame, free of charge. Owner notification letters were mailed March 10, 2026. Owners may contact Honda's customer service at 1-888-234-2138. Honda's numbers for this recall are ONC, KND, BNE and ZNF. Vehicle Identification Numbers (VINs) involved in this recall will become searchable on NHTSA.gov beginning February 5, 2026. This recall expands previous NHTSA recall number 24V859.",,"2024","HONDA","HR-V"
"Honda (American Honda Motor Co.)","24V114000",0,0,0,,"15/02/2024","STEERING","Honda (American Honda Motor Co.) is recalling certain 2023-2024 Odyssey and 2024 Acura RDX vehicles.  The steering gear box assembly may not have been tightened properly, allowing water to enter the assembly and cause corrosion and binding gears.","Corroded and binding steering gears can result in a loss of steering control and increase the risk of a crash.","Dealers will replace the electric power steering rack, free of charge.  Owner notification letters were mailed April 4, 2024.  Owners may contact Honda customer service at 1-888-234-2138.  Honda's numbers for this recall are LHU and FHT.","Owners may also contact the National Highway Traffic Safety Administration Vehicle Safety Hotline at 1-888-327-4236 (TTY 1-800-424-9153), or go to www.nhtsa.gov.","2024","HONDA","ODYSSEY"
"Vantage Mobility","25V877000",0,0,0,,"17/12/2025","EQUIPMENT ADAPTIVE/MOBILITY:WHEELCHAIR RESTRAINTS/SECUREMENT:LATCH/ANCHOR:","Vantage Mobility, LLC (VM) is recalling certain 2021-2026 Honda Odyssey, 2021-2025 Chrysler Pacifica, and Toyota Sienna vehicles equipped with QRT-Deluxe and QRT-Max wheelchair restraints. The retractors may not lock, preventing the wheelchair from being properly secured.","An unsecured wheelchair can move during transit, increasing the risk of injury.","Dealers will inspect and replace the retractors, free of charge. Owner notification letters was mailed January 27, 2026. Owners may contact Vantage Mobility customer service at 1-800-488-9082.",,"2024","HONDA","ODYSSEY"
"Honda (American Honda Motor Co.)","26V332000",0,0,0,,"21/05/2026","AIR BAGS:SENSOR:OCCUPANT CLASSIFICATION:FRONT PASSENGER","Honda (American Honda Motor Co.) is recalling certain 2018-2021, 2023 Acura TLX, 2019-2024 RDX, 2017-2020, 2022-2026 MDX, 2017-2021, 2023, 2025 Honda Ridgeline, 2017-2022 Pilot, 2019-2021 Passport, 2018-2026 Odyssey, 2019-2022 Insight, 2019-2021 HR-V, 2018-2020 Fit, 2020-2022 CR-V Hybrid, 2017-2022 CR-V, 2017-2018, 2021 Civic Type R, 2017-2021 Civic hatchback, 2016-2020 Civic coupe, 2016-2022 Civic, 2017-2022 Accord Hybrid, and 2016-2022 Accord vehicles. The front passenger seat weight sensor may crack and short circuit, which can cause the air bags to deploy unintentionally during a crash.","Air bags that deploy unintentionally during a crash increase the risk of injury.","Dealers will replace the seat weight sensors, free of charge. Owner notification letters were mailed July 7, 2026. Owners may contact Honda's customer service at 1-888-234-2138. Honda's numbers for this recall are BOL, WO9, OOA, WOM, XOH, NOC, POD, BOE, UOF, POB, EOG, AOI, QO8, TOJ, DO7, and SOK. This recall expands previous NHTSA recall number 24V064. Vehicle Identification Numbers (VINs) involved in this recall will be searchable on NHTSA.gov beginning May 29, 2026.",,"2024","HONDA","ODYSSEY"
"Honda (American Honda Motor Co.)","24V900000",0,0,0,,"27/11/2024","FUEL SYSTEM, GASOLINE:STORAGE:TANK ASSEMBLY:FILLER PIPE AND CAP","Honda (American Honda Motor Co.) is recalling certain 2023-2024 Passport and 2023-2025 Pilot vehicles.  The fuel filler neck tube and fuel filler pipe may separate, allowing fuel to leak.","A fuel leak in the presence of an ignition source increases the risk of a fire.","Dealers will inspect and repair the fuel filler neck tube and pipe as necessary, free of charge.  Owner notification letters were mailed January 7, 2025.  Owners may contact Honda customer service at 1-888-234-2138.  Honda's number for this recall is OKM.","Owners may also contact the National Highway Traffic Safety Administration Vehicle Safety Hotline at 1-888-327-4236 (TTY 1-800-424-9153) or go to nhtsa.gov.","2024","HONDA","PASSPORT"
"Honda (American Honda Motor Co.)","23V735000",0,0,0,,"02/11/2023","STEERING:RACK AND PINION:RACK","Honda (American Honda Motor Co.) is recalling certain 2023-2024 Pilot vehicles.  Due to a manufacturing error, the gear box assembly may contain a loose ball bearing, which can result in a loss of steering control or steering lock-up.","A loss of steering control or steering lock-up can increase the risk of a crash.","Dealers will replace the electric power steering rack, free of charge.  Owner notification letters were mailed December 18, 2023.  Owners may contact Honda customer service at 1-888-234-2138.  Honda's number for this recall is FFX.","Owners may also contact the National Highway Traffic Safety Administration Vehicle Safety Hotline at 1-888-327-4236 (TTY 1-800-424-9153), or go to www.nhtsa.gov.","2024","HONDA","PILOT"
"Honda (American Honda Motor Co.)","24V859000",0,0,0,,"14/11/2024","SEATS:CRITICAL FASTENERS","Honda (American Honda Motor Co.) is recalling certain 2023-2024 Honda Accord, Accord Hybrid, Civic Sedan, Civic Hatchback, Pilot, and 2024 HR-V, Acura Integra and Acura Integra Type S vehicles.  The driver's seat cushion frame may not have been tightened properly, which can result in an unsecured seat.  As such, these vehicles fail to comply with the requirements of Federal Motor Vehicle Safety Standard number 207, ""Seating Systems.""","An unsecured driver's seat may not adequately restrain the driver during a crash, increasing the risk of injury.","Dealers will replace the driver's seat cushion frame, free of charge.  Owner notification letters were mailed January 6, 2025.  Owners may contact Honda customer service at 1-888-234-2138.","Owners may also contact the National Highway Traffic Safety Administration Vehicle Safety Hotline at 1-888-327-4236 (TTY 1-800-424-9153) or go to nhtsa.gov.","2024","HONDA","PILOT"
"Honda (American Honda Motor Co.)","24V900000",0,0,0,,"27/11/2024","FUEL SYSTEM, GASOLINE:STORAGE:TANK ASSEMBLY:FILLER PIPE AND CAP","Honda (American Honda Motor Co.) is recalling certain 2023-2024 Passport and 2023-2025 Pilot vehicles.  The fuel filler neck tube and fuel filler pipe may separate, allowing fuel to leak.","A fuel leak in the presence of an ignition source increases the risk of a fire.","Dealers will inspect and repair the fuel filler neck tube and pipe as necessary, free of charge.  Owner notification letters were mailed January 7, 2025.  Owners may contact Honda customer service at 1-888-234-2138.  Honda's number for this recall is OKM.","Owners may also contact the National Highway Traffic Safety Administration Vehicle Safety Hotline at 1-888-327-4236 (TTY 1-800-424-9153) or go to nhtsa.gov.","2024","HONDA","PILOT"
"Honda (American Honda Motor Co.)","25V031000",0,0,0,,"23/01/2025","FUEL SYSTEM, GASOLINE:FUEL INJECTION SYSTEM","Honda (American Honda Motor Co.) is recalling certain 2022-2025 Acura MDX Type-S, 2023-2025 Honda Pilot, and 2021-2025 Acura TLX Type-S vehicles.  A software error in the fuel injection electronic control unit (FI-ECU) may cause an engine stall or a loss of power.","An engine stall or loss of power can increase the risk of a crash or injury.","Dealers will reprogram the FI-ECU software, free of charge.  Owner notification letters were mailed March 17, 2025.  Owners may contact Honda's customer service at 1-888-234-2138.  Honda's numbers for this recall are EL1 and AL0.","Owners may also contact the National Highway Traffic Safety Administration Vehicle Safety Hotline at 1-888-327-4236 (TTY 1-800-424-9153) or go to nhtsa.gov.","2024","HONDA","PILOT"
"Honda (American Honda Motor Co.)","25V391000",0,0,0,,"12/06/2025","SERVICE BRAKES, HYDRAULIC:PEDALS AND LINKAGES","Honda (American Honda Motor Co.) is recalling certain 2021-2025 Acura TLX, 2023-2025 Acura MDX, and 2023-2025 Honda Pilot vehicles. The brake pedal pivot pin was not secured properly, which can cause the pedal to shift out of position. As such, these vehicles fail to comply with Federal Motor Vehicle Safety Standard numbers 108, ""Lamps, Reflective Devices, and Associated Equipment"" and 135, ""Light Vehicle Brake Systems.""","A brake pedal that shifts out of position can prevent the driver from applying the brakes as intended, increasing the risk of a crash or injury.","Dealers will inspect and replace the brake pedal assembly as necessary, free of charge. Owner notification letters were mailed July 29, 2025. Owners may contact Honda's customer service at 1-888-234-2138. Honda's numbers for this recall are FLX and XLY.",,"2024","HONDA","PILOT"
"Honda (American Honda Motor Co.)","26V054000",0,0,0,,"29/01/2026","SEATS:CRITICAL FASTENERS","Honda (American Honda Motor Co.) is recalling certain 2023 Honda Accord, Accord Hybrid, and 2024 HR-V, Pilot, and Acura Integra vehicles. The driver's seat cushion frame may not have been tightened properly, which can result in a loose seat. As such, these vehicles fail to comply with the requirements of Federal Motor Vehicle Safety Standard number 207, ""Seating Systems.""","A loose driver's seat may not adequately restrain the driver during a crash, increasing the risk of injury.","Dealers will replace the driver's seat cushion frame, free of charge. Owner notification letters were mailed March 10, 2026. Owners may contact Honda's customer service at 1-888-234-2138. Honda's numbers for this recall are ONC, KND, BNE and ZNF. Vehicle Identification Numbers (VINs) involved in this recall will become searchable on NHTSA.gov beginning February 5, 2026. This recall expands previous NHTSA recall number 24V859.",,"2024","HONDA","PILOT"
"Honda (American Honda Motor Co.)","24V540000",0,0,0,,"18/07/2024","SUSPENSION:FRONT:CONTROL ARM:LOWER ARM","Honda (American Honda Motor Co.) is recalling certain 2024 Prologue vehicles.  The right front lower control arm may contain a manufacturing defect that can cause it to fracture.","A right front lower control arm fracture can cause loss of vehicle control, increasing the risk of a crash.","Dealers will inspect and replace the right front lower control arm as necessary, free of charge.  Owner notification letters were mailed September 3, 2024.  Owners may contact Honda customer service at 1-888-234-2138.  Honda's number for this recall is PIY.","Owners may also contact the National Highway Traffic Safety Administration Vehicle Safety Hotline at 1-888-327-4236 (TTY 1-800-424-9153), or go to www.safercar.gov.","2024","HONDA","PROLOGUE"
"Honda (American Honda Motor Co.)","26V112000",0,0,0,,"26/02/2026","BACK OVER PREVENTION:SOFTWARE","Honda (American Honda Motor Co.) is recalling certain 2024 Acura ZDX and Prologue vehicles. Due to a software error, the instrument panel display may fail. Additionally, a software error may cause the rearview camera to display a blank screen when the vehicle is in reverse. As such, these vehicles fail to comply with the requirements of Federal Motor Vehicle Safety Standard (FMVSS) numbers 101, ""Control and Displays,"" 111, ""Rear Visibility,"" and 305, ""Electric-Powered Vehicles.""","An instrument panel display that fails to show critical safety information, such as the speedometer or warning lights, increases the risk of a crash or injury. Additionally, the loss of the rearview camera image can reduce the driver's rear visibility, increasing the risk of a crash or injury.","Dealers will update the vehicle radio control module software, free of charge. Owner letters were mailed April 22, 2026. Owners may contact Honda's customer service at 1-888-234-2138. Honda's numbers for this recall are TNL and XNK. Vehicle Identification Numbers (VINs) involved in this recall will be searchable on NHTSA.gov beginning March 4, 2026.",,"2024","HONDA","PROLOGUE"
"Honda (American Honda Motor Co.)","26V306000",0,0,0,,"14/05/2026","BACK OVER PREVENTION: SENSING SYSTEM: CAMERA","American Honda Motor Company (Honda) is recalling certain 2024-2025 Honda Prologue and 2024 Acura ZDX vehicles. The rearview camera screen may display a distorted or blank image.","A rearview image that does not display correctly reduces the driver's view behind the vehicle, increasing the risk of a crash or injury.","Dealers will replace the rearview camera, free of charge. Interim letters, notifying owners of the safety risk, were mailed July 7, 2026. Additional letters will be sent once the remedy is available, anticipated in late 2026. Owners may contact Honda's customer service at 1-888-234-2138. Honda's numbers for this recall are DO5 and RO6.

The information in your report suggests that Honda (American Honda Motor Co.) may have been aware of this issue more than five business days before filing a report with NHTSA. Please be reminded that under Federal law, this agency is to be notified of all safety defect and/or noncompliance decisions within five business days. 49 CFR 573.6 Significant civil penalties can be assessed for this violation.",,"2024","HONDA","PROLOGUE"
"Honda (American Honda Motor Co.)","24V321000",0,0,0,"PE24004","09/05/2024","BACK OVER PREVENTION: SENSING SYSTEM: CAMERA","Honda (America Honda Motor Co) is recalling certain 2020-2024 Ridgeline vehicles.  The rearview camera (RVC) tailgate wire harness may fatigue and break, which can prevent the rearview camera image from displaying.","A rearview camera that does not display an image can reduce the driver's rear view, increasing the risk of a crash.","Dealers will replace the RVC tailgate wire harness, free of charge.  Owner letters were mailed November 8, 2024.  Owners may contact Honda service at 1-888-234-2138.  Honda's number for this recall is YI7.","Owners may also contact the National Highway Traffic Safety Administration Vehicle Safety Hotline at 1-888-327-4236 (TTY 1-800-424-9153), or go to www.nhtsa.gov.","2024","HONDA","RIDGELINE"
"Honda (American Honda Motor Co.)","25V358000",0,0,0,,"29/05/2025","ENGINE AND ENGINE COOLING:ENGINE:OIL/LUBRICATION","Honda (American Honda Motor Co.) is recalling certain 2024 XL750, 2025 CMX1100, and CRF1100 motorcycles. The crankcase sealing bolt may have been improperly manufactured, which can cause the engine to leak oil onto the rear tire.","Oil on the rear tire may cause a loss of control, increasing the risk of a crash or injury.","Dealers will replace the crankcase sealing bolt, free of charge. Owner notification letters were mailed July 15, 2025. Owners may contact Honda's customer service at 1-866-784-1870.  Honda's number for this recall is KS2.",,"2024","HONDA","XL750"
"KTM North America, Inc.","25V074000",0,0,0,,"07/02/2025","SERVICE BRAKES, HYDRAULIC:FOUNDATION COMPONENTS:DISC:CALIPER","KTM North America, Inc. (KTM) is recalling certain 2022-2024 Husqvarna FE 350s, FE 501s, and 2024-2025 GASGAS ES 350 and ES 500 motorcycles.  The front brake caliper may crack in the area around the upper guide pin.","A broken front brake caliper can cause a loss of front brake function, increasing the risk of a crash.","Dealers will inspect and replace the front brake caliper, as necessary, free of charge.  Owner notification letters were mailed March 11, 2025.  Owners may contact KTM customer service at 1-888-985-6090.","Owners may also contact the National Highway Traffic Safety Administration Vehicle Safety Hotline at 1-888-327-4236 (TTY 1-800-424-9153) or go to nhtsa.gov.","2024","HUSQVARNA","FE 350S"
"KTM North America, Inc.","26V443000",0,0,0,,"08/07/2026","SERVICE BRAKES, HYDRAULIC:FOUNDATION COMPONENTS:DISC:CALIPER","KTM North America, Inc. (KTM) is recalling certain 2022-2024 Husqvarna FE 501S, Husqvarna FE 350S, 2024 GasGas ES 350,  and GasGas ES 500 motorcycles. During backwards rolling, the brake caliper may crack near the primary pin casting, which may cause the caliper to break when riding.","Cracks or breaks in the rear brake caliper can reduce braking ability, increasing the risk of a crash.","Dealer will replace the rear brake caliper, free of charge. Owner notification letters are expected to be mailed September 2, 2026. Owners may contact KTM and Husqvarna customer service at 1-888-985-6090. Vehicle Identification Numbers (VINs) involved in this recall will become searchable on NHTSA.gov July 15, 2026.",,"2024","HUSQVARNA","FE 350S"
"Hyundai Motor America","24V308000",0,0,0,,"01/05/2024","ENGINE AND ENGINE COOLING:EXHAUST SYSTEM:EMISSION CONTROL:GAS RECIRCULATION VALVE (EGR VALVE)","Hyundai Motor America (Hyundai) is recalling certain 2024 Elantra, Venue, and Kona vehicles.  An electrical short circuit may occur in the exhaust gas recirculation (EGR) valve assembly, which can result in a loss of drive power.","A loss of drive power increases the risk of a crash.","Dealers will replace the exhaust gas recirculation valve assembly, free of charge.  Owner notification letters were mailed June 28, 2024.  Owners may contact Hyundai customer service at 1-855-371-9460.  Hyundai's number for this recall is 260.","Owners may also contact the National Highway Traffic Safety Administration Vehicle Safety Hotline at 1-888-327-4236 (TTY 1-800-424-9153), or go to www.nhtsa.gov.","2024","HYUNDAI","ELANTRA"
"Hyundai Motor America","24V204000",0,0,0,"PE23011","15/03/2024","ELECTRICAL SYSTEM:12V/24V/48V BATTERY","Hyundai Motor America (Hyundai) is recalling certain 2022-2024 IONIQ 5, 2023-2024 IONIQ 6, Genesis GV60, Genesis GV70 ""Electrified,"" and Genesis G80 ""Electrified"" vehicles.  The Integrated Charging Control Unit (ICCU) may become damaged and stop charging the 12-Volt battery, which can result in a loss of drive power.","A loss of drive power increases the risk of a crash.","This recall is replaced by NHTSA recall number 24V-868.  Vehicles already repaired under this recall will need to have the new remedy completed. Dealers will inspect and replace the ICCU and its fuse, as necessary.  In addition, dealers will update the ICCU software.  All repairs will be performed free of charge.  Owner notification letters were mailed April 22, 2024.  Owners may contact Hyundai customer service at 1-855-371-9460.  Hyundai's number for this recall is 257/021G.","Owners may also contact the National Highway Traffic Safety Administration Vehicle Safety Hotline at 1-888-327-4236 (TTY 1-800-424-9153), or go to www.nhtsa.gov.","2024","HYUNDAI","IONIQ 5"
"Hyundai Motor America","24V868000",0,0,0,,"18/11/2024","ELECTRICAL SYSTEM:12V/24V/48V BATTERY","Hyundai Motor America (Hyundai) is recalling certain 2022-2024 IONIQ 5, 2023-2025 IONIQ 6, Genesis GV60, Genesis GV70 ""Electrified,"" and Genesis G80 ""Electrified"" vehicles.  The Integrated Charging Control Unit (ICCU) may become damaged and stop charging the 12-volt battery, which can result in a loss of drive power.","A loss of drive power increases the risk of a crash.","Dealers will inspect and replace the ICCU and its fuse, as necessary.  In addition, dealers will update the ICCU software.  All repairs will be performed free of charge.  Owner notification letters were mailed December 20, 2024.  Owners may contact Hyundai customer service at 1-855-371-9460 or Genesis customer service at 1-844-340-9741.  Hyundai's numbers for this recall are 272 (Hyundai) and 025G (Genesis).  This recall expands and replaces previous recall number 24V-204. Vehicles previously repaired under recall 24V-204 will need to have the new remedy completed.","Owners may also contact the National Highway Traffic Safety Administration Vehicle Safety Hotline at 1-888-327-4236 (TTY 1-800-424-9153) or go to nhtsa.gov.","2024","HYUNDAI","IONIQ 5"
"Hyundai Motor America","26V432000",0,1,0,,"02/07/2026","ELECTRICAL SYSTEM:PROPULSION SYSTEM:TRACTION BATTERY","Hyundai Motor America (Hyundai) is recalling certain 2023-2024 Ioniq 5 vehicles. The high voltage battery cells may contain misaligned electrodes, which can lead to a fire while parked or driving.","A fire increases the risk of injury.","Owners are advised to park outside and away from structures and limit their charge to a maximum of 80% until the recall repair is complete. Dealers will replace the high voltage battery system assembly, free of charge. Owner notification letters are expected to be mailed August 31, 2026. Owners may contact Hyundai's customer service at 855-371-9460. Hyundai's number for this recall is 305. Vehicle Identification Numbers (VINs) involved in this recall became searchable on NHTSA.gov on July 3, 2026.",,"2024","HYUNDAI","IONIQ 5"
"Hyundai Motor America","24V204000",0,0,0,"PE23011","15/03/2024","ELECTRICAL SYSTEM:12V/24V/48V BATTERY","Hyundai Motor America (Hyundai) is recalling certain 2022-2024 IONIQ 5, 2023-2024 IONIQ 6, Genesis GV60, Genesis GV70 ""Electrified,"" and Genesis G80 ""Electrified"" vehicles.  The Integrated Charging Control Unit (ICCU) may become damaged and stop charging the 12-Volt battery, which can result in a loss of drive power.","A loss of drive power increases the risk of a crash.","This recall is replaced by NHTSA recall number 24V-868.  Vehicles already repaired under this recall will need to have the new remedy completed. Dealers will inspect and replace the ICCU and its fuse, as necessary.  In addition, dealers will update the ICCU software.  All repairs will be performed free of charge.  Owner notification letters were mailed April 22, 2024.  Owners may contact Hyundai customer service at 1-855-371-9460.  Hyundai's number for this recall is 257/021G.","Owners may also contact the National Highway Traffic Safety Administration Vehicle Safety Hotline at 1-888-327-4236 (TTY 1-800-424-9153), or go to www.nhtsa.gov.","2024","HYUNDAI","IONIQ 6"
"Hyundai Motor America","24V283000",0,0,0,,"19/04/2024","POWER TRAIN:DRIVELINE:DIFFERENTIAL UNIT","Hyundai Motor America (Hyundai) is recalling certain 2024 IONIQ 6 vehicles.  The differential gear bolts in the gear drive unit may not be tightened properly, which can result in a loss of drive power or cause the differential to lock up.","A loss of drive power or differential lock up can increase the risk of a crash.","Dealers will replace the gear drive unit, free of charge.  Owner notification letters were mailed June 17, 2024.  Owners may contact Hyundai customer service at 1-855-371-9460.  Hyundai's number for this recall is 259.","Owners may also contact the National Highway Traffic Safety Administration Vehicle Safety Hotline at 1-888-327-4236 (TTY 1-800-424-9153), or go to www.nhtsa.gov.","2024","HYUNDAI","IONIQ 6"
"Hyundai Motor America","24V868000",0,0,0,,"18/11/2024","ELECTRICAL SYSTEM:12V/24V/48V BATTERY","Hyundai Motor America (Hyundai) is recalling certain 2022-2024 IONIQ 5, 2023-2025 IONIQ 6, Genesis GV60, Genesis GV70 ""Electrified,"" and Genesis G80 ""Electrified"" vehicles.  The Integrated Charging Control Unit (ICCU) may become damaged and stop charging the 12-volt battery, which can result in a loss of drive power.","A loss of drive power increases the risk of a crash.","Dealers will inspect and replace the ICCU and its fuse, as necessary.  In addition, dealers will update the ICCU software.  All repairs will be performed free of charge.  Owner notification letters were mailed December 20, 2024.  Owners may contact Hyundai customer service at 1-855-371-9460 or Genesis customer service at 1-844-340-9741.  Hyundai's numbers for this recall are 272 (Hyundai) and 025G (Genesis).  This recall expands and replaces previous recall number 24V-204. Vehicles previously repaired under recall 24V-204 will need to have the new remedy completed.","Owners may also contact the National Highway Traffic Safety Administration Vehicle Safety Hotline at 1-888-327-4236 (TTY 1-800-424-9153) or go to nhtsa.gov.","2024","HYUNDAI","IONIQ 6"
"Hyundai Motor America","25V606000",0,0,0,,"12/09/2025","ELECTRICAL SYSTEM:PROPULSION SYSTEM:CHARGING:PORT","Hyundai Motor America (Hyundai) is recalling certain 2023-2025 IONIQ 6 electric vehicles. The charging port door panel may detach.","A detached charging port door panel can create a road hazard for other vehicles, increasing the risk of a crash.","Dealers will apply an adhesive on the charging port door assembly, free of charge. Owner notification letters were mailed beginning October 10, 2025. Owners may contact Hyundai customer service at 1-855-371-9460. Hyundai's number for this recall is 282. Vehicle Identification Numbers (VINs) involved in this recall became searchable on NHTSA.gov on September 13, 2025.",,"2024","HYUNDAI","IONIQ 6"
"Hyundai Motor America","26V218000",0,0,0,,"06/04/2026","SEAT BELTS:FRONT:ANCHORAGE","Hyundai Motor America (Hyundai) is recalling certain 2023-2025 Hyundai Ioniq 6, 2023-2026 Genesis G90, 2024-2026 Hyundai Santa Fe, and Hyundai Santa Fe Hybrid vehicles. The driver and passenger seat belt anchors may detach.","A detached seat belt anchor will not adequately restrain the seat occupant, increasing the risk of injury in a crash.","Dealers will inspect and reinforce or replace the seat belt anchors, as necessary, free of charge. Owner notification letters were mailed beginning May 29, 2026. Owners may contact Hyundai customer service at 1-855-371-9460 and Genesis customer service at 844-340-9741. Hyundai's numbers for this recall are 298 and 032G. Vehicle Identification Numbers (VINs) involved in this recall became searchable on NHTSA.gov April 8, 2026.",,"2024","HYUNDAI","IONIQ 6"
"Hyundai Motor America","23V650000",0,0,0,,"22/09/2023","SEAT BELTS:REAR/OTHER:RETRACTOR","Hyundai Motor America (Hyundai) is recalling certain 2024 Kona vehicles.  The seat belt assemblies in the right and left rear seats may not function properly.  As such, these vehicles fail to comply with the requirements of Federal Motor Vehicle Safety Standard numbers 208, ""Occupation Crash Protection"" and 209, ""Seat Belt Assemblies.""","A seat belt that does not function properly may not adequately restrain an occupant in a crash, increasing the risk of injury.","Dealers will inspect and replace the seat belt retractor as necessary, free of charge.  Owner notification letters were mailed November 21, 2023.  Owners may contact Hyundai customer service at 1-855-371-9460.  Hyundai's number for this recall is 250.","Owners may also contact the National Highway Traffic Safety Administration Vehicle Safety Hotline at 1-888-327-4236 (TTY 1-800-424-9153), or go to www.nhtsa.gov.","2024","HYUNDAI","KONA"
"Hyundai Motor America","23V901000",0,0,0,,"26/12/2023","ELECTRICAL SYSTEM:12V/24V/48V BATTERY:CABLES","Hyundai Motor America (Hyundai) is recalling certain 2024 Kona vehicles.  The 12-Volt battery cables may chafe against the engine control module bracket and short circuit during a crash.","A short circuit increases the risk of an engine compartment fire.","Dealers will install sheathing over the wiring, free of charge.  Owner notification letters were mailed February 22, 2024.  Owners may contact Hyundai customer service at 1-855-371-9460.  Hyundai's number for this recall is 252.","Owners may also contact the National Highway Traffic Safety Administration Vehicle Safety Hotline at 1-888-327-4236 (TTY 1-800-424-9153), or go to www.nhtsa.gov.","2024","HYUNDAI","KONA"
"Hyundai Motor America","24V308000",0,0,0,,"01/05/2024","ENGINE AND ENGINE COOLING:EXHAUST SYSTEM:EMISSION CONTROL:GAS RECIRCULATION VALVE (EGR VALVE)","Hyundai Motor America (Hyundai) is recalling certain 2024 Elantra, Venue, and Kona vehicles.  An electrical short circuit may occur in the exhaust gas recirculation (EGR) valve assembly, which can result in a loss of drive power.","A loss of drive power increases the risk of a crash.","Dealers will replace the exhaust gas recirculation valve assembly, free of charge.  Owner notification letters were mailed June 28, 2024.  Owners may contact Hyundai customer service at 1-855-371-9460.  Hyundai's number for this recall is 260.","Owners may also contact the National Highway Traffic Safety Administration Vehicle Safety Hotline at 1-888-327-4236 (TTY 1-800-424-9153), or go to www.nhtsa.gov.","2024","HYUNDAI","KONA"
"Hyundai Motor America","23V526000",0,1,0,,"27/07/2023","POWER TRAIN:AUTOMATIC TRANSMISSION:FLUID/LUBRICANT:PUMP","Hyundai Motor America (Hyundai) is recalling certain 2023-2024 Palisade Tucson, 2023 Sonata, Elantra, and Kona vehicles.  The electronic controller for the Idle Stop & Go oil pump assembly may contain damaged electrical components that can cause the pump controller to overheat.","An electric oil pump assembly that overheats increases the risk of a vehicle fire.","Owners are advised to park outside and away from structures until the recall repair is complete.  Dealers will inspect and replace the electric oil pump controller, as necessary, free of charge.  Owner notification letters were mailed starting September 7, 2023.  Owners may contact Hyundai customer service at 1-855-371-9460.  Hyundai's number for this recall is 246.","Owners may also contact the National Highway Traffic Safety Administration Vehicle Safety Hotline at 1-888-327-4236 (TTY 1-800-424-9153), or go to www.nhtsa.gov.","2024","HYUNDAI","PALISADE"
"Hyundai Motor America","23V599000",0,0,0,,"25/08/2023","AIR BAGS:SENSOR:OCCUPANT CLASSIFICATION:FRONT PASSENGER","Hyundai Motor America (Hyundai) is recalling certain 2024 Palisade vehicles equipped with dark premium suede seats.  The Occupant Detection System (ODS) may fail to detect an occupant and deactivate the passenger-side front air bags.  As such, these vehicles fail to comply with Federal Motor Vehicle Safety Standard number 208, ""Occupant Crash Protection.""","Deactivated front passenger air bags will not deploy as intended, increasing the risk of injury during a crash.","Dealers will update the ODS software, free of charge.  Owner notification letters were mailed September 26th, 2023.  Owners may contact Hyundai customer service at 1-855-371-9460.  Hyundai's number for this recall is 249.","Owners may also contact the National Highway Traffic Safety Administration Vehicle Safety Hotline at 1-888-327-4236 (TTY 1-800-424-9153), or go to www.nhtsa.gov.","2024","HYUNDAI","PALISADE"
"Hyundai Motor America","24V106000",0,0,0,,"13/02/2024","ENGINE AND ENGINE COOLING:ENGINE:HARD PARTS INTERNAL/MECHANICAL","Hyundia Motor America (Hyundai) is recalling certain 2024 Palisade vehicles.  The engine valve springs may break while driving, which can result in a loss of drive power and possibly create a hole in the engine block.","A loss of drive power increases the risk of a crash.  A hole in the engine block increases the risk of a fire.","Dealers will replace the engine sub-assembly, free of charge.  Owner notification letters were mailed by December 6, 2024.  Owners may contact Hyundai customer service at 1-855-371-9460.  Hyundai's number for this recall is 255.","Owners may also contact the National Highway Traffic Safety Administration Vehicle Safety Hotline at 1-888-327-4236 (TTY 1-800-424-9153), or go to www.nhtsa.gov.","2024","HYUNDAI","PALISADE"
"Hyundai Motor America","25V607000",0,0,0,,"12/09/2025","SEAT BELTS: REAR/OTHER:BUCKLE ASSEMBLY","Hyundai Motor America (Hyundai) is recalling certain 2020-2025 Palisade vehicles. The seat belt buckles in the driver, passenger, and second-row window seats may fail to latch.","Seat belt buckles that fail to latch may not properly restrain occupants in a crash, increasing the risk of injury.","Passengers are advised to insert the belt firmly into the buckle with a quick and direct motion, pulling on the belt to confirm the seat belt is fully secured, until the recall remedy is performed. Dealers will replace the seat belt buckle assemblies, free of charge. Interim notification letters, notifying owners of the safety risk, were mailed beginning October 23, 2025. Additional letters will be sent once the final remedy is available, anticipated June 2026. Owners may contact Hyundai customer service at 1-855-371-9460. Hyundai's number for this recall is 283.  Vehicle Identification Numbers (VINs) involved in this recall became searchable on NHTSA.gov on September 13, 2025.",,"2024","HYUNDAI","PALISADE"
"Hyundai Motor America","26V034000",0,0,0,,"23/01/2026","AIR BAGS:SIDE/WINDOW:CURTAIN","Hyundai Motor America (Hyundai) is recalling certain 2020-2025 Palisade vehicles. The side curtain air bags for third-row occupants may deploy improperly in a crash. As such, these vehicles fail to comply with the requirements of Federal Motor Vehicle Safety Standard (FMVSS) number 226, ""Ejection Mitigation.""","Improper side curtain air bag deployment increases the risk of injury during a crash.","Dealers will install a protective film over the rear window and remove padding, as necessary free of charge. Interim notification letters, notifying owners of the safety risk, were mailed beginning March 13, 2026. Additional letters will be sent once the final remedy is available, anticipated June 2026. Owners may contact Hyundai customer service at 1-855-371-9460. Hyundai's number for this recall is 292. Vehicle Identification Numbers (VINs) involved in this recall became searchable on NHTSA.gov on January 24, 2026.",,"2024","HYUNDAI","PALISADE"
"Hyundai Motor America","24V412000",0,0,0,,"05/06/2024","STEERING:ELECTRIC POWER ASSIST SYSTEM","Hyundai Motor America (Hyundai) is recalling certain 2024 Tucson and Santa Cruz vehicles.  The circuit board in the motor-driven power steering assembly may short circuit, resulting in a loss of power steering assist.","A loss of power steering assist can increase the risk of a crash.","Dealers will replace the motor-driven power steering electric power pack, free of charge.  Owner notification letters were mailed July 11, 2024.  Owners may contact Hyundai customer service at 1-855-371-9460.  Hyundai's number for this recall is 261.","Owners may also contact the National Highway Traffic Safety Administration Vehicle Safety Hotline at 1-888-327-4236 (TTY 1-800-424-9153), or go to www.nhtsa.gov.","2024","HYUNDAI","SANTA CRUZ"
"Hyundai Motor America","24V246000",0,0,1,,"02/04/2024","BACK OVER PREVENTION:SOFTWARE","Hyundai Motor America (Hyundai) is recalling certain 2024 Santa Fe vehicles.  The rearview camera image may be obstructed by a trailer parking assist message.  As such, these vehicles fail to comply with the requirements of Federal Motor Vehicle Safety Standard number 111, ""Rear Visibility.""","An obstructed rearview camera image reduces rearward visibility and increases the risk of a crash or injury.","Hyundai will release an over-the-air (OTA) software update.  Owner notification letters were mailed beginning May 31, 2024.  Owners may contact Hyundai customer service at 1-855-371-9460.  Hyundai's number for this recall is 258.","Owners may also contact the National Highway Traffic Safety Administration Vehicle Safety Hotline at 1-888-327-4236 (TTY 1-800-424-9153), or go to www.nhtsa.gov.","2024","HYUNDAI","SANTA FE"
"Hyundai Motor America","24V529000",0,0,0,,"12/07/2024","POWER TRAIN:AUTOMATIC TRANSMISSION:CONTROL MODULE:SOFTWARE","Hyundai Motor America (Hyundai) is recalling certain 2024 Santa Fe vehicles.  A software error in the transmission control unit may result in a vehicle roll away when the vehicle is in PARK.","A vehicle roll away increases the risk of a crash or injury.","Owners are advised to use the emergency parking brake after parking their vehicles.  Hyundai will release an over-the-air (OTA) software update for the transmission control unit.  In addition, dealers will inspect and replace the dual clutch transmission, as necessary.  All repairs will be performed free of charge.  Owner notification letters were mailed beginning August 26, 2024.  Owners may contact Hyundai customer service at 1-855-371-9460.  Hyundai's number for this recall is 263.","Owners may also contact the National Highway Traffic Safety Administration Vehicle Safety Hotline at 1-888-327-4236 (TTY 1-800-424-9153), or go to www.nhtsa.gov.","2024","HYUNDAI","SANTA FE"
"Hyundai Motor America","24V561000",0,0,0,,"26/07/2024","AIR BAGS","Hyundai Motor America (Hyundai) is recalling certain 2024 Santa Fe and Santa Fe HEV vehicles.  The main floor wiring harness may chafe against the passenger-side second-row bench seat assembly and become damaged, which can cause the air bags to deploy unintentionally or prevent the air bags from deploying in a crash.","An air bag that deploys unintentionally can increase the risk of an injury.  An air bag that does not deploy as intended can increase the risk of injury in a crash.","Dealers will inspect and repair, or replace the wiring harness as necessary, free of charge.  Owner notification letters were mailed August 22, 2024.  Owners may contact Hyundai customer service at 1-855-371-9460.  Hyundai's number for this recall is 265.","Owners may also contact the National Highway Traffic Safety Administration Vehicle Safety Hotline at 1-888-327-4236 (TTY 1-800-424-9153), or go to www.safercar.gov.","2024","HYUNDAI","SANTA FE"
"Hyundai Motor America","24V843000",0,0,0,,"07/11/2024","ELECTRICAL SYSTEM:WIRING:SWITCHES/KNOBS/BUTTONS","Hyundai Motor America (Hyundai) is recalling certain 2024 Santa Fe and Santa Fe Hybrid vehicles. The overhead console rear sunshade switch knob may not be fully recessed, which can result in unintentional closing of the sunshade.  As such, these vehicles fail to comply with the requirements of Federal Motor Vehicle Safety Standard number 118, ""Power-Operated Window, Partition and Roof Panel Systems.""","A sunshade that closes unexpectedly can increase the risk of injury.","Dealers will replace the switch knobs, free of charge.  Owner notification letters were mailed December 2, 2025.  Owners may contact Hyundai customer service at 1-855-371-9460.  Hyundai's number for this recall is 270.","Owners may also contact the National Highway Traffic Safety Administration Vehicle Safety Hotline at 1-888-327-4236 (TTY 1-800-424-9153) or go to nhtsa.gov.","2024","HYUNDAI","SANTA FE"
"Hyundai Motor America","25V659000",0,0,0,,"02/10/2025","ELECTRICAL SYSTEM:STARTER ASSEMBLY","Hyundai Motor America (Hyundai) is recalling certain 2024-2025 Santa Fe vehicles. The B+ positive terminal cover on the starter motor assembly may be improperly installed, which can cause an electrical short during a crash.","An electrical short increases the risk of a fire.","Dealers will inspect and reinstall the starter motor terminal cover, as necessary, free of charge. Owner notification letters were mailed beginning October 22, 2025. Owners may contact Hyundai customer service at 1-855-371-9460. Hyundai's number for this recall is 285. Vehicle Identification Numbers (VINs) involved in this recall became searchable on NHTSA.gov on October 4, 2025.",,"2024","HYUNDAI","SANTA FE"
"Hyundai Motor America","25V808000",0,0,0,,"21/11/2025","BACK OVER PREVENTION:DISPLAY FUNCTION","Hyundai Motor America (Hyundai) is recalling certain 2024-2025 Santa Fe and Santa Fe Hybrid vehicles. The rearview camera may not have been installed properly, which can damage the wiring harness and cause the rearview camera image not to display. As such, these vehicles fail to comply with the requirements of Federal Motor Vehicle Safety Standard (FMVSS) number 111, ""Rear Visibility.""","A rearview image that does not display reduces the driver's view behind the vehicle, increasing the risk of a crash.","Dealers will replace the camera wiring harness, free of charge. Owner notification letters were mailed beginning January 15, 2026. Owners may contact Hyundai customer service at 1-855-371-9460. Hyundai's number for this recall is 288. Vehicle Identification Numbers (VINs) involved in this recall became searchable on NHTSA.gov on November 22, 2025.",,"2024","HYUNDAI","SANTA FE"
"Hyundai Motor America","26V218000",0,0,0,,"06/04/2026","SEAT BELTS:FRONT:ANCHORAGE","Hyundai Motor America (Hyundai) is recalling certain 2023-2025 Hyundai Ioniq 6, 2023-2026 Genesis G90, 2024-2026 Hyundai Santa Fe, and Hyundai Santa Fe Hybrid vehicles. The driver and passenger seat belt anchors may detach.","A detached seat belt anchor will not adequately restrain the seat occupant, increasing the risk of injury in a crash.","Dealers will inspect and reinforce or replace the seat belt anchors, as necessary, free of charge. Owner notification letters were mailed beginning May 29, 2026. Owners may contact Hyundai customer service at 1-855-371-9460 and Genesis customer service at 844-340-9741. Hyundai's numbers for this recall are 298 and 032G. Vehicle Identification Numbers (VINs) involved in this recall became searchable on NHTSA.gov April 8, 2026.",,"2024","HYUNDAI","SANTA FE"
"Hyundai Motor America","24V583000",0,0,1,,"07/08/2024","EXTERIOR LIGHTING:BRAKE LIGHTS","Hyundai Motor America (Hyundai) is recalling certain 2024 Hyundai Sonata vehicles.  The software for the brake lights may cause the brake lights to flash and not illuminate properly.  As such, these vehicles fail to comply with the requirements of Federal Motor Vehicle Safety Standard (FMVSS) number 108, ""Lamps, Reflective Devices, and Associated Equipment.""","Flashing brake lights may cause confusion for other drivers on the road, increasing the risk of a crash.","Dealers will update the rear brake light software, free of charge.  Additionally, Hyundai will release the software update over-the-air (OTA).  Owner notification letters were mailed September 12, 2024.  Owners may contact Hyundai customer service at 1-855-371-9460.  Hyundai's number for this recall is 267.","Owners may also contact the National Highway Traffic Safety Administration Vehicle Safety Hotline at 1-888-327-4236 (TTY 1-800-424-9153), or go to www.nhtsa.gov.","2024","HYUNDAI","SONATA"
"Hyundai Motor America","23V556000",0,0,0,,"04/08/2023","EQUIPMENT:OTHER:LABELS","Hyundai Motor America (Hyundai) is recalling certain 2024 Tucson vehicles.  The tire and loading information label may incorrectly indicate information about a spare tire.  As such, these vehicles fail to comply with the requirements of Federal Motor Vehicle Safety Standard number 110, ""Tire Selection and Rims.""","A label that incorrectly states spare tire pressure when there is no spare tire on-board may cause confusion during an emergency tire replacement, increasing the risk of a crash or injury.","Dealers will inspect and replace the tire and loading information label, as necessary, free of charge.  Owner notification letters were mailed September 5, 2023.  Owners may contact Hyundai customer service at 1-855-371-9460.  Hyundai's number for this recall is 247.","Owners may also contact the National Highway Traffic Safety Administration Vehicle Safety Hotline at 1-888-327-4236 (TTY 1-800-424-9153), or go to www.nhtsa.gov.","2024","HYUNDAI","TUCSON"
"Hyundai Motor America","23V526000",0,1,0,,"27/07/2023","POWER TRAIN:AUTOMATIC TRANSMISSION:FLUID/LUBRICANT:PUMP","Hyundai Motor America (Hyundai) is recalling certain 2023-2024 Palisade Tucson, 2023 Sonata, Elantra, and Kona vehicles.  The electronic controller for the Idle Stop & Go oil pump assembly may contain damaged electrical components that can cause the pump controller to overheat.","An electric oil pump assembly that overheats increases the risk of a vehicle fire.","Owners are advised to park outside and away from structures until the recall repair is complete.  Dealers will inspect and replace the electric oil pump controller, as necessary, free of charge.  Owner notification letters were mailed starting September 7, 2023.  Owners may contact Hyundai customer service at 1-855-371-9460.  Hyundai's number for this recall is 246.","Owners may also contact the National Highway Traffic Safety Administration Vehicle Safety Hotline at 1-888-327-4236 (TTY 1-800-424-9153), or go to www.nhtsa.gov.","2024","HYUNDAI","TUCSON"
"Hyundai Motor America","24V412000",0,0,0,,"05/06/2024","STEERING:ELECTRIC POWER ASSIST SYSTEM","Hyundai Motor America (Hyundai) is recalling certain 2024 Tucson and Santa Cruz vehicles.  The circuit board in the motor-driven power steering assembly may short circuit, resulting in a loss of power steering assist.","A loss of power steering assist can increase the risk of a crash.","Dealers will replace the motor-driven power steering electric power pack, free of charge.  Owner notification letters were mailed July 11, 2024.  Owners may contact Hyundai customer service at 1-855-371-9460.  Hyundai's number for this recall is 261.","Owners may also contact the National Highway Traffic Safety Administration Vehicle Safety Hotline at 1-888-327-4236 (TTY 1-800-424-9153), or go to www.nhtsa.gov.","2024","HYUNDAI","TUCSON"
"Hyundai Motor America","25V893000",0,1,0,,"19/12/2025","TRAILER HITCHES","Hyundai Motor America (Hyundai) is recalling certain 2022-2024 Tucson vehicles equipped with an optional Mobis tow hitch wiring harness. The wiring harness may have been installed incorrectly, allowing water into the control module. Moisture accumulation may cause the trailer lighting to fail or an electrical short circuit.","Nonfunctioning trailer lights can increase the risk of a crash. A short circuit can increase the risk of a fire.","Owners are advised to park outside and away from structures until the recall repair is complete. Dealers will install a cap of the wiring, free of charge. Owner notification letters were mailed May 11, 2026. Owners may contact Hyundai customer service at 1-855-371-9460. Hyundai's number for this recall is 290. Vehicle Identification Numbers (VINs) involved in this recall  became searchable on NHTSA.gov on December 20, 2025.",,"2024","HYUNDAI","TUCSON"
"Hyundai Motor America","24V308000",0,0,0,,"01/05/2024","ENGINE AND ENGINE COOLING:EXHAUST SYSTEM:EMISSION CONTROL:GAS RECIRCULATION VALVE (EGR VALVE)","Hyundai Motor America (Hyundai) is recalling certain 2024 Elantra, Venue, and Kona vehicles.  An electrical short circuit may occur in the exhaust gas recirculation (EGR) valve assembly, which can result in a loss of drive power.","A loss of drive power increases the risk of a crash.","Dealers will replace the exhaust gas recirculation valve assembly, free of charge.  Owner notification letters were mailed June 28, 2024.  Owners may contact Hyundai customer service at 1-855-371-9460.  Hyundai's number for this recall is 260.","Owners may also contact the National Highway Traffic Safety Administration Vehicle Safety Hotline at 1-888-327-4236 (TTY 1-800-424-9153), or go to www.nhtsa.gov.","2024","HYUNDAI","VENUE"
"Indian Motorcycle Company","24V550000",0,0,0,,"23/07/2024","SUSPENSION:REAR","Indian Motorcycle Company (Indian) is recalling certain 2024 Chieftain, Challenger, Pursuit, Roadmaster, and Springfield motorcycles.  Please refer to the recall report for a complete list of model names.  The rear suspension pushrod may buckle under load.","A rear suspension pushrod that buckles may pinch the main chassis harness, damage the coolant reservoir, damage the rear tire, or cause the motorcycle to bottom out under load.  Any of these scenarios can increase the risk of a crash or injury.","Dealers will replace the rear suspension pushrod, free of charge.  Owner notification letters were mailed August 22, 2024.  Owners may contact Indian customer service at 1-877-204-3697.  Indian's number for this recall is I-24-07.","Owners may also contact the National Highway Traffic Safety Administration Vehicle Safety Hotline at 1-888-327-4236 (TTY 1-800-424-9153), or go to www.nhtsa.gov.","2024","INDIAN","CHALLENGER DARK HORSE"
"Ineos Automotive Americas, LLC","23V828000",0,0,0,,"07/12/2023","ELECTRICAL SYSTEM:WIRING","Ineos Automotive Americas, LLC (Ineos) is recalling certain 2024 Grenadier vehicles equipped with the auxiliary switch package relay.  The relay control wire may have been trapped under the relay power cable connection fastener during assembly, which can potentially damage the relay control wire insulation and result in a short.","A short circuit increases the risk of fire.","Dealers will inspect and secure the wiring, and repair or replace any damaged wiring as necessary, free of charge.  Owner notification letters were mailed June 25, 2024.  Owners may contact Ineos customer service at 1-919-296-3626.","Owners may also contact the National Highway Traffic Safety Administration Vehicle Safety Hotline at 1-888-327-4236 (TTY 1-800-424-9153), or go to www.nhtsa.gov.","2024","INEOS","GRENADIER"
"Ineos Automotive Americas, LLC","23V903000",0,0,0,,"29/12/2023","STEERING:CRITICAL FASTENERS","Ineos Automotive Americas, LLC (Ineos) is recalling certain 2023-2024 Grenadier vehicles.  Non-locking nuts may have been mistakenly installed on the steering rod ball joint.","Loose or missing nuts can result in the steering rod ball joint disconnecting from the steering knuckle, causing a loss of steering and increasing the risk of a crash.","Dealers will install locking steering rod ball joint nuts, free of charge.  Owner notification letters were mailed June 25, 2024.  Owners may contact Ineos customer service at 1-919-296-3626.","Owners may also contact the National Highway Traffic Safety Administration Vehicle Safety Hotline at 1-888-327-4236 (TTY 1-800-424-9153), or go to www.nhtsa.gov.","2024","INEOS","GRENADIER"
"Ineos Automotive Americas, LLC","25V147000",0,0,0,,"06/03/2025","STRUCTURE:BODY:DOOR:HANDLE:EXTERIOR","Ineos Automotive Americas, LLC (Ineos) is recalling certain 2024 Grenadier vehicles.  The door button mechanism may have been assembled without a sufficient application of grease, preventing the door from fully latching.","An unlatched door can open unexpectedly while the vehicle is in motion, increasing the risk of injury.","Ineos will replace the door button assemblies, free of charge.  Owner notification letters were mailed on September 12, 2025. Owners may contact Ineos customer service at 1-833-494-4748.","Owners may also contact the National Highway Traffic Safety Administration Vehicle Safety Hotline at 888-327-4236 (TTY 888-275-9171) or go to nhtsa.gov.","2024","INEOS","GRENADIER"
"Nissan North America, Inc.","24V154000",0,0,0,,"27/02/2024","AIR BAGS:FRONTAL:DRIVER SIDE:INFLATOR MODULE","Nissan North America, Inc. (Nissan) is recalling certain 2024 Titan, Frontier, Infiniti QX60, Pathfinder, 2023-2024 Sentra, Versa, Kicks, Infiniti QX50, and 2023 Rogue vehicles.  Due to a manufacturing issue, the driver's air bag inflator may absorb moisture, and cause the air bag to deploy improperly.","An air bag that deploys improperly may not protect the driver as intended during a crash, increasing the risk of injury.","Dealers will replace the front driver's air bag assembly, free of charge.  Owner notification letters were mailed April 10, 2024.  Owners may contact Nissan customer service at 1-800-867-7669.  Nissan's numbers for this recall are PD103, PD104, and PMA34.","Owners may also contact the National Highway Traffic Safety Administration Vehicle Safety Hotline at 1-888-327-4236 (TTY 1-800-424-9153), or go to www.nhtsa.gov.","2024","INFINITI","QX50"
"Nissan North America, Inc.","23V814000",0,0,0,,"04/12/2023","EXTERIOR LIGHTING:LIGHTING CONTROL MODULE","Nissan North America, Inc. (Nissan) is recalling certain 2022-2024 Infiniti QX60 vehicles.  When driving at certain high speeds, the Adaptive Front-Light System (AFS) may incorrectly adjust the headlights downward.","Incorrectly adjusted headlights can reduce visibility, increasing the risk of a crash.","Dealers will reconfigure the Intelligent Power Distribution Module (IPDM) settings, free of charge.  Owner notification letters were mailed January 26, 2024.  Owners may contact Nissan customer service at 1-800-867-7669.  Nissan's number for this recall is PC994.","Owners may also contact the National Highway Traffic Safety Administration Vehicle Safety Hotline at 1-888-327-4236 (TTY 1-800-424-9153), or go to www.nhtsa.gov.","2024","INFINITI","QX60"
"Nissan North America, Inc.","24V154000",0,0,0,,"27/02/2024","AIR BAGS:FRONTAL:DRIVER SIDE:INFLATOR MODULE","Nissan North America, Inc. (Nissan) is recalling certain 2024 Titan, Frontier, Infiniti QX60, Pathfinder, 2023-2024 Sentra, Versa, Kicks, Infiniti QX50, and 2023 Rogue vehicles.  Due to a manufacturing issue, the driver's air bag inflator may absorb moisture, and cause the air bag to deploy improperly.","An air bag that deploys improperly may not protect the driver as intended during a crash, increasing the risk of injury.","Dealers will replace the front driver's air bag assembly, free of charge.  Owner notification letters were mailed April 10, 2024.  Owners may contact Nissan customer service at 1-800-867-7669.  Nissan's numbers for this recall are PD103, PD104, and PMA34.","Owners may also contact the National Highway Traffic Safety Administration Vehicle Safety Hotline at 1-888-327-4236 (TTY 1-800-424-9153), or go to www.nhtsa.gov.","2024","INFINITI","QX60"
"Nissan North America, Inc.","24V176000",0,0,0,,"05/03/2024","SEAT BELTS:PRETENSIONER","Nissan North America, Inc. (Nissan) is recalling certain 2024 Pathfinder and Infiniti QX60 vehicles.  The lap belt pretensioner in the left-side front seat belt assembly may be improperly secured, due to a missing rivet.  As such, these vehicles fail to comply with the requirements of Federal Motor Vehicle Safety Standard numbers 208 ""Occupant Crash Protection,"" 209 ""Seat Belt Assemblies,"" and 210 ""Seat Belt Assembly Anchorages.""","An unsecured lap belt pretensioner will not properly restrain an occupant during a crash, increasing the risk of injury.","Dealers will inspect and replace the left-side front lap seat belt pretensioner assemblies as necessary, free of charge.  Owner notification letters were mailed April 18, 2024.  Owners may contact Nissan customer service at 1-800-867-7669.  Owners may contact Infiniti customer service at 1-800-662-6200.  Nissan's numbers for this recall are PD106 and PD107.","Owners may also contact the National Highway Traffic Safety Administration Vehicle Safety Hotline at 1-888-327-4236 (TTY 1-800-424-9153), or go to www.nhtsa.gov.","2024","INFINITI","QX60"
"Navistar, Inc.","23V220000",0,0,0,,"30/03/2023","ENGINE AND ENGINE COOLING:ENGINE:ENGINE CONTROL MODULE (ECU/ECM):SOFTWARE","Navistar, Inc. (Navistar) is recalling certain 2021-2024 International LT and RH trucks.  The engine control module (ECM) may be unresponsive to throttle pedal application, which can cause the vehicle to unexpectedly slow to idle speed on the road.","A vehicle that unexpectedly slows to idle speed on the roadway can increase the risk of a crash.","Dealers will update the ECM software, free of charge.  Owner notification letters are expected to be mailed May 26, 2023.  Owners may contact Navistar's customer service at 1-800-448-7825.  Navistar's number for this recall is 23509.","Owners may also contact the National Highway Traffic Safety Administration Vehicle Safety Hotline at 1-888-327-4236 (TTY 1-800-424-9153), or go to www.nhtsa.gov.","2024","INTERNATIONAL","LT"
"Navistar, Inc.","23V370000",0,0,0,,"25/05/2023","SERVICE BRAKES, AIR:ANTILOCK:ABS WARNING LIGHT","Navistar, Inc. (Navistar) is recalling certain 2021-2024 International HV, HX, LoneStar, LT, MV, eMV, and RH trucks, and IC Bus CE, 2021-2023 IC Bus RE, and 2022-2023 IC Bus TC Commercial Buses.  The anti-lock brake system (ABS) indicator light does not remain illuminated when a malfunction exists, and when the vehicle's ignition switch is on, and the vehicle is in motion.  As such, these vehicles fail to comply with the requirements of Federal Motor Vehicle Safety Standard number 121, ""Air Brake Systems.""","An ABS indicator light that fails to remain illuminated will not alert the driver of an ABS malfunction, which could increase the risk of a crash.","Towing variant vehicles under this campaign will not be repaired under recall 24V-8918.  Dealers will update the software, free of charge.  Owner notification letters are expected to be mailed July 24, 2023.  Owners may contact Navistar's customer service at 1-800-448-7825.  Navistar's number for this recall is 23515.","Owners may also contact the National Highway Traffic Safety Administration Vehicle Safety Hotline at 1-888-327-4236 (TTY 1-800-424-9153), or go to www.nhtsa.gov.","2024","INTERNATIONAL","LT"
"Navistar, Inc.","23V353000",0,0,0,,"18/05/2023","EXTERIOR LIGHTING:BACK UP LIGHTS","Navistar, Inc. (Navistar) is recalling certain 2000-2003 International 8100, 2001-2003 International 9100i, 2001-2007 International 9400i, 2001-2010 International 9200i, 2002-2007, 2009 International 8500, 2003-2007, 2013 International 9900i, 2003-2018 International 8600, 2004, 2007 International 9900iX, 2008-2018 International ProStar, 2010-2011, 2013, 2016 International LoneStar, 2011-2012, 2016 International 4400, 2017-2024 International LT, 2018-2024 International RH, 2019-2021 International LS, 2019-2024 International MV vehicles.  The back-up lights offer low visibility when the vehicle is in reverse and bobtail mode.  Also, the vehicles have not been equipped with additional unobstructed back-up lights.  As such, these vehicles fail to comply with the requirements of Federal Motor Vehicle Safety Standard number 108, ""Lamps, Reflective Devices, and Associated Equipment.""","Low visibility or obstructed back up lights may not alert other drivers that the vehicle is backing up, increasing the risk of a crash.","Dealers will replace the existing rear stop/turn signal lights, free of charge.  Owner notification letters were mailed May 06, 2024.  Owners may contact Navistar's customer service at 1-800-448-7825.  Navistar's number for this recall is 23514.","Owners may also contact the National Highway Traffic Safety Administration Vehicle Safety Hotline at 1-888-327-4236 (TTY 1-800-424-9153), or go to www.nhtsa.gov.","2024","INTERNATIONAL","LT"
"Navistar, Inc.","24V088000",0,0,0,,"08/02/2024","STEERING","Navistar, Inc. (Navistar) is recalling certain 2024 International HX, LT, RH and 2024-2025 International HV, MV trucks and 2024 IC Bus CE commercial buses.  The steering gear assemblies may have been assembled incorrectly with fewer recirculating balls than are required, which may result in a loss of steering control.","A loss of steering control increases the risk of a crash.","Dealers will inspect and replace the defective gears, free of charge.  Owner notification letters were mailed September 30, 2024.  Owners may contact Navistar's customer service at 1-800-448-7825.  Navistar's number for this recall is 24503.","Owners may also contact the National Highway Traffic Safety Administration Vehicle Safety Hotline at 1-888-327-4236 (TTY 1-800-424-9153), or go to www.nhtsa.gov.","2024","INTERNATIONAL","LT"
"International Motors, LLC","24V818000",0,0,0,,"31/10/2024","ELECTRICAL SYSTEM:SOFTWARE","International Motors, LLC (International) is recalling certain 2021-2024 Lonestar, 2021-2025 RH, HV, MV, LT, HX, and 2022 PROSTAR vehicles, equipped with Bendix EC80 Advanced Electronic Control Units (ECU).  Electrical noise and low signal to the power line carrier may cause the ECU to incorrectly process commands or stop working.","Safety systems that depend on the ECU (Automatic Traction Control, ABS, Electronic Stability Control, Active Cruise Control, and Collison Mitigation System) may have diminished or lost functionality, increasing the risk of a crash.","International will work with Bendix to reprogram the ECU software, free of charge.  Owner notification letters were mailed December 16, 2024.  Owners may contact International customer service at 1-800-448-7825.  International's number for this recall is 24515.","Owners may also contact the National Highway Traffic Safety Administration Vehicle Safety Hotline at 1-888-327-4236 (TTY 1-800-424-9153) or go to nhtsa.gov.","2024","INTERNATIONAL","LT"
"International Motors, LLC","25V501000",0,0,0,,"05/08/2025","SERVICE BRAKES, AIR","International Motors, LLC (International) is recalling certain 2024-2026 LT and 2025 RH trucks. The Hill Start Assist (HSA) exhaust port may become clogged, delaying or preventing the release of the service brakes.","Brakes that are still engaged while driving increase the risk of crash.","Dealers will relocate the HSA valve exhaust, free of charge. Owner notification letters were mailed September 22, 2025. Owners may contact International customer service at 1-800-448-7825. International's number for this recall is 25508.",,"2024","INTERNATIONAL","LT"
"International Motors, LLC","25V781000",0,0,0,,"13/11/2025","SERVICE BRAKES, AIR","International Motors, LLC (International) is recalling certain 2023-2026 LT and 2024-2025 RH trucks. The Hill Start Assist (HSA) exhaust port may become clogged, delaying or preventing the release of the service brakes.","Brakes that are still engaged while driving increase the risk of crash.","Dealers will relocate the HSA valve exhaust, free of charge. Owner notification letters were mailed December 15, 2025. Owners may contact International customer service at 1-800-448-7825. International's number for this recall is 25522.",,"2024","INTERNATIONAL","LT"
"International Motors, LLC","25V806000",0,0,0,,"20/11/2025","SERVICE BRAKES, AIR:SUPPLY:QUICK RELEASE VALVE","International Motors, LLC (International) is recalling certain 2023-2026 LT and RH vehicles. The auto neutral function may not recognize that the parking brake has been applied, failing to shift the transmission into neutral.","The transmission remaining in gear may allow the vehicle to move unexpectedly, increasing the risk of a crash.","Dealers will replace the quick release valve on the rear axle, free of charge. Owner notification letters are expected to be mailed March 9, 2026. Owners will receive another notice once remedy becomes available. Owners may contact International's customer service at 1-800-448-7825. International's number for this recall is 25524. Vehicle Identification Numbers (VINs) involved in this recall will be searchable on NHTSA.gov beginning January 12, 2026.",,"2024","INTERNATIONAL","LT"
"Isuzu Motors Limited","24V157000",0,0,0,,"28/02/2024","FORWARD COLLISION AVOIDANCE: SENSING SYSTEM: CAMERA","Isuzu Motors Limited (Isuzu) is recalling certain 2019-2024 FTR, 2020-2024 Chevrolet LCF 6500XD, 2022-2024 FVR, and 2023-2024 Chevrolet LCF 7500XD vehicles equipped with a Mobileye Collision Warning System.  The Mobileye camera cable may have been routed improperly, which can result in wiring damage and an overloaded electrical circuit.","Overloaded electrical circuits can overheat, increasing the risk of fire.  In addition, wiring damage may cause a loss of turn signal, hazard lights, and/or collision system function, increasing the risk of a crash.","Dealers will inspect and reroute the Mobileye camera cable or replace the Mobileye camera cable and T-harness, as necessary, free of charge.  Owner notification letters were mailed April 08, 2024.  Owners may contact Isuzu customer service at 1-866-441-9638.  Isuzu's number for this recall is V2401.","Owners may also contact the National Highway Traffic Safety Administration Vehicle Safety Hotline at 1-888-327-4236 (TTY 1-800-424-9153), or go to www.nhtsa.gov.","2024","ISUZU","FTR"
"Isuzu Motors Limited","25V630000",0,0,0,,"19/09/2025","FUEL SYSTEM, OTHER:FUEL FILTER","Isuzu Motors Limited (Isuzu) is recalling certain 2022-2026 Isuzu FVR, Isuzu FTR, Chevrolet 6500XD, and 2023-2026 Chevrolet 7500XD vehicles. The fuel heater may overheat, melting the casing and allowing fuel to leak into the electrical connector.","A fuel leak in the presence of an ignition source increases the risk of a fire.","Dealers will inspect and replace the fuel heater and electrical connectors as necessary, free of charge. Owner notification letters were mailed November 7, 2025. Owners may contact Isuzu customer service at 1-866-441-9638. Isuzu's number for this recall is V2504.",,"2024","ISUZU","FTR"
"Isuzu Motors Limited","25V719000",0,0,0,,"22/10/2025","SUSPENSION:REAR:SPRINGS:LEAF SPRING ASSEMBLY:HANGER/BRACKET","Isuzu Motors Limited (Isuzu) is recalling certain  2022-2026 Isuzu FVR, 2023-2026 Chevrolet 7500XD, 2018-2026 Chevrolet 6500XD, and Isuzu FTR vehicles. The axle stabilizer bracket bolts may crack and break, allowing the bracket to detach from the vehicle.","A detached axle stabilizer bracket can create a road hazard for other vehicles, increasing the risk of a crash.","Dealers will replace the stabilizer bar brackets, free of charge. This is a Phased campaign. Phase 1 will include Class 6 vehicles (FTR, Chevy 6500XD).  Owner notification letters were mailed December 12, 2025 to FTR and Chevrolet 6500XD owners. Phase 2 will include Class 7 vehicles  (FVR, Chevy 7500XD). Owner notification letters were mailed April 24, 2026 to FVR owners. Owner notification letters were mailed May 11, 2026 to Chevrolet 7500XD owners. Owners may contact Isuzu customer service at 1-866-441-9638. Isuzu's number for this recall is V2506.",,"2024","ISUZU","FTR"
"Jaguar Land Rover North America, LLC","24V201000",0,0,0,,"14/03/2024","SERVICE BRAKES, HYDRAULIC","Jaguar Land Rover North America, LLC (Jaguar) is recalling certain 2021-2024 E-Pace vehicles.  The brake pad wear warning light may not appear on the instrument cluster as intended, failing to warn the driver that the brake pads are worn out.  As such, these vehicles fail to comply with the requirements of Federal Motor Vehicle Safety Standard number 135, ""Light Vehicle Brake Systems.""","Driving with worn brake pads can reduce braking ability, increasing the risk of a crash.","Dealers will update the car configuration file software, free of charge. Owner notification letters were mailed May 7, 2024. Owners may contact Jaguar customer service at 1-800-452-4827. Jaguar's number for this recall is H481.","Owners may also contact the National Highway Traffic Safety Administration Vehicle Safety Hotline at 1-888-327-4236 (TTY 1-800-424-9153), or go to www.nhtsa.gov.","2024","JAGUAR","E-PACE"
"Jaguar Land Rover North America, LLC","25V466000",0,0,0,,"11/07/2025","AIR BAGS:PASSENGER SIDE FRONTAL:CUSHION","Jaguar Land Rover North America, LLC (Jaguar) is recalling certain 2021-2024 E-Pace vehicles. The passenger air bag may tear during deployment.","A torn air bag may not adequately protect an occupant in a crash, increasing the risk of injury. Additionally, a torn air bag may allow hot gases to escape, which can cause a burn injury.","Dealers will replace the passenger air bag module, free of charge. Owner letters were mailed February 6, 2026. Owners may contact Jaguar's customer service at 1-800-452-4827. Jaguar's number for this recall is H552.",,"2024","JAGUAR","E-PACE"
"Jaguar Land Rover North America, LLC","23V369000",0,1,1,,"25/05/2023","ELECTRICAL SYSTEM:PROPULSION SYSTEM:TRACTION BATTERY","Jaguar Land Rover North America, LLC (Jaguar) is recalling certain 2019-2024 Jaguar I-PACE vehicles.  The high-voltage battery may overheat.","The high-voltage battery overheating increases the risk of a fire.","Owners are advised to park and charge vehicle outside and away from structures until the recall repair is complete.  The battery energy control module software will be updated by a dealer, or through an over-the-air (OTA) update.  In addition, battery modules will be replaced as necessary.  Repairs will be performed free of charge.  Owner notification letters were mailed July 18, 2023.  Owners may contact Jaguar's customer service at 1-800-452-4827.  Jaguar's number for this recall is H441.","Owners may also contact the National Highway Traffic Safety Administration Vehicle Safety Hotline at 1-888-327-4236 (TTY 1-800-424-9153), or go to www.nhtsa.gov.","2024","JAGUAR","I-PACE"
"Jaguar Land Rover North America, LLC","24V134000",0,0,0,,"22/02/2024","EXTERIOR LIGHTING:TURN SIGNAL","Jaguar Land Rover North America, LLC (Jaguar) is recalling certain 2021-2024 Jaguar I-Pace vehicles.  In the event that one of the turn signals stops working, the turn signal flash rate frequency will not adjust to warn the driver that a turn signal is not working correctly.  As such, these vehicles fail to comply with the requirements of Federal Motor Vehicle Safety Standard number 108, ""Lamps, Reflective Devices, and Associated Equipment.""","Inoperative rear turn signals may not notify other drivers of a turning vehicle, increasing the risk of a crash.","Dealers will update the Car Configuration File (CCF) software, free of charge.  Owner notification letters were mailed April 8, 2024.  Owners may contact Jaguar customer service at 1-800-452-4827.  Jaguar's number for this recall is H475.","Owners may also contact the National Highway Traffic Safety Administration Vehicle Safety Hotline at 1-888-327-4236 (TTY 1-800-424-9153), or go to www.nhtsa.gov.","2024","JAGUAR","I-PACE"
"Jayco, Inc.","24V831000",0,0,0,,"07/11/2024","EQUIPMENT:APPLIANCE:AIR CONDITIONER","Jayco Inc. (Jayco) is recalling certain 2024 North Point and Pinnacle travel trailers equipped with certain GE air conditioners.  The air conditioner soft start device may fail and overheat.","An air conditioner soft start device that overheats increases the risk of a fire.","Dealers will replace the ICM soft start module with a Micro air EasyStart Breeze module, free of charge.  Owner notification letters were mailed August 18, 2025.  Owners may contact Jayco customer service at 1-800-283-8267.  Jayco's number for this recall is 9901615.","Owners may also contact the National Highway Traffic Safety Administration Vehicle Safety Hotline at 1-888-327-4236 (TTY 1-800-424-9153) or go to nhtsa.gov.","2024","JAYCO","NORTH POINT"
"Jayco, Inc.","23V318000",0,0,0,,"04/05/2023","SERVICE BRAKES, HYDRAULIC:FOUNDATION COMPONENTS:DISC:CALIPER","Jayco, Inc. (Jayco) is recalling certain 2023-2024 Entegra Emblem, Vision, Vision XL, Jayco Alante, Precept, and Precept Prestige motorhomes, built on Ford F-53 chassis.  The rear brake caliper attachment bolts may not be tightened correctly, which can allow the caliper to loosen and possibly damage the wheel or brake lines.","A damaged wheel can result in a loss of tire pressure.  A damaged brake line can cause a brake fluid leak and reduce brake performance.  Either condition increases the risk of a crash.","Jayco will notify owners, and Ford dealers will inspect and tighten the rear caliper bolts, as necessary, free of charge.  In addition, any damaged bolts will be replaced, free of charge.  Owner notification letters were mailed May 24, 2023.  Owners may contact Jayco customer service at 1-800-283-8267.","Owners may also contact the National Highway Traffic Safety Administration Vehicle Safety Hotline at 1-888-327-4236 (TTY 1-800-424-9153), or go to www.nhtsa.gov.","2024","JAYCO","PRECEPT"
"Jayco, Inc.","23V673000",0,0,0,,"05/10/2023","STRUCTURE:EMERGENCY:ESCAPE/EGRESS/EXIT","Jayco, Inc. (Jayco) is recalling certain 2024 Jayco Precept and Entegra Coach Vision XL motorhomes.  The window shade may obstruct the emergency exit window opening.","An obstructed emergency exit window may prevent or delay occupants from exiting in an emergency, increasing the risk of injury.","Dealer will inspect and replace the window shade, as necessary, free of charge.  Owner notification letters were mailed October 19, 2023.  Owners may contact Jayco customer service at 1-800-283-8267.  Jayco's number for this recall is 9903592.","Owners may also contact the National Highway Traffic Safety Administration Vehicle Safety Hotline at 1-888-327-4236 (TTY 1-800-424-9153), or go to www.nhtsa.gov.","2024","JAYCO","PRECEPT"
"Jayco, Inc.","23V771000",0,0,0,,"16/11/2023","ELECTRICAL SYSTEM: INSTRUMENT CLUSTER/PANEL","Jayco, Inc. (Jayco) is recalling certain 2023-2024 Entegra Emblem, Vision, Vision XL, Jayco Alante, Precept, and Precept Prestige motorhomes.  Corrosion in the Smart Data Link Connector (SDLC) may interfere with the Controller Area Network (CAN) communication, resulting in an inoperative instrument panel.  As such, these vehicles fail to comply with the requirements of Federal Motor Vehicle Safety Standard numbers 101, ""Control and Displays"" and 105, ""Hydraulic and Electric Brake Systems.""","An inoperative instrument panel cannot show critical safety information, such as the speedometer or warning lights, increasing the risk of a crash.","Ford dealers will install a wire harness connector, and inspect and replace the SDLC module, as necessary, free of charge.  Owner notification letters were mailed December 13, 2023.  Owners may contact Jayco customer service at 1-800-283-8267.","Owners may also contact the National Highway Traffic Safety Administration Vehicle Safety Hotline at 1-888-327-4236 (TTY 1-800-424-9153), or go to www.nhtsa.gov.","2024","JAYCO","PRECEPT"
"Chrysler (FCA US, LLC)","24V652000",0,0,0,,"05/09/2024","ELECTRICAL SYSTEM: INSTRUMENT CLUSTER/PANEL","Chrysler (FCA US, LLC) is recalling certain 2020-2024 Jeep Gladiator and 2018-2024 Jeep Wrangler vehicles.  The instrument panel cluster may experience an internal short circuit and fail.  As such, these vehicles fail to comply with the requirements of Federal Motor Vehicle Safety Standard number 101, ""Controls and Displays.""","An instrument panel that fails to display critical safety information, such as the speedometer or warning lights, can increase the risk of a crash.","Dealers will replace the instrument panel cluster, free of charge.  Owner notification letters were mailed between October 3, 2024, and January 23, 2025.  Owners may contact FCA customer service at 1-800-853-1403.  FCA's number for this recall is 30B.","Owners may also contact the National Highway Traffic Safety Administration Vehicle Safety Hotline at 1-888-327-4236 (TTY 1-800-424-9153), or go to www.nhtsa.gov.","2024","JEEP","GLADIATOR"
"Chrysler (FCA US, LLC)","26V363000",0,1,0,,"04/06/2026","STEERING:HYDRAULIC POWER ASSIST:PUMP","Chrysler (FCA US, LLC) is recalling certain 2021-2025 Jeep Wrangler, Wrangler 4XE, and Jeep Gladiator vehicles. The electric hydraulic power steering pump wiring may overheat and cause a vehicle fire, even when the vehicle is parked with the ignition in the ""Off"" position.","A vehicle fire increases the risk of injury.","Owners are advised to park outside and away from structures, until their vehicle is repaired. Dealers will inspect and replace the wiring and electric hydraulic power steering pump, as necessary, free of charge. Owner notification letters are expected to be mailed July 9, 2026. Owners may contact FCA US LLC customer service at 1-800-853-1403. FCA US LLC's number for this recall is 21D. The Vehicle Identification Numbers (VINs) involved in this recall will become searchable on NHTSA.gov on June 11, 2026.",,"2024","JEEP","GLADIATOR"
"Chrysler (FCA US, LLC)","24V720000",0,1,0,,"27/09/2024","ELECTRICAL SYSTEM:PROPULSION SYSTEM:TRACTION BATTERY","Chrysler (FCA US, LLC) is recalling certain 2020-2024 Jeep Wrangler 4XE and 2022-2024 Jeep Grand Cherokee 4XE vehicles.  The high voltage battery may fail internally and lead to a vehicle fire while parked or driving.","A vehicle fire while parked or driving can increase the risk of injury.","Owners are advised to park outside and away from structures, and not to recharge their vehicles until they are repaired.  Dealers will update the high voltage battery pack software and replace the battery pack assembly, if necessary, free of charge.  Interim notification letters, notifying owners of the safety risk, were mailed October 11, 2024.  Owner notification letters were mailed beginning December 2024.  Owners may contact Chrysler customer service at 1-800-853-1403.  Chrysler's number for this recall is 95B.  Vehicles in this recall that were previously recalled for the same issue under NHTSA Recall 23V-787 will need to have the new remedy performed.","Owners may also contact the National Highway Traffic Safety Administration Vehicle Safety Hotline at 1-888-327-4236 (TTY 1-800-424-9153) or go to nhtsa.gov.","2024","JEEP","GRAND CHEROKEE"
"Chrysler (FCA US, LLC)","24V111000",0,0,0,,"15/02/2024","VISIBILITY:DEFROSTER/DEFOGGER/HVAC SYSTEM","Chrysler (FCA US, LLC) is recalling certain 2021-2024 Jeep Wrangler and 2022-2024 Jeep Grand Cherokee vehicles.  A hybrid control processor (HCP) software error may cause the defrosting and defogging system to be inoperative.  As such, these vehicles fail to comply with the requirements of Federal Motor Vehicle Safety Standard number 103, ""Windshield Defrosting and Defogging Systems.""","An inoperative windshield defrosting and defogging system may decrease the driver's visibility, increasing the risk of a crash.","Dealers will update the HCP software, free of charge.  Owner notification letters were mailed February 29, 2024.  Owners may contact Chrysler customer service at 1-800-853-1403.  Chrysler's number for this recall is 04B.","Owners may also contact the National Highway Traffic Safety Administration Vehicle Safety Hotline at 1-888-327-4236 (TTY 1-800-424-9153), or go to www.nhtsa.gov.","2024","JEEP","GRAND CHEROKEE"
"Chrysler (FCA US, LLC)","24V130000",0,0,0,,"22/02/2024","EXTERIOR LIGHTING:HEADLIGHTS","Chrysler (FCA US, LLC) is recalling certain 2023-2024 Jeep Grand Cherokee and Jeep Grand Cherokee L vehicles.  When the master headlight switch is set to the AUTO position, the driver may be unable to quickly activate the high beams.  As such, these vehicles fail to comply with the requirements of Federal Motor Vehicle Safety Standard number 108, ""Lamps, Reflective Devices, and Associated Equipment.""","High beam headlights that do not activate as intended can reduce visibility, increasing the risk of a crash.","Dealers will reconfigure the vehicle high beam parameters, free of charge.  Owner notification letters were mailed March 7, 2024.  Owners may contact FCA US, LLC customer service at 1-800-853-1403.  FCA's number for this recall is 12B.","Owners may also contact the National Highway Traffic Safety Administration Vehicle Safety Hotline at 1-888-327-4236 (TTY 1-800-424-9153), or go to www.nhtsa.gov.","2024","JEEP","GRAND CHEROKEE"
"Chrysler (FCA US, LLC)","24V131000",0,0,0,,"22/02/2024","STEERING:LINKAGES:KNUCKLE:SPINDLE:ARM","Chrysler (FCA US, LLC) is recalling certain 2024 Jeep Grand Cherokee vehicles.  An improperly machined steering knuckle may separate between the ball joint and knuckle, causing the wheel to fall outward and resulting in a loss of control.","A loss of vehicle control increases the risk of a crash.","Dealers will replace the steering knuckle, free of charge.  Owner notification letters were mailed April 11, 2024.  Owners may contact FCA US, LLC customer service at 1-800-853-1403.  FCA's number for this recall is 07B.","Owners may also contact the National Highway Traffic Safety Administration Vehicle Safety Hotline at 1-888-327-4236 (TTY 1-800-424-9153), or go to www.nhtsa.gov.","2024","JEEP","GRAND CHEROKEE"
"Chrysler (FCA US, LLC)","24V289000",0,0,0,,"25/04/2024","BACK OVER PREVENTION: SENSING SYSTEM: CAMERA","Chrysler (FCA US, LLC) is recalling certain 2022-2023 Jeep Grand Cherokee and 2023-2024 Jeep Grand Cherokee L vehicles.  An improperly connected coaxial cable may prevent the rearview camera image from displaying.  As such, these vehicles fail to comply with the requirements of Federal Motor Vehicle Safety Standard number 111, ""Rear Visibility.""","A rearview camera image that does not display decreases the driver's visibility, increasing the risk of injury or crash.","Dealers will secure the coaxial cable connection, free of charge.  All affected vehicles have been remedied.  Owners may contact FCA US, LLC customer service at 1-800-853-1403.  FCA US, LLC's number for this recall is 40B.","Owners may also contact the National Highway Traffic Safety Administration Vehicle Safety Hotline at 1-888-327-4236 (TTY 1-800-424-9153), or go to www.nhtsa.gov.","2024","JEEP","GRAND CHEROKEE"
"Chrysler (FCA US, LLC)","24V346000",0,0,0,,"16/05/2024","AIR BAGS:FRONTAL","Chrysler (FCA US, LLC) is recalling certain 2024 Jeep Grand Cherokee vehicles.  The front bumper may be missing energy absorbing foam, which can cause the front air bags not to deploy as intended.  As such, these vehicles fail to comply with the requirements of Federal Motor Vehicle Safety Standard number 208, ""Occupant Crash Protection.""","Front air bags that do not deploy as intended can increase the risk of injury in a crash.","Dealers will inspect the vehicles and install the foam as necessary, free of charge.  Owner notification letters were mailed May 30, 2024.  Owners may contact FCA US, LLC customer service at 1-800-853-1403.  FCA US, LLC's number for this recall is 41B.","Owners may also contact the National Highway Traffic Safety Administration Vehicle Safety Hotline at 1-888-327-4236 (TTY 1-800-424-9153), or go to www.nhtsa.gov.","2024","JEEP","GRAND CHEROKEE"
"Chrysler (FCA US, LLC)","24V586000",0,0,0,,"08/08/2024","CHILD SEAT:VEHICLE TETHER ANCHOR","Chrysler (FCA US, LLC) is recalling certain 2024 Jeep Grand Cherokee L vehicles.  The child seat tether welds on the second-row seat back frame may be insufficient, which can reduce the seat's ability to properly restrain a child during a crash.  As such, these vehicles fail to comply with the requirements of Federal Motor Vehicle Safety Standard number 225, ""Child Restraint Anchorage Systems.""","A child that is not properly restrained during a crash can have an increased risk of injury.","Dealers will reinforce the child seat tether welds on the seat back frame, free of charge.  Owner notification letters were mailed October 3, 2024.  Owners may contact FCA customer service at 1-800-853-1403.  FCA's number for this recall is 85B.","Owners may also contact the National Highway Traffic Safety Administration Vehicle Safety Hotline at 1-888-327-4236 (TTY 1-800-424-9153), or go to www.nhtsa.gov.","2024","JEEP","GRAND CHEROKEE"
"Chrysler (FCA US, LLC)","24V872000",0,0,0,,"19/11/2024","ELECTRICAL SYSTEM:INSTRUMENT PANEL:SPEEDOMETER/ODOMETER","Chrysler (FCA US, LLC) is recalling certain 2024 Jeep Grand Cherokee and Grand Cherokee L vehicles.  A software error in the instrument panel cluster may cause the speedometer to display the incorrect vehicle speed.  As such, these vehicles fail to comply with the requirements of Federal Motor Vehicle Safety Standard number 101, ""Displays and Controls.""","Driving without knowing the vehicle's actual speed increases the risk of a crash.","Dealers will inspect and update the instrument panel cluster software as necessary, free of charge.  Owner notification letters were mailed December 3, 2024.  Owners may contact FCA customer service at 1-800-853-1403.  FCA's number for this recall is B8B.","Owners may also contact the National Highway Traffic Safety Administration Vehicle Safety Hotline at 1-888-327-4236 (TTY 1-800-424-9153) or go to nhtsa.gov.","2024","JEEP","GRAND CHEROKEE"
"Chrysler (FCA US, LLC)","24V897000",0,0,0,,"27/11/2024","AIR BAGS:SIDE/WINDOW","Chrysler (FCA US, LLC) is recalling certain 2022-2024 Jeep Grand Cherokee and 2021-2024 Jeep Grand Cherokee L vehicles.  An improperly secured connector for the front seat side air bags (SAB) may prevent the air bags from deploying.  As such, these vehicles fail to comply with the requirements of Federal Motor Vehicle Safety Standard number 214, ""Side Impact Protection.""","An air bag that does not deploy during a crash increases the risk of injury.","Dealers secured the connector, free of charge.  All affected vehicles have been remedied.  Owner notification letters were mailed December 17, 2024.  Owners may contact FCA customer service at 1-800-853-1403.  FCA's number for this recall is B3B.","Owners may also contact the National Highway Traffic Safety Administration Vehicle Safety Hotline at 1-888-327-4236 (TTY 1-800-424-9153) or go to nhtsa.gov.","2024","JEEP","GRAND CHEROKEE"
"Chrysler (FCA US, LLC)","24V926000",0,0,0,,"12/12/2024","ENGINE AND ENGINE COOLING:COOLING SYSTEM:RADIATOR ASSEMBLY","Chrysler (FCA US, LLC) is recalling certain 2024 Jeep Grand Cherokee and Grand Cherokee L vehicles.  The radiator crossmember bolts may not be properly secured, which can lead to improper air bag deployments and a fuel leak during a crash.  As such, these vehicles fail to comply with the requirements of Federal Motor Vehicle Safety Standard (FMVSS) numbers 208, ""Occupant Crash Protection"" and 301, ""Fuel System Integrity.""","An improper air bag deployment can increase the risk of injury.  A fuel leak can increase the risk of a fire.","Dealers will inspect and secure the crossmember bolts as necessary, free of charge.  Owner notification letters were mailed January 9, 2025.  Owners may contact FCA customer service at 1-800-853-1403.  FCA's number for this recall is D1B.","Owners may also contact the National Highway Traffic Safety Administration Vehicle Safety Hotline at 1-888-327-4236 (TTY 1-800-424-9153) or go to nhtsa.gov.","2024","JEEP","GRAND CHEROKEE"
"Chrysler (FCA US, LLC)","24V944000",0,0,0,,"19/12/2024","BACK OVER PREVENTION:SOFTWARE","Chrysler (FCA US, LLC) is recalling certain 2024 Jeep Wagoneer, Grand Wagoneer, Grand Cherokee, and Grand Cherokee L vehicles.  Incorrect software in the rearview camera module may cause the rearview camera image not to display.  As such, these vehicles fail to comply with the requirements of Federal Motor Vehicle Safety Standard (FMVSS) number 111, ""Rear Visibility.""","A rearview camera image that does not display decreases the driver's visibility, increasing the risk of a crash.","Dealers will update the rearview camera module software, free of charge.  Owner notification letters were mailed January 21, 2025.  Owners may contact FCA customer service at 1-800-853-1403.  FCA's number for this recall is D5B.","Owners may also contact the National Highway Traffic Safety Administration Vehicle Safety Hotline at 1-888-327-4236 (TTY 1-800-424-9153), or go to www.nhtsa.gov.","2024","JEEP","GRAND CHEROKEE"
"Chrysler (FCA US, LLC)","25V472000",0,0,0,,"17/07/2025","SEATS:MID/REAR ASSEMBLY:HEAD RESTRAINT","Chrysler (FCA US, LLC) is recalling certain 2023-2024 Jeep Grand Cherokee and Jeep Grand Cherokee L vehicles. The second-row seat head restraints may not lock in the upright position. As such, these vehicles fail to comply with the requirements of Federal Motor Vehicle Safety Standard number 202, ""Head Restraints.""","Head restraints that do not lock can result in an increased risk of injury to seat occupants during a crash.","Dealers will inspect and replace both second-row seat head restraints, as necessary, free of charge. Owner notification letters were mailed September 5, 2025. Owners may contact FCA US LLC customer service at 1-800-853-1403.  FCA US, LLC's number for this recall is 20C.",,"2024","JEEP","GRAND CHEROKEE"
"Chrysler (FCA US, LLC)","25V576000",0,0,0,,"04/09/2025","ELECTRICAL SYSTEM:PROPULSION SYSTEM","Chrysler (FCA US, LLC) is recalling certain 2022-2026 Jeep Grand Cherokee Plug-In Hybrid Electric (PHEV) vehicles. A software error within the hybrid control processor may result in a loss of drive power.","A loss of drive power increases the risk of a crash.","Dealers will update the hybrid control processer software, free of charge. Owner notification letters were mailed October 14, 2025. Owners may contact Chrysler customer service at 800-853-1403. Chrysler's number for this recall is 73C. Vehicle Identification Numbers (VINs) involved in this recall will be searchable on NHTSA.gov beginning September 11, 2025.",,"2024","JEEP","GRAND CHEROKEE"
"Chrysler (FCA US, LLC)","25V741000",0,1,0,,"30/10/2025","ELECTRICAL SYSTEM:PROPULSION SYSTEM:TRACTION BATTERY","Chrysler (FCA US, LLC) is recalling certain 2020-2025 Jeep Wrangler 4Xe and 2022-2026 Grand Cherokee 4Xe vehicles. The high voltage battery may fail internally and lead to a vehicle fire while parked or driving.","A vehicle fire can increase the risk of injury.","Owners are advised to park outside and away from structures and not to charge their vehicles until the remedy is completed. Dealers will update the high voltage battery software, and replace the high voltage battery, as necessary, free of charge. Some owner notification letters were mailed beginning December 17, 2025. The remaining owner notification letters will be mailed at a later date.  Owners may contact Chrysler customer service at 800-853-1403. Chrysler's number for this recall is 68C. Vehicle Identification Numbers (VINs) involved in this recall will be searchable on NHTSA.gov beginning November 6, 2025. Vehicles that were previously recalled for the same issue under NHTSA Recalls 24V720 and 23V787 will need to have the new remedy performed.",,"2024","JEEP","GRAND CHEROKEE"
"Chrysler (FCA US, LLC)","26V328000",0,0,0,,"21/05/2026","AIR BAGS: AIR BAG/RESTRAINT CONTROL MODULE:SOFTWARE","Chrysler (FCA US, LLC) is recalling certain 2022-2026 Jeep Grand Cherokee and 2023-2025 Jeep Grand Cherokee L vehicles. A software error in the occupant restraint controller module may cause the delayed deployment of the side air bags during a crash. As such, these vehicles fail to comply with the requirements of Federal Motor Vehicle Safety Standard number 214, ""Side Impact Protection.""","Delayed air bag deployment during a crash increases the risk of injury.","Dealers will update the occupant restraint controller module software, free of charge. Some owner notification letters are expected to be mailed June 18, 2026. Owners may contact Chrysler customer service at 800-853-1403. Chrysler's number for this recall is 01D. Vehicle Identification Numbers (VINs) involved in this recall will be searchable on NHTSA.gov on May 28, 2026.",,"2024","JEEP","GRAND CHEROKEE"
"Chrysler (FCA US, LLC)","26V413000",0,0,0,,"30/06/2026","POWER TRAIN:AUTOMATIC TRANSMISSION:GEAR POSITION INDICATION (PRNDL)","Chrysler (FCA US, LLC) is recalling certain 2022-2024 Jeep Grand Cherokee, 2023 Jeep Wagoneer, 2024 Jeep Grand Cherokee L, and Jeep Wagoneer L vehicles. A software error may cause the transmission gear selection indicator not to display. As such, these vehicles fail to comply with the requirements of Federal Motor Vehicle Safety Standard number 102, ""Transmission shift lever sequence, starter interlock, and transmission braking effect.""","A missing gear selection indicator may lead to unintended vehicle movement or a vehicle rollaway, increasing the risk of a crash.","Dealers will update the shifter module software, free of charge. Owner notification letters are expected to be mailed August 21, 2026. Owners may contact Chrysler customer service at 800-853-1403. Chrysler's number for this recall is 30D. Vehicle Identification Numbers (VINs) involved in this recall will become searchable on NHTSA.gov beginning July 9, 2026.",,"2024","JEEP","GRAND CHEROKEE"
"Chrysler (FCA US, LLC)","24V720000",0,0,0,,"27/09/2024","ELECTRICAL SYSTEM:PROPULSION SYSTEM:TRACTION BATTERY","Chrysler (FCA US, LLC) is recalling certain 2020-2024 Jeep Wrangler 4XE and 2022-2024 Jeep Grand Cherokee 4XE vehicles.  The high voltage battery may fail internally and lead to a vehicle fire while parked or driving.","A vehicle fire while parked or driving can increase the risk of injury.","This recall is replaced by NHTSA recall number 25V741. Vehicles already repaired under this recall will need to have the new remedy completed. Owners are advised to park outside and away from structures, and not to recharge their vehicles until they are repaired.  Dealers will update the high voltage battery pack software and replace the battery pack assembly, if necessary, free of charge.  Interim notification letters, notifying owners of the safety risk, were mailed October 11, 2024.  Owner notification letters were mailed beginning December 2024.  Owners may contact Chrysler customer service at 1-800-853-1403.  Chrysler's number for this recall is 95B.  Vehicles in this recall that were previously recalled for the same issue under NHTSA Recall 23V-787 will need to have the new remedy performed.","Owners may also contact the National Highway Traffic Safety Administration Vehicle Safety Hotline at 1-888-327-4236 (TTY 1-800-424-9153) or go to nhtsa.gov.","2024","JEEP","GRAND CHEROKEE 4XE"
"Chrysler (FCA US, LLC)","25V766000",0,0,0,,"06/11/2025","ENGINE","Chrysler (FCA US, LLC) is recalling certain 2023-2025 Jeep Grand Cherokee 4XE and 2024-2025 Jeep Wrangler 4XE Plug-In Hybrid Electric (PHEV) vehicles. Debris inside the engine may cause engine failure, which can result in a loss of drive power and/or an engine compartment fire.","A loss of drive power increases the risk of a crash, and a vehicle fire can increase the risk of injury.","Dealers will install a software update and replace the block or engine as necessary, free of charge. Owner notification letters were mailed beginning May 7, 2026. Additional letters will be sent once the final remedy is available. Owners may contact Chrysler customer service at 800-853-1403. Chrysler's number for this recall is 78C. Vehicle Identification Numbers (VINs) involved in this recall became searchable on NHTSA.gov beginning November 13, 2025.",,"2024","JEEP","GRAND CHEROKEE 4XE"
"Chrysler (FCA US, LLC)","24V872000",0,0,0,,"19/11/2024","ELECTRICAL SYSTEM:INSTRUMENT PANEL:SPEEDOMETER/ODOMETER","Chrysler (FCA US, LLC) is recalling certain 2024 Jeep Grand Cherokee and Grand Cherokee L vehicles.  A software error in the instrument panel cluster may cause the speedometer to display the incorrect vehicle speed.  As such, these vehicles fail to comply with the requirements of Federal Motor Vehicle Safety Standard number 101, ""Displays and Controls.""","Driving without knowing the vehicle's actual speed increases the risk of a crash.","Dealers will inspect and update the instrument panel cluster software as necessary, free of charge.  Owner notification letters were mailed December 3, 2024.  Owners may contact FCA customer service at 1-800-853-1403.  FCA's number for this recall is B8B.","Owners may also contact the National Highway Traffic Safety Administration Vehicle Safety Hotline at 1-888-327-4236 (TTY 1-800-424-9153) or go to nhtsa.gov.","2024","JEEP","GRAND CHEROKEE L"
"Chrysler (FCA US, LLC)","24V897000",0,0,0,,"27/11/2024","AIR BAGS:SIDE/WINDOW","Chrysler (FCA US, LLC) is recalling certain 2022-2024 Jeep Grand Cherokee and 2021-2024 Jeep Grand Cherokee L vehicles.  An improperly secured connector for the front seat side air bags (SAB) may prevent the air bags from deploying.  As such, these vehicles fail to comply with the requirements of Federal Motor Vehicle Safety Standard number 214, ""Side Impact Protection.""","An air bag that does not deploy during a crash increases the risk of injury.","Dealers secured the connector, free of charge.  All affected vehicles have been remedied.  Owner notification letters were mailed December 17, 2024.  Owners may contact FCA customer service at 1-800-853-1403.  FCA's number for this recall is B3B.","Owners may also contact the National Highway Traffic Safety Administration Vehicle Safety Hotline at 1-888-327-4236 (TTY 1-800-424-9153) or go to nhtsa.gov.","2024","JEEP","GRAND CHEROKEE L"
"Chrysler (FCA US, LLC)","24V926000",0,0,0,,"12/12/2024","ENGINE AND ENGINE COOLING:COOLING SYSTEM:RADIATOR ASSEMBLY","Chrysler (FCA US, LLC) is recalling certain 2024 Jeep Grand Cherokee and Grand Cherokee L vehicles.  The radiator crossmember bolts may not be properly secured, which can lead to improper air bag deployments and a fuel leak during a crash.  As such, these vehicles fail to comply with the requirements of Federal Motor Vehicle Safety Standard (FMVSS) numbers 208, ""Occupant Crash Protection"" and 301, ""Fuel System Integrity.""","An improper air bag deployment can increase the risk of injury.  A fuel leak can increase the risk of a fire.","Dealers will inspect and secure the crossmember bolts as necessary, free of charge.  Owner notification letters were mailed January 9, 2025.  Owners may contact FCA customer service at 1-800-853-1403.  FCA's number for this recall is D1B.","Owners may also contact the National Highway Traffic Safety Administration Vehicle Safety Hotline at 1-888-327-4236 (TTY 1-800-424-9153) or go to nhtsa.gov.","2024","JEEP","GRAND CHEROKEE L"
"Chrysler (FCA US, LLC)","24V944000",0,0,0,,"19/12/2024","BACK OVER PREVENTION:SOFTWARE","Chrysler (FCA US, LLC) is recalling certain 2024 Jeep Wagoneer, Grand Wagoneer, Grand Cherokee, and Grand Cherokee L vehicles.  Incorrect software in the rearview camera module may cause the rearview camera image not to display.  As such, these vehicles fail to comply with the requirements of Federal Motor Vehicle Safety Standard (FMVSS) number 111, ""Rear Visibility.""","A rearview camera image that does not display decreases the driver's visibility, increasing the risk of a crash.","Dealers will update the rearview camera module software, free of charge.  Owner notification letters were mailed January 21, 2025.  Owners may contact FCA customer service at 1-800-853-1403.  FCA's number for this recall is D5B.","Owners may also contact the National Highway Traffic Safety Administration Vehicle Safety Hotline at 1-888-327-4236 (TTY 1-800-424-9153), or go to www.nhtsa.gov.","2024","JEEP","GRAND CHEROKEE L"
"Chrysler (FCA US, LLC)","25V472000",0,0,0,,"17/07/2025","SEATS:MID/REAR ASSEMBLY:HEAD RESTRAINT","Chrysler (FCA US, LLC) is recalling certain 2023-2024 Jeep Grand Cherokee and Jeep Grand Cherokee L vehicles. The second-row seat head restraints may not lock in the upright position. As such, these vehicles fail to comply with the requirements of Federal Motor Vehicle Safety Standard number 202, ""Head Restraints.""","Head restraints that do not lock can result in an increased risk of injury to seat occupants during a crash.","Dealers will inspect and replace both second-row seat head restraints, as necessary, free of charge. Owner notification letters were mailed September 5, 2025. Owners may contact FCA US LLC customer service at 1-800-853-1403.  FCA US, LLC's number for this recall is 20C.",,"2024","JEEP","GRAND CHEROKEE L"
"Chrysler (FCA US, LLC)","26V328000",0,0,0,,"21/05/2026","AIR BAGS: AIR BAG/RESTRAINT CONTROL MODULE:SOFTWARE","Chrysler (FCA US, LLC) is recalling certain 2022-2026 Jeep Grand Cherokee and 2023-2025 Jeep Grand Cherokee L vehicles. A software error in the occupant restraint controller module may cause the delayed deployment of the side air bags during a crash. As such, these vehicles fail to comply with the requirements of Federal Motor Vehicle Safety Standard number 214, ""Side Impact Protection.""","Delayed air bag deployment during a crash increases the risk of injury.","Dealers will update the occupant restraint controller module software, free of charge. Some owner notification letters are expected to be mailed June 18, 2026. Owners may contact Chrysler customer service at 800-853-1403. Chrysler's number for this recall is 01D. Vehicle Identification Numbers (VINs) involved in this recall will be searchable on NHTSA.gov on May 28, 2026.",,"2024","JEEP","GRAND CHEROKEE L"
"Chrysler (FCA US, LLC)","26V413000",0,0,0,,"30/06/2026","POWER TRAIN:AUTOMATIC TRANSMISSION:GEAR POSITION INDICATION (PRNDL)","Chrysler (FCA US, LLC) is recalling certain 2022-2024 Jeep Grand Cherokee, 2023 Jeep Wagoneer, 2024 Jeep Grand Cherokee L, and Jeep Wagoneer L vehicles. A software error may cause the transmission gear selection indicator not to display. As such, these vehicles fail to comply with the requirements of Federal Motor Vehicle Safety Standard number 102, ""Transmission shift lever sequence, starter interlock, and transmission braking effect.""","A missing gear selection indicator may lead to unintended vehicle movement or a vehicle rollaway, increasing the risk of a crash.","Dealers will update the shifter module software, free of charge. Owner notification letters are expected to be mailed August 21, 2026. Owners may contact Chrysler customer service at 800-853-1403. Chrysler's number for this recall is 30D. Vehicle Identification Numbers (VINs) involved in this recall will become searchable on NHTSA.gov beginning July 9, 2026.",,"2024","JEEP","GRAND CHEROKEE L"
"Chrysler (FCA US, LLC)","23V577000",0,0,0,,"14/08/2023","BACK OVER PREVENTION:DISPLAY FUNCTION","Chrysler (FCA US, LLC) is recalling certain 2022-2023 Jeep Grand Cherokee, 2021-2023 Jeep Grand Cherokee L, and 2022-2024 Jeep Wagoneer and Grand Wagoneer vehicles.  The Central Vision Park Assist module (CVPAM) software may prevent the rearview image from displaying when the vehicle is placed in reverse.  As such, these vehicles fail to comply with the requirements of Federal Motor Vehicle Safety Standard number 111, ""Rear Visibility.""","A rearview image that does not display while in reverse decreases the driver's visibility of the rear view, increasing the risk of injury or crash.","Dealers will update the Central Vision Park Assist Module software, free of charge.  Owner notification letters were mailed August 31, 2023.  Owners may contact FCA US, LLC customer service at 1-800-853-1403.  FCA US, LLC's number for this recall is 56A.","Owners may also contact the National Highway Traffic Safety Administration Vehicle Safety Hotline at 1-888-327-4236 (TTY 1-800-424-9153), or go to www.nhtsa.gov.","2024","JEEP","GRAND WAGONEER"
"Chrysler (FCA US, LLC)","23V716000",0,0,0,,"26/10/2023","SEAT BELTS: REAR/OTHER:BUCKLE ASSEMBLY","Chrysler (FCA US, LLC) is recalling certain 2022-2024 Jeep Wagoneer and Grand Wagoneer vehicles.  The third-row seat belts may not allow occupants to properly access or fasten the seat belt to the buckle.  As such, these vehicles fail to comply with the requirements of Federal Motor Vehicle Safety Standard numbers 208, ""Occupant Crash Protection"" and 209, ""Seat Belt Assemblies.""","An unfastened seat belt may increase the risk of injury to occupants during a crash.","Dealers will inspect and replace the third-row seat belt buckle, as necessary, free of charge.  Owner notification letters were mailed November 16, 2023.  Owners may contact FCA US, LLC customer service at 1-800-853-1403.  FCA US, LLC's number for this recall is A7A.","Owners may also contact the National Highway Traffic Safety Administration Vehicle Safety Hotline at 1-888-327-4236 (TTY 1-800-424-9153), or go to www.nhtsa.gov.","2024","JEEP","GRAND WAGONEER"
"Chrysler (FCA US, LLC) (Stellantis)","24V199000",0,0,0,,"14/03/2024","AIR BAGS:FRONTAL:DRIVER CLOCKSPRING/SPIRAL CASSETTE","Chrysler (FCA US, LLC) (Stellantis) is recalling certain 2023-2024 Ram 1500, Jeep Wrangler, Jeep Wagoneer, Jeep Grand Wagoneer, Chrysler Pacifica, Ram 3500, Ram 3500 cab chassis, Ram 2500, Ram 4500 cab chassis, Ram 5500 cab chassis, 2023 Jeep Gladiator, Jeep Grand Cherokee, Jeep Grand Cherokee L, Ram 3500 Cab Chassis with a GVWR less than 10,000 lbs., and Chrysler Voyager vehicles.  The steering column control module may not be welded properly, which can prevent the driver's air bag from deploying in a crash.  As such, these vehicles fail to comply with the requirements of Federal Motor Vehicle Safety Standard number 208, ""Occupant Crash Protection.""","An air bag that does not deploy in a crash can increase the risk of injury.","Dealers will inspect and replace the steering column control module, as necessary free of charge.  Some owner notification letters were mailed April 11, 2024 through June 20, 2024.  Owners may contact FCA US, LLC customer service at 1-800-853-1403.  FCA US, LLC's numbers for this recall are 14B, 33B, 34B, 35B, 36B.","Owners may also contact the National Highway Traffic Safety Administration Vehicle Safety Hotline at 1-888-327-4236 (TTY 1-800-424-9153), or go to www.nhtsa.gov.","2024","JEEP","GRAND WAGONEER"
"Chrysler (FCA US, LLC)","24V944000",0,0,0,,"19/12/2024","BACK OVER PREVENTION:SOFTWARE","Chrysler (FCA US, LLC) is recalling certain 2024 Jeep Wagoneer, Grand Wagoneer, Grand Cherokee, and Grand Cherokee L vehicles.  Incorrect software in the rearview camera module may cause the rearview camera image not to display.  As such, these vehicles fail to comply with the requirements of Federal Motor Vehicle Safety Standard (FMVSS) number 111, ""Rear Visibility.""","A rearview camera image that does not display decreases the driver's visibility, increasing the risk of a crash.","Dealers will update the rearview camera module software, free of charge.  Owner notification letters were mailed January 21, 2025.  Owners may contact FCA customer service at 1-800-853-1403.  FCA's number for this recall is D5B.","Owners may also contact the National Highway Traffic Safety Administration Vehicle Safety Hotline at 1-888-327-4236 (TTY 1-800-424-9153), or go to www.nhtsa.gov.","2024","JEEP","GRAND WAGONEER"
"Chrysler (FCA US, LLC)","25V593000",0,0,0,,"11/09/2025","STRUCTURE:EXTERIOR TRIM","Chrysler (FCA US, LLC) is recalling certain  2022-2025 Jeep Wagoneer and Jeep Grand Wagoneer vehicles. The trim on the driver and passenger doors may not have been installed properly, which can allow it to detach.","Detached trim pieces can create a road hazard for other vehicles, increasing the risk of a crash.","Dealers will inspect and replace the door trim, as necessary, free of charge. Owner notification letters were mailed September 25, 2025. Owners may contact FCA customer service at 1-800-853-1403. FCA's number for this recall is 77C. Vehicle Identification Numbers (VINs) involved in this recall will be searchable on NHTSA.gov beginning September 18, 2025.",,"2024","JEEP","GRAND WAGONEER"
"Chrysler (FCA US, LLC)","25V642000",0,0,0,,"25/09/2025","STRUCTURE:EXTERIOR TRIM","Chrysler (FCA US, LLC) is recalling certain 2022-2024 Jeep Wagoneer and Jeep Grand Wagoneer vehicles. The quarter trim on the driver and passenger windows may not have been properly secured, which can allow it to detach.","Detached trim pieces can create a road hazard for other vehicles, increasing the risk of a crash.","Dealers will inspect and replace the quarter window glass assembly, as necessary, free of charge. Owner notification letters were mailed beginning February 19, 2026. Owners may contact FCA customer service at 1-800-853-1403. FCA's number for this recall is 88C. Vehicle Identification Numbers (VINs) involved in this recall will be searchable on NHTSA.gov beginning October 2, 2025.",,"2024","JEEP","GRAND WAGONEER"
"Chrysler (FCA US, LLC)","23V577000",0,0,0,,"14/08/2023","BACK OVER PREVENTION:DISPLAY FUNCTION","Chrysler (FCA US, LLC) is recalling certain 2022-2023 Jeep Grand Cherokee, 2021-2023 Jeep Grand Cherokee L, and 2022-2024 Jeep Wagoneer and Grand Wagoneer vehicles.  The Central Vision Park Assist module (CVPAM) software may prevent the rearview image from displaying when the vehicle is placed in reverse.  As such, these vehicles fail to comply with the requirements of Federal Motor Vehicle Safety Standard number 111, ""Rear Visibility.""","A rearview image that does not display while in reverse decreases the driver's visibility of the rear view, increasing the risk of injury or crash.","Dealers will update the Central Vision Park Assist Module software, free of charge.  Owner notification letters were mailed August 31, 2023.  Owners may contact FCA US, LLC customer service at 1-800-853-1403.  FCA US, LLC's number for this recall is 56A.","Owners may also contact the National Highway Traffic Safety Administration Vehicle Safety Hotline at 1-888-327-4236 (TTY 1-800-424-9153), or go to www.nhtsa.gov.","2024","JEEP","WAGONEER"
"Chrysler (FCA US, LLC)","23V716000",0,0,0,,"26/10/2023","SEAT BELTS: REAR/OTHER:BUCKLE ASSEMBLY","Chrysler (FCA US, LLC) is recalling certain 2022-2024 Jeep Wagoneer and Grand Wagoneer vehicles.  The third-row seat belts may not allow occupants to properly access or fasten the seat belt to the buckle.  As such, these vehicles fail to comply with the requirements of Federal Motor Vehicle Safety Standard numbers 208, ""Occupant Crash Protection"" and 209, ""Seat Belt Assemblies.""","An unfastened seat belt may increase the risk of injury to occupants during a crash.","Dealers will inspect and replace the third-row seat belt buckle, as necessary, free of charge.  Owner notification letters were mailed November 16, 2023.  Owners may contact FCA US, LLC customer service at 1-800-853-1403.  FCA US, LLC's number for this recall is A7A.","Owners may also contact the National Highway Traffic Safety Administration Vehicle Safety Hotline at 1-888-327-4236 (TTY 1-800-424-9153), or go to www.nhtsa.gov.","2024","JEEP","WAGONEER"
"Chrysler (FCA US, LLC) (Stellantis)","24V199000",0,0,0,,"14/03/2024","AIR BAGS:FRONTAL:DRIVER CLOCKSPRING/SPIRAL CASSETTE","Chrysler (FCA US, LLC) (Stellantis) is recalling certain 2023-2024 Ram 1500, Jeep Wrangler, Jeep Wagoneer, Jeep Grand Wagoneer, Chrysler Pacifica, Ram 3500, Ram 3500 cab chassis, Ram 2500, Ram 4500 cab chassis, Ram 5500 cab chassis, 2023 Jeep Gladiator, Jeep Grand Cherokee, Jeep Grand Cherokee L, Ram 3500 Cab Chassis with a GVWR less than 10,000 lbs., and Chrysler Voyager vehicles.  The steering column control module may not be welded properly, which can prevent the driver's air bag from deploying in a crash.  As such, these vehicles fail to comply with the requirements of Federal Motor Vehicle Safety Standard number 208, ""Occupant Crash Protection.""","An air bag that does not deploy in a crash can increase the risk of injury.","Dealers will inspect and replace the steering column control module, as necessary free of charge.  Some owner notification letters were mailed April 11, 2024 through June 20, 2024.  Owners may contact FCA US, LLC customer service at 1-800-853-1403.  FCA US, LLC's numbers for this recall are 14B, 33B, 34B, 35B, 36B.","Owners may also contact the National Highway Traffic Safety Administration Vehicle Safety Hotline at 1-888-327-4236 (TTY 1-800-424-9153), or go to www.nhtsa.gov.","2024","JEEP","WAGONEER"
"Chrysler (FCA US, LLC)","24V944000",0,0,0,,"19/12/2024","BACK OVER PREVENTION:SOFTWARE","Chrysler (FCA US, LLC) is recalling certain 2024 Jeep Wagoneer, Grand Wagoneer, Grand Cherokee, and Grand Cherokee L vehicles.  Incorrect software in the rearview camera module may cause the rearview camera image not to display.  As such, these vehicles fail to comply with the requirements of Federal Motor Vehicle Safety Standard (FMVSS) number 111, ""Rear Visibility.""","A rearview camera image that does not display decreases the driver's visibility, increasing the risk of a crash.","Dealers will update the rearview camera module software, free of charge.  Owner notification letters were mailed January 21, 2025.  Owners may contact FCA customer service at 1-800-853-1403.  FCA's number for this recall is D5B.","Owners may also contact the National Highway Traffic Safety Administration Vehicle Safety Hotline at 1-888-327-4236 (TTY 1-800-424-9153), or go to www.nhtsa.gov.","2024","JEEP","WAGONEER"
"Chrysler (FCA US, LLC)","25V593000",0,0,0,,"11/09/2025","STRUCTURE:EXTERIOR TRIM","Chrysler (FCA US, LLC) is recalling certain  2022-2025 Jeep Wagoneer and Jeep Grand Wagoneer vehicles. The trim on the driver and passenger doors may not have been installed properly, which can allow it to detach.","Detached trim pieces can create a road hazard for other vehicles, increasing the risk of a crash.","Dealers will inspect and replace the door trim, as necessary, free of charge. Owner notification letters were mailed September 25, 2025. Owners may contact FCA customer service at 1-800-853-1403. FCA's number for this recall is 77C. Vehicle Identification Numbers (VINs) involved in this recall will be searchable on NHTSA.gov beginning September 18, 2025.",,"2024","JEEP","WAGONEER"
"Chrysler (FCA US, LLC)","25V642000",0,0,0,,"25/09/2025","STRUCTURE:EXTERIOR TRIM","Chrysler (FCA US, LLC) is recalling certain 2022-2024 Jeep Wagoneer and Jeep Grand Wagoneer vehicles. The quarter trim on the driver and passenger windows may not have been properly secured, which can allow it to detach.","Detached trim pieces can create a road hazard for other vehicles, increasing the risk of a crash.","Dealers will inspect and replace the quarter window glass assembly, as necessary, free of charge. Owner notification letters were mailed beginning February 19, 2026. Owners may contact FCA customer service at 1-800-853-1403. FCA's number for this recall is 88C. Vehicle Identification Numbers (VINs) involved in this recall will be searchable on NHTSA.gov beginning October 2, 2025.",,"2024","JEEP","WAGONEER"
"Chrysler (FCA US, LLC)","25V174000",0,0,0,,"20/03/2025","EXTERIOR LIGHTING:HEADLIGHTS","Chrysler (FCA US, LLC) is recalling certain 2024-2025 Jeep Wagoneer S battery electric (BEV) vehicles.  The headlight vertical aim adjustment is not accessible, and the horizontal aim adjustment is not covered as intended.  As a result, the headlights may not be able to be adjusted properly.  As such, these vehicles fail to comply with the requirements of Federal Motor Vehicle Safety Standard (FMVSS) number 108, ""Lamps, Reflective Devices, and Associated Equipment.""","Incorrectly adjusted headlights can reduce driver visibility or create a glare for oncoming traffic, increasing the risk of a crash.","Dealers will remove the plugs from the vertical aim and install plugs on the horizontal aim, as necessary free of charge.  Owner notification letters were mailed April 3, 2025.  Owners may contact Chrysler customer service at 800-853-1403.  Chrysler's number for this recall is 23C.","Owners may also contact the National Highway Traffic Safety Administration Vehicle Safety Hotline at 888-327-4236 (TTY 888-275-9171) or go to nhtsa.gov.","2024","JEEP","WAGONEER S"
"Chrysler (FCA US, LLC)","25V574000",0,0,0,,"04/09/2025","POWER TRAIN:AUTOMATIC TRANSMISSION:INTERNAL:PARK PAWL","Chrysler (FCA US, LLC) is recalling certain 2024-2025 Dodge Charger and Jeep Wagoneer S electric vehicles. An incorrectly installed spring may cause the loss of the park function when the vehicle’s gear selector is placed in the park (P) position, which can result in a vehicle rollaway. As such, these vehicles fail to comply with the requirements of Federal Motor Vehicle Safety Standard (FMVSS) number 114, ""Theft Protection and Rollaway Prevention.""","A vehicle rollaway increases the risk of a crash.","Dealers will replace the electric drive module, free of charge. Owner notification letters were mailed September 25, 2025. Owners may contact Chrysler customer service at 800-853-1403. Chrysler's number for this recall is 63C. Vehicle Identification Numbers (VINs) involved in this recall will be searchable on NHTSA.gov beginning September 11, 2025.",,"2024","JEEP","WAGONEER S"
"Chrysler (FCA US, LLC)","26V059000",0,0,0,,"02/02/2026","EXTERIOR LIGHTING:BRAKE LIGHTS","Chrysler (FCA US, LLC) is recalling certain 2024-2026 Jeep Wagoneer S, 2025-2026 Ram 1500 Pickup, Ram 2500 Pickup, Ram 3500 Pickup, Ram 3500 Cab Chassis, Ram 4500 Cab Chassis, Ram 5500 Cab Chassis, and 2026 Jeep Cherokee vehicles. Due to an improperly designed trailer tow module, the trailer lights may fail to illuminate and the trailer brakes may fail.","Trailer brake lights and turn signals that do not illuminate reduce visibility to other drivers, increasing the risk of a crash. Additionally, trailer brakes that fail increase the risk of a crash.","Dealers will replace the trailer tow module, free of charge. Owner notification letters were mailed beginning March 17, 2026. Owners may contact FCA US, LLC customer service at 1-800-853-1403. FCA US, LLC's number for this recall is 03D. Vehicle Identification Numbers (VINs) involved in this recall became searchable on NHTSA.gov on February 10, 2026.",,"2024","JEEP","WAGONEER S"
"Chrysler (FCA US, LLC)","26V141000",0,0,0,,"12/03/2026","STRUCTURE:BODY:HATCHBACK/LIFTGATE:HINGE AND ATTACHMENTS","Chrysler (FCA US, LLC) is recalling certain 2024-2026 Jeep Wagoneer S vehicles. The liftgate hinge cover may not be properly clipped into position and may detach from the vehicle.","A detached hinge cover can become a road hazard for other vehicles, increasing the risk of a crash.","Dealer will inspect, repair, or replace the hinge cover as necessary, free of charge. Owner notification letters were mailed May 1, 2026. Owners may contact FCA US, LLC customer service at 1-800-853-1403. FCA US, LLC's number for this recall is 26D. Vehicle Identification Numbers (VINs) involved in this recall will become searchable on NHTSA.gov on March 19, 2026.",,"2024","JEEP","WAGONEER S"
"Chrysler (FCA US, LLC)","26V262000",0,0,0,,"23/04/2026","ELECTRICAL SYSTEM: INSTRUMENT CLUSTER/PANEL","Chrysler (FCA US, LLC) is recalling certain 2024-2025 Jeep Wagoneer S and Dodge Charger electric vehicles. A software error may cause the instrument panel display to fail. As such, these vehicles fail to comply with the requirements of Federal Motor Vehicle Safety Standard numbers 108, ""Lamps, Reflective Devices, and Associated Equipment,"" 126, ""Electronic Stability Control Systems for Light Vehicles,"" 135, ""Light Vehicle Brake Systems,"" 138, ""Tire Pressure Monitoring System,"" and/or 208, ""Occupant Crash Protection.""","An instrument panel display that fails to show critical safety information, such as gear selection and warning lights, increases the risk of a crash.","Dealers will update the instrument panel software, free of charge. Owner notification letters were mailed May 14, 2026. Owners may contact FCA customer service at 1-800-853-1403. FCA's number for this recall is 39D. Vehicle Identification Numbers (VINs) involved in this recall will become searchable on NHTSA.gov beginning April 30, 2026.",,"2024","JEEP","WAGONEER S"
"Kawasaki Motors Corp., U.S.A.","25V146000",0,0,0,,"06/03/2025","POWER TRAIN:CLUTCH ASSEMBLY:PEDAL/HAND LEVER(MOTORCYCLE)","Kawasaki Motor Corp., U.S.A. (KMC) is recalling certain 2024 Ninja 500 (ABS, KRT Edition, KRT Edition SE ABS, SE ABS, SE 40th Anniversary Edition ABS), Z500 ABS, and Z500 SE ABS motorcycles.  The clutch release shaft was not properly welded, which can cause the clutch lever to break apart.","A broken clutch release lever may not disengage, disabling the motorcycle and increasing the risk of a crash.","Dealers will replace the clutch release shaft, free of charge.  Owner notification letters were mailed March 24, 2025.  Owners may contact KMC customer service at 1-866-802-9381.  KMC's number for this recall is MC25-04.","Owners may also contact the National Highway Traffic Safety Administration Vehicle Safety Hotline at 888-327-4236 (TTY 888-275-9171) or go to nhtsa.gov.","2024","KAWASAKI","NINJA 500"
"Kawasaki Motors Corp., U.S.A.","25V376000",1,0,0,,"07/07/2025","ENGINE AND ENGINE COOLING:ENGINE:HARD PARTS INTERNAL/MECHANICAL","Kawasaki Motors Corp., U.S.A. (Kawasaki) is recalling certain 2024-2025 Ninja ZX-6R motorcycles. The motorcycles may lose engine power during operation due to seizure of a metal crankshaft bushing.","An engine stall increases the risk of a crash.","Owners are advised not to ride their motorcycles until the repair has been completed. The #5 metal crankshaft bushing must be inspected on all eligible units already in operation. If there is no abnormality with or damage to the bushing, the bolts holding the crankshaft together in the crank case must be re-tightened with proper torque. If there is any abnormality with or damage to the bushing, the parts must be replaced and the crankshaft properly tightened, or the engine must be otherwise repaired or replaced. The manufacturer has not yet provided a schedule for recall notification. Owners may contact KMC customer service at 1-866-802-9381.  This recall was replaced by 25V798.",,"2024","KAWASAKI","NINJA ZX-6R"
"Kawasaki Motors Corp., U.S.A.","25V798000",1,0,0,,"18/11/2025","ENGINE AND ENGINE COOLING:ENGINE:HARD PARTS INTERNAL/MECHANICAL","Kawasaki Motors Corp., U.S.A. (Kawasaki) is recalling certain 2024-2026 Ninja ZX-6R, ZX-6R KRT Edition, ZX-6R KRT 40th Anniversary Edition ABS, ZX-6R ABS, and ZX-6R KRT Edition ABS motorcycles. The motorcycles may lose engine power during operation due to seizure of a metal crankshaft bushing.","An engine stall increases the risk of a crash.","Owners are advised not to ride their motorcycles until the repair has been completed. Dealers will re-tighten the metal crankshaft bushing, free of charge.  Owner notification letters were mailed December 15, 2025. Motorcycles in this recall that were previously repaired under recall 25V376 will need to have the new remedy performed, once available. Owners may contact Kawasaki customer service at (855) 878-4217.",,"2024","KAWASAKI","NINJA ZX-6R"
"PACCAR Incorporated","24V044000",0,0,0,,"25/01/2024","STEERING","PACCAR Incorporated (PACCAR) is recalling certain 2024-2025 Kenworth T280, T380, T480, T680, T880, L770, W990, and 2024-2025 Peterbilt 389, 520, 535, 536, 537, 548, 567, 579, 589 trucks.  The steering gear assemblies may have been assembled incorrectly with fewer recirculating balls than are required, which may result in a loss of steering control.","A loss of steering control increases the risk of a crash.","Dealers will inspect and replace the steering gears as necessary, free of charge.  Owner notification letters were mailed March 20, 2024.  Owners may contact Peterbilt customer service at 1-940-591-4220 and/or Kenworth customer service at 1-425-828-5888.  PACCAR's numbers for this recall are 24PBC and 24KWC.","Owners may also contact the National Highway Traffic Safety Administration Vehicle Safety Hotline at 1-888-327-4236 (TTY 1-800-424-9153), or go to www.nhtsa.gov.","2024","KENWORTH","T680"
"PACCAR Incorporated","24V145000",0,0,0,,"23/02/2024","SERVICE BRAKES, AIR:SUPPLY:RESERVOIR/TANK","PACCAR Incorporated (PACCAR) is recalling certain 2009-2021 Kenworth C500, 2012-2021 Kenworth T440, 2009-2015 Kenworth T660, 2015-2024 Kenworth T680, 2009-2024 Kenworth T800, 2009-2020 Kenworth T370, 2014-2023 Kenworth T880, 2011-2016 Kenworth T470, 2023 Kenworth T480, and 2009-2019 Kenworth W900 vehicles.  The air tanks have an insufficient volume of air for the brake system.  As such, these vehicles fail to comply with the requirements of Federal Motor Vehicle Safety Standard number 121, ""Air Brake Systems.""","Insufficient air volume can reduce braking performance and increase the risk of a crash.","Dealers will install the correct volume air tanks, free of charge. Owner notification letters were mailed August 12, 2024. Additional owner notification letters were mailed October 27, 2025. Owners may contact PACCAR customer service at 1-425-828-5888.  PACCAR's number for this recall is 24KWD.","Owners may also contact the National Highway Traffic Safety Administration Vehicle Safety Hotline at 1-888-327-4236 (TTY 1-800-424-9153), or go to www.nhtsa.gov.","2024","KENWORTH","T680"
"PACCAR Incorporated","24V190000",0,0,0,,"20/03/2024","POWER TRAIN:AUTOMATIC TRANSMISSION:LEVER AND LINKAGE:COLUMN SHIFT","PACCAR Incorporated (PACCAR) is recalling certain 2021-2024 Peterbilt 365, 367, 389, 535, 536, 537, 548, 567, 579, and 2021-2025 Kenworth T180, T280, T380, T480, T680, T880 and W990 trucks.  The right-hand gear shifter stalk connectors may have been improperly crimped, resulting in a loss of communication.","A loss of communication between the gear shifter and the transmission may result in the vehicle becoming disabled after coming to a stop, increasing the risk of a crash.","Dealers will inspect and replace the gear shifter assembly as necessary, free of charge. Owner letters were mailed December 15, 2025, then phased after that.  Owners may contact Kenworth customer service at 1-425-828-5888 or Peterbilt customer service at 1-940-591-4220.  PACCAR's numbers for this recall are 24PBE and 24KWE.","Owners may also contact the National Highway Traffic Safety Administration Vehicle Safety Hotline at 1-888-327-4236 (TTY 1-800-424-9153), or go to www.nhtsa.gov.","2024","KENWORTH","T680"
"PACCAR Incorporated","24V915000",0,0,0,,"10/12/2024","SERVICE BRAKES, HYDRAULIC:ANTILOCK/TRACTION CONTROL/ELECTRONIC LIMITED SLIP:CONTROL UNIT/MODULE","PACCAR Incorporated (PACCAR) is recalling certain 2021-2025 Peterbilt and Kenworth vehicles, equipped with Bendix EC80 Advanced Electronic Control Units (ECU).  Please see the recall report for a complete list of models.  Electrical noise and low signal to the power line carrier may cause the ECU to incorrectly process commands or stop functioning.","Safety systems that depend on the ECU (Automatic Traction Control, ABS, Electronic Stability Control, Active Cruise Control, and Collison Mitigation System) may not function properly or at all, increasing the risk of a crash.","Dealers will reprogram the ECU software, free of charge.  Owner notification letters were mailed February 3, 2025.  Owners may contact Kenworth's customer service at 1-425-828-5888 and Peterbilt's customer service at 1-940-591-4220.  PACCAR's numbers for this recall are 24KWL and 24PBL.","Owners may also contact the National Highway Traffic Safety Administration Vehicle Safety Hotline at 1-888-327-4236 (TTY 1-800-424-9153) or go to nhtsa.gov.","2024","KENWORTH","T680"
"PACCAR Incorporated","25V181000",0,0,0,,"24/03/2025","ELECTRICAL SYSTEM:PROPULSION SYSTEM","PACCAR Incorporated (PACCAR) is recalling certain 2022-2025 Peterbilt 520, 579, and 2021-2025 Kenworth T680 trucks.  The high voltage (HV) contactors may open, causing a sudden loss of high voltage and a loss of drive power.","A loss of drive power increases the risk of a crash.","Dealers will update the software and replace the electrical harness, free of charge.  Owner notification letters were mailed May 13, 2025.  Owners may contact Peterbilt's customer service at 1-940-591-4220 and Kenworth's customer service at 1-425-828-5888.  PACCAR's numbers for this recall are 25PBC and 25KWC.","Owners may also contact the National Highway Traffic Safety Administration Vehicle Safety Hotline at 888-327-4236 (TTY 888-275-9171) or go to nhtsa.gov.","2024","KENWORTH","T680"
"PACCAR Incorporated","25V436000",0,0,0,,"26/06/2025","EXTERIOR LIGHTING:LIGHTING CONTROL MODULE:SOFTWARE","PACCAR Incorporated (PACCAR) is recalling certain 2024-2026 Kenworth T480, T680, T880, W990, Peterbilt 520, 536, 537, 548, 567, 579, 589, 2025 Kenworth T180, Peterbilt 535, 2025-2026 Kenworth T280, T380 and L770 vehicles. The tail brake light, upper and lower beam headlights, reverse light, and turn signal may not illuminate as intended. In addition, the lift axles, if lowered, may revert to a raised position, or oscillate up and down when the signal warning lights are activated. As such, these vehicles fail to comply with the requirements of Federal Motor Vehicle Safety Standard (FMVSS) number 108, ""Lamps, Reflective Devices and Associated Equipment.""","Delayed and unsteady headlights can result in insufficient illumination of the road, decreasing the driver's visibility and increasing the risk of a crash. In addition, an unexpected position change of the lift axles may increase the risk of injury.","Dealers will update the VCU software, free of charge. Owner letters were mailed August 19, 2025. Owners may contact Kenworth's customer service at 1-425-828-5888 and Peterbilt's customer service at 1-940-591-4220. PACCAR's number for this recall is 25PACF.",,"2024","KENWORTH","T680"
"PACCAR Incorporated","25V569000",0,0,0,,"02/09/2025","ELECTRICAL SYSTEM: INSTRUMENT CLUSTER/PANEL","PACCAR Incorporated (PACCAR) is recalling certain 2024-2026 Kenworth T680, T880, and W990 trucks. The 15-inch digital display may fail to display warning lights or vehicle speed. As such, these vehicles fail to comply with the requirements of Federal Motor Vehicle Safety Standard (FMVSS) numbers 101, ""Controls and Displays"" and 121, ""Air Brake Systems.""","An instrument panel display that does not show critical information, such as warning lights or vehicle speed, increases the risk of a crash.","Dealers will update the vehicle display software, free of charge. Owner letters were mailed October 27, 2025. Owners may contact Kenworth's customer service at 1-425-828-5888. PACCAR's number for this recall is 25PACG.",,"2024","KENWORTH","T680"
"PACCAR Incorporated","24V043000",0,0,0,,"25/01/2024","STEERING:LINKAGES:KNUCKLE:SPINDLE:ARM","PACCAR Incorporated (PACCAR) is recalling certain 2024 Peterbilt 367, 389, 520, 567, and Kenworth T800, T880, W900, and W990 trucks.  The bearing journals may not be fully seated in the steering knuckle assemblies, preventing the proper installation of the wheel end hub assemblies.","An improperly installed wheel end hub assembly can leak oil, causing the axle spindles to loosen or fracture and increasing the risk of a crash.","Dealers will inspect and replace the steering knuckle assemblies as necessary, free of charge.  Owner letters were mailed February 23, 2024.  Owners may contact Peterbilt customer service at 1-940-591-4220 and/or Kenworth customer service at 1-425-828-5888.  PACCAR's numbers for this recall are 24PBB and 24KWB.","Owners may also contact the National Highway Traffic Safety Administration Vehicle Safety Hotline at 1-888-327-4236 (TTY 1-800-424-9153), or go to www.nhtsa.gov.","2024","KENWORTH","T880"
"PACCAR Incorporated","24V044000",0,0,0,,"25/01/2024","STEERING","PACCAR Incorporated (PACCAR) is recalling certain 2024-2025 Kenworth T280, T380, T480, T680, T880, L770, W990, and 2024-2025 Peterbilt 389, 520, 535, 536, 537, 548, 567, 579, 589 trucks.  The steering gear assemblies may have been assembled incorrectly with fewer recirculating balls than are required, which may result in a loss of steering control.","A loss of steering control increases the risk of a crash.","Dealers will inspect and replace the steering gears as necessary, free of charge.  Owner notification letters were mailed March 20, 2024.  Owners may contact Peterbilt customer service at 1-940-591-4220 and/or Kenworth customer service at 1-425-828-5888.  PACCAR's numbers for this recall are 24PBC and 24KWC.","Owners may also contact the National Highway Traffic Safety Administration Vehicle Safety Hotline at 1-888-327-4236 (TTY 1-800-424-9153), or go to www.nhtsa.gov.","2024","KENWORTH","T880"
"PACCAR Incorporated","24V190000",0,0,0,,"20/03/2024","POWER TRAIN:AUTOMATIC TRANSMISSION:LEVER AND LINKAGE:COLUMN SHIFT","PACCAR Incorporated (PACCAR) is recalling certain 2021-2024 Peterbilt 365, 367, 389, 535, 536, 537, 548, 567, 579, and 2021-2025 Kenworth T180, T280, T380, T480, T680, T880 and W990 trucks.  The right-hand gear shifter stalk connectors may have been improperly crimped, resulting in a loss of communication.","A loss of communication between the gear shifter and the transmission may result in the vehicle becoming disabled after coming to a stop, increasing the risk of a crash.","Dealers will inspect and replace the gear shifter assembly as necessary, free of charge. Owner letters were mailed December 15, 2025, then phased after that.  Owners may contact Kenworth customer service at 1-425-828-5888 or Peterbilt customer service at 1-940-591-4220.  PACCAR's numbers for this recall are 24PBE and 24KWE.","Owners may also contact the National Highway Traffic Safety Administration Vehicle Safety Hotline at 1-888-327-4236 (TTY 1-800-424-9153), or go to www.nhtsa.gov.","2024","KENWORTH","T880"
"PACCAR Incorporated","24V908000",0,0,0,,"03/12/2024","STEERING:LINKAGES:KNUCKLE:SPINDLE:ARM","PACCAR Incorporated (PACCAR) is recalling certain 2024 Peterbilt 367, 389, 548, Kenworth T480, T800, 2024-2025 Peterbilt 520, 567 and Kenworth T880 vehicles with PACCAR 20k steer axles.  The steering arm and/or tie rod bracket fasteners may fail, resulting in a loss of steering control.","A loss of steering control increases the risk of a crash.","Dealers will install new correctly torqued fasteners, free of charge.  Owner notification letters were mailed January 21, 2025.  Owners may contact Kenworth's customer service at 1-425-828-5888 or Peterbilt's customer service at 1-940-591-4220.  PACCAR's numbers for this recall are 24KWK and 24PBK.","Owners may also contact the National Highway Traffic Safety Administration Vehicle Safety Hotline at 1-888-327-4236 (TTY 1-800-424-9153) or go to nhtsa.gov.","2024","KENWORTH","T880"
"PACCAR Incorporated","24V915000",0,0,0,,"10/12/2024","SERVICE BRAKES, HYDRAULIC:ANTILOCK/TRACTION CONTROL/ELECTRONIC LIMITED SLIP:CONTROL UNIT/MODULE","PACCAR Incorporated (PACCAR) is recalling certain 2021-2025 Peterbilt and Kenworth vehicles, equipped with Bendix EC80 Advanced Electronic Control Units (ECU).  Please see the recall report for a complete list of models.  Electrical noise and low signal to the power line carrier may cause the ECU to incorrectly process commands or stop functioning.","Safety systems that depend on the ECU (Automatic Traction Control, ABS, Electronic Stability Control, Active Cruise Control, and Collison Mitigation System) may not function properly or at all, increasing the risk of a crash.","Dealers will reprogram the ECU software, free of charge.  Owner notification letters were mailed February 3, 2025.  Owners may contact Kenworth's customer service at 1-425-828-5888 and Peterbilt's customer service at 1-940-591-4220.  PACCAR's numbers for this recall are 24KWL and 24PBL.","Owners may also contact the National Highway Traffic Safety Administration Vehicle Safety Hotline at 1-888-327-4236 (TTY 1-800-424-9153) or go to nhtsa.gov.","2024","KENWORTH","T880"
"PACCAR Incorporated","25V436000",0,0,0,,"26/06/2025","EXTERIOR LIGHTING:LIGHTING CONTROL MODULE:SOFTWARE","PACCAR Incorporated (PACCAR) is recalling certain 2024-2026 Kenworth T480, T680, T880, W990, Peterbilt 520, 536, 537, 548, 567, 579, 589, 2025 Kenworth T180, Peterbilt 535, 2025-2026 Kenworth T280, T380 and L770 vehicles. The tail brake light, upper and lower beam headlights, reverse light, and turn signal may not illuminate as intended. In addition, the lift axles, if lowered, may revert to a raised position, or oscillate up and down when the signal warning lights are activated. As such, these vehicles fail to comply with the requirements of Federal Motor Vehicle Safety Standard (FMVSS) number 108, ""Lamps, Reflective Devices and Associated Equipment.""","Delayed and unsteady headlights can result in insufficient illumination of the road, decreasing the driver's visibility and increasing the risk of a crash. In addition, an unexpected position change of the lift axles may increase the risk of injury.","Dealers will update the VCU software, free of charge. Owner letters were mailed August 19, 2025. Owners may contact Kenworth's customer service at 1-425-828-5888 and Peterbilt's customer service at 1-940-591-4220. PACCAR's number for this recall is 25PACF.",,"2024","KENWORTH","T880"
"PACCAR Incorporated","25V569000",0,0,0,,"02/09/2025","ELECTRICAL SYSTEM: INSTRUMENT CLUSTER/PANEL","PACCAR Incorporated (PACCAR) is recalling certain 2024-2026 Kenworth T680, T880, and W990 trucks. The 15-inch digital display may fail to display warning lights or vehicle speed. As such, these vehicles fail to comply with the requirements of Federal Motor Vehicle Safety Standard (FMVSS) numbers 101, ""Controls and Displays"" and 121, ""Air Brake Systems.""","An instrument panel display that does not show critical information, such as warning lights or vehicle speed, increases the risk of a crash.","Dealers will update the vehicle display software, free of charge. Owner letters were mailed October 27, 2025. Owners may contact Kenworth's customer service at 1-425-828-5888. PACCAR's number for this recall is 25PACG.",,"2024","KENWORTH","T880"
"PACCAR Incorporated","23V717000",0,0,0,,"26/10/2023","SEAT BELTS","PACCAR Incorporated (PACCAR) is recalling certain 2020 Kenworth T660, 2018-2024 Kenworth T800 and W900 vehicles.  An additional spacer may have been added to the joint that connects the seat to the seat belt tether and buckle, causing an unsecured connection.","An unsecured seat belt connection may not properly restrain an occupant during a crash, increasing their risk of injury.","Dealers will inspect and remove the additional spacer and replace the bolt, as necessary, free of charge.  Owner letters were mailed March 20, 2024.  Owners may contact PACCAR's customer service at 1-425-828-5888.  PACCAR's number for this recall is 23KWK.","Owners may also contact the National Highway Traffic Safety Administration Vehicle Safety Hotline at 1-888-327-4236 (TTY 1-800-424-9153), or go to www.nhtsa.gov.","2024","KENWORTH","W900"
"PACCAR Incorporated","24V043000",0,0,0,,"25/01/2024","STEERING:LINKAGES:KNUCKLE:SPINDLE:ARM","PACCAR Incorporated (PACCAR) is recalling certain 2024 Peterbilt 367, 389, 520, 567, and Kenworth T800, T880, W900, and W990 trucks.  The bearing journals may not be fully seated in the steering knuckle assemblies, preventing the proper installation of the wheel end hub assemblies.","An improperly installed wheel end hub assembly can leak oil, causing the axle spindles to loosen or fracture and increasing the risk of a crash.","Dealers will inspect and replace the steering knuckle assemblies as necessary, free of charge.  Owner letters were mailed February 23, 2024.  Owners may contact Peterbilt customer service at 1-940-591-4220 and/or Kenworth customer service at 1-425-828-5888.  PACCAR's numbers for this recall are 24PBB and 24KWB.","Owners may also contact the National Highway Traffic Safety Administration Vehicle Safety Hotline at 1-888-327-4236 (TTY 1-800-424-9153), or go to www.nhtsa.gov.","2024","KENWORTH","W900"
"Keystone RV Company","25V321000",0,0,0,,"15/05/2025","STRUCTURE:BODY:STEP/LADDER","Keystone RV Company (Keystone) is recalling certain 2024-2025 Voltage 4135, 4225, Fuzion, 2025 Springdale 266DECK, Retreat 391FSRL, 39FSRL, Residence 401FLFT, 401FSRL, 40FLFT, 40FSRL, Hideout 26PATIO, and 2024 Raptor travel trailers, equipped with a removable step assembly.  The clip-on bracket mounting bolts may come loose, allowing the steps to detach.","Steps that detach while in use increase the risk of injury.","Dealers will install a new bracket and hardware, free of charge.  Owner notification letters are expected to be mailed July 7, 2025.  Owners may contact Keystone customer service at 1-866-425-4369.  Keystone's number for this recall is 25-468.",,"2024","KEYSTONE","VOLTAGE"
"Keystone RV Company","25V771000",0,0,0,,"10/11/2025","EQUIPMENT:ELECTRICAL:ACCESSORY GENERATOR","Keystone RV Company (Keystone) is recalling certain 2024-2026 Voltage recreational trailers. The generator fuel lines may have been incorrectly installed, feeding fuel into the incorrect side of the carburetor.","Incorrectly installed fuel lines increases the risk of a fire.","Dealers will inspect and and reroute the fuel line as necessary, free of charge. Owner notification letters were mailed November 24, 2025. Owners may contact Keystone customer service at 1-866-425-4369. Keystone's number for this recall is 25-475.",,"2024","KEYSTONE","VOLTAGE"
"Keystone RV Company","26V026000",0,0,0,,"21/01/2026","EQUIPMENT:RECREATIONAL VEHICLE/TRAILER","Keystone RV Company (Keystone) is recalling certain 2025-2026 Fuzion, Raptor, Redwood, and 2024-2026 Voltage travel trailers. The ramp door may break away from the door frame while loading or unloading vehicles.","A ramp door that breaks during use increases the risk of injury.","Dealers will install additional support brackets, free of charge. Owner notification letters were mailed March 4, 2026. Owners may contact Keystone customer service at 1-866-425-4369. Keystone's number for this recall is 26-478. Vehicle Identification Numbers (VINs) involved in this recall will be searchable on NHTSA.gov beginning March 13, 2026.",,"2024","KEYSTONE","VOLTAGE"
"Kia America, Inc.","24V025000",0,0,0,,"18/01/2024","STRUCTURE:BODY:ROOF AND PILLARS","Kia America, Inc. (Kia) is recalling certain 2023-2024 Sportage and 2022-2024 Carnival vehicles.  The roof molding may loosen and detach.","A detached roof molding can create a road hazard for other vehicles, increasing the risk of a crash.","Dealers will inspect the roof molding and replace or secure it as necessary, free of charge.  Owner notification letters were mailed March 15, 2024.  Owners may contact Kia customer service at 1-800-333-4542.  Kia's number for this recall is SC292.","Owners may also contact the National Highway Traffic Safety Administration Vehicle Safety Hotline at 1-888-327-4236 (TTY 1-800-424-9153), or go to www.nhtsa.gov.","2024","KIA","CARNIVAL"
"Kia America, Inc.","26V232000",0,0,0,,"10/04/2026","FUEL SYSTEM, GASOLINE:DELIVERY:HOSES, LINES/PIPING, AND FITTINGS","Kia America, Inc. (Kia) is recalling certain 2022-2026 Carnival vehicles. Fuel may leak at the pipe connection between the fuel pipe and fuel rail.","A fuel leak increases the risk of a fire.","Dealers will inspect and tighten, or replace the fuel pipe as necessary, free of charge. Owner notification letters were mailed June 2, 2026. Owners may contact Kia customer service at 1-800-333-4542. Kia's number for this recall is SC368. Vehicle Identification Numbers (VINs) involved in this recall will be searchable on NHTSA.gov on April 24, 2026.",,"2024","KIA","CARNIVAL"
"Kia America, Inc.","24V200000",0,0,0,"PE23012","14/03/2024","ELECTRICAL SYSTEM:12V/24V/48V BATTERY","Kia America, Inc. (Kia) is recalling certain 2022-2024 EV6 vehicles.  The Integrated Charging Control Unit (ICCU) may become damaged and stop charging the 12-Volt battery, which can result in a loss of drive power.","A loss of drive power increases the risk of a crash.","Dealers will inspect and replace the ICCU and its fuse, as necessary.  In addition, dealers will update the ICCU software.  All repairs will be performed free of charge.  Owner notification letters are expected to be mailed April 29, 2024.  Owners may contact Kia customer service at 1-800-333-4542.  Kia's number for this recall is SC302.","Owners may also contact the National Highway Traffic Safety Administration Vehicle Safety Hotline at 1-888-327-4236 (TTY 1-800-424-9153), or go to www.nhtsa.gov.","2024","KIA","EV6"
"Kia America, Inc.","24V867000",0,0,0,,"18/11/2024","ELECTRICAL SYSTEM:12V/24V/48V BATTERY","Kia America, Inc. (Kia) is recalling certain 2022-2024 EV6 vehicles.  The Integrated Charging Control Unit (ICCU) may become damaged and stop charging the 12-volt battery, which can result in a loss of drive power.","A loss of drive power increases the risk of a crash.","Dealers will inspect and replace the ICCU and its fuse, as necessary.  In addition, dealers will update the ICCU software.  All repairs will be performed free of charge.  Owner notification letters were mailed December 13, 2024.  Owners may contact Kia customer service at 1-800-333-4542.  Kia's number for this recall is SC327.  This recall expands and replaces previous recall number 24V-200.  Vehicles previously repaired under recall 24V-200 will need to have the new remedy completed.","Owners may also contact the National Highway Traffic Safety Administration Vehicle Safety Hotline at 1-888-327-4236 (TTY 1-800-424-9153) or go to nhtsa.gov.","2024","KIA","EV6"
"Kia America, Inc.","26V431000",0,1,0,,"02/07/2026","ELECTRICAL SYSTEM:PROPULSION SYSTEM:TRACTION BATTERY","Kia America, Inc. (Kia) is recalling certain 2022-2024 EV6 and 2024 EV9 vehicles. The high voltage battery cells may contain misaligned electrodes, which can lead to a fire while parked or driving.","A fire increases the risk of injury.","Owners are advised to park outside and away from structures and limit their charge to a maximum of 80% until the recall repair is complete. Dealers will replace the high voltage battery system assembly, free of charge. Owner notification letters are expected to be mailed August 7, 2026. Owners may contact Kia customer service at 1-800-333-4542. Kia's number for this recall is SC375. Vehicle Identification Numbers (VINs) involved in this recall will become searchable on NHTSA.gov beginning July 17, 2026.",,"2024","KIA","EV6"
"Kia America, Inc.","24V271000",0,0,0,,"16/04/2024","POWER TRAIN:DRIVELINE:DIFFERENTIAL UNIT","Kia America, Inc. (Kia) is recalling certain 2023 Niro EV and 2024 EV9 vehicles.  The differential gear bolts in the gear drive unit may not be tightened properly, which can result in a loss of drive power or cause the differential to lock up.","A loss of drive power or differential lock up can increase the risk of a crash.","Dealers will replace the gear drive unit, free of charge.  Owner notification letters were mailed May 17, 2024.  Owners may contact Kia customer service at 1-800-333-4542.  Kia's number for this recall is SC308.","Owners may also contact the National Highway Traffic Safety Administration Vehicle Safety Hotline at 1-888-327-4236 (TTY 1-800-424-9153), or go to www.nhtsa.gov.","2024","KIA","EV9"
"Kia America, Inc.","24V338000",0,0,0,,"14/05/2024","SEAT BELTS:FRONT:RETRACTOR","Kia America, Inc. (Kia) is recalling certain 2024 EV9 vehicles.  The front passenger seat belt retractor cover may not be secured properly, which can cause the front passenger seat belt automatic locking retractor (ALR) and emergency locking retractor (ELR) to not operate as intended.  As such, these vehicles fail to comply with the requirements of Federal Motor Vehicle Safety Standard numbers 208, ""Occupant Crash Protection"" and 209, ""Seat Belt Assemblies.""","A seat belt retractor that does not operate as intended increases the risk of injury in a crash.","Dealers will replace the front passenger seat belt assembly, free of charge.  Owner notification letters were mailed June 5, 2024.  Owners may contact Kia customer service at 1-800-333-4542.  Kia's number for this recall is SC312.","Owners may also contact the National Highway Traffic Safety Administration Vehicle Safety Hotline at 1-888-327-4236 (TTY 1-800-424-9153), or go to www.nhtsa.gov.","2024","KIA","EV9"
"Kia America, Inc.","24V400000",0,0,0,,"04/06/2024","STRUCTURE:INTERIOR PANELS:CEILING","Kia America, Inc. (Kia) is recalling certain 2024 EV9 vehicles.  The headliner may not adequately protect passengers from impact in a crash.  As such, these vehicles fail to comply with the requirements of Federal Motor Vehicle Safety Standard number 201, ""Occupant Protection In Interior Impact.""","A headliner with inadequate impact protection increases the risk of injury during a crash.","Dealers will replace the impact absorbing plates mounted on the headliner, free of charge.  Owner notification letters were mailed July 30, 2024.  Owners may contact Kia customer service at 1-800-333-4542.  Kia's number for this recall is SC317.","Owners may also contact the National Highway Traffic Safety Administration Vehicle Safety Hotline at 1-888-327-4236 (TTY 1-800-424-9153), or go to www.nhtsa.gov.","2024","KIA","EV9"
"Kia America, Inc.","24V693000",0,0,0,,"17/09/2024","PARKING BRAKE:ELECTRICAL:CONTROL MODULE:SOFTWARE","Kia America, Inc. (Kia) is recalling certain 2024 EV9 vehicles.  A software error may cause the remote smart parking assist feature, which allows the operator to remotely move the vehicle, to miscalculate stopping distances.","A remote smart parking assist feature that miscalculates stopping distances may increase the risk of a crash.","Dealers will update the integrated electronic brake software, free of charge.  Owner notification letters were mailed October 4, 2024.  Owners may contact Kia customer service at 1-800-333-4542.  Kia's number for this recall is SC324.","Owners may also contact the National Highway Traffic Safety Administration Vehicle Safety Hotline at 1-888-327-4236 (TTY 1-800-424-9153), or go to www.nhtsa.gov.","2024","KIA","EV9"
"Kia America, Inc.","24V757000",0,0,1,,"10/10/2024","ELECTRICAL SYSTEM: INSTRUMENT CLUSTER/PANEL","Kia America, Inc. (Kia) is recalling certain 2024-2025 EV9 vehicles.  Due to a software error, the instrument panel screen may fail.  As such, these vehicles fail to comply with the requirements of Federal Motor Vehicle Safety Standard number 101, ""Controls and Displays.""","An instrument panel screen that fails to display critical safety information, such as the speedometer or warning lights, can increase the risk of a crash.","The instrument cluster software will be updated by a dealer or through an over-the-air (OTA) update, free of charge.  Owner notification letters were mailed October 25, 2024.  Owners may contact Kia Customer Service at 1-800-333-4542.  Kia's number for this recall is SC326.","Owners may also contact the National Highway Traffic Safety Administration Vehicle Safety Hotline at 1-888-327-4236 (TTY 1-800-424-9153) or go to nhtsa.gov.","2024","KIA","EV9"
"Kia America, Inc.","24V962000",0,0,0,,"20/12/2024","SEATS:CRITICAL FASTENERS","Kia America, Inc. (Kia) is recalling certain 2024-2025 EV9 vehicles.  The second- and third-row seat mounting bolts may be missing.","Seats without mounting bolts may not properly restrain an occupant, increasing the risk of injury.","Dealers will inspect and install mounting bolts as necessary free of charge.  Owner notification letters were mailed January 24, 2025.  Owners may contact Kia customer service at 1-800-333-4542.  Kia's number for this recall is SC329.","Owners may also contact the National Highway Traffic Safety Administration Vehicle Safety Hotline at 1-888-327-4236 (TTY 1-800-424-9153) or go to nhtsa.gov.","2024","KIA","EV9"
"Kia America, Inc.","26V431000",0,1,0,,"02/07/2026","ELECTRICAL SYSTEM:PROPULSION SYSTEM:TRACTION BATTERY","Kia America, Inc. (Kia) is recalling certain 2022-2024 EV6 and 2024 EV9 vehicles. The high voltage battery cells may contain misaligned electrodes, which can lead to a fire while parked or driving.","A fire increases the risk of injury.","Owners are advised to park outside and away from structures and limit their charge to a maximum of 80% until the recall repair is complete. Dealers will replace the high voltage battery system assembly, free of charge. Owner notification letters are expected to be mailed August 7, 2026. Owners may contact Kia customer service at 1-800-333-4542. Kia's number for this recall is SC375. Vehicle Identification Numbers (VINs) involved in this recall will become searchable on NHTSA.gov beginning July 17, 2026.",,"2024","KIA","EV9"
"Kia America, Inc.","25V493000",0,0,0,,"28/07/2025","STRUCTURE:BODY:ROOF AND PILLARS","Kia America, Inc. (Kia) is recalling certain 2023-2025 K5 vehicles. The left and right rear window trim pieces may loosen and detach.","Detached trim pieces can create a road hazard for other vehicles, increasing the risk of a crash.","Dealers will inspect and replace the C-pillar trim assemblies, as necessary, free of charge. Owner notification letters were mailed November 19, 2025. Owners may contact Kia customer service at 800-333-4542. Kia's number for this recall is SC346.",,"2024","KIA","K5"
"Kia America, Inc.","25V794000",0,0,0,,"17/11/2025","FUEL SYSTEM, GASOLINE","Kia America, Inc. (Kia) is recalling certain 2021-2024 K5 vehicles. A damaged check valve can allow air to enter the fuel tank, causing it to expand and contact hot exhaust components, melting the tank.","A melted fuel tank can leak, increasing the risk of a fire.","Dealers will replace the check valve. The fuel tank will be inspected for damage and replaced as necessary. All repairs will be performed free of charge. Owner notification letters were mailed January 16, 2026. Owners may contact Kia customer service at 800-333-4542. Kia's number for this recall is SC356. Vehicle Identification Numbers (VINs) involved in this recall will be searchable on NHTSA.gov beginning December 1, 2025.",,"2024","KIA","K5"
"Kia America, Inc.","25V024000",0,0,0,,"17/01/2025","SEATS","Kia America, Inc. (Kia) is recalling certain 2023-2025 Niro EV, Plug-in Hybrid (PHEV), and Hybrid vehicles.  The floor wiring assembly beneath the front passenger seat may become damaged, which can prevent the front air bags and seat belts from deploying properly or cause an unintended side curtain air bag deployment.","Air bags and seat belts that deploy improperly or an air bag deploying unintentionally can increase the risk of injury in a crash.","Dealers will inspect, replace and reroute the floor wiring assembly, as necessary, free of charge.  In addition, dealers will install wiring covers.  Owner notification letters were mailed February 27, 2025.  Owners may contact Kia customer service at 1-800-333-4542.  Kia's number for this recall is SC332.","Owners may also contact the National Highway Traffic Safety Administration Vehicle Safety Hotline at 1-888-327-4236 (TTY 1-800-424-9153) or go to nhtsa.gov.","2024","KIA","NIRO"
"Kia America, Inc.","24V057000",0,0,0,,"31/01/2024","POWER TRAIN:DRIVELINE:DRIVESHAFT","Kia America, Inc. (Kia) is recalling certain 2023-2024 Niro EV and 2023 EV6 vehicles.  One of the drive shafts may have been improperly heat-treated, allowing it to break under load and resulting in a loss of drive power.","A loss of drive power increases the risk of a crash.","Dealers will replace the drive shaft, free of charge.  Owner notification letters were mailed March 28, 2024.  Owners may contact Kia customer service at 1-800-333-4542.  Kia's number for this recall is SC295.","Owners may also contact the National Highway Traffic Safety Administration Vehicle Safety Hotline at 1-888-327-4236 (TTY 1-800-424-9153), or go to www.nhtsa.gov.","2024","KIA","NIRO EV"
"Kia America, Inc.","25V024000",0,0,0,,"17/01/2025","SEATS","Kia America, Inc. (Kia) is recalling certain 2023-2025 Niro EV, Plug-in Hybrid (PHEV), and Hybrid vehicles.  The floor wiring assembly beneath the front passenger seat may become damaged, which can prevent the front air bags and seat belts from deploying properly or cause an unintended side curtain air bag deployment.","Air bags and seat belts that deploy improperly or an air bag deploying unintentionally can increase the risk of injury in a crash.","Dealers will inspect, replace and reroute the floor wiring assembly, as necessary, free of charge.  In addition, dealers will install wiring covers.  Owner notification letters were mailed February 27, 2025.  Owners may contact Kia customer service at 1-800-333-4542.  Kia's number for this recall is SC332.","Owners may also contact the National Highway Traffic Safety Administration Vehicle Safety Hotline at 1-888-327-4236 (TTY 1-800-424-9153) or go to nhtsa.gov.","2024","KIA","NIRO EV"
"Kia America, Inc.","23V531000",0,1,0,,"31/07/2023","POWER TRAIN:AUTOMATIC TRANSMISSION:FLUID/LUBRICANT:PUMP","Kia America, Inc. (Kia) is recalling certain 2023 Soul, Sportage, and 2023-2024 Seltos vehicles.  The electronic controller for the Idle Stop & Go oil pump assembly may contain damaged electrical components that can cause the pump to overheat.","An electric oil pump assembly that overheats increases the risk of a vehicle fire.","Owners are advised to park outside and away from structures until the recall repair is complete.  Dealers will inspect and replace the electric oil pump controller, as necessary, free of charge.  Owner notification letters are expected to be mailed September 28, 2023.  Owners may contact Kia customer service at 1-800-333-4542.  Kia's number for this recall is SC275.","Owners may also contact the National Highway Traffic Safety Administration Vehicle Safety Hotline at 1-888-327-4236 (TTY 1-800-424-9153), or go to www.nhtsa.gov.","2024","KIA","SELTOS"
"Kia America, Inc.","23V830000",0,0,0,,"22/12/2023","AIR BAGS","Kia America, Inc. (Kia) is recalling certain 2023 Soul and 2024 Seltos vehicles.  Due to a manufacturing error, the side curtain air bags may deploy unexpectedly.","An air bag that deploys unexpectedly can increase the risk of injury or crash.","Dealers will inspect and replace both side curtain air bag modules as necessary, free of charge.  Owner notification letters were mailed January 31, 2024.  Owners may contact Kia customer service at 1-800-333-4542.  Kia's number for this recall is SC289.","Owners may also contact the National Highway Traffic Safety Administration Vehicle Safety Hotline at 1-888-327-4236 (TTY 1-800-424-9153), or go to www.nhtsa.gov.","2024","KIA","SELTOS"
"Kia America, Inc.","24V287000",0,0,0,,"23/04/2024","ELECTRICAL SYSTEM:WIRING","Kia America, Inc. (Kia) is recalling certain 2024 Sorento vehicles.  The motor driven power steering (MDPS) wiring harness may be incorrectly assembled, which can result in a loss of power steering assist.","A loss of power steering assist increases the risk of a crash.","Dealers will inspect and repair, or replace the MDPS wiring harness as necessary, free of charge.  Owner notification letters were mailed May 7, 2024.  Owners may contact Kia customer service at 1-800-333-4542.  Kia's number for this recall is SC309.","Owners may also contact the National Highway Traffic Safety Administration Vehicle Safety Hotline at 1-888-327-4236 (TTY 1-800-424-9153), or go to www.nhtsa.gov.","2024","KIA","SORENTO"
"Kia America, Inc.","25V006000",0,0,0,,"13/01/2025","ELECTRICAL SYSTEM:BODY CONTROL MODULE:SOFTWARE","Kia America, Inc. (Kia) is recalling certain 2024-2025 Sorento, 2025 Sorento Hybrid, and 2025 Sorento Plug-In Hybrid vehicles.  A software error in the Body Domain Control Unit (BDC) may cause a loss of low beam headlights and taillights.  As such, these vehicles fail to comply with the requirements of Federal Motor Vehicle Safety Standard (FMVSS) 108, ""Lamps, Reflective Devices, and Associated Equipment.""","A loss of headlights and taillights can reduce visibility, increasing the risk of a crash.","Dealers will update the BDC software, free of charge.  Owner notification letters were mailed February 21, 2025.  Owners may contact Kia customer service at 1-800-333-4542.  Kia's number for this recall is SC331.","Owners may also contact the National Highway Traffic Safety Administration Vehicle Safety Hotline at 1-888-327-4236 (TTY 1-800-424-9153) or go to nhtsa.gov.","2024","KIA","SORENTO"
"Kia America, Inc.","24V025000",0,0,0,,"18/01/2024","STRUCTURE:BODY:ROOF AND PILLARS","Kia America, Inc. (Kia) is recalling certain 2023-2024 Sportage and 2022-2024 Carnival vehicles.  The roof molding may loosen and detach.","A detached roof molding can create a road hazard for other vehicles, increasing the risk of a crash.","Dealers will inspect the roof molding and replace or secure it as necessary, free of charge.  Owner notification letters were mailed March 15, 2024.  Owners may contact Kia customer service at 1-800-333-4542.  Kia's number for this recall is SC292.","Owners may also contact the National Highway Traffic Safety Administration Vehicle Safety Hotline at 1-888-327-4236 (TTY 1-800-424-9153), or go to www.nhtsa.gov.","2024","KIA","SPORTAGE"
"Kia America, Inc.","24V422000",0,0,0,,"07/06/2024","STEERING:ELECTRIC POWER ASSIST SYSTEM","Kia America, Inc. (Kia) is recalling certain 2024 Kia Sportage vehicles.  The circuit board in the motor-driven power steering assembly may short circuit, resulting in a loss of power steering assist.","A loss of power steering assist can increase the risk of a crash.","Dealers will replace the motor-driven power steering electric power pack, free of charge.  Owner notification letters were mailed July 19, 2024.  Owners may contact Kia customer service at 1-800-333-4542.  Kia's number for this recall is SC319.","Owners may also contact the National Highway Traffic Safety Administration Vehicle Safety Hotline at 1-888-327-4236 (TTY 1-800-424-9153), or go to www.nhtsa.gov.","2024","KIA","SPORTAGE"
"Kia America, Inc.","25V874000",0,0,0,,"17/12/2025","TRAILER HITCHES","Kia America, Inc. (Kia) is recalling certain 2023-2025 Sportage Plug-In Hybrid Electric (PHEV) and 2024-2025 Sportage vehicles equipped with a 4.2"" screen and a Genuine Kia tow hitch harness accessory. Due to a software error, the instrument panel screen may fail. As such, these vehicles fail to comply with the requirements of Federal Motor Vehicle Safety Standard number 101, ""Controls and Displays.""","An instrument panel screen that fails to display critical safety information, such as the speedometer or warning lights, can increase the risk of a crash.","Dealers will replace the tow hitch harness control module, free of charge. Owner notification letters were mailed February 13, 2026. Owners may contact Kia Customer Service at 1-800-333-4542.  Kia's number for this recall is SC359. Vehicle Identification Numbers (VINs) involved in this recall will be searchable on NHTSA.gov beginning December 31, 2025.",,"2024","KIA","SPORTAGE"
"Kia America, Inc.","24V077000",0,0,0,,"07/02/2024","ENGINE AND ENGINE COOLING:ENGINE:HARD PARTS INTERNAL/MECHANICAL","Kia America, Inc. (Kia) is recalling certain 2024 Telluride vehicles.  The engine valve springs may break while driving, which can result in a loss of drive power and possibly create a hole in the engine block.","A loss of drive power increases the risk of a crash.  A hole in the engine block increases the risk of a fire.","Dealers will replace the engine sub-assembly, free of charge.  Owner notification letters were mailed April 5, 2024.  Owners may contact Kia customer service at 1-800-333-4542.  Kia's number for this recall is SC296.","Owners may also contact the National Highway Traffic Safety Administration Vehicle Safety Hotline at 1-888-327-4236 (TTY 1-800-424-9153), or go to www.nhtsa.gov.","2024","KIA","TELLURIDE"
"Kia America, Inc.","24V214000",0,0,0,,"20/03/2024","POWER TRAIN:DRIVELINE:DRIVESHAFT","Kia America, Inc. (Kia) is recalling certain 2020-2024 Telluride vehicles.  The intermediate shaft and right front driveshaft may not be fully engaged, which can result in vehicle roll away while in PARK.","A vehicle roll away increases the risk of a crash or injury.","Owners are advised to manually engage the emergency parking brake prior to exiting the vehicle until the recall remedy is performed.  Dealers will update the electronic parking brake software and replace any damaged intermediate shafts as necessary, free of charge.  Owner notification letters were mailed May 15, 2024.  Owners may contact Kia customer service at 1-800-333-4542.  Kia's number for this recall is SC303.","Owners may also contact the National Highway Traffic Safety Administration Vehicle Safety Hotline at 1-888-327-4236 (TTY 1-800-424-9153), or go to www.nhtsa.gov.","2024","KIA","TELLURIDE"
"Kia America, Inc.","24V407000",0,1,0,,"05/06/2024","SEATS:FRONT ASSEMBLY:POWER ADJUST","Kia America, Inc. (Kia) is recalling certain 2020-2024 Telluride vehicles.  The front power seat motor may overheat due to a stuck power seat slide knob, which can result in a fire while parked or driving.","A fire increases the risk of injury.","Owners are advised to park outside and away from structures until the recall repair is complete.  Dealers will install a bracket for the power seat switch back covers and replace the seat slide knobs, free of charge.  Owner notification letters were mailed July 30, 2024.  Owners may contact Kia customer service at 1-800-333-4542.  Kia's number for this recall is SC316.","Owners may also contact the National Highway Traffic Safety Administration Vehicle Safety Hotline at 1-888-327-4236 (TTY 1-800-424-9153), or go to www.nhtsa.gov.","2024","KIA","TELLURIDE"
"Kia America, Inc.","25V494000",0,0,0,,"28/07/2025","STRUCTURE:EXTERIOR TRIM","Kia America, Inc. (Kia) is recalling certain 2023-2025 Telluride vehicles. The door belt molding trim can delaminate and detach from the vehicle.","A detached trim piece can become a road hazard for other vehicles, increasing the risk of a crash.","Dealers will inspect and replace the belt molding trim assemblies as necessary, free of charge. Owner notification letters were mailed November 19, 2025. Owners may contact Kia customer service at 800-333-4542. Kia's number for this recall is SC347.",,"2024","KIA","TELLURIDE"
"Kia America, Inc.","26V430000",0,1,0,,"02/07/2026","SEATS:FRONT ASSEMBLY:POWER ADJUST","Kia America, Inc. (Kia) is recalling certain 2020-2024 Telluride vehicles. The front power seat motor may overheat due to a stuck power seat slide knob or an improper recall 24V407 repair, which can result in a fire while parked or driving.","A fire increases the risk of injury.","Owners are advised to park outside and away from structures until the recall repair is complete. Dealers will install an electronic fuse assembly, free of charge. Owner notification letters are expected to be mailed August 13, 2026. Owners may contact Kia customer service at 1-800-333-4542. Kia's number for this recall is SC374. This recall replaces NHTSA recall number 24V407.  Vehicles already repaired under the previous recall will need to have the new remedy completed. Vehicle Identification Numbers (VINs) involved in this recall will become searchable on NHTSA.gov beginning July 17, 2026.",,"2024","KIA","TELLURIDE"
"KTM North America, Inc.","25V598000",0,0,0,,"11/09/2025","VEHICLE SPEED CONTROL:THROTTLE","KTM North America, Inc. is recalling certain 2022-2023 Husqvarna Svartpilen 401, Husqvarna Vitpilen 401, and 2022-2024 KTM 390 Adventure motorcycles. Water could enter the throttle (e-throttle) control unit and cause it to fail, resulting in loss of drive power.","Loss of drive power while riding increases the risk of a crash or injury.","KTM and Husqvarna dealers will inspect and replace the e-throttle control, free of charge. Owner notification letters were mailed April 30, 2026. Owners may contact KTM customer service at 1-888-985-6090. KTM's number for this recall is KTB2606 and HTB2603. The VINs involved in this recall became searchable on March 31, 2026.",,"2024","KTM","390 ADVENTURE"
"KTM North America, Inc.","26V196000",0,0,0,,"27/03/2026","VEHICLE SPEED CONTROL:THROTTLE","KTM North America, Inc. is recalling certain 2022-2023 390 Duke and 2022-2024 RC 390 motorcycles. Water may enter the throttle (e-throttle) control unit and cause it to fail, resulting in loss of drive power while riding.","Loss of drive power while riding increases the risk of a crash or injury.","KTM will inspect and replace the e-throttle control, free of charge. Owner notification letters were mailed April 30, 2026. Owners may contact KTM customer service at 1-888-985-6090. Vehicle Identification Numbers (VINs) involved in this recall will become searchable on NHTSA.gov March 31, 2026. KTM's number for this recall is KTB2606 & HTB2603. This recall expands previous NHTSA recall number 25V598.",,"2024","KTM","RC 390"
"Jaguar Land Rover North America, LLC","24V450000",0,0,0,,"17/06/2024","ENGINE AND ENGINE COOLING:ENGINE:OIL/LUBRICATION:FILTER/SCREEN","Jaguar Land Rover North America, LLC (Land Rover) is recalling certain 2023-2024 Defender, 2024 Discovery, Range Rover, Range Rover Sport, and Range Rover Velar vehicles.  The oil filter housing can crack and leak oil into the engine compartment.","An oil leak in the presence of an ignition source such as hot engine or exhaust components, can increase the risk of a fire.","Dealers will replace the filter housing, oil filter, and o-rings, free of charge.  Owner notification letters were mailed June 27, 2024.  Owners may contact Land Rover customer service at 1-800-637-6837.  Land Rover's number for this recall is N908.","Owners may also contact the National Highway Traffic Safety Administration Vehicle Safety Hotline at 1-888-327-4236 (TTY 1-800-424-9153), or go to www.nhtsa.gov.","2024","LAND ROVER","DISCOVERY"
"Jaguar Land Rover North America, LLC","26V248000",0,0,0,,"17/04/2026","ELECTRICAL SYSTEM:PROPULSION SYSTEM:DC/DC CONVERTER","Jaguar Land Rover North America, LLC (Land Rover) is recalling certain 2021-2024 Land Rover Range Rover Velar and Land Rover Discovery, 2020-2023 Land Rover Range Rover Evoque, 2019-2024 Land Rover Range Rover Sport, 2020-2024 Land Rover Range Rover, 2020 Land Rover Discovery Sport, 2020-2024 Land Rover Defender,  2021-2024 Jaguar F-Pace, and 2021-2022 Jaguar E-Pace mild-hybrid electric vehicles (MHEVs.) The DC-DC converter can fail due to an internal fault in the boost control microchip. A failure of the DC-DC converter will result in a loss of 12-Volt system charging and can lead to complete loss of drive power and exterior lighting.","A loss of drive power increases the risk of a crash.","The remedy for this recall is currently under development. Interim letters notifying owners of the safety risk were mailed June 17, 2026. Additional letters will be sent once the remedy is available. Owners may contact Land Rover's customer service at 800-637-6837. Land Rover's numbers for this recall are D126 and H575.",,"2024","LAND ROVER","DISCOVERY"
"Jaguar Land Rover North America, LLC","26V389000",0,0,0,,"12/06/2026","AIR BAGS:FRONTAL","Jaguar Land Rover North America, LLC (Land Rover) is recalling certain 2020-2026 Land Rover Defender, 2021-2026 Discovery, and 2022-2026 Range Rover vehicles. The driver’s air bag clockspring connector may corrode, which can cause the air bag not to deploy as intended.","An air bag that does not deploy as intended increases the risk of injury in a crash.","Dealers will apply a protective lubricant gel to the driver’s air bag connector terminals, free of charge. Interim letters notifying owners of the safety risk are expected to be mailed August 7, 2026. Additional letters will be sent once the final remedy is available. Owners may contact Land Rover's customer service at 800-637-6837. Land Rover's number for this recall is D120.",,"2024","LAND ROVER","DISCOVERY"
"Jaguar Land Rover North America, LLC","23V790000",0,0,0,,"22/11/2023","ENGINE AND ENGINE COOLING","Jaguar Land Rover North America, LLC (Land Rover) is recalling certain 2024 Land Rover Range Rover vehicles.  The engine mounted oil cooler hoses may not be secured properly, which can result in oil leaking onto the road.","Oil leaking onto the road can cause a hazard for other road users, increasing the risk of a crash.","Dealers will inspect and replace the fasteners and the oil cooler hoses, as necessary, free of charge.  Owner letters were mailed January 18, 2024.  Owners may contact Land Rover customer service at 1-800-637-6837.  Land Rover's number for this recall is N845.","Owners may also contact the National Highway Traffic Safety Administration Vehicle Safety Hotline at 1-888-327-4236 (TTY 1-800-424-9153), or go to www.nhtsa.gov.","2024","LAND ROVER","RANGE ROVER"
"Jaguar Land Rover North America, LLC","23V872000",0,0,0,,"21/12/2023","STRUCTURE:BODY","Jaguar Land Rover North America, LLC (Land Rover) is recalling certain 2024 Land Rover Range Rover and Land Rover Range Rover Sport vehicles.  The body panels may not be bonded properly, reducing the structural strength of the vehicle.","Reduced structural strength may not adequately protect passengers, increasing the risk of injury.  Additionally, the fuel system may be damaged during a crash, causing a fuel leak and increasing the risk of a fire.","Dealers will install two rivets and apply sealant, free of charge.  Owner notification letters were mailed February 8, 2024.  Owners may contact Land Rover customer service at 1-800-637-6837.  Land Rover's number for this recall is N837.","Owners may also contact the National Highway Traffic Safety Administration Vehicle Safety Hotline at 1-888-327-4236 (TTY 1-800-424-9153), or go to www.nhtsa.gov.","2024","LAND ROVER","RANGE ROVER"
"Jaguar Land Rover North America, LLC","24V380000",0,0,0,,"31/05/2024","POWER TRAIN:CLUTCH ASSEMBLY","Jaguar Land Rover North America, LLC (Land Rover) is recalling certain 2024 Range Rover and Range Rover Sport vehicles.  The transmission oil pressure may decrease and cause the clutch to shift into neutral gear, which can result in a loss of drive power.","A loss of drive power can increase the risk of a crash.","Dealers will inspect and replace the transmission as necessary, free of charge.  Owner notification letters were mailed July 25, 2024.  Owners may contact Land Rover customer service at 1-800-637-6837.  Land Rover's number for this recall is N903.","Owners may also contact the National Highway Traffic Safety Administration Vehicle Safety Hotline at 1-888-327-4236 (TTY 1-800-424-9153), or go to www.nhtsa.gov.","2024","LAND ROVER","RANGE ROVER"
"Jaguar Land Rover North America, LLC","24V450000",0,0,0,,"17/06/2024","ENGINE AND ENGINE COOLING:ENGINE:OIL/LUBRICATION:FILTER/SCREEN","Jaguar Land Rover North America, LLC (Land Rover) is recalling certain 2023-2024 Defender, 2024 Discovery, Range Rover, Range Rover Sport, and Range Rover Velar vehicles.  The oil filter housing can crack and leak oil into the engine compartment.","An oil leak in the presence of an ignition source such as hot engine or exhaust components, can increase the risk of a fire.","Dealers will replace the filter housing, oil filter, and o-rings, free of charge.  Owner notification letters were mailed June 27, 2024.  Owners may contact Land Rover customer service at 1-800-637-6837.  Land Rover's number for this recall is N908.","Owners may also contact the National Highway Traffic Safety Administration Vehicle Safety Hotline at 1-888-327-4236 (TTY 1-800-424-9153), or go to www.nhtsa.gov.","2024","LAND ROVER","RANGE ROVER"
"Jaguar Land Rover North America, LLC","24V678000",0,0,0,,"12/09/2024","BACK OVER PREVENTION: SENSING SYSTEM: CAMERA","Jaguar Land Rover North America, LLC (Land Rover) is recalling certain 2024 Defender, Discovery Sport, Range Rover, Range Rover Evoque, Range Rover Velar, and Range Rover Sport vehicles.  The Near Field Sensing Module (NFSM) may overheat and cause the 3D surround camera images, including the rearview camera image, not to display.","A rearview camera image that does not display can decrease the driver's visibility, increasing the risk of injury or crash.","Dealers will replace the NFSM, free of charge.  Owner notification letters were mailed October 24, 2024.  Owners may contact Land Rover customer service at 1-800-637-6837.  Land Rover's number for this recall is N927.","Owners may also contact the National Highway Traffic Safety Administration Vehicle Safety Hotline at 1-888-327-4236 (TTY 1-800-424-9153), or go to www.nhtsa.gov.","2024","LAND ROVER","RANGE ROVER"
"Jaguar Land Rover North America, LLC","26V097000",0,0,0,,"19/02/2026","STRUCTURE:EXTERIOR TRIM","Jaguar Land Rover North America, LLC (Land Rover) is recalling certain 2023-2026 Range Rover Sport and Range Rover vehicles. The panoramic sunroof side finisher trim may not be properly secured and can detach.","A detached panoramic sunroof side trim can become a road hazard, increasing the risk of injury or crash.","Dealers will inspect the panoramic sunroof side finisher trim and secure it as necessary, free of charge. Owner letters were mailed June 19, 2026. Owners may contact Land Rover's customer service at 800-637-6837. Land Rover's number for this recall is D095.",,"2024","LAND ROVER","RANGE ROVER"
"Jaguar Land Rover North America, LLC","26V248000",0,0,0,,"17/04/2026","ELECTRICAL SYSTEM:PROPULSION SYSTEM:DC/DC CONVERTER","Jaguar Land Rover North America, LLC (Land Rover) is recalling certain 2021-2024 Land Rover Range Rover Velar and Land Rover Discovery, 2020-2023 Land Rover Range Rover Evoque, 2019-2024 Land Rover Range Rover Sport, 2020-2024 Land Rover Range Rover, 2020 Land Rover Discovery Sport, 2020-2024 Land Rover Defender,  2021-2024 Jaguar F-Pace, and 2021-2022 Jaguar E-Pace mild-hybrid electric vehicles (MHEVs.) The DC-DC converter can fail due to an internal fault in the boost control microchip. A failure of the DC-DC converter will result in a loss of 12-Volt system charging and can lead to complete loss of drive power and exterior lighting.","A loss of drive power increases the risk of a crash.","The remedy for this recall is currently under development. Interim letters notifying owners of the safety risk were mailed June 17, 2026. Additional letters will be sent once the remedy is available. Owners may contact Land Rover's customer service at 800-637-6837. Land Rover's numbers for this recall are D126 and H575.",,"2024","LAND ROVER","RANGE ROVER"
"Jaguar Land Rover North America, LLC","26V389000",0,0,0,,"12/06/2026","AIR BAGS:FRONTAL","Jaguar Land Rover North America, LLC (Land Rover) is recalling certain 2020-2026 Land Rover Defender, 2021-2026 Discovery, and 2022-2026 Range Rover vehicles. The driver’s air bag clockspring connector may corrode, which can cause the air bag not to deploy as intended.","An air bag that does not deploy as intended increases the risk of injury in a crash.","Dealers will apply a protective lubricant gel to the driver’s air bag connector terminals, free of charge. Interim letters notifying owners of the safety risk are expected to be mailed August 7, 2026. Additional letters will be sent once the final remedy is available. Owners may contact Land Rover's customer service at 800-637-6837. Land Rover's number for this recall is D120.",,"2024","LAND ROVER","RANGE ROVER"
"Jaguar Land Rover North America, LLC","24V678000",0,0,0,,"12/09/2024","BACK OVER PREVENTION: SENSING SYSTEM: CAMERA","Jaguar Land Rover North America, LLC (Land Rover) is recalling certain 2024 Defender, Discovery Sport, Range Rover, Range Rover Evoque, Range Rover Velar, and Range Rover Sport vehicles.  The Near Field Sensing Module (NFSM) may overheat and cause the 3D surround camera images, including the rearview camera image, not to display.","A rearview camera image that does not display can decrease the driver's visibility, increasing the risk of injury or crash.","Dealers will replace the NFSM, free of charge.  Owner notification letters were mailed October 24, 2024.  Owners may contact Land Rover customer service at 1-800-637-6837.  Land Rover's number for this recall is N927.","Owners may also contact the National Highway Traffic Safety Administration Vehicle Safety Hotline at 1-888-327-4236 (TTY 1-800-424-9153), or go to www.nhtsa.gov.","2024","LAND ROVER","RANGE ROVER EVOQUE"
"Jaguar Land Rover North America, LLC","25V454000",0,0,0,,"07/07/2025","AIR BAGS:PASSENGER SIDE FRONTAL:CUSHION","Jaguar Land Rover North America, LLC (Jaguar) is recalling certain 2020–2025 Range Rover Evoque vehicles. The passenger air bag may tear during deployment.","A torn air bag may not adequately protect an occupant in a crash, increasing the risk of injury. Additionally, a torn air bag may allow hot gases to escape, which can cause a burn injury.","Dealers will repair the passenger air bag module, free of charge. Owner letters were mailed February 17 2026. Owners may contact Land Rover's customer service at 800-637-6837. Land Rover's number for this recall is N945.",,"2024","LAND ROVER","RANGE ROVER EVOQUE"
"Jaguar Land Rover North America, LLC","23V872000",0,0,0,,"21/12/2023","STRUCTURE:BODY","Jaguar Land Rover North America, LLC (Land Rover) is recalling certain 2024 Land Rover Range Rover and Land Rover Range Rover Sport vehicles.  The body panels may not be bonded properly, reducing the structural strength of the vehicle.","Reduced structural strength may not adequately protect passengers, increasing the risk of injury.  Additionally, the fuel system may be damaged during a crash, causing a fuel leak and increasing the risk of a fire.","Dealers will install two rivets and apply sealant, free of charge.  Owner notification letters were mailed February 8, 2024.  Owners may contact Land Rover customer service at 1-800-637-6837.  Land Rover's number for this recall is N837.","Owners may also contact the National Highway Traffic Safety Administration Vehicle Safety Hotline at 1-888-327-4236 (TTY 1-800-424-9153), or go to www.nhtsa.gov.","2024","LAND ROVER","RANGE ROVER SPORT"
"Jaguar Land Rover North America, LLC","24V380000",0,0,0,,"31/05/2024","POWER TRAIN:CLUTCH ASSEMBLY","Jaguar Land Rover North America, LLC (Land Rover) is recalling certain 2024 Range Rover and Range Rover Sport vehicles.  The transmission oil pressure may decrease and cause the clutch to shift into neutral gear, which can result in a loss of drive power.","A loss of drive power can increase the risk of a crash.","Dealers will inspect and replace the transmission as necessary, free of charge.  Owner notification letters were mailed July 25, 2024.  Owners may contact Land Rover customer service at 1-800-637-6837.  Land Rover's number for this recall is N903.","Owners may also contact the National Highway Traffic Safety Administration Vehicle Safety Hotline at 1-888-327-4236 (TTY 1-800-424-9153), or go to www.nhtsa.gov.","2024","LAND ROVER","RANGE ROVER SPORT"
"Jaguar Land Rover North America, LLC","24V450000",0,0,0,,"17/06/2024","ENGINE AND ENGINE COOLING:ENGINE:OIL/LUBRICATION:FILTER/SCREEN","Jaguar Land Rover North America, LLC (Land Rover) is recalling certain 2023-2024 Defender, 2024 Discovery, Range Rover, Range Rover Sport, and Range Rover Velar vehicles.  The oil filter housing can crack and leak oil into the engine compartment.","An oil leak in the presence of an ignition source such as hot engine or exhaust components, can increase the risk of a fire.","Dealers will replace the filter housing, oil filter, and o-rings, free of charge.  Owner notification letters were mailed June 27, 2024.  Owners may contact Land Rover customer service at 1-800-637-6837.  Land Rover's number for this recall is N908.","Owners may also contact the National Highway Traffic Safety Administration Vehicle Safety Hotline at 1-888-327-4236 (TTY 1-800-424-9153), or go to www.nhtsa.gov.","2024","LAND ROVER","RANGE ROVER SPORT"
"Jaguar Land Rover North America, LLC","24V678000",0,0,0,,"12/09/2024","BACK OVER PREVENTION: SENSING SYSTEM: CAMERA","Jaguar Land Rover North America, LLC (Land Rover) is recalling certain 2024 Defender, Discovery Sport, Range Rover, Range Rover Evoque, Range Rover Velar, and Range Rover Sport vehicles.  The Near Field Sensing Module (NFSM) may overheat and cause the 3D surround camera images, including the rearview camera image, not to display.","A rearview camera image that does not display can decrease the driver's visibility, increasing the risk of injury or crash.","Dealers will replace the NFSM, free of charge.  Owner notification letters were mailed October 24, 2024.  Owners may contact Land Rover customer service at 1-800-637-6837.  Land Rover's number for this recall is N927.","Owners may also contact the National Highway Traffic Safety Administration Vehicle Safety Hotline at 1-888-327-4236 (TTY 1-800-424-9153), or go to www.nhtsa.gov.","2024","LAND ROVER","RANGE ROVER SPORT"
"Jaguar Land Rover North America, LLC","26V097000",0,0,0,,"19/02/2026","STRUCTURE:EXTERIOR TRIM","Jaguar Land Rover North America, LLC (Land Rover) is recalling certain 2023-2026 Range Rover Sport and Range Rover vehicles. The panoramic sunroof side finisher trim may not be properly secured and can detach.","A detached panoramic sunroof side trim can become a road hazard, increasing the risk of injury or crash.","Dealers will inspect the panoramic sunroof side finisher trim and secure it as necessary, free of charge. Owner letters were mailed June 19, 2026. Owners may contact Land Rover's customer service at 800-637-6837. Land Rover's number for this recall is D095.",,"2024","LAND ROVER","RANGE ROVER SPORT"
"Jaguar Land Rover North America, LLC","26V248000",0,0,0,,"17/04/2026","ELECTRICAL SYSTEM:PROPULSION SYSTEM:DC/DC CONVERTER","Jaguar Land Rover North America, LLC (Land Rover) is recalling certain 2021-2024 Land Rover Range Rover Velar and Land Rover Discovery, 2020-2023 Land Rover Range Rover Evoque, 2019-2024 Land Rover Range Rover Sport, 2020-2024 Land Rover Range Rover, 2020 Land Rover Discovery Sport, 2020-2024 Land Rover Defender,  2021-2024 Jaguar F-Pace, and 2021-2022 Jaguar E-Pace mild-hybrid electric vehicles (MHEVs.) The DC-DC converter can fail due to an internal fault in the boost control microchip. A failure of the DC-DC converter will result in a loss of 12-Volt system charging and can lead to complete loss of drive power and exterior lighting.","A loss of drive power increases the risk of a crash.","The remedy for this recall is currently under development. Interim letters notifying owners of the safety risk were mailed June 17, 2026. Additional letters will be sent once the remedy is available. Owners may contact Land Rover's customer service at 800-637-6837. Land Rover's numbers for this recall are D126 and H575.",,"2024","LAND ROVER","RANGE ROVER SPORT"
"Jaguar Land Rover North America, LLC","24V450000",0,0,0,,"17/06/2024","ENGINE AND ENGINE COOLING:ENGINE:OIL/LUBRICATION:FILTER/SCREEN","Jaguar Land Rover North America, LLC (Land Rover) is recalling certain 2023-2024 Defender, 2024 Discovery, Range Rover, Range Rover Sport, and Range Rover Velar vehicles.  The oil filter housing can crack and leak oil into the engine compartment.","An oil leak in the presence of an ignition source such as hot engine or exhaust components, can increase the risk of a fire.","Dealers will replace the filter housing, oil filter, and o-rings, free of charge.  Owner notification letters were mailed June 27, 2024.  Owners may contact Land Rover customer service at 1-800-637-6837.  Land Rover's number for this recall is N908.","Owners may also contact the National Highway Traffic Safety Administration Vehicle Safety Hotline at 1-888-327-4236 (TTY 1-800-424-9153), or go to www.nhtsa.gov.","2024","LAND ROVER","RANGE ROVER VELAR"
"Jaguar Land Rover North America, LLC","24V678000",0,0,0,,"12/09/2024","BACK OVER PREVENTION: SENSING SYSTEM: CAMERA","Jaguar Land Rover North America, LLC (Land Rover) is recalling certain 2024 Defender, Discovery Sport, Range Rover, Range Rover Evoque, Range Rover Velar, and Range Rover Sport vehicles.  The Near Field Sensing Module (NFSM) may overheat and cause the 3D surround camera images, including the rearview camera image, not to display.","A rearview camera image that does not display can decrease the driver's visibility, increasing the risk of injury or crash.","Dealers will replace the NFSM, free of charge.  Owner notification letters were mailed October 24, 2024.  Owners may contact Land Rover customer service at 1-800-637-6837.  Land Rover's number for this recall is N927.","Owners may also contact the National Highway Traffic Safety Administration Vehicle Safety Hotline at 1-888-327-4236 (TTY 1-800-424-9153), or go to www.nhtsa.gov.","2024","LAND ROVER","RANGE ROVER VELAR"
"Jaguar Land Rover North America, LLC","26V248000",0,0,0,,"17/04/2026","ELECTRICAL SYSTEM:PROPULSION SYSTEM:DC/DC CONVERTER","Jaguar Land Rover North America, LLC (Land Rover) is recalling certain 2021-2024 Land Rover Range Rover Velar and Land Rover Discovery, 2020-2023 Land Rover Range Rover Evoque, 2019-2024 Land Rover Range Rover Sport, 2020-2024 Land Rover Range Rover, 2020 Land Rover Discovery Sport, 2020-2024 Land Rover Defender,  2021-2024 Jaguar F-Pace, and 2021-2022 Jaguar E-Pace mild-hybrid electric vehicles (MHEVs.) The DC-DC converter can fail due to an internal fault in the boost control microchip. A failure of the DC-DC converter will result in a loss of 12-Volt system charging and can lead to complete loss of drive power and exterior lighting.","A loss of drive power increases the risk of a crash.","The remedy for this recall is currently under development. Interim letters notifying owners of the safety risk were mailed June 17, 2026. Additional letters will be sent once the remedy is available. Owners may contact Land Rover's customer service at 800-637-6837. Land Rover's numbers for this recall are D126 and H575.",,"2024","LAND ROVER","RANGE ROVER VELAR"
"Toyota Motor Engineering & Manufacturing","23V480000",0,0,0,,"12/07/2023","STEERING:COLUMN","Toyota Motor Engineering & Manufacturing (Toyota) is recalling certain 2023 Corolla, Corolla Cross, Corolla Cross Hybrid, Highlander, Highlander Hybrid, Tacoma, 2023 Lexus RX350, RX350 Hybrid, RX500 Hybrid, 2023-2024 Lexus NX250, NX350, and NX350 Hybrid vehicles.  An electrical connection inside the steering column's spiral cable assembly may be insufficiently welded, causing the connection to separate and deactivate the driver's air bag.  As such, these vehicles fail to comply with the requirements of Federal Motor Vehicle Safety Standard number 208, ""Occupant Crash Protection.""","A deactivated driver's air bag that does not deploy as intended increases the risk of injury during a crash.","Dealers will inspect and replace the spiral cable assembly, if necessary, free of charge.  Owner notification letters were mailed September 8, 2023.  Owners may contact Toyota's customer service at 1-800-331-4331.  Toyota's number for this recall is 23TA08.  Lexus' number for this recall is 23LA02.","Owners may also contact the National Highway Traffic Safety Administration Vehicle Safety Hotline at 1-888-327-4236 (TTY 1-800-424-9153), or go to www.nhtsa.gov.","2024","LEXUS","NX HYBRID"
"Toyota Motor Engineering & Manufacturing","24V482000",0,0,0,,"27/06/2024","SEATS:FRONT ASSEMBLY:HEAD RESTRAINT","Toyota Motor Engineering & Manufacturing (Toyota) is recalling certain 2024 Lexus RX 350, RX 350h, 2024-2025 NX 250, NX 350, and NX 350h vehicles.  The head restraints on the driver and front passenger seats may be inadvertently removed without pressing the lock release button.  As such, these vehicles fail to comply with the requirements of Federal Motor Vehicle Safety Standard (FMVSS) Number 202, ""Head Restraints.""","A head restraint that is inadvertently removed and not reinstalled can increase the risk of injury during a rear-end crash.","Dealers will replace the driver and front passenger seat head rest assemblies, free of charge.  Owner letters were mailed February 14, 2025.  Owners may contact Toyota customer service at 1-800-331-4331.  Toyota's numbers for this recall are 24LB06 and 24LA06.","Owners may also contact the National Highway Traffic Safety Administration Vehicle Safety Hotline at 1-888-327-4236 (TTY 1-800-424-9153), or go to www.nhtsa.gov.","2024","LEXUS","NX HYBRID"
"Toyota Motor Engineering & Manufacturing","25V744000",0,0,0,,"30/10/2025","BACK OVER PREVENTION:DISPLAY FUNCTION","Toyota Motor Engineering & Manufacturing (Toyota) is recalling certain 2022-2026 Toyota, Lexus, and Subaru Solterra vehicles equipped with a Panoramic View Monitor (PVM) system. Please see the recall report for a complete list of models. A software error may cause the rearview camera to freeze or display a blank screen when the vehicle is in reverse. As such, these vehicles fail to comply with the requirements of Federal Motor Vehicle Safety Standard (FMVSS) number 111, ""Rear Visibility.""","A rearview camera that fails to display an image can reduce the driver's view behind the vehicle, increasing the risk of a crash.","Dealers will update the parking assist software, free of charge. Owner letters were mailed January 2, 2026. Owners may contact Toyota's customer service at 1-800-331-4331. Toyota's numbers for this recall are 25TB13 and 25LB06. Subaru's number for this recall is WRE25.",,"2024","LEXUS","NX HYBRID"
"Toyota Motor Engineering & Manufacturing","24V461000",0,0,0,,"20/06/2024","AIR BAGS:SIDE/WINDOW:CURTAIN","Toyota Motor Engineering & Manufacturing (Toyota) is recalling certain 2024 Toyota Grand Highlander, Grand Highlander Hybrid, Lexus TX350, TX500 Hybrid, and TX550 Hybrid+ vehicles.  The driver and passenger side curtain air bags may not unroll as intended and could partially deploy outside of an open window.  As such, these vehicles fail to comply with the requirements of Federal Motor Vehicle Safety Standard number 226, ""Ejection Mitigation.""","An improper deployment of the side curtain air bag can reduce occupant protection during a crash, increasing the risk of injury.","Dealers will replace the driver and passenger curtain shield air bag assemblies, free of charge.  Owner letters were mailed November 4, 2024.   Owners may contact Toyota customer service at 1-800-331-4331.  Toyota's numbers for this recall are 24TB09/24TA09 and Lexus' numbers are 24LB05/24LA05.","Owners may also contact the National Highway Traffic Safety Administration Vehicle Safety Hotline at 1-888-327-4236 (TTY 1-800-424-9153), or go to www.nhtsa.gov.","2024","LEXUS","TX HYBRID"
"Toyota Motor Engineering & Manufacturing","25V744000",0,0,0,,"30/10/2025","BACK OVER PREVENTION:DISPLAY FUNCTION","Toyota Motor Engineering & Manufacturing (Toyota) is recalling certain 2022-2026 Toyota, Lexus, and Subaru Solterra vehicles equipped with a Panoramic View Monitor (PVM) system. Please see the recall report for a complete list of models. A software error may cause the rearview camera to freeze or display a blank screen when the vehicle is in reverse. As such, these vehicles fail to comply with the requirements of Federal Motor Vehicle Safety Standard (FMVSS) number 111, ""Rear Visibility.""","A rearview camera that fails to display an image can reduce the driver's view behind the vehicle, increasing the risk of a crash.","Dealers will update the parking assist software, free of charge. Owner letters were mailed January 2, 2026. Owners may contact Toyota's customer service at 1-800-331-4331. Toyota's numbers for this recall are 25TB13 and 25LB06. Subaru's number for this recall is WRE25.",,"2024","LEXUS","TX HYBRID"
"Ford Motor Company","24V368000",0,0,0,,"24/05/2024","BACK OVER PREVENTION:DISPLAY FUNCTION","Ford Motor Company (Ford) is recalling certain 2020-2024 Lincoln Aviator vehicles.  The accessory protocol image module (APIM) can be affected by electromagnetic interference with a cell phone in the vehicle, causing the rearview camera image to flicker or become distorted.","A flickering or distorted rearview camera image can reduce the driver's rear visibility, increasing the risk of a crash.","Owners are advised not to use their cell phones while reversing until the remedy is completed.  Dealers will install shielding on the accessory protocol image module (APIM), free of charge.  Owner notification letters were mailed on October 23, 2024.  Owners may contact Ford customer service at 1-866-436-7332.  Ford's number for this recall is 24S35.","Owners may also contact the National Highway Traffic Safety Administration Vehicle Safety Hotline at 1-888-327-4236 (TTY 1-800-424-9153), or go to www.nhtsa.gov.","2024","LINCOLN","AVIATOR"
"Ford Motor Company","24V852000",0,0,0,,"08/11/2024","EQUIPMENT:OTHER:LABELS","Ford Motor Company (Ford) is recalling certain 2020-2025 Explorer, Lincoln Aviator, 2020-2024 Escape, Lincoln Corsair, 2018-2024 F-150, Expedition and Lincoln Navigator vehicles.  The air bag warning label may be missing from the dashboard.  As such, these vehicles fail to comply with the requirement Federal Motor Vehicle Safety Standard number 208, ""Occupant Crash Protection.""","Without a label that shows the proper restraint usage guidelines, the occupants may have an increased risk of injury in the event of a crash.","Ford will mail owners the warning labels, free of charge.  Owner notification letters were mailed December 19, 2024.  Owners may call Ford customer service at 1-866-436-7332.  Ford's number for this recall is 24C39.","Owners may also contact the National Highway Traffic Safety Administration Vehicle Safety Hotline at 1-888-327-4236 (TTY 1-800-424-9153) or go to nhtsa.gov.","2024","LINCOLN","AVIATOR"
"Ford Motor Company","25V393000",0,0,0,,"13/06/2025","SEATS:MID/REAR ASSEMBLY","Ford Motor Company (Ford) is recalling certain 2020-2025 Aviator, and Explorer vehicles. The switch for the easy-entry second-row outer seats may bind or stick, resulting in the seats unlatching, folding, or sliding unexpectedly while driving.","A seat that moves unexpectedly may not properly restrain an occupant during a crash, increasing their risk of injury.","Dealers will inspect the second-row seat switch, and replace the bezel around the switch as necessary, free of charge. Owner notification letters were mailed August 7, 2025. Owners may contact Ford customer service at 1-866-436-7332. Ford's number for this recall is 25S67.",,"2024","LINCOLN","AVIATOR"
"Ford Motor Company","25V407000",0,0,0,,"13/06/2025","STRUCTURE:BODY","Ford Motor Company (Ford) is recalling certain 2020-2025 Aviator vehicles. The rear door window bars and C-pillar trim may have insufficient adhesive bonding, which can allow the trim to detach from the vehicle.","Detached trim may cause a road hazard and increase the risk of a crash.","Dealers will repair or replace C-pillar appliques and window division bars, free of charge. Owner notification letters were mailed September 29, 2025. Owners may contact Ford Customer Service at 1-866-436-7332. Ford's number for this recall is 25S66.",,"2024","LINCOLN","AVIATOR"
"Ford Motor Company","25V687000",0,0,0,,"10/10/2025","TRAILER HITCHES","Ford Motor Company (Ford) is recalling certain 2024-2026 Explorer and 2024-2026 Lincoln Aviator vehicles. The trailer hitch assembly bolts may be loose.","While towing a trailer, loose trailer hitch bolts can cause a loss of vehicle handling and control, or cause the trailer to detach. Either of these conditions can increase the risk of a crash.","Dealers will inspect and tighten the trailer hitch bolts, or replace them as necessary, free of charge. Owner notification letters were mailed October 29, 2025. Owners may contact Ford customer service at 1-866-436-7332. Ford's number for this recall is 25SA3. Vehicle Identification Numbers (VINs) involved in this recall became searchable on NHTSA.gov on October 15, 2025.",,"2024","LINCOLN","AVIATOR"
"Ford Motor Company","26V123000",0,0,0,,"03/03/2026","BACK OVER PREVENTION:SOFTWARE","Ford Motor Company (Ford) is recalling certain 2020-2022 Escape, Lincoln Corsair, 2020-2024 Lincoln Aviator, and Explorer vehicles. The image on the center display may flip or invert, resulting in an incorrectly displayed rearview image when the vehicle is placed in reverse. As such, these vehicles fail to comply with the requirements of Federal Motor Vehicle Safety Standard number 111, ""Rear Visibility.""","An incorrectly displayed rearview image can reduce the driver’s view behind the vehicle, increasing the risk of a crash.","Dealers will update the accessory protocol interface module (APIM) software, free of charge. Owner notification letters were mailed June 23, 2026. Owners may contact Ford customer service at 1-866-436-7332. Ford's number for this recall is 26C11. Vehicle Identification Numbers (VINs) involved in this recall became searchable on NHTSA.gov on March 5, 2026.",,"2024","LINCOLN","AVIATOR"
"Ford Motor Company","26V159000",0,0,0,,"17/03/2026","SEAT BELTS","Ford Motor Company (Ford) is recalling certain 2020-2026 Explorer and Lincoln Aviator vehicles. The seat belt anchor bolts at the second-row outer seating positions may be improperly secured.","A loose seat belt buckle may not properly restrain an occupant during a crash, increasing the risk of injury.","Dealers will inspect the second-row outer seat belt lower anchor bolts and replace or repair them as necessary, free of charge. Owner notification letters were mailed March 30, 2026. Owners may contact Ford customer service at 1-866-436-7332. Ford's number for this recall is 26C18. Vehicle Identification Numbers (VINs) involved in this recall became searchable on NHTSA.gov on March 19, 2026.",,"2024","LINCOLN","AVIATOR"
"Ford Motor Company","24V852000",0,0,0,,"08/11/2024","EQUIPMENT:OTHER:LABELS","Ford Motor Company (Ford) is recalling certain 2020-2025 Explorer, Lincoln Aviator, 2020-2024 Escape, Lincoln Corsair, 2018-2024 F-150, Expedition and Lincoln Navigator vehicles.  The air bag warning label may be missing from the dashboard.  As such, these vehicles fail to comply with the requirement Federal Motor Vehicle Safety Standard number 208, ""Occupant Crash Protection.""","Without a label that shows the proper restraint usage guidelines, the occupants may have an increased risk of injury in the event of a crash.","Ford will mail owners the warning labels, free of charge.  Owner notification letters were mailed December 19, 2024.  Owners may call Ford customer service at 1-866-436-7332.  Ford's number for this recall is 24C39.","Owners may also contact the National Highway Traffic Safety Administration Vehicle Safety Hotline at 1-888-327-4236 (TTY 1-800-424-9153) or go to nhtsa.gov.","2024","LINCOLN","CORSAIR"
"Ford Motor Company","24V954000",0,0,0,,"20/12/2024","ELECTRICAL SYSTEM:PROPULSION SYSTEM:TRACTION BATTERY:MANAGEMENT SYSTEM/ENERGY CONTROL MODULE (BMS/BECM)","Ford Motor Company (Ford) is recalling certain 2020-2024 Ford Escape, and 2021-2024 Lincoln Corsair vehicles.  A manufacturing defect in one or more of the high voltage battery cells may result in an internal short circuit and battery failure.","Battery failure can cause a loss of drive power, increasing the risk of a crash.  Battery failure can also increase the risk of a fire.","Owners are advised not to charge battery till the remedy has been completed.  Dealers will perform a battery energy control module (BECM) software update, and replace the high voltage battery pack, as necessary, free of charge. Owner notification letters were mailed on May 30, 2025. Owners may contact Ford customer service at 1-866-436-7332.  Ford's number for this recall is 24S79.","Owners may also contact the National Highway Traffic Safety Administration Vehicle Safety Hotline at 1-888-327-4236 (TTY 1-800-424-9153) or go to nhtsa.gov.","2024","LINCOLN","CORSAIR"
"Ford Motor Company","25V315000",0,0,0,,"09/05/2025","BACK OVER PREVENTION:SOFTWARE","Ford Motor Company (Ford) is recalling certain 2021-2024 Bronco, F-150, 2021-2024 Edge, 2022-2025 Escape, F-250, F-350, F-450, F-550, F-600, 2022-2024 Expedition, 2022-2025 Transit, 2021-2023 Mach-E, 2024 Ranger, Mustang, 2021-2023 Lincoln Nautilus, 2022-2024 Navigator, and 2023-2024 Corsair vehicles. A software error may cause the rearview camera image to delay, freeze, or not display when the vehicle is in reverse.","A frozen or missing rearview camera image can reduce the driver's view behind the vehicle, increasing the risk of a crash.","The accessory protocol interface module (APIM) software will be updated by a dealer or through an over-the-air update, free of charge. This will be a phased campaign, with the remedy becoming available in different phases based on model and model years. Interim letters notifying owners of the safety risk were mailed on June 26, 2025. Additional letters will be mailed once the final remedy is available on each phase. Owner notification letters were sent on October 8, 2025. Owners may contact Ford customer service at 1-866-436-7332. Ford's number for this recall is 25S49.","Owners may also contact the National Highway Traffic Safety Administration Vehicle Safety Hotline at 888-327-4236 (TTY 888-275-9171) or go to nhtsa.gov.","2024","LINCOLN","CORSAIR"
"Ford Motor Company","25V688000",0,0,0,,"10/10/2025","EXTERIOR LIGHTING","Ford Motor Company (Ford) is recalling certain 2024-2025 Lincoln Corsair vehicles. Water may leak into the left and right rear combination lights, possibly resulting in a loss of reverse light, tail light, brake light, or rear turn signal function. As such, these vehicles fail to comply with the requirements of Federal Motor Vehicle Safety Standard (FMVSS) number 108, ""Lamps, Reflective Devices, and Associated Equipment.""","Loss of rear lighting functions can reduce vehicle visibility and fail to alert other drivers that the vehicle is braking, turning, or reversing, increasing the risk of a crash.","Dealers will inspect and replace the rear combination light assemblies, as necessary, free charge. Owner notification letters were mailed November 14, 2025. Owners may contact Ford customer service at 1-866-436-7332. Ford's number for this recall is 25C53. Vehicle Identification Numbers (VINs) involved in this recall became searchable on NHTSA.gov on October 14, 2025.",,"2024","LINCOLN","CORSAIR"
"Ford Motor Company","25V789000",0,0,0,,"14/11/2025","ELECTRICAL SYSTEM:PROPULSION SYSTEM:TRACTION BATTERY","Ford Motor Company (Ford) is recalling certain 2020-2024 Ford Escape and 2021-2024 Lincoln Corsair plug-in hybrid vehicles.  A manufacturing defect in one or more of the high voltage battery cells may result in an internal short circuit and battery failure.","Battery failure can cause a loss of drive power, increasing the risk of a crash. Battery failure can also increase the risk of a fire.","The remedy is currently under development. Owners are advised to only use ""Auto EV"" mode and will be instructed by mail to limit the maximum charge of the battery until the remedy has been completed. Interim letters, notifying owners of the safety risk, and instructions to limit the maximum charge of the battery were mailed December 8, 2025. Additional letters will be sent once the final remedy is available. Owners may contact Ford customer service at 1-866-436-7332. Ford's number for this recall is 25SC4. Vehicles in this recall were previously recalled under 24V954 and will need to have the new remedy performed. Vehicle Identification Numbers (VINs) involved in this recall became searchable on NHTSA.gov on November 18, 2025.",,"2024","LINCOLN","CORSAIR PHEV"
"Ford Motor Company","26V091000",0,0,0,,"17/02/2026","ELECTRICAL SYSTEM:PROPULSION SYSTEM:TRACTION BATTERY","Ford Motor Company (Ford) is recalling certain 2022-2026 Ford Escape and 2023-2026 Lincoln Corsair plug-in hybrid vehicles. A manufacturing defect in one or more of the high voltage battery cells may result in an internal short circuit and battery failure.","Battery failure can cause a loss of drive power, increasing the risk of a crash.  Battery failure can also increase the risk of a fire.","The remedy is currently under development. Owners are advised to only use ""Auto EV"" mode and charge their vehicles to a maximum of 80% battery capacity until the repair has been completed.  Interim letters, notifying owners of the safety risk, and instructions to limit the maximum charge of the battery were mailed February 26, 2026. Additional letters will be sent once the final remedy is available. Owners may contact Ford customer service at 1-866-436-7332. Ford's number for this recall is 25SC4. This recall expands previous recall numbers 24V954 and 25V489. Vehicle Identification Numbers (VINs) involved in this recall became searchable on NHTSA.gov on February 18, 2026.",,"2024","LINCOLN","CORSAIR PHEV"
"Ford Motor Company","24V597000",0,0,0,,"09/08/2024","VISIBILITY:POWER WINDOW DEVICES AND CONTROLS","Ford Motor Company (Ford) is recalling certain 2024 Ranger and 2024 Lincoln Nautilus vehicles.  When closing the windows with the global closing feature, the windows may not automatically reverse after detecting an object.  As such, these vehicles fail to comply with the requirements of Federal Motor Vehicle Safety Standard number 118, ""Power-Operated Window Systems.""","A closing window may exert excessive force by pinching a driver or passenger before retracting, increasing the risk of injury.","Dealers will update the driver door module (DDM) and the passenger door module (PDM) software, free of charge.  Owner notification letters were mailed September 13, 2024.  Owners may contact Ford customer service at 1-866-436-7332.  Ford's number for this recall is 24C24.","Owners may also contact the National Highway Traffic Safety Administration Vehicle Safety Hotline at 1-888-327-4236 (TTY 1-800-424-9153), or go to www.nhtsa.gov.","2024","LINCOLN","NAUTILUS"
"Ford Motor Company","24V953000",0,0,0,,"20/12/2024","VISIBILITY:POWER WINDOW DEVICES AND CONTROLS","Ford Motor Company (Ford) is recalling certain 2024-2025 Lincoln Nautilus vehicles.  The window automatic reversal system may not react correctly after detecting an obstruction, and the window reversal distance does not meet the minimum requirement.  As such, these vehicles fail to comply with the requirements of Federal Motor Vehicle Safety Standard (FMVSS) number 118, ""Power-Operated Window Systems.""","A closing window may exert excessive force by pinching a driver or passenger before retracting, increasing the risk of injury.","Dealers will recalibrate the driver door module (DDM) and the passenger door module (PDM), free of charge.  Owner notification letters were mailed on February 28, 2025.  Owners may contact Ford customer service at 1-866-436-7332.  Ford's number for this recall is 24C43.","Owners may also contact the National Highway Traffic Safety Administration Vehicle Safety Hotline at 1-888-327-4236 (TTY 1-800-424-9153) or go to nhtsa.gov.","2024","LINCOLN","NAUTILUS"
"Ford Motor Company","25V237000",0,0,0,,"11/04/2025","VISIBILITY:POWER WINDOW DEVICES AND CONTROLS","Ford Motor Company (Ford) is recalling certain 2024 Ranger and 2024 Lincoln Nautilus vehicles previously repaired incorrectly under recall number 24V-597.  When closing the windows with the global closing feature, the windows may not automatically reverse after detecting an object.  As such, these vehicles fail to comply with the requirements of Federal Motor Vehicle Safety Standard number 118, ""Power-Operated Window Systems.""","A closing window may exert excessive force and pinch a driver or passenger before retracting, increasing the risk of injury.","Dealers will update the driver door module (DDM) and the passenger door module (PDM) software, free of charge.  Owner notification letters were mailed May 15, 2025.  Owners may contact Ford customer service at 1-866-436-7332.  Ford's number for this recall is 25C10.","Owners may also contact the National Highway Traffic Safety Administration Vehicle Safety Hotline at 888-327-4236 (TTY 888-275-9171) or go to nhtsa.gov.","2024","LINCOLN","NAUTILUS"
"Ford Motor Company","25V337000",0,0,0,,"23/05/2025","ELECTRICAL SYSTEM: INSTRUMENT CLUSTER/PANEL","Ford Motor Company (Ford) is recalling certain 2024  Nautilus vehicles. The multimedia module software may cause the panoramic and center displays to reboot, resulting in a blank screen. As such, these vehicles fail to comply with the requirements of Federal Motor Vehicle Safety Standard (FMVSS) numbers 111, ""Rear Visibility,"" and 102, ""Transmission shift lever sequence, starter interlock, and transmission braking effect,"" as well as FMVSS numbers 126, 108, 135, 138, 208, 101, and 305.","A blank instrument display can result in a loss of critical safety information, such as the speedometer and warning lights, increasing the risk of a crash. In addition, a missing rearview camera display image can reduce visibility of what is behind the vehicle, increasing the risk of a crash.","The multimedia  module system software will be updated by a dealer, or through an over-the-air (OTA) update, free of charge. Owner notification letters were mailed July 24, 2025. Owners may contact Ford customer service at 1-866-436-7332. Ford's number for this recall is 25C21.",,"2024","LINCOLN","NAUTILUS"
"Ford Motor Company","25V343000",0,0,0,,"23/05/2025","ELECTRICAL SYSTEM","Ford Motor Company (Ford) is recalling certain 2024-2025 Lincoln Nautilus, 2023-2025 Escape, 2023 Lincoln Corsair, 2025 Lincoln Corsair, Maverick, and Bronco Sport vehicles equipped with a 1.5L or 2.0L MPC engine and an engine block heater. The engine block heater may overheat when the vehicle is parked with the block heater plugged in.","An overheated engine block heater can increase the risk of a fire.","Dealers will replace the block heater element and inspect the electrical cord, replacing it if necessary, free of charge. Owners will also have a alternative option to replace engine block heater element with a threaded blanking plug coupled, and remove the block heater electrical cord. Owner notification letters were mailed June 9, 2026. Owners may contact Ford customer service at 1-866-436-7332. Ford's number for this recall is 25S52.",,"2024","LINCOLN","NAUTILUS"
"Ford Motor Company","25V518000",0,0,0,,"08/08/2025","VISIBILITY:POWER WINDOW DEVICES AND CONTROLS","Ford Motor Company (Ford) is recalling certain 2024-2025 Lincoln Nautilus vehicles that were repaired incorrectly under recall 24V953. The window automatic reversal system may not react correctly after detecting an obstruction. As such, these vehicles fail to comply with the requirements of Federal Motor Vehicle Safety Standard (FMVSS) number 118, ""Power-Operated Window Systems.""","A closing window may exert excessive force by pinching a driver or passenger before retracting, increasing the risk of injury.","Dealers will update the driver door module (DDM) and the passenger door module (PDM) software, free of charge. Owner notification letters were mailed on September 23, 2025. Owners may contact Ford customer service at 1-866-436-7332. Ford's number for this recall is 25C36.",,"2024","LINCOLN","NAUTILUS"
"Ford Motor Company","26V165000",0,0,0,,"19/03/2026","BACK OVER PREVENTION:SOFTWARE","Ford Motor Company (Ford) is recalling certain 2022-2025 Lincoln Navigator, 2024-2025 Lincoln Nautilus, 2025 Lincoln Aviator and Explorer vehicles. The Image Processing Module A (IPMA) may experience multiple unexpected resets, resulting in loss of the rearview camera image and advanced driver assistance (ADAS) features, including pre-collision assist, lane-keeping assist, and blind-spot monitoring.","Loss of the rearview camera image and certain driver assistance features, can reduce the driver’s ability to detect hazards, increasing the risk of a crash.","The Image Processing Module A software will be updated by a dealer, or through an over-the-air (OTA) update, free of charge. This is a Phased campaign. Phase 1 will include 2025 Aviator, 2025 Explorer, 2025 Nautilus notified owners on 4/13/2026. Phase 2 will include 2025 Navigator will notify owners on or about 4/20/2026. Phase 3 will include 2022-2024 Navigator will notify owners on or about 6/8/2026. Phase 4 will include 2024 Nautilus will notify owners on or about 6/22/2026. Owner notification letters were mailed April 13, 2026. Owners may contact Ford customer service at 1-866-436-7332. Ford's number for this recall is 26S21. Vehicle Identification Numbers (VINs) involved in this recall will be searchable on NHTSA.gov beginning March 25, 2026.",,"2024","LINCOLN","NAUTILUS"
"Ford Motor Company","24V851000",0,0,0,,"20/12/2024","ENGINE AND ENGINE COOLING:ENGINE:OIL/LUBRICATION","Ford Motor Company (Ford) is recalling certain 2024-2025 F-150, 2024 Expedition and 2024 Lincoln Navigator vehicles equipped with a 3.5L GTDI engine.  The engines may have a misaligned engine cup plug, which can result in a rapid oil leak.","A rapid oil leak can result in an engine stall, increasing the risk of a crash.  In addition, an oil leak in the presence of an ignition source such as hot engine or exhaust components, can increase the risk of a fire.","Dealers will inspect the engine cup plug alignment, and replace the plug if necessary, free of charge.  Owner notification letters were mailed on May 23, 2024.  Owners may contact Ford customer service at 1-866-436-7332.  Ford's number for this recall is 24S70.","Owners may also contact the National Highway Traffic Safety Administration Vehicle Safety Hotline at 1-888-327-4236 (TTY 1-800-424-9153) or go to nhtsa.gov.","2024","LINCOLN","NAVIGATOR"
"Ford Motor Company","24V852000",0,0,0,,"08/11/2024","EQUIPMENT:OTHER:LABELS","Ford Motor Company (Ford) is recalling certain 2020-2025 Explorer, Lincoln Aviator, 2020-2024 Escape, Lincoln Corsair, 2018-2024 F-150, Expedition and Lincoln Navigator vehicles.  The air bag warning label may be missing from the dashboard.  As such, these vehicles fail to comply with the requirement Federal Motor Vehicle Safety Standard number 208, ""Occupant Crash Protection.""","Without a label that shows the proper restraint usage guidelines, the occupants may have an increased risk of injury in the event of a crash.","Ford will mail owners the warning labels, free of charge.  Owner notification letters were mailed December 19, 2024.  Owners may call Ford customer service at 1-866-436-7332.  Ford's number for this recall is 24C39.","Owners may also contact the National Highway Traffic Safety Administration Vehicle Safety Hotline at 1-888-327-4236 (TTY 1-800-424-9153) or go to nhtsa.gov.","2024","LINCOLN","NAVIGATOR"
"Ford Motor Company","25V198000",0,0,0,,"28/03/2025","ENGINE AND ENGINE COOLING:ENGINE:OIL/LUBRICATION","Ford Motor Company (Ford) is recalling certain 2024-2025 F-150, Expedition, and 2024 Lincoln Navigator vehicles equipped with 3.5L GTDI engines.  The engine may have a misaligned engine cup plug, which can result in a rapid oil leak.","A rapid oil leak can result in an engine stall, increasing the risk of a crash.  In addition, an oil leak in the presence of an ignition source such as hot engine or exhaust components, can increase the risk of a fire.","Dealers will inspect the engine cup plug alignment, and replace the plug if necessary, free of charge.  Owner notification letters were mailed May 22, 2025.  Owners may contact Ford customer service at 1-866-436-7332.  Ford's number for this recall is 25S30.","Owners may also contact the National Highway Traffic Safety Administration Vehicle Safety Hotline at 888-327-4236 (TTY 888-275-9171) or go to nhtsa.gov.","2024","LINCOLN","NAVIGATOR"
"Ford Motor Company","25V314000",0,0,0,,"09/05/2025","SERVICE BRAKES, HYDRAULIC:FOUNDATION COMPONENTS:HOSES, LINES/PIPING, AND FITTINGS","Ford Motor Company (Ford) is recalling certain 2022-2024 Navigator and Expedition vehicles.  The front brake lines may contact the engine air cleaner outlet pipe and become damaged, possibly resulting in a brake fluid leak and reduced brake function.","A loss of brake function increases the risk of a crash.","Dealers will inspect the front brake line and replace the brake line or air cleaner outlet pipe, as necessary, free of charge.  Owner notification letters were mailed May 29, 2025.  Owners may contact Ford customer service at 1-866-436-7332.  Ford's number for this recall is 25S47.","Owners may also contact the National Highway Traffic Safety Administration Vehicle Safety Hotline at 888-327-4236 (TTY 888-275-9171) or go to nhtsa.gov.","2024","LINCOLN","NAVIGATOR"
"Ford Motor Company","25V315000",0,0,0,,"09/05/2025","BACK OVER PREVENTION:SOFTWARE","Ford Motor Company (Ford) is recalling certain 2021-2024 Bronco, F-150, 2021-2024 Edge, 2022-2025 Escape, F-250, F-350, F-450, F-550, F-600, 2022-2024 Expedition, 2022-2025 Transit, 2021-2023 Mach-E, 2024 Ranger, Mustang, 2021-2023 Lincoln Nautilus, 2022-2024 Navigator, and 2023-2024 Corsair vehicles. A software error may cause the rearview camera image to delay, freeze, or not display when the vehicle is in reverse.","A frozen or missing rearview camera image can reduce the driver's view behind the vehicle, increasing the risk of a crash.","The accessory protocol interface module (APIM) software will be updated by a dealer or through an over-the-air update, free of charge. This will be a phased campaign, with the remedy becoming available in different phases based on model and model years. Interim letters notifying owners of the safety risk were mailed on June 26, 2025. Additional letters will be mailed once the final remedy is available on each phase. Owner notification letters were sent on October 8, 2025. Owners may contact Ford customer service at 1-866-436-7332. Ford's number for this recall is 25S49.","Owners may also contact the National Highway Traffic Safety Administration Vehicle Safety Hotline at 888-327-4236 (TTY 888-275-9171) or go to nhtsa.gov.","2024","LINCOLN","NAVIGATOR"
"Ford Motor Company","26V104000",0,0,0,,"20/02/2026","ELECTRICAL SYSTEM: INTEGRATED TRAILER BRAKE CONTROL","Ford Motor Company (Ford) is recalling certain 2021-2026 F-150, 2022-2026 F-250 SD, F-350 SD, F-450 SD, F-550 SD, Maverick, 2024-2026 Ranger, 2023-2026 F-600 SD, 2022-2027 Lincoln Navigator, Expedition, and 2026 E-Transit vehicles. When towing a trailer, the integrated trailer module (ITRM) may lose communication with the vehicle, possibly causing a loss of brake and turn signal lights, or a loss of brake function. As such, these vehicles fail to comply with the requirements of Federal Motor Vehicle Safety Standard number 108, "" Lamps, Reflective Devices, and Associated Equipment.""","Trailer lights or brakes that do not function can reduce the driver’s ability to control the trailer and decrease the trailers visibility to other road users, increasing the risk of a crash.","The integrated trailer module software will be updated by a dealer, or through an over-the-air (OTA) update, free of charge. Owner notification letters were mailed March 25, 2026. Owners may contact Ford customer service at 1-866-436-7332. Ford's number for this recall is 26C10. Vehicle Identification Numbers (VINs) involved in this recall will be searchable on NHTSA.gov beginning March 17, 2026.",,"2024","LINCOLN","NAVIGATOR"
"Ford Motor Company","26V165000",0,0,0,,"19/03/2026","BACK OVER PREVENTION:SOFTWARE","Ford Motor Company (Ford) is recalling certain 2022-2025 Lincoln Navigator, 2024-2025 Lincoln Nautilus, 2025 Lincoln Aviator and Explorer vehicles. The Image Processing Module A (IPMA) may experience multiple unexpected resets, resulting in loss of the rearview camera image and advanced driver assistance (ADAS) features, including pre-collision assist, lane-keeping assist, and blind-spot monitoring.","Loss of the rearview camera image and certain driver assistance features, can reduce the driver’s ability to detect hazards, increasing the risk of a crash.","The Image Processing Module A software will be updated by a dealer, or through an over-the-air (OTA) update, free of charge. This is a Phased campaign. Phase 1 will include 2025 Aviator, 2025 Explorer, 2025 Nautilus notified owners on 4/13/2026. Phase 2 will include 2025 Navigator will notify owners on or about 4/20/2026. Phase 3 will include 2022-2024 Navigator will notify owners on or about 6/8/2026. Phase 4 will include 2024 Nautilus will notify owners on or about 6/22/2026. Owner notification letters were mailed April 13, 2026. Owners may contact Ford customer service at 1-866-436-7332. Ford's number for this recall is 26S21. Vehicle Identification Numbers (VINs) involved in this recall will be searchable on NHTSA.gov beginning March 25, 2026.",,"2024","LINCOLN","NAVIGATOR"
"Lion Electric Company","23V452000",0,0,0,,"28/06/2023","ELECTRICAL SYSTEM","Lion Electrical Company (Lion) is recalling certain 2021-2025 LionC school buses.  Loose hardware inside the high-voltage distribution unit (HVDU) or direct current junction box (DCJB) enclosures may contact electrical terminals, causing a short circuit.","A short circuit can shut down the high-voltage circuit, causing a loss of steering assistance or drive power and reducing braking power, increasing the risk of a crash.","Lion technicians will replace the hardware, free of charge.  Owner notification letters were mailed August 21, 2023.  Owners may contact Lion customer service at 1-855-546-6706.  Lion's number for this recall is R2023-007b.","Owners may also contact the National Highway Traffic Safety Administration Vehicle Safety Hotline at 1-888-327-4236 (TTY 1-800-424-9153), or go to www.nhtsa.gov.","2024","LION","LIONC"
"Lion Electric Company","23V448000",0,0,0,,"27/06/2023","ENGINE AND ENGINE COOLING","Lion Electric Company (Lion) is recalling certain 2019-2025 LionC hybrid electric school buses.  The surge tank may move and crack the firewall, allowing the tank to contact and damage the high-voltage cables.","Damaged high-voltage cables can shut down the high-voltage circuit, causing a loss of steering assistance or drive power and reducing braking power, increasing the risk of a crash.","Lion technicians will install a new surge tank support bracket to the accessory plate, free of charge.  Owner notification letters were mailed August 21, 2023.  Owners may contact Lion customer service at 1-855-546-6706.  Lion's number for this recall is R2023-006.","Owners may also contact the National Highway Traffic Safety Administration Vehicle Safety Hotline at 1-888-327-4236 (TTY 1-800-424-9153), or go to www.nhtsa.gov.","2024","LION","LIONC"
"Lion Electric Company","23V710000",0,0,0,,"20/10/2023","SERVICE BRAKES, AIR","Lion Electric Company (Lion Electric) is recalling certain 2024-2025 LionC School Buses.  The anti-lock brake system (ABS) pneumatic valve connections and rear wheel speed sensors may be installed incorrectly.","Incorrectly installed ABS valves and wheel speed sensors can cause a wheel lockup or loss of vehicle control during ABS braking, increasing the risk of a crash.","Lion Electric will correct the brake connections, free of charge.  Owner notification letters were mailed December 15, 2023.  Owners may contact Lion Electric customer service at 1-855-546-6706.  Lion Electric's number for this recall is R2023-008.","Owners may also contact the National Highway Traffic Safety Administration Vehicle Safety Hotline at 1-888-327-4236 (TTY 1-800-424-9153), or go to www.nhtsa.gov.","2024","LION","LIONC"
"Lion Electric Company","24V377000",0,0,0,,"29/05/2024","PARKING BRAKE","Lion Electric Company (Lion Electric) is recalling certain 2024-2025 LionC school buses.  The parking brake may malfunction and allow the lever to be released without pressing the release button.","A parking brake that is released unexpectedly may result in a vehicle roll away, increasing the risk of a crash or injury.","Lion Electric will provide inspection instructions to owners, and replace the parking brake levers as necessary, free of charge.  Owner notification letters were mailed July 25, 2024.  Owners may contact Lion Electric customer service at 1-855-546-6706.  Lion Electric's number for this recall is R2024-01-009.","Owners may also contact the National Highway Traffic Safety Administration Vehicle Safety Hotline at 1-888-327-4236 (TTY 1-800-424-9153), or go to www.nhtsa.gov.","2024","LION","LIONC"
"Lion Electric Company","24V460000",0,0,0,,"20/06/2024","ELECTRICAL SYSTEM:PROPULSION SYSTEM: CABLES:FASTENER/CONNECTOR","Lion Electric Company (Lion Electric) is recalling certain 2023-2024 LionC school buses.  The controller area network (CAN) connector for the high-voltage battery number 4 was incorrectly installed, which can allow water to accumulate and cause a lost connection with the battery.","A lost connection with the battery can lead to a loss of power steering assist and reduced braking ability, increasing the risk of a crash.","Lion Electric will reinstall and replace the CAN connector as necessary, free of charge.  Owner notification letters were mailed July 29, 2024.  Owners may contact Lion Electric customer service at 1-855-546-6706.  Lion Electric's number for this recall is R2024-010.","Owners may also contact the National Highway Traffic Safety Administration Vehicle Safety Hotline at 1-888-327-4236 (TTY 1-800-424-9153), or go to www.nhtsa.gov.","2024","LION","LIONC"
"LIVEWIRE EV, LLC","24V149000",0,0,1,,"26/02/2024","ELECTRICAL SYSTEM:SOFTWARE","LIVEWIRE EV, LLC (LiveWire) is recalling certain 2024 S2DM (S2 Del Mar) motorcycles.  The Vehicle Supervisory Control (VSC) software may initiate and cause a powertrain shutdown as a result of internal software voltage thresholds being exceeded.","An unexpected powertrain shutdown can cause a loss of drive power, increasing the risk of a crash.","LiveWire will release an over-the-air (OTA) software update.  Owner notification letters were mailed March 5, 2024.  Owners may contact LiveWire customer service at 1-855-387-4337.  LiveWire's number for this recall is 1001.","Owners may also contact the National Highway Traffic Safety Administration Vehicle Safety Hotline at 1-888-327-4236 (TTY 1-800-424-9153), or go to www.nhtsa.gov.","2024","LIVEWIRE","S2 DEL MAR"
"LIVEWIRE EV, LLC","24V216000",0,0,0,,"20/03/2024","SUSPENSION:REAR:AXLE:NON-POWERED AXLE ASSEMBLY","LiveWire EV, LLC (LiveWire) is recalling certain 2024 S2DM (S2 Del Mar) motorcycles.  The rear axle and lower shock joint nuts may not have been properly tightened.","A loose axle or shock nut can result in a loss of stability, increasing the risk of a crash.","Dealers will inspect, tighten any loose nuts and replace damaged components as necessary, free of charge.  Owner notification letters were mailed May 26, 2024.  Owners may contact LiveWire customer service at 1-855-387-4337.  LiveWire's number for this recall is 1002.","Owners may also contact the National Highway Traffic Safety Administration Vehicle Safety Hotline at 1-888-327-4236 (TTY 1-800-424-9153), or go to www.nhtsa.gov.","2024","LIVEWIRE","S2 DEL MAR"
"LIVEWIRE EV, LLC","24V601000",0,0,0,,"12/08/2024","ELECTRICAL SYSTEM:PROPULSION SYSTEM:FUSES, RELAYS, CONTACTS, AND SHUNTS","LiveWire EV, LLC (LiveWire) is recalling certain 2024 S2 Del Mar and S2 Mulholland motorcycles.  The high voltage fuse may degrade and unexpectedly open, resulting in a loss of drive power.","Unexpected loss of drive power increases the risk of a crash.","Dealers will install a high voltage fuse with an increased amperage rating, free of charge.  Owner notification letters are expected to be mailed August 2024.  Owners may contact LiveWire customer service at 1-855-387-4337.  LiveWire's number for this recall is 1003.","Owners may also contact the National Highway Traffic Safety Administration Vehicle Safety Hotline at 1-888-327-4236 (TTY 1-800-424-9153), or go to www.nhtsa.gov.","2024","LIVEWIRE","S2 DEL MAR"
"Lucid USA, Inc.","24V076000",0,0,1,,"07/02/2024","FORWARD COLLISION AVOIDANCE: ADAPTIVE CRUISE CONTROL:SOFTWARE","Lucid USA, Inc. (Lucid) is recalling certain 2022-2024 Air vehicles running software release versions 2.1.2 through 2.1.26.  The software may cause a fault while the adaptive cruise control is on, resulting in a loss of drive power.","A sudden loss of drive power increases the risk of a crash.","Lucid released an over-the-air (OTA) software update in October 2023, free of charge.  Owner notification letters are expected to be mailed March 8, 2024.  Owners may contact Lucid customer service at 1-888-995-8243.  Lucid's number for this recall is SR-24-02-0.","Owners may also contact the National Highway Traffic Safety Administration Vehicle Safety Hotline at 1-888-327-4236 (TTY 1-800-424-9153), or go to www.nhtsa.gov.","2024","LUCID","AIR"
"Lucid USA, Inc.","24V495000",0,0,0,,"28/06/2024","VISIBILITY:DEFROSTER/DEFOGGER/HVAC SYSTEM","Lucid USA, Inc. (Lucid) is recalling certain 2022-2024 Air vehicles.  The high voltage coolant heater may fail to defrost the windshield.","A high voltage coolant heater that fails to defrost the windshield can reduce the driver's view, increasing the risk of a crash.","Lucid has released an over-the-air software update to identify a high voltage coolant heater failure and provide a warning to the driver.  High voltage coolant heaters that fail will be replaced.  Software updates and repairs will be performed free of charge.  Owner notification letters were mailed August 5, 2024.  Owners may contact Lucid customer service at 1-888-995-8243.  Lucid's number for this recall is SR-24-04-0.  This recall is an expansion of Recall 24V-011.","Owners may also contact the National Highway Traffic Safety Administration Vehicle Safety Hotline at 1-888-327-4236 (TTY 1-800-424-9153), or go to www.nhtsa.gov.","2024","LUCID","AIR"
"Lucid USA, Inc.","24V836000",0,0,0,,"05/11/2024","ELECTRICAL SYSTEM:PROPULSION SYSTEM","Lucid USA, Inc. (Lucid) is recalling certain 2024-2025 Air Pure rear wheel drive vehicles.  The rear subframe wiring harness may be too short, straining the electrical connection and causing power loss to the rear drive unit (RDU).","A loss of power to the rear drive unit can result in a complete loss of drive power, increasing the risk of a crash.","Lucid will replace the wiring harness, free of charge.  Owner notification letters were mailed December 18, 2024.  Owners may contact Lucid at 1-888-995-8243.  Lucid's number for this recall is SR-24-05-0.","Owners may also contact the National Highway Traffic Safety Administration Vehicle Safety Hotline at 1-888-327-4236 (TTY 1-800-424-9153) or go to nhtsa.gov.","2024","LUCID","AIR"
"Lucid USA, Inc.","25V669000",0,0,0,,"07/10/2025","POWER TRAIN:DRIVELINE:DRIVESHAFT","Lucid USA, Inc. (Lucid) is recalling certain 2024-2026 Air vehicles equipped with Pure Rear-Wheel Drive. Improperly secured bolts may allow the half-shaft to disconnect from the drive unit.","A disconnected half shaft can result in a loss of drive power, increasing the risk of a crash.","Lucid will remove, inspect, and install new bolts, free of charge. Owner notification letters were mailed December 3, 2025. Owners may contact Lucid at 1-888-995-8243. Lucid's number for this recall is SR-25-03-0.",,"2024","LUCID","AIR"
"Lucid USA, Inc.","25V670000",0,0,0,,"07/10/2025","BACK OVER PREVENTION:SOFTWARE","Lucid USA, Inc. (Lucid) is recalling certain 2022-2025 Air vehicles operating a software version prior to 2.8.0. The lower console display may fail to show a rearview camera image or may show a delayed, inaccurate image of what is behind the vehicle. As such, these vehicles fail to comply with the requirements of Federal Motor Vehicle Safety Standard number 111, ""Rear Visibility.""","A rearview image that does not appear or fails to accurately depict behind the vehicle increases the risk of a crash.","Lucid has released an over-the-air (OTA) software update, free of charge. Owner notification letters were mailed December 3, 2025. Owners may contact Lucid at 1-888-995-8243. Lucid's number for this recall is SR-25-04-0.

The information in your report suggests that Lucid may have been aware of this issue more than five business days before filing a report with NHTSA. Please be reminded that under Federal law, this agency is to be notified of all safety defect and/or noncompliance decisions within five business days. 49 CFR 573.6 Significant civil penalties can be assessed for this violation.",,"2024","LUCID","AIR"
"Lucid USA, Inc.","26V017000",0,0,0,,"16/01/2026","BACK OVER PREVENTION:SOFTWARE","Lucid USA, Inc. (Lucid) is recalling certain 2022-2026 Air vehicles equipped with an AD02 package and operating a software version from 2.8.0 through 2.8.16. The rearview camera image may not display when the vehicle is placed in reverse. As such, these vehicles fail to comply with the requirements of Federal Motor Vehicle Safety Standard number 111, ""Rear Visibility.""","A rearview image that does not display reduces the driver's view behind the vehicle, increasing the risk of a crash.","Lucid has released an over-the-air (OTA) software update, free of charge. Owner notification letters were mailed March 4, 2026. Owners may contact Lucid at 1-888-995-8243. Lucid's number for this recall is SR-26-01-0.",,"2024","LUCID","AIR"
"Lucid USA, Inc.","26V193000",0,0,0,,"26/03/2026","POWER TRAIN:DRIVELINE:DRIVESHAFT","Lucid USA, Inc. (Lucid) is recalling certain 2024-2026 Air vehicles equipped with Pure Rear-Wheel Drive. Improperly secured bolts may allow the half-shaft to disconnect from the drive unit.","A disconnected half shaft can result in a loss of drive power, increasing the risk of a crash.","Lucid will remove and install new bolts, free of charge. Owner notification letters were mailed May 18, 2026. Owners may contact Lucid at 1-888-995-8243. Lucid's number for this recall is SR-26-03-0. This recall is an expansion of previous NHTSA recall number 25V669.",,"2024","LUCID","AIR"
"Lucid USA, Inc.","26V309000",0,0,0,,"13/05/2026","ELECTRICAL SYSTEM:PROPULSION SYSTEM:INVERTER","Lucid USA, Inc. (Lucid) is recalling certain 2024-2025 Air vehicles equipped with rear-wheel drive. The Gen 4 inverter may experience internal friction and become damaged, causing a loss of drive power.","A loss of drive power increases the risk of a crash.","Lucid will release an over-the-air (OTA) software update to continually inspect for an inverter failure. If a failure is detected Lucid will replace the inverter, free of charge. Owner notification letters were mailed July 8, 2026. Owners may contact Lucid at 1-888-995-8243. Lucid's number for this recall is SR-26-05-0.",,"2024","LUCID","AIR"
"Mack Trucks, Inc.","23V691000",0,0,0,,"13/10/2023","ELECTRONIC STABILITY CONTROL (ESC)","Mack Trucks, Inc. (Mack) is recalling certain 2024 Anthem and Pinnacle vehicles.  A software programming error may cause the electronic stability control (ESC) to be inoperative.","Driving with an inoperative electronic stability control system can increase the risk of a crash.","Dealers will reprogram the control unit software, free of charge.  Owner notification letters are expected to be mailed December 3, 2023.  Owners may contact Mack's customer service at 1-800-866-1177.  Mack's number for this recall is SC0450.","Owners may also contact the National Highway Traffic Safety Administration Vehicle Safety Hotline at 1-888-327-4236 (TTY 1-800-424-9153), or go to www.nhtsa.gov.","2024","MACK","ANTHEM (AN)"
"Mack Trucks, Inc.","23V792000",0,0,0,,"22/11/2023","VEHICLE SPEED CONTROL","Mack Trucks, Inc. (Mack) is recalling certain 2023-2024 GR, AN, LR, and Terrapro vehicles.  The engine may not return to idle within 2 seconds if the accelerator pedal position sensor becomes disconnected.  As such, these vehicles fail to comply with the requirements of Federal Motor Vehicle Safety Standard number 124, ""Accelerator Control Systems.""","An engine that does not return to idle quickly enough can cause a loss of vehicle control, increasing the risk of a crash.","Mack will replace the throttle pedal and update the vehicle software, free of charge.  Owner letters were mailed February 27, 2024.  Owners may contact Mack customer service at 1-800-866-1177.  Mack's number for this recall is SC0455.","Owners may also contact the National Highway Traffic Safety Administration Vehicle Safety Hotline at 1-888-327-4236 (TTY 1-800-424-9153), or go to www.nhtsa.gov.","2024","MACK","ANTHEM (AN)"
"Mack Trucks, Inc.","23V899000",0,0,0,,"26/12/2023","STEERING","Mack Trucks, Inc. (Mack) is recalling certain 2024 Anthem, Pinnacle, and Terrapro vehicles.  The steering gear assemblies may have been assembled incorrectly with fewer recirculating balls than are required, which may result in a loss of steering control.","A loss of steering control increases the risk of a crash.","Dealers will inspect and replace the defective gears as necessary, free of charge.  Owner notification letters were mailed February 9, 2024.  Owners may contact Mack customer service at 1-800-866-1177.  Mack's number for this recall is SC0457.","Owners may also contact the National Highway Traffic Safety Administration Vehicle Safety Hotline at 1-888-327-4236 (TTY 1-800-424-9153), or go to www.nhtsa.gov.","2024","MACK","ANTHEM (AN)"
"Mack Trucks, Inc.","24V567000",0,0,0,,"30/07/2024","SEATS:CRITICAL FASTENERS","Mack Trucks, Inc. (Mack) is recalling certain 2024-2025 Anthem, Granite, and Pinnacle vehicles equipped with RollTek driver's seat assemblies.  The seat pedestal and seat belt attachment may have been improperly tightened.","An improperly tightened seat pedestal and seat belt attachment may not restrain the occupant as intended, increasing their risk of injury during a crash.","Dealers will replace and tighten the seat pedestal and seat belt attachment bolts, free of charge.  Owner notification letters were mailed September 16, 2024.  Owners may contact Mack customer service at 1-800-866-1177.  Mack's number for this recall is SC0469.","Owners may also contact the National Highway Traffic Safety Administration Vehicle Safety Hotline at 1-888-327-4236 (TTY 1-800-424-9153), or go to www.safercar.gov.","2024","MACK","ANTHEM (AN)"
"Mack Trucks, Inc.","24V792000",0,0,0,,"23/10/2024","SERVICE BRAKES, HYDRAULIC:ANTILOCK/TRACTION CONTROL/ELECTRONIC LIMITED SLIP:CONTROL UNIT/MODULE","Mack Trucks, Inc. (Mack) is recalling certain 2020-2025 Anthem, Granite, TerraPro and Pinnacle vehicles, equipped with Bendix EC80 Advanced Electronic Control Units (ECU).  Electrical noise and low signal to the power line carrier may cause the ECU to incorrectly process commands or stop working.","Safety systems that depend on the ECU (Automatic Traction Control, ABS, Electronic Stability Control, Active Cruise Control, and Collison Mitigation System) may have diminished or lost functionality, increasing the risk of a crash.","Dealers will reprogram the ECU software, free of charge.  Owner notification letters were mailed December 9, 2024.  Owners may contact Mack customer service at 1-800-866-1177.  Mack's number for this recall is SC0472.","Owners may also contact the National Highway Traffic Safety Administration Vehicle Safety Hotline at 1-888-327-4236 (TTY 1-800-424-9153) or go to nhtsa.gov.","2024","MACK","ANTHEM (AN)"
"Mack Trucks, Inc.","25V666000",0,0,0,,"06/10/2025","SEAT BELTS:FRONT:ANCHORAGE","Mack Trucks, Inc. (Mack) is recalling certain 2020-2025 Mack MD, 2019-2025 Anthem, Granite, 2024 MD Electric, and 2025 Pinnacle trucks equipped with a passenger bench seat. The seat belt anchorage bracket may be improperly welded. As such, these vehicles fail to comply with the requirements of Federal Motor Vehicle Safety Standard number 210, ""Seat Belt Assembly Anchorages.""","An improperly welded seat belt anchorage bracket can detach during a crash, increasing the risk of injury.","Dealers will install a reinforcement plate, free of charge. Owner letters were mailed January 21, 2026. Owners may contact Mack's customer service at 1-800-866-1177. Mack's number for this recall is SC0485. Vehicle Identification Numbers (VINs) involved in this recall will be searchable on NHTSA.gov beginning October 13, 2025.",,"2024","MACK","ANTHEM (AN)"
"Mazda North American Operations","24V649000",0,0,0,,"03/09/2024","LANE DEPARTURE: SENSING SYSTEM: CAMERA","Mazda North American Operations (Mazda) is recalling certain 2024 Mazda 3, CX-30, and 2025 CX-50 vehicles.  A malfunction in the forward sensing camera (FSC) may prevent the automatic emergency braking system and the lane-keep assist system from functioning.  In addition, the headlights will not automatically adjust from high beams to low beams as intended.","Automatic braking, steering assist, and headlight control systems that do not function as intended can increase the risk of a crash.","Dealers will inspect and replace the forward sensing camera as necessary, free of charge.  Owner notification letters were mailed September 24, 2024.  Owners may contact Mazda customer service at 1-800-222-5500, Option 6.  Mazda's number for this recall is 6824H.","Owners may also contact the National Highway Traffic Safety Administration Vehicle Safety Hotline at 1-888-327-4236 (TTY 1-800-424-9153), or go to www.nhtsa.gov.","2024","MAZDA","CX-30"
"Mazda North American Operations","25V357000",0,0,0,,"29/05/2025","AIR BAGS: AIR BAG/RESTRAINT CONTROL MODULE:SOFTWARE","Mazda North American Operations is recalling certain 2024-2025 Mazda3 and CX30 vehicles. The Sophisticated Air Bag Sensor (SAS) units may set an error code and deactivate the air bags, due to a low battery condition.","Air bags that do not deploy in the event of a crash increase the risk of injury.","Dealers will reprogram the SAS unit with improved software or replace the unit, free of charge.  Owner notification letters were mailed July 24, 2025.  Mazda's number for this recall is 7525E.",,"2024","MAZDA","CX-30"
"Mazda North American Operations","25V167000",0,0,0,,"14/03/2025","TRAILER HITCHES","Mazda North American Operations (Mazda) is recalling certain 2024-2025 CX-50 vehicles equipped with Mazda Genuine Accessory trailer hitches.  The trailer hitch assembly bolts may loosen and cause the assembly to separate from the vehicle body during towing or normal driving conditions.","A detached trailer hitch assembly can create a road hazard, increasing the risk of a crash.","Dealers will tighten the trailer hitch bolts, free of charge.  Owner notification letters were mailed April 4, 2025.  Mazda's number for this recall is 7225C.","Owners may also contact the National Highway Traffic Safety Administration Vehicle Safety Hotline at 888-327-4236 (TTY 888-275-9171) or go to nhtsa.gov.","2024","MAZDA","CX-50"
"Mazda North American Operations","23V718000",0,0,0,,"26/10/2023","BACK OVER PREVENTION: SENSING SYSTEM: CAMERA","Mazda North American Operations (Mazda) is recalling certain 2024 CX-90 and MAZDA3 vehicles.  Due to a software error, the rearview, front, and/or side camera images may not appear on the display.  As such, these vehicles fail to comply with the requirements of Federal Motor Vehicle Safety Standard number 111, ""Rear Visibility.""","A camera that does not display an image can reduce the driver's view, increasing the risk of a crash or injury.","Dealers will update the view monitor control module software, free of charge.  Owner notification letters were mailed December 20, 2023.  Owners may contact Mazda customer service at 1-800-222-5500 Option 6.  Mazda's number for this recall is 6223J.","Owners may also contact the National Highway Traffic Safety Administration Vehicle Safety Hotline at 1-888-327-4236 (TTY 1-800-424-9153), or go to www.nhtsa.gov.","2024","MAZDA","MAZDA3"
"Mazda North American Operations","24V649000",0,0,0,,"03/09/2024","LANE DEPARTURE: SENSING SYSTEM: CAMERA","Mazda North American Operations (Mazda) is recalling certain 2024 Mazda 3, CX-30, and 2025 CX-50 vehicles.  A malfunction in the forward sensing camera (FSC) may prevent the automatic emergency braking system and the lane-keep assist system from functioning.  In addition, the headlights will not automatically adjust from high beams to low beams as intended.","Automatic braking, steering assist, and headlight control systems that do not function as intended can increase the risk of a crash.","Dealers will inspect and replace the forward sensing camera as necessary, free of charge.  Owner notification letters were mailed September 24, 2024.  Owners may contact Mazda customer service at 1-800-222-5500, Option 6.  Mazda's number for this recall is 6824H.","Owners may also contact the National Highway Traffic Safety Administration Vehicle Safety Hotline at 1-888-327-4236 (TTY 1-800-424-9153), or go to www.nhtsa.gov.","2024","MAZDA","MAZDA3"
"Mazda North American Operations","25V357000",0,0,0,,"29/05/2025","AIR BAGS: AIR BAG/RESTRAINT CONTROL MODULE:SOFTWARE","Mazda North American Operations is recalling certain 2024-2025 Mazda3 and CX30 vehicles. The Sophisticated Air Bag Sensor (SAS) units may set an error code and deactivate the air bags, due to a low battery condition.","Air bags that do not deploy in the event of a crash increase the risk of injury.","Dealers will reprogram the SAS unit with improved software or replace the unit, free of charge.  Owner notification letters were mailed July 24, 2025.  Mazda's number for this recall is 7525E.",,"2024","MAZDA","MAZDA3"
"Mazda North American Operations","25V336000",0,0,0,,"04/06/2025","TRACTION CONTROL SYSTEM","Mazda North American Operations (Mazda) is recalling certain 2024-2025 Mazda MX-5 vehicles. The Traction Control System (TCS) and Dynamic Stability Control (DSC) indicator light may fail to illuminate as intended due to a software error. As such, these vehicles fail to conform to Federal Motor Vehicle Safety Standard number 126, ""Electronic Stability Control Systems.""","An indicator light that does not illuminate may fail to warn the driver of a TCS or DSC system issue, increasing the risk of a crash.","Dealers will replace the DSC unit, free of charge. Owner notification letters were mailed July 18, 2025. Owners may contact Mazda customer service at 1-800-222-5500 Option 6. Mazda's number for this recall is 7425E.",,"2024","MAZDA","MX-5"
"Mercedes-Benz USA, LLC","25V366000",0,0,0,,"05/06/2025","BACK OVER PREVENTION:WARNINGS:EXTERNAL/PEDESTRIAN ALERT","Mercedes-Benz USA, LLC (MBUSA) is recalling certain 2022-2025 S-Class, EQE SUV, EQE, EQS SUV and EQS vehicles. Please see the recall report for a complete list of models. Software in the Acoustic Vehicle Alerting System (AVAS) may cause an incorrect external pedestrian warning sound while reversing. As such, these vehicles fail to comply with the requirements of Federal Motor Vehicle Safety Standard number 141, ""Minimum Sound Requirements for Hybrid Electric Vehicles.""","A vehicle that makes an incorrect sound may fail to alert pedestrians of a reversing vehicle, increasing the risk of crash.","Dealers will update the AVAS software, free of charge.  Owner notification letters were mailed August 1, 2025. Owners may contact MBUSA customer service at 1-800-367-6372. MBUSA's number for this recall is 2025070005.",,"2024","MERCEDES-BENZ","EQS 450 4MATIC"
"Daimler Vans USA, LLC","24V316000",0,0,0,,"06/05/2024","ELECTRONIC STABILITY CONTROL (ESC):CONTROL MODULE:SOFTWARE","Daimler Vans USA, LLC (DVUSA) is recalling certain 2024 Mercedes-Benz eSprinter vehicles.  Due to a software error in the electronic stability program (ESP), the force required to stop the vehicle may increase, possibly requiring an extended distance to stop.","Extended stopping distance can increase the risk of a crash.","Dealers will update the ESP control unit software, free of charge.  Owner notification letters were mailed June 3, 2024.  Owners may contact DVUSA customer service at 1-877-762-8267.  DVUSA's number for this recall is VS3EBOOSTF.","Owners may also contact the National Highway Traffic Safety Administration Vehicle Safety Hotline at 1-888-327-4236 (TTY 1-800-424-9153), or go to www.nhtsa.gov.","2024","MERCEDES-BENZ","ESPRINTER"
"Daimler Vans USA, LLC","25V090000",0,0,0,,"14/02/2025","PARKING BRAKE:DRIVELINE","Daimler Vans USA, LLC (DVUSA) is recalling certain 2024 Mercedes-Benz eSprinter vehicles.  The welds on the helical gear within the rear axle drivetrain may fail, causing a loss of drive power.","A loss of drive power increases the risk of a crash.  In addition, drivetrain failure can result in a vehicle rollaway if the parking brake is not applied, increasing the risk of a crash or injury.","Dealers will replace the rear axle electric drivetrain, free of charge.  Owner notification letters were mailed May 5, 2025.  Owners may contact DVUSA customer service at 877-762-8267.  DVUSA's number for this recall is V3ESCHWEI.","Owners may also contact the National Highway Traffic Safety Administration Vehicle Safety Hotline at 888-327-4236 (TTY 888-275-9171) or go to nhtsa.gov.","2024","MERCEDES-BENZ","ESPRINTER"
"Mercedes-Benz USA, LLC","25V379000",0,0,0,,"06/06/2025","STRUCTURE:BODY:ROOF AND PILLARS","Mercedes-Benz USA, LLC (MBUSA) is recalling certain 2023-2025 GLC 300, GLC 300 4MATIC, 2024-2025 AMG GLC 43 4MATIC, 2025 GLC 350E 4MATIC, and AMG GLC 63 S E vehicles equipped with a panoramic sunroof. In certain crash scenarios, where the rear occupant's head contacts the C-pillar, the pillar may not absorb an adequate amount of the impact. As such, these vehicles fail to comply with the requirements of Federal Motor Vehicle Safety Standard (FMVSS) number 201, ""Occupant Protection in Interior Impact.""","In the event of a crash, insufficient impact protection can increase the risk of injury.","Dealers will modify the roof lining and C-pillar trim, free of charge. Owner notification letters were mailed July 9, 2025. Owners may contact MBUSA customer service at 1-800-367-6372.",,"2024","MERCEDES-BENZ","GLC 300 4MATIC"
"Mercedes-Benz USA, LLC","25V533000",0,0,0,,"20/08/2025","STEERING:CRITICAL FASTENERS","Mercedes-Benz USA, LLC (MBUSA) is recalling certain 2023-2026 EQE and GLC vehicles. Please see the recall report for a complete list of models. The steering coupling bolt may have been improperly tightened, allowing the steering coupling to loosen from the steering rack.","A loose steering coupling can cause a loss of steering control, increasing the risk of a crash.","Dealers will tighten the steering coupling bolts as necessary, free of charge. Owner notification letters were mailed October 6, 2025. Owners may contact MBUSA customer service at 1-800-367-6372.",,"2024","MERCEDES-BENZ","GLC 300 4MATIC"
"Mercedes-Benz USA, LLC","25V325000",0,0,0,,"30/05/2025","VISIBILITY:REARVIEW MIRRORS/DEVICES:INTERIOR","Mercedes-Benz USA, LLC (MBUSA) is recalling certain 2024 GLE 350 4MATIC, 2025  GLE 450e 4MATIC, GLE 450 4MATIC Coupe, GLE 450 4MATIC, GLS 450 4MATIC, Maybach GLS 600 4MATIC, AMG GLE 53 4MATIC, AMG GLE 53 4MATIC Coupe, AMG GLE 63 S 4MATIC Coupe, and AMG GLS 63 4MATIC vehicles. The multi-purpose camera and the rearview mirror may be insufficiently attached to the windshield and may detach.","A detached mirror can reduce visibility for the driver.  A detached camera can cause a loss of certain driving assistance systems, such as Active Lane Keeping Assist and Active Brake Assist.  Either of these situations can increase the risk of a crash.","Dealers will replace the windshield and reinstall the multi-purpose camera and rearview mirror, free of charge. Owner notification letters were mailed June 27, 2025. Owners may contact MBUSA customer service at 1-800-367-6372. MBUSA's number for this recall is 2025060001.",,"2024","MERCEDES-BENZ","GLE 350 4MATIC"
"Daimler Vans USA, LLC","24V517000",0,0,0,,"09/07/2024","SUSPENSION:REAR:SPRINGS:LEAF SPRING ASSEMBLY:U-BOLT, LEAF SPRING TO AXLE","Daimler Vans USA, LLC (DVUSA) is recalling certain 2023-2024 Mercedes-Benz Sprinter vehicles.  The spring U-bolts for the rear axle may have reduced strength due to improper heat-treatment, which can cause the rear axle to shift out of position.","An axle that moves out of position can cause a loss of vehicle control, increasing the risk of a crash.","Dealers will replace the spring U-bolts, free of charge.  Owner notification letters were mailed August 23, 2024.  Owners may contact DVUSA customer service at 1-877-762-8267.  DVUSA's number for this recall is VS3FEDERB.","Owners may also contact the National Highway Traffic Safety Administration Vehicle Safety Hotline at 1-888-327-4236 (TTY 1-800-424-9153), or go to www.nhtsa.gov.","2024","MERCEDES-BENZ","SPRINTER 1500"
"Daimler Vans USA, LLC","25V135000",0,0,0,,"28/02/2025","PARKING BRAKE","Daimler Vans USA, LLC (DVUSA) is recalling certain 2024 Mercedes-Benz Sprinter vehicles.  The parking brake cable bracket welds may fail and disengage the parking brake.  As such, these vehicles fail to comply with the requirements of Federal Motor Vehicle Safety Standard number 105, ""Hydraulic and Electric Brake Systems.""","Parking brake failure can result in a vehicle rollaway, increasing the risk of a crash.","Dealers will inspect and repair the parking brake cable bracket as necessary, free of charge.  Owner notification letters were mailed April 30, 2025. 
 Owners may contact DVUSA customer service at 877-762-8267.  DVUSA's number for this recall is VS3HALHAN.","Owners may also contact the National Highway Traffic Safety Administration Vehicle Safety Hotline at 888-327-4236 (TTY 888-275-9171) or go to nhtsa.gov.","2024","MERCEDES-BENZ","SPRINTER 1500"
"Mitsubishi Motors North America, Inc.","25V369000",0,0,0,,"02/06/2025","BACK OVER PREVENTION:SOFTWARE","Mitsubishi Motors North America, Inc. (Mitsubishi) is recalling certain 2022-2024 Outlander and 2023-2025 Outlander PHEV vehicles. Due to a software error in the in-vehicle infotainment system (A-IVI), the rearview camera image may freeze, or not appear on the display. As such, these vehicles fail to comply with the requirements of Federal Motor Vehicle Safety Standard (FMVSS) number 111, ""Rear Visibility.""","A rearview image that does not display properly reduces the driver's view of what is behind the vehicle, increasing the risk of a crash.","Dealers will update the A-IVI software, free of charge.  Owner notification letters are expected to be mailed June 30, 2025. Mitsubishi's number for this recall is SR-25-001. This recall replaces and expands previous NHTSA recall number 23V345. Vehicles previously repaired under recall 23V345 will need to have the new remedy completed.",,"2024","MITSUBISHI","OUTLANDER"
"Nikola Corporation","25V073000",0,0,0,,"07/02/2025","FUEL SYSTEM, OTHER:STORAGE:TANK ASSEMBLY:MOUNTING","Nikola Corporation (Nikola) is recalling certain 2024-2025 Tre FCEV trucks.  The hydrogen tank mounting block bolts may be too long and damage the tank.","A damaged tank can leak fuel, increasing the risk of a fire.","Nikola will inspect and replace the bolts, and replace the hydrogen tank as necessary, free of charge.  Owner notification letters were mailed March 14, 2025.  Owners may contact Nikola customer service at 1-630-808-4531.  Nikola's number for this recall is 24VDC1101.","Owners may also contact the National Highway Traffic Safety Administration Vehicle Safety Hotline at 1-888-327-4236 (TTY 888-275-9171) or go to nhtsa.gov.","2024","NIKOLA","TRE FCEV"
"Nissan North America, Inc.","23V882000",0,0,0,,"21/12/2023","STEERING:RACK AND PINION","Nissan North America, Inc. (Nissan) is recalling certain 2024 Altima vehicles.  The bolts connecting the electronic power steering unit to the steering rack may loosen, resulting in a loss of steering control or steering lock-up.","A loss of steering control or steering lock-up can increase the risk of a crash.","Dealers will replace the steering gear assembly, free of charge.  Owner notification letters were mailed February 9, 2024.  Owners may contact Nissan customer service at 1-800-867-7669.  Nissan's number for this recall is PC997.","Owners may also contact the National Highway Traffic Safety Administration Vehicle Safety Hotline at 1-888-327-4236 (TTY 1-800-424-9153), or go to www.nhtsa.gov.","2024","NISSAN","ALTIMA"
"Nissan North America, Inc.","24V154000",0,0,0,,"27/02/2024","AIR BAGS:FRONTAL:DRIVER SIDE:INFLATOR MODULE","Nissan North America, Inc. (Nissan) is recalling certain 2024 Titan, Frontier, Infiniti QX60, Pathfinder, 2023-2024 Sentra, Versa, Kicks, Infiniti QX50, and 2023 Rogue vehicles.  Due to a manufacturing issue, the driver's air bag inflator may absorb moisture, and cause the air bag to deploy improperly.","An air bag that deploys improperly may not protect the driver as intended during a crash, increasing the risk of injury.","Dealers will replace the front driver's air bag assembly, free of charge.  Owner notification letters were mailed April 10, 2024.  Owners may contact Nissan customer service at 1-800-867-7669.  Nissan's numbers for this recall are PD103, PD104, and PMA34.","Owners may also contact the National Highway Traffic Safety Administration Vehicle Safety Hotline at 1-888-327-4236 (TTY 1-800-424-9153), or go to www.nhtsa.gov.","2024","NISSAN","KICKS"
"Nissan North America, Inc.","24V053000",0,0,0,,"30/01/2024","VISIBILITY:GLASS, SIDE/REAR","Nissan North America, Inc. (Nissan) is recalling certain 2024 Murano vehicles.  The incorrect primer may have been used on the quarter glass, resulting in the left and right quarter glass detaching from the vehicle.","Detached glass panels can become a road hazard, increasing the risk of a crash.","Dealers will replace both side quarter glass panels, free of charge.  Owner notification letters were mailed March 7, 2024.  Owners may contact Nissan customer service at 1-800-867-7669.  Nissan's number for this recall is PD102.","Owners may also contact the National Highway Traffic Safety Administration Vehicle Safety Hotline at 1-888-327-4236 (TTY 1-800-424-9153), or go to www.nhtsa.gov.","2024","NISSAN","MURANO"
"Nissan North America, Inc.","24V154000",0,0,0,,"27/02/2024","AIR BAGS:FRONTAL:DRIVER SIDE:INFLATOR MODULE","Nissan North America, Inc. (Nissan) is recalling certain 2024 Titan, Frontier, Infiniti QX60, Pathfinder, 2023-2024 Sentra, Versa, Kicks, Infiniti QX50, and 2023 Rogue vehicles.  Due to a manufacturing issue, the driver's air bag inflator may absorb moisture, and cause the air bag to deploy improperly.","An air bag that deploys improperly may not protect the driver as intended during a crash, increasing the risk of injury.","Dealers will replace the front driver's air bag assembly, free of charge.  Owner notification letters were mailed April 10, 2024.  Owners may contact Nissan customer service at 1-800-867-7669.  Nissan's numbers for this recall are PD103, PD104, and PMA34.","Owners may also contact the National Highway Traffic Safety Administration Vehicle Safety Hotline at 1-888-327-4236 (TTY 1-800-424-9153), or go to www.nhtsa.gov.","2024","NISSAN","PATHFINDER"
"Nissan North America, Inc.","24V176000",0,0,0,,"05/03/2024","SEAT BELTS:PRETENSIONER","Nissan North America, Inc. (Nissan) is recalling certain 2024 Pathfinder and Infiniti QX60 vehicles.  The lap belt pretensioner in the left-side front seat belt assembly may be improperly secured, due to a missing rivet.  As such, these vehicles fail to comply with the requirements of Federal Motor Vehicle Safety Standard numbers 208 ""Occupant Crash Protection,"" 209 ""Seat Belt Assemblies,"" and 210 ""Seat Belt Assembly Anchorages.""","An unsecured lap belt pretensioner will not properly restrain an occupant during a crash, increasing the risk of injury.","Dealers will inspect and replace the left-side front lap seat belt pretensioner assemblies as necessary, free of charge.  Owner notification letters were mailed April 18, 2024.  Owners may contact Nissan customer service at 1-800-867-7669.  Owners may contact Infiniti customer service at 1-800-662-6200.  Nissan's numbers for this recall are PD106 and PD107.","Owners may also contact the National Highway Traffic Safety Administration Vehicle Safety Hotline at 1-888-327-4236 (TTY 1-800-424-9153), or go to www.nhtsa.gov.","2024","NISSAN","PATHFINDER"
"Nissan North America, Inc.","24V748000",0,0,1,,"03/10/2024","BACK OVER PREVENTION","Nissan North America, Inc. (Nissan) is recalling certain 2024-2025 Rogue and 2025 INFINITI QX80 vehicles.  A software error may cause the rearview camera to display a blank screen when the vehicle is in reverse.  As such, these vehicles fail to comply with the requirements of Federal Motor Vehicle Safety Standard number 111, ""Rear Visibility.""","The loss of the rearview camera image while in reverse can reduce the driver's rear visibility, increasing the risk of a crash.","The in-vehicle infotainment software will be updated by an over-the-air (OTA) software update or by a dealer, free of charge.  Owner notification letters were mailed December 2, 2024.  Owners may contact Nissan's customer service at 800-647-7261 or INFINITI's customer service at 1-800-662-6200.  Nissan's numbers for this recall are R24B3 and R24B4.","Owners may also contact the National Highway Traffic Safety Administration Vehicle Safety Hotline at 1-888-327-4236 (TTY 1-800-424-9153) or go to nhtsa.gov.","2024","NISSAN","ROGUE"
"Nissan North America, Inc.","25V437000",0,0,0,,"27/06/2025","ENGINE AND ENGINE COOLING:ENGINE:HARD PARTS INTERNAL/MECHANICAL","Nissan North America, Inc. (Nissan) is recalling certain 2021-2024 Rogue, 2019-2020 Altima, 2019-2022 Infiniti QX50, and 2022 Infiniti QX55 vehicles equipped with 3-cylinder 1.5L or 4-cylinder 2.0L variable compression turbo (VC-Turbo) engines. The engine bearings may have manufacturing defects that can lead to engine failure.","Engine failure increases the risk of a crash. A bearing failure may cause a breach in the engine block, allowing hot oil to be discharged, increasing the risk of an engine fire.","Dealers will reprogram the engine control module (ECM) software, free of charge. Owner letters were mailed April 8, 2026. Owners may contact Nissan's customer service at 800-647-7261 or Infiniti's customer service at 1-800-662-6200. Nissan's numbers for this recall are R25A8/A9 and R25B1/B2.",,"2024","NISSAN","ROGUE"
"Nissan North America, Inc.","26V080000",0,0,0,,"12/02/2026","ENGINE AND ENGINE COOLING:ENGINE:HARD PARTS INTERNAL/MECHANICAL","Nissan North America, Inc. (Nissan) is recalling certain 2023-2025 Rogue vehicles equipped with 3-cylinder 1.5L variable compression turbo (VC-Turbo) engines. Increased temperatures can break down the engine oil, which may cause the engine bearings to seize and become damaged, leading to engine failure.","Engine failure can cause a loss of drive power, increasing the risk of a crash. A bearing failure may cause a breach in the engine block, allowing hot oil to be discharged, increasing the risk of an engine fire.","Dealers will reprogram the engine control module (ECM) software, inspect for diagnostic trouble codes, and test drive the vehicle, free of charge. The dealer may also inspect the oil pan for metal debris, and replace the engine if necessary. Repairs will be performed free of charge. Owner notification letters were mailed April 8, 2026. Owners may contact Nissan's customer service at 800-647-7261. Nissan's numbers for this recall are R25E2 and R25E3. This recall expands previous NHTSA recall number 25V437. Vehicle Identification Numbers (VINs) involved in this recall will be searchable on NHTSA.gov beginning February 27, 2026.",,"2024","NISSAN","ROGUE"
"Nissan North America, Inc.","26V081000",0,0,0,,"12/02/2026","FUEL SYSTEM, GASOLINE:FUEL INJECTION SYSTEM:THROTTLEBODY/MANIFOLD","Nissan North America, Inc. (Nissan) is recalling certain 2024-2025 Rogue vehicles equipped with 3-cylinder 1.5L variable compression turbo (VC-Turbo) engines. The gears in the electronic throttle body assembly may break.","Broken throttle body gears can cause a loss of drive power, increasing the risk of a crash.","Dealers will reprogram the engine control module (ECM) software and inspect and replace the electronic throttle body assembly as necessary, free of charge. Owner notification letters were mailed April 8, 2026. Owners may contact Nissan's customer service at 800-647-7261. Nissan's numbers for this recall are R25E2, R25E3 and R25A9. Vehicle Identification Numbers (VINs) involved in this recall will be searchable on NHTSA.gov beginning February 27, 2026.",,"2024","NISSAN","ROGUE"
"Nissan North America, Inc.","24V154000",0,0,0,,"27/02/2024","AIR BAGS:FRONTAL:DRIVER SIDE:INFLATOR MODULE","Nissan North America, Inc. (Nissan) is recalling certain 2024 Titan, Frontier, Infiniti QX60, Pathfinder, 2023-2024 Sentra, Versa, Kicks, Infiniti QX50, and 2023 Rogue vehicles.  Due to a manufacturing issue, the driver's air bag inflator may absorb moisture, and cause the air bag to deploy improperly.","An air bag that deploys improperly may not protect the driver as intended during a crash, increasing the risk of injury.","Dealers will replace the front driver's air bag assembly, free of charge.  Owner notification letters were mailed April 10, 2024.  Owners may contact Nissan customer service at 1-800-867-7669.  Nissan's numbers for this recall are PD103, PD104, and PMA34.","Owners may also contact the National Highway Traffic Safety Administration Vehicle Safety Hotline at 1-888-327-4236 (TTY 1-800-424-9153), or go to www.nhtsa.gov.","2024","NISSAN","SENTRA"
"Nissan North America, Inc.","24V304000",0,0,0,,"29/04/2024","POWER TRAIN:DRIVELINE:DRIVESHAFT","Nissan North America, Inc. (Nissan) is recalling certain 2024 Sentra vehicles.  The front left-side driveshaft may not be fully seated in the continuously variable transmission (CVT) assembly, or may have a loose or missing retaining clip, which can cause a transmission fluid leak and loss of drive power.","An unexpected loss of drive power can increase the risk of a crash.","Dealers will inspect the front left driveshaft, and if necessary, replace the driveshaft and CVT assembly, free of charge.  Owner notification letters were mailed June 26, 2024.  Owners may contact Nissan customer service at 1-800-867-7669.  Nissan's number for this recall is PMA37.","Owners may also contact the National Highway Traffic Safety Administration Vehicle Safety Hotline at 1-888-327-4236 (TTY 1-800-424-9153), or go to www.nhtsa.gov.","2024","NISSAN","SENTRA"
"Nissan North America, Inc.","24V498000",0,0,0,,"01/07/2024","VISIBILITY:WINDSHIELD","Nissan North America, Inc. (Nissan) is recalling certain 2024 Nissan Sentra vehicles.  The windshield may have air bubbles on the front lower driver's side, which can obscure the Vehicle Identification Number (VIN).  As such, these vehicles fail to comply with the requirements of Federal Motor Vehicle Safety Standard number 205, ""Glazing Materials.""","An owner who cannot see their VIN clearly may not recognize their vehicle is involved in a safety recall, and may not have the recall remedy performed, which could increase the risk of injury, fire, or a crash.","Dealers will inspect and replace the windshield as necessary, free of charge.  Owner notification letters were mailed August 29, 2024.  Owners may contact Nissan customer service at 1-800-867-7669.  Nissan's number for this recall is PMA38.","Owners may also contact the National Highway Traffic Safety Administration Vehicle Safety Hotline at 1-888-327-4236 (TTY 1-800-424-9153), or go to www.nhtsa.gov.","2024","NISSAN","SENTRA"
"Nissan North America, Inc.","24V154000",0,0,0,,"27/02/2024","AIR BAGS:FRONTAL:DRIVER SIDE:INFLATOR MODULE","Nissan North America, Inc. (Nissan) is recalling certain 2024 Titan, Frontier, Infiniti QX60, Pathfinder, 2023-2024 Sentra, Versa, Kicks, Infiniti QX50, and 2023 Rogue vehicles.  Due to a manufacturing issue, the driver's air bag inflator may absorb moisture, and cause the air bag to deploy improperly.","An air bag that deploys improperly may not protect the driver as intended during a crash, increasing the risk of injury.","Dealers will replace the front driver's air bag assembly, free of charge.  Owner notification letters were mailed April 10, 2024.  Owners may contact Nissan customer service at 1-800-867-7669.  Nissan's numbers for this recall are PD103, PD104, and PMA34.","Owners may also contact the National Highway Traffic Safety Administration Vehicle Safety Hotline at 1-888-327-4236 (TTY 1-800-424-9153), or go to www.nhtsa.gov.","2024","NISSAN","VERSA"
"Nissan North America, Inc.","23V725000",0,0,0,,"26/10/2023","STRUCTURE:BODY:BUMPERS","Nissan North America, Inc. (Nissan) is recalling certain 2023-2024 Nissan Z vehicles.  The fasteners in the left-side front bumper reinforcement clip may loosen, which can prevent the pop-up engine hood from activating.","A pop-up engine hood that does not activate and raise the rear end of the hood in a frontal pedestrian crash, can increase the risk of injury.","Dealers will tighten the fasteners, free of charge.  Owner notification letters were mailed December 7, 2023.  Owners may contact Nissan's customer service at 1-800-867-7669.  Nissan's number for this recall is R23C8.","Owners may also contact the National Highway Traffic Safety Administration Vehicle Safety Hotline at 1-888-327-4236 (TTY 1-800-424-9153), or go to www.nhtsa.gov.","2024","NISSAN","Z"
"Nissan North America, Inc.","24V798000",0,0,0,,"24/10/2024","STRUCTURE:BODY:BUMPERS","Nissan North America, Inc. (Nissan) is recalling certain 2023-2024 Nissan Z vehicles.  The connectors for the right-side pedestrian detection sensors may be reversed in the front bumper harness, which can prevent the pop-up engine hood from activating as intended.","A pop-up engine hood that does not activate in a pedestrian crash can increase the risk of injury.","Dealers will replace the front bumper harness, free of charge.  Owner notification letters were mailed December 11, 2024.  Owners may contact Nissan customer service at 1-800-867-7669.  Nissan's number for this recall is R24B6.","Owners may also contact the National Highway Traffic Safety Administration Vehicle Safety Hotline at 1-888-327-4236 (TTY 1-800-424-9153) or go to nhtsa.gov.","2024","NISSAN","Z"
"PACCAR Incorporated","24V043000",0,0,0,,"25/01/2024","STEERING:LINKAGES:KNUCKLE:SPINDLE:ARM","PACCAR Incorporated (PACCAR) is recalling certain 2024 Peterbilt 367, 389, 520, 567, and Kenworth T800, T880, W900, and W990 trucks.  The bearing journals may not be fully seated in the steering knuckle assemblies, preventing the proper installation of the wheel end hub assemblies.","An improperly installed wheel end hub assembly can leak oil, causing the axle spindles to loosen or fracture and increasing the risk of a crash.","Dealers will inspect and replace the steering knuckle assemblies as necessary, free of charge.  Owner letters were mailed February 23, 2024.  Owners may contact Peterbilt customer service at 1-940-591-4220 and/or Kenworth customer service at 1-425-828-5888.  PACCAR's numbers for this recall are 24PBB and 24KWB.","Owners may also contact the National Highway Traffic Safety Administration Vehicle Safety Hotline at 1-888-327-4236 (TTY 1-800-424-9153), or go to www.nhtsa.gov.","2024","PETERBILT","389"
"PACCAR Incorporated","24V044000",0,0,0,,"25/01/2024","STEERING","PACCAR Incorporated (PACCAR) is recalling certain 2024-2025 Kenworth T280, T380, T480, T680, T880, L770, W990, and 2024-2025 Peterbilt 389, 520, 535, 536, 537, 548, 567, 579, 589 trucks.  The steering gear assemblies may have been assembled incorrectly with fewer recirculating balls than are required, which may result in a loss of steering control.","A loss of steering control increases the risk of a crash.","Dealers will inspect and replace the steering gears as necessary, free of charge.  Owner notification letters were mailed March 20, 2024.  Owners may contact Peterbilt customer service at 1-940-591-4220 and/or Kenworth customer service at 1-425-828-5888.  PACCAR's numbers for this recall are 24PBC and 24KWC.","Owners may also contact the National Highway Traffic Safety Administration Vehicle Safety Hotline at 1-888-327-4236 (TTY 1-800-424-9153), or go to www.nhtsa.gov.","2024","PETERBILT","389"
"PACCAR Incorporated","24V190000",0,0,0,,"20/03/2024","POWER TRAIN:AUTOMATIC TRANSMISSION:LEVER AND LINKAGE:COLUMN SHIFT","PACCAR Incorporated (PACCAR) is recalling certain 2021-2024 Peterbilt 365, 367, 389, 535, 536, 537, 548, 567, 579, and 2021-2025 Kenworth T180, T280, T380, T480, T680, T880 and W990 trucks.  The right-hand gear shifter stalk connectors may have been improperly crimped, resulting in a loss of communication.","A loss of communication between the gear shifter and the transmission may result in the vehicle becoming disabled after coming to a stop, increasing the risk of a crash.","Dealers will inspect and replace the gear shifter assembly as necessary, free of charge. Owner letters were mailed December 15, 2025, then phased after that.  Owners may contact Kenworth customer service at 1-425-828-5888 or Peterbilt customer service at 1-940-591-4220.  PACCAR's numbers for this recall are 24PBE and 24KWE.","Owners may also contact the National Highway Traffic Safety Administration Vehicle Safety Hotline at 1-888-327-4236 (TTY 1-800-424-9153), or go to www.nhtsa.gov.","2024","PETERBILT","389"
"PACCAR Incorporated","24V908000",0,0,0,,"03/12/2024","STEERING:LINKAGES:KNUCKLE:SPINDLE:ARM","PACCAR Incorporated (PACCAR) is recalling certain 2024 Peterbilt 367, 389, 548, Kenworth T480, T800, 2024-2025 Peterbilt 520, 567 and Kenworth T880 vehicles with PACCAR 20k steer axles.  The steering arm and/or tie rod bracket fasteners may fail, resulting in a loss of steering control.","A loss of steering control increases the risk of a crash.","Dealers will install new correctly torqued fasteners, free of charge.  Owner notification letters were mailed January 21, 2025.  Owners may contact Kenworth's customer service at 1-425-828-5888 or Peterbilt's customer service at 1-940-591-4220.  PACCAR's numbers for this recall are 24KWK and 24PBK.","Owners may also contact the National Highway Traffic Safety Administration Vehicle Safety Hotline at 1-888-327-4236 (TTY 1-800-424-9153) or go to nhtsa.gov.","2024","PETERBILT","389"
"PACCAR Incorporated","24V915000",0,0,0,,"10/12/2024","SERVICE BRAKES, HYDRAULIC:ANTILOCK/TRACTION CONTROL/ELECTRONIC LIMITED SLIP:CONTROL UNIT/MODULE","PACCAR Incorporated (PACCAR) is recalling certain 2021-2025 Peterbilt and Kenworth vehicles, equipped with Bendix EC80 Advanced Electronic Control Units (ECU).  Please see the recall report for a complete list of models.  Electrical noise and low signal to the power line carrier may cause the ECU to incorrectly process commands or stop functioning.","Safety systems that depend on the ECU (Automatic Traction Control, ABS, Electronic Stability Control, Active Cruise Control, and Collison Mitigation System) may not function properly or at all, increasing the risk of a crash.","Dealers will reprogram the ECU software, free of charge.  Owner notification letters were mailed February 3, 2025.  Owners may contact Kenworth's customer service at 1-425-828-5888 and Peterbilt's customer service at 1-940-591-4220.  PACCAR's numbers for this recall are 24KWL and 24PBL.","Owners may also contact the National Highway Traffic Safety Administration Vehicle Safety Hotline at 1-888-327-4236 (TTY 1-800-424-9153) or go to nhtsa.gov.","2024","PETERBILT","389"
"PACCAR Incorporated","23V087000",0,0,0,,"15/02/2023","SERVICE BRAKES, AIR","PACCAR Incorporated (PACCAR) is recalling certain 2021-2024 Kenworth T280, T380, T480, Peterbilt 536, 537, and 548 vehicles.  When the brake pedal is fully applied and then released rapidly, the pedal plunger that connects the brake pedal to the brake valve may become disconnected, causing the service brakes to fail.","Service brake failure can increase the risk of a crash.","Dealers will add a pedal restraint bracket, free of charge.  Owner notification letters were mailed April 7, 2023.  Owners may contact Kenworth's customer service at 1-425-828-588 and Peterbilt's customer service at 1-940-591-4220.  PACCAR's numbers for this recall are 23KWB and 23PBB.","Owners may also contact the National Highway Traffic Safety Administration Vehicle Safety Hotline at 1-888-327-4236 (TTY 1-800-424-9153), or go to www.nhtsa.gov.","2024","PETERBILT","548"
"PACCAR Incorporated","23V504000",0,0,0,,"21/07/2023","POWER TRAIN:DRIVELINE","PACCAR Incorportated (PACCAR) is recalling certain 2023-2024 Peterbilt 536, 537, 548, 2023-2024 Kenworth T280, T480, and 2024 Kenworth T380 vehicles.  The adhesive thread-lock may not have been applied to the four flange mounted yoke bolt threads, allowing the driveline fasteners to loosen.","Loose fasteners may allow the driveline to separate from the truck, increasing the risk of a crash.","Dealers will apply adhesive thread-lock and replace the fasteners, free of charge.  Owner notification letters are expected to be mailed September 19, 2023.  Owners may contact PACCAR's customer service at 1-425-828-5888 (Kenworth) or 1-940-591-4220 (Peterbilt).  PACCAR's numbers for this recall are 23KWE and 23PBE.","Owners may also contact the National Highway Traffic Safety Administration Vehicle Safety Hotline at 1-888-327-4236 (TTY 1-800-424-9153), or go to www.nhtsa.gov.","2024","PETERBILT","548"
"PACCAR Incorporated","23V617000",0,0,0,,"05/09/2023","FUEL SYSTEM, DIESEL:DELIVERY:HOSES, LINES/PIPING, AND FITTINGS","PACCAR Incorporated (PACCAR) is recalling certain 2023-2024 Kenworth T280, T380, T480, Peterbilt 536, 537, and 548 trucks.  The remote Stage 2 fuel filter hoses may have been damaged during production, allowing the hoses to leak or disconnect.","A disconnected hose will result in an engine stall, increasing the risk of a crash.  Also, a fuel leak in the presence of an ignition source increases the risk of a fire.","Dealers will replace both hoses, free of charge.  Owner notification letters are expected to be mailed November 4, 2023.  Owners may contact Kenworth's customer service at 1-425-828-5888 and Peterbilt's customer service at 1-940-591-4220.  PACCAR's numbers for this recall are 23KWF and 23PBF.","Owners may also contact the National Highway Traffic Safety Administration Vehicle Safety Hotline at 1-888-327-4236 (TTY 1-800-424-9153), or go to www.nhtsa.gov.","2024","PETERBILT","548"
"PACCAR Incorporated","23V661000",0,0,0,,"29/09/2023","SERVICE BRAKES, AIR","PACCAR Incorporated (PACCAR) is recalling certain 2021-2024 Kenworth T280, T380, 2020-2024 Peterbilt 548, 536, 2024 Peterbilt 537, and 2020-2024 Kenworth T480 trucks.  The timing of the trailer brake release may be delayed.  As such, these vehicles fail to comply with the requirements of Federal Motor Vehicle Safety Standard number 121, ""Air Brake Systems.""","A delay in the trailer brake release can create instability to the trailer and increase the risk of a crash.","Dealers will replace the fittings and hoses in the affected valves, free of charge.  Owner letters were mailed January 15, 2024.  Owners may contact Kenworth's customer service at 1-425-828-5888 and Peterbilt's customer service at 1-940-591-4220.  PACCAR's numbers for this recall are 23KWJ and 23PBJ.","Owners may also contact the National Highway Traffic Safety Administration Vehicle Safety Hotline at 1-888-327-4236 (TTY 1-800-424-9153), or go to www.nhtsa.gov.","2024","PETERBILT","548"
"PACCAR Incorporated","24V017000",0,0,0,,"15/01/2024","VISIBILITY:REARVIEW MIRRORS/DEVICES","PACCAR Incorporated (PACCAR) is recalling certain 2022-2024 Peterbilt 535, 536, 537, 548, and Kenworth T180, T280, T380, T480 trucks.  The glass lock ring on the cab mirror assembly may not be fully seated, allowing the mirror glass to detach.","A detached mirror glass can reduce driver visibility, increasing the risk of a crash.","Dealers will inspect the mirror glass lock ring and repair it as necessary, free of charge.  Owner letters were mailed February 23, 2024.  Owners may contact Kenworth customer service at 1-425-828-5888 and/or Peterbilt customer service at 1-940-591-4220.  PACCAR's numbers for this recall are 24KWA and 24PBA.","Owners may also contact the National Highway Traffic Safety Administration Vehicle Safety Hotline at 1-888-327-4236 (TTY 1-800-424-9153), or go to www.nhtsa.gov.","2024","PETERBILT","548"
"PACCAR Incorporated","24V044000",0,0,0,,"25/01/2024","STEERING","PACCAR Incorporated (PACCAR) is recalling certain 2024-2025 Kenworth T280, T380, T480, T680, T880, L770, W990, and 2024-2025 Peterbilt 389, 520, 535, 536, 537, 548, 567, 579, 589 trucks.  The steering gear assemblies may have been assembled incorrectly with fewer recirculating balls than are required, which may result in a loss of steering control.","A loss of steering control increases the risk of a crash.","Dealers will inspect and replace the steering gears as necessary, free of charge.  Owner notification letters were mailed March 20, 2024.  Owners may contact Peterbilt customer service at 1-940-591-4220 and/or Kenworth customer service at 1-425-828-5888.  PACCAR's numbers for this recall are 24PBC and 24KWC.","Owners may also contact the National Highway Traffic Safety Administration Vehicle Safety Hotline at 1-888-327-4236 (TTY 1-800-424-9153), or go to www.nhtsa.gov.","2024","PETERBILT","548"
"PACCAR Incorporated","24V190000",0,0,0,,"20/03/2024","POWER TRAIN:AUTOMATIC TRANSMISSION:LEVER AND LINKAGE:COLUMN SHIFT","PACCAR Incorporated (PACCAR) is recalling certain 2021-2024 Peterbilt 365, 367, 389, 535, 536, 537, 548, 567, 579, and 2021-2025 Kenworth T180, T280, T380, T480, T680, T880 and W990 trucks.  The right-hand gear shifter stalk connectors may have been improperly crimped, resulting in a loss of communication.","A loss of communication between the gear shifter and the transmission may result in the vehicle becoming disabled after coming to a stop, increasing the risk of a crash.","Dealers will inspect and replace the gear shifter assembly as necessary, free of charge. Owner letters were mailed December 15, 2025, then phased after that.  Owners may contact Kenworth customer service at 1-425-828-5888 or Peterbilt customer service at 1-940-591-4220.  PACCAR's numbers for this recall are 24PBE and 24KWE.","Owners may also contact the National Highway Traffic Safety Administration Vehicle Safety Hotline at 1-888-327-4236 (TTY 1-800-424-9153), or go to www.nhtsa.gov.","2024","PETERBILT","548"
"PACCAR Incorporated","24V903000",0,0,0,,"02/12/2024","POWER TRAIN:AXLE HUBS","PACCAR Incorporated (PACCAR) is recalling certain 2024 Peterbilt 537, 2024-2025 Kenworth T380, T480, Peterbilt 548, and 2025 Peterbilt 536 trucks, equipped with certain Meritor 10-16K and 18-23K front steer drive axles.  The front steer drive axles may have insufficient wheel bearing lubricant.","Insufficient lubrication may cause the wheel hub to overheat, increasing the risk of a fire, or result in a loss of vehicle control, increasing the risk of a crash.","Dealers will inspect and repair the wheel end with new parts and lubricate the bearings as necessary, free of charge. Owner letters were mailed July 21, 2025.  Owners may contact Kenworth's customer service at 1-425-828-5888 or Peterbilt's customer service at 1-940-591-4220.  PACCAR's numbers for this recall are 24KWJ and 24PBJ.","Owners may also contact the National Highway Traffic Safety Administration Vehicle Safety Hotline at 1-888-327-4236 (TTY 1-800-424-9153) or go to nhtsa.gov.","2024","PETERBILT","548"
"PACCAR Incorporated","24V908000",0,0,0,,"03/12/2024","STEERING:LINKAGES:KNUCKLE:SPINDLE:ARM","PACCAR Incorporated (PACCAR) is recalling certain 2024 Peterbilt 367, 389, 548, Kenworth T480, T800, 2024-2025 Peterbilt 520, 567 and Kenworth T880 vehicles with PACCAR 20k steer axles.  The steering arm and/or tie rod bracket fasteners may fail, resulting in a loss of steering control.","A loss of steering control increases the risk of a crash.","Dealers will install new correctly torqued fasteners, free of charge.  Owner notification letters were mailed January 21, 2025.  Owners may contact Kenworth's customer service at 1-425-828-5888 or Peterbilt's customer service at 1-940-591-4220.  PACCAR's numbers for this recall are 24KWK and 24PBK.","Owners may also contact the National Highway Traffic Safety Administration Vehicle Safety Hotline at 1-888-327-4236 (TTY 1-800-424-9153) or go to nhtsa.gov.","2024","PETERBILT","548"
"PACCAR Incorporated","24V915000",0,0,0,,"10/12/2024","SERVICE BRAKES, HYDRAULIC:ANTILOCK/TRACTION CONTROL/ELECTRONIC LIMITED SLIP:CONTROL UNIT/MODULE","PACCAR Incorporated (PACCAR) is recalling certain 2021-2025 Peterbilt and Kenworth vehicles, equipped with Bendix EC80 Advanced Electronic Control Units (ECU).  Please see the recall report for a complete list of models.  Electrical noise and low signal to the power line carrier may cause the ECU to incorrectly process commands or stop functioning.","Safety systems that depend on the ECU (Automatic Traction Control, ABS, Electronic Stability Control, Active Cruise Control, and Collison Mitigation System) may not function properly or at all, increasing the risk of a crash.","Dealers will reprogram the ECU software, free of charge.  Owner notification letters were mailed February 3, 2025.  Owners may contact Kenworth's customer service at 1-425-828-5888 and Peterbilt's customer service at 1-940-591-4220.  PACCAR's numbers for this recall are 24KWL and 24PBL.","Owners may also contact the National Highway Traffic Safety Administration Vehicle Safety Hotline at 1-888-327-4236 (TTY 1-800-424-9153) or go to nhtsa.gov.","2024","PETERBILT","548"
"PACCAR Incorporated","25V014000",0,0,0,,"16/01/2025","VEHICLE SPEED CONTROL:ACCELERATOR PEDAL","PACCAR Incorporated (PACCAR) is recalling certain 2023-2024 Peterbilt 535, 536, 537, 548, 2023-2024 Kenworth T280, T380, T480, and 2024 Kenworth T180 trucks.  The throttle pedal assembly may contain an oversized magnet carrier, slowing the responsiveness or causing the pedal to stick.","A pedal that sticks increases the risk of a crash.","Dealers will inspect and replace the throttle pedal as necessary, free of charge.  Owner letters were mailed April 11, 2025.  Owners may contact Peterbilt's customer service at 1-940-591-4220 and Kenworth's customer service at 1-425-828-5888.  PACCAR's numbers for this recall are 25PBA and 25KWA.","Owners may also contact the National Highway Traffic Safety Administration Vehicle Safety Hotline at 1-888-327-4236 (TTY 1-800-424-9153) or go to nhtsa.gov.","2024","PETERBILT","548"
"PACCAR Incorporated","25V041000",0,0,0,,"30/01/2025","EXTERIOR LIGHTING:HAZARD FLASHING WARNING LIGHTS:SWITCH","PACCAR Incorporated (PACCAR) is recalling certain 2025 Kenworth T180, Peterbilt 535, 567, 2025-2026 Kenworth T280, 2023-2026 Kenworth T380, 2024-2026 Kenworth T480, 2024-2026 Peterbilt 536, 537, and 548 trucks.  The exterior lighting switch may fail, resulting in the hazard lights and the instrument display back-light brightness adjustment not functioning.  As such, these vehicles fail to comply with the requirements of Federal Motor Vehicle Safety Standard (FMVSS) numbers 101, ""Control and Displays"" and 108, ""Lamps, Reflective Devices and Associated Equipment.""","Inoperative hazard lights cannot alert other drivers as intended.  In addition, the inability to adjust the brightness on the instrument panel display can make it difficult to see critical safety information or distract the driver.  Both scenarios can increase the risk of a crash.","Dealers will update the vehicle cab controller unit (VECU) software, free of charge.  Owners are advised that a non-responsive switch can be temporarily reset by a key cycle.  Owner notification letters were mailed March 26, 2025.  Owners may contact Kenworth's customer service at 1-425-828-5888 and Peterbilt's customer service at 1-940-591-4220.  PACCAR's numbers for this recall are 25KWB and 25PBB.","Owners may also contact the National Highway Traffic Safety Administration Vehicle Safety Hotline at 1-888-327-4236 (TTY 1-800-424-9153) or go to nhtsa.gov.","2024","PETERBILT","548"
"PACCAR Incorporated","25V436000",0,0,0,,"26/06/2025","EXTERIOR LIGHTING:LIGHTING CONTROL MODULE:SOFTWARE","PACCAR Incorporated (PACCAR) is recalling certain 2024-2026 Kenworth T480, T680, T880, W990, Peterbilt 520, 536, 537, 548, 567, 579, 589, 2025 Kenworth T180, Peterbilt 535, 2025-2026 Kenworth T280, T380 and L770 vehicles. The tail brake light, upper and lower beam headlights, reverse light, and turn signal may not illuminate as intended. In addition, the lift axles, if lowered, may revert to a raised position, or oscillate up and down when the signal warning lights are activated. As such, these vehicles fail to comply with the requirements of Federal Motor Vehicle Safety Standard (FMVSS) number 108, ""Lamps, Reflective Devices and Associated Equipment.""","Delayed and unsteady headlights can result in insufficient illumination of the road, decreasing the driver's visibility and increasing the risk of a crash. In addition, an unexpected position change of the lift axles may increase the risk of injury.","Dealers will update the VCU software, free of charge. Owner letters were mailed August 19, 2025. Owners may contact Kenworth's customer service at 1-425-828-5888 and Peterbilt's customer service at 1-940-591-4220. PACCAR's number for this recall is 25PACF.",,"2024","PETERBILT","548"
"PACCAR Incorporated","23V653000",0,0,0,,"27/09/2023","FUEL SYSTEM, DIESEL:STORAGE:TANK ASSEMBLY","PACCAR Incorporated (PACCAR) is recalling certain 2021-2024 Peterbilt 579 and 567 trucks.  The U-bolts that attach the air tank to the chassis may contact the fuel tank and over time, wear a hole in the tank.","A punctured fuel tank can leak fuel, increasing the risk of a fire.","Dealers will inspect and trim the U-bolts, and replace the fuel tank as necessary, free of charge.  Owner notification letters were mailed November 3, 2023.  Owners may contact Peterbilt's customer service at 1-940-591-4220.  PACCAR's number for this recall is 23PBH.","Owners may also contact the National Highway Traffic Safety Administration Vehicle Safety Hotline at 1-888-327-4236 (TTY 1-800-424-9153), or go to www.nhtsa.gov.","2024","PETERBILT","567"
"PACCAR Incorporated","24V043000",0,0,0,,"25/01/2024","STEERING:LINKAGES:KNUCKLE:SPINDLE:ARM","PACCAR Incorporated (PACCAR) is recalling certain 2024 Peterbilt 367, 389, 520, 567, and Kenworth T800, T880, W900, and W990 trucks.  The bearing journals may not be fully seated in the steering knuckle assemblies, preventing the proper installation of the wheel end hub assemblies.","An improperly installed wheel end hub assembly can leak oil, causing the axle spindles to loosen or fracture and increasing the risk of a crash.","Dealers will inspect and replace the steering knuckle assemblies as necessary, free of charge.  Owner letters were mailed February 23, 2024.  Owners may contact Peterbilt customer service at 1-940-591-4220 and/or Kenworth customer service at 1-425-828-5888.  PACCAR's numbers for this recall are 24PBB and 24KWB.","Owners may also contact the National Highway Traffic Safety Administration Vehicle Safety Hotline at 1-888-327-4236 (TTY 1-800-424-9153), or go to www.nhtsa.gov.","2024","PETERBILT","567"
"PACCAR Incorporated","24V044000",0,0,0,,"25/01/2024","STEERING","PACCAR Incorporated (PACCAR) is recalling certain 2024-2025 Kenworth T280, T380, T480, T680, T880, L770, W990, and 2024-2025 Peterbilt 389, 520, 535, 536, 537, 548, 567, 579, 589 trucks.  The steering gear assemblies may have been assembled incorrectly with fewer recirculating balls than are required, which may result in a loss of steering control.","A loss of steering control increases the risk of a crash.","Dealers will inspect and replace the steering gears as necessary, free of charge.  Owner notification letters were mailed March 20, 2024.  Owners may contact Peterbilt customer service at 1-940-591-4220 and/or Kenworth customer service at 1-425-828-5888.  PACCAR's numbers for this recall are 24PBC and 24KWC.","Owners may also contact the National Highway Traffic Safety Administration Vehicle Safety Hotline at 1-888-327-4236 (TTY 1-800-424-9153), or go to www.nhtsa.gov.","2024","PETERBILT","567"
"PACCAR Incorporated","24V190000",0,0,0,,"20/03/2024","POWER TRAIN:AUTOMATIC TRANSMISSION:LEVER AND LINKAGE:COLUMN SHIFT","PACCAR Incorporated (PACCAR) is recalling certain 2021-2024 Peterbilt 365, 367, 389, 535, 536, 537, 548, 567, 579, and 2021-2025 Kenworth T180, T280, T380, T480, T680, T880 and W990 trucks.  The right-hand gear shifter stalk connectors may have been improperly crimped, resulting in a loss of communication.","A loss of communication between the gear shifter and the transmission may result in the vehicle becoming disabled after coming to a stop, increasing the risk of a crash.","Dealers will inspect and replace the gear shifter assembly as necessary, free of charge. Owner letters were mailed December 15, 2025, then phased after that.  Owners may contact Kenworth customer service at 1-425-828-5888 or Peterbilt customer service at 1-940-591-4220.  PACCAR's numbers for this recall are 24PBE and 24KWE.","Owners may also contact the National Highway Traffic Safety Administration Vehicle Safety Hotline at 1-888-327-4236 (TTY 1-800-424-9153), or go to www.nhtsa.gov.","2024","PETERBILT","567"
"PACCAR Incorporated","24V908000",0,0,0,,"03/12/2024","STEERING:LINKAGES:KNUCKLE:SPINDLE:ARM","PACCAR Incorporated (PACCAR) is recalling certain 2024 Peterbilt 367, 389, 548, Kenworth T480, T800, 2024-2025 Peterbilt 520, 567 and Kenworth T880 vehicles with PACCAR 20k steer axles.  The steering arm and/or tie rod bracket fasteners may fail, resulting in a loss of steering control.","A loss of steering control increases the risk of a crash.","Dealers will install new correctly torqued fasteners, free of charge.  Owner notification letters were mailed January 21, 2025.  Owners may contact Kenworth's customer service at 1-425-828-5888 or Peterbilt's customer service at 1-940-591-4220.  PACCAR's numbers for this recall are 24KWK and 24PBK.","Owners may also contact the National Highway Traffic Safety Administration Vehicle Safety Hotline at 1-888-327-4236 (TTY 1-800-424-9153) or go to nhtsa.gov.","2024","PETERBILT","567"
"PACCAR Incorporated","24V915000",0,0,0,,"10/12/2024","SERVICE BRAKES, HYDRAULIC:ANTILOCK/TRACTION CONTROL/ELECTRONIC LIMITED SLIP:CONTROL UNIT/MODULE","PACCAR Incorporated (PACCAR) is recalling certain 2021-2025 Peterbilt and Kenworth vehicles, equipped with Bendix EC80 Advanced Electronic Control Units (ECU).  Please see the recall report for a complete list of models.  Electrical noise and low signal to the power line carrier may cause the ECU to incorrectly process commands or stop functioning.","Safety systems that depend on the ECU (Automatic Traction Control, ABS, Electronic Stability Control, Active Cruise Control, and Collison Mitigation System) may not function properly or at all, increasing the risk of a crash.","Dealers will reprogram the ECU software, free of charge.  Owner notification letters were mailed February 3, 2025.  Owners may contact Kenworth's customer service at 1-425-828-5888 and Peterbilt's customer service at 1-940-591-4220.  PACCAR's numbers for this recall are 24KWL and 24PBL.","Owners may also contact the National Highway Traffic Safety Administration Vehicle Safety Hotline at 1-888-327-4236 (TTY 1-800-424-9153) or go to nhtsa.gov.","2024","PETERBILT","567"
"PACCAR Incorporated","25V353000",0,0,0,,"28/05/2025","SERVICE BRAKES, AIR:ANTILOCK:MODULATOR","PACCAR Incorporated (PACCAR) is recalling certain 2024 Peterbilt 367, 2026 Peterbilt 548, 589, and 2024-2026 Peterbilt 567 trucks. The rear brake piping assembly may have insufficient clearance, which can result in a loss of service brakes or anti-lock brake function.","Brake failure can increase the risk of a crash.","Dealers will install new brake hoses and correct the rear brake piping assembly, free of charge. Owner letters were mailed September 8, 2025. Owners may contact Peterbilt's customer service at 1-940-591-4220. PACCAR's number for this recall is 25PBE.",,"2024","PETERBILT","567"
"PACCAR Incorporated","25V436000",0,0,0,,"26/06/2025","EXTERIOR LIGHTING:LIGHTING CONTROL MODULE:SOFTWARE","PACCAR Incorporated (PACCAR) is recalling certain 2024-2026 Kenworth T480, T680, T880, W990, Peterbilt 520, 536, 537, 548, 567, 579, 589, 2025 Kenworth T180, Peterbilt 535, 2025-2026 Kenworth T280, T380 and L770 vehicles. The tail brake light, upper and lower beam headlights, reverse light, and turn signal may not illuminate as intended. In addition, the lift axles, if lowered, may revert to a raised position, or oscillate up and down when the signal warning lights are activated. As such, these vehicles fail to comply with the requirements of Federal Motor Vehicle Safety Standard (FMVSS) number 108, ""Lamps, Reflective Devices and Associated Equipment.""","Delayed and unsteady headlights can result in insufficient illumination of the road, decreasing the driver's visibility and increasing the risk of a crash. In addition, an unexpected position change of the lift axles may increase the risk of injury.","Dealers will update the VCU software, free of charge. Owner letters were mailed August 19, 2025. Owners may contact Kenworth's customer service at 1-425-828-5888 and Peterbilt's customer service at 1-940-591-4220. PACCAR's number for this recall is 25PACF.",,"2024","PETERBILT","567"
"PACCAR Incorporated","23V185000",0,0,0,,"20/03/2023","PARKING BRAKE","PACCAR Incorporated (PACCAR) is recalling certain 2023-2024 Peterbilt 579 trucks.  The Intellipark Tractor Park Valve Module (PVM) may intermittently become stuck in the un-parked position and fail to move into the park position when the park switch is activated.","A PVM that fails to move into park can cause a vehicle rollaway, increasing the risk of a crash.","Dealers will replace the PVM with a new corrected part, free of charge.  Owner notification letters were mailed June 12, 2023.  Owners may contact PACCAR's customer service at 1-940-591-4220.  PACCAR's number for this recall is 23PBC.","Owners may also contact the National Highway Traffic Safety Administration Vehicle Safety Hotline at 1-888-327-4236 (TTY 1-800-424-9153), or go to www.nhtsa.gov.","2024","PETERBILT","579"
"PACCAR Incorporated","23V653000",0,0,0,,"27/09/2023","FUEL SYSTEM, DIESEL:STORAGE:TANK ASSEMBLY","PACCAR Incorporated (PACCAR) is recalling certain 2021-2024 Peterbilt 579 and 567 trucks.  The U-bolts that attach the air tank to the chassis may contact the fuel tank and over time, wear a hole in the tank.","A punctured fuel tank can leak fuel, increasing the risk of a fire.","Dealers will inspect and trim the U-bolts, and replace the fuel tank as necessary, free of charge.  Owner notification letters were mailed November 3, 2023.  Owners may contact Peterbilt's customer service at 1-940-591-4220.  PACCAR's number for this recall is 23PBH.","Owners may also contact the National Highway Traffic Safety Administration Vehicle Safety Hotline at 1-888-327-4236 (TTY 1-800-424-9153), or go to www.nhtsa.gov.","2024","PETERBILT","579"
"PACCAR Incorporated","24V044000",0,0,0,,"25/01/2024","STEERING","PACCAR Incorporated (PACCAR) is recalling certain 2024-2025 Kenworth T280, T380, T480, T680, T880, L770, W990, and 2024-2025 Peterbilt 389, 520, 535, 536, 537, 548, 567, 579, 589 trucks.  The steering gear assemblies may have been assembled incorrectly with fewer recirculating balls than are required, which may result in a loss of steering control.","A loss of steering control increases the risk of a crash.","Dealers will inspect and replace the steering gears as necessary, free of charge.  Owner notification letters were mailed March 20, 2024.  Owners may contact Peterbilt customer service at 1-940-591-4220 and/or Kenworth customer service at 1-425-828-5888.  PACCAR's numbers for this recall are 24PBC and 24KWC.","Owners may also contact the National Highway Traffic Safety Administration Vehicle Safety Hotline at 1-888-327-4236 (TTY 1-800-424-9153), or go to www.nhtsa.gov.","2024","PETERBILT","579"
"PACCAR Incorporated","24V190000",0,0,0,,"20/03/2024","POWER TRAIN:AUTOMATIC TRANSMISSION:LEVER AND LINKAGE:COLUMN SHIFT","PACCAR Incorporated (PACCAR) is recalling certain 2021-2024 Peterbilt 365, 367, 389, 535, 536, 537, 548, 567, 579, and 2021-2025 Kenworth T180, T280, T380, T480, T680, T880 and W990 trucks.  The right-hand gear shifter stalk connectors may have been improperly crimped, resulting in a loss of communication.","A loss of communication between the gear shifter and the transmission may result in the vehicle becoming disabled after coming to a stop, increasing the risk of a crash.","Dealers will inspect and replace the gear shifter assembly as necessary, free of charge. Owner letters were mailed December 15, 2025, then phased after that.  Owners may contact Kenworth customer service at 1-425-828-5888 or Peterbilt customer service at 1-940-591-4220.  PACCAR's numbers for this recall are 24PBE and 24KWE.","Owners may also contact the National Highway Traffic Safety Administration Vehicle Safety Hotline at 1-888-327-4236 (TTY 1-800-424-9153), or go to www.nhtsa.gov.","2024","PETERBILT","579"
"PACCAR Incorporated","24V915000",0,0,0,,"10/12/2024","SERVICE BRAKES, HYDRAULIC:ANTILOCK/TRACTION CONTROL/ELECTRONIC LIMITED SLIP:CONTROL UNIT/MODULE","PACCAR Incorporated (PACCAR) is recalling certain 2021-2025 Peterbilt and Kenworth vehicles, equipped with Bendix EC80 Advanced Electronic Control Units (ECU).  Please see the recall report for a complete list of models.  Electrical noise and low signal to the power line carrier may cause the ECU to incorrectly process commands or stop functioning.","Safety systems that depend on the ECU (Automatic Traction Control, ABS, Electronic Stability Control, Active Cruise Control, and Collison Mitigation System) may not function properly or at all, increasing the risk of a crash.","Dealers will reprogram the ECU software, free of charge.  Owner notification letters were mailed February 3, 2025.  Owners may contact Kenworth's customer service at 1-425-828-5888 and Peterbilt's customer service at 1-940-591-4220.  PACCAR's numbers for this recall are 24KWL and 24PBL.","Owners may also contact the National Highway Traffic Safety Administration Vehicle Safety Hotline at 1-888-327-4236 (TTY 1-800-424-9153) or go to nhtsa.gov.","2024","PETERBILT","579"
"PACCAR Incorporated","25V181000",0,0,0,,"24/03/2025","ELECTRICAL SYSTEM:PROPULSION SYSTEM","PACCAR Incorporated (PACCAR) is recalling certain 2022-2025 Peterbilt 520, 579, and 2021-2025 Kenworth T680 trucks.  The high voltage (HV) contactors may open, causing a sudden loss of high voltage and a loss of drive power.","A loss of drive power increases the risk of a crash.","Dealers will update the software and replace the electrical harness, free of charge.  Owner notification letters were mailed May 13, 2025.  Owners may contact Peterbilt's customer service at 1-940-591-4220 and Kenworth's customer service at 1-425-828-5888.  PACCAR's numbers for this recall are 25PBC and 25KWC.","Owners may also contact the National Highway Traffic Safety Administration Vehicle Safety Hotline at 888-327-4236 (TTY 888-275-9171) or go to nhtsa.gov.","2024","PETERBILT","579"
"PACCAR Incorporated","25V436000",0,0,0,,"26/06/2025","EXTERIOR LIGHTING:LIGHTING CONTROL MODULE:SOFTWARE","PACCAR Incorporated (PACCAR) is recalling certain 2024-2026 Kenworth T480, T680, T880, W990, Peterbilt 520, 536, 537, 548, 567, 579, 589, 2025 Kenworth T180, Peterbilt 535, 2025-2026 Kenworth T280, T380 and L770 vehicles. The tail brake light, upper and lower beam headlights, reverse light, and turn signal may not illuminate as intended. In addition, the lift axles, if lowered, may revert to a raised position, or oscillate up and down when the signal warning lights are activated. As such, these vehicles fail to comply with the requirements of Federal Motor Vehicle Safety Standard (FMVSS) number 108, ""Lamps, Reflective Devices and Associated Equipment.""","Delayed and unsteady headlights can result in insufficient illumination of the road, decreasing the driver's visibility and increasing the risk of a crash. In addition, an unexpected position change of the lift axles may increase the risk of injury.","Dealers will update the VCU software, free of charge. Owner letters were mailed August 19, 2025. Owners may contact Kenworth's customer service at 1-425-828-5888 and Peterbilt's customer service at 1-940-591-4220. PACCAR's number for this recall is 25PACF.",,"2024","PETERBILT","579"
"PJ Trailers","23V319000",0,0,0,,"04/05/2023","TRAILER HITCHES","PJ Trailers is recalling certain 2022-2024 LD, LY, LX, LS, CC, DD, TJ, and TS trailers equipped with a Demco EZ Latch Gooseneck Coupler.  The coupler mounting bolts may loosen and cause the coupler to separate from the inner tube.","A coupler that separates can allow the trailer to disconnect from the tow vehicle, increasing the risk of a crash.","Dealers will replace the couplers, free of charge.  Owner notification letter were mailed June 15, 2023.  Owners may contact PJ Trailers customer service at 1-866-752-8781.","Owners may also contact the National Highway Traffic Safety Administration Vehicle Safety Hotline at 1-888-327-4236 (TTY 1-800-424-9153), or go to www.nhtsa.gov.","2024","PJ TRAILERS","LD"
"PJ Trailers","23V857000",0,0,0,,"18/12/2023","TIRES:SIDEWALL","PJ Trailers is recalling certain 2024 B5, B6, B8, C8, CC, CE, D3, D5, D8, DD, DG, DL, DM, DR, DT, F8, FD, FY, L6, LD, LS, LX, LY, P8, PL, T1, T6, T7, T8, T9, TF, and TJ trailers.  The sidewall of the tires may experience bubbling and separate, causing loss of tire pressure.  As such, these trailers fail to comply with the requirements of Federal Motor Vehicle Safety Standard number 119, ""New Pneumatic Tires-Other Than Passenger Cars.""","A loss of tire pressure increases the risk of a crash.","Dealers will inspect and replace the tires as necessary, free of charge.  Owner notification letters were mailed February 08, 2024.  Owners may contact PJ Trailers customer service at 1-866-752-8781.","Owners may also contact the National Highway Traffic Safety Administration Vehicle Safety Hotline at 1-888-327-4236 (TTY 1-800-424-9153), or go to www.nhtsa.gov.","2024","PJ TRAILERS","LD"
"PJ Trailers","24V837000",0,0,0,,"06/11/2024","SUSPENSION:MULTIPLE AXLE","PJ Trailers is recalling certain 2024-2025 LD trailers.  The air ride suspension brake axles may be installed incorrectly, resulting in reduced braking ability.","Reduced braking ability can increase the distance required to stop and the risk of a crash.","PJ Trailers will inspect and replace the axles as necessary, free of charge.  Owner notification letters were mailed December 26, 2024.  Owners may contact PJ Trailers customer service at 1-903-669-0228.","Owners may also contact the National Highway Traffic Safety Administration Vehicle Safety Hotline at 1-888-327-4236 (TTY 1-800-424-9153) or go to nhtsa.gov.","2024","PJ TRAILERS","LD"
"Polestar Automotive USA, Inc.","24V477000",0,0,1,,"26/06/2024","EQUIPMENT:ELECTRICAL:INFOTAINMENT:SOFTWARE","Polestar Automotive USA, Inc. (Polestar) is recalling certain 2021-2024 Polestar 2 vehicles.  The Infotainment Head Unit (IHU) software may prevent the rearview camera image from displaying.  As such, these vehicles fail to comply with the requirements of Federal Motor Vehicle Safety Standard number 111, ""Rear Visibility.""","A rearview camera image that does not display decreases the driver's visibility, increasing the risk of a crash.","Polestar has released an over-the-air IHU software update, free of charge.  Owner notification letters were mailed August 9, 2024.  Owners may contact Polestar customer service at 1-800-806-2504.  Polestar's number for this recall is RP1016.","Owners may also contact the National Highway Traffic Safety Administration Vehicle Safety Hotline at 1-888-327-4236 (TTY 1-800-424-9153), or go to www.nhtsa.gov.","2024","POLESTAR","POLESTAR 2"
"Polestar Automotive USA, Inc.","24V939000",0,0,0,,"18/12/2024","AIR BAGS:FRONTAL:DRIVER SIDE:INFLATOR MODULE","Polestar Automotive USA, Inc. (Polestar) is recalling certain 2024 Polestar 2 electric vehicles.  The clamps may be improperly crimped on the driver's side inner far side air bag module (FSAB), which can cause the air bag to deploy improperly.","An air bag that deploys improperly may not protect the driver as intended during a crash, increasing the risk of injury.","Dealers will replace the driver's side inner FSAB, free of charge.  Owner notification letters were mailed January 17, 2025.  Owners may contact Polestar customer service at 1-800-806-2504.  Polestar's number for this recall is RP1044.","Owners may also contact the National Highway Traffic Safety Administration Vehicle Safety Hotline at 1-888-327-4236 (TTY 1-800-424-9153) or go to nhtsa.gov.","2024","POLESTAR","POLESTAR 2"
"Polestar Automotive USA, Inc.","25V280000",0,0,0,,"25/04/2025","BACK OVER PREVENTION:SOFTWARE","Polestar Automotive USA, Inc. (Polestar) is recalling certain 2021-2025 Polestar 2 vehicles.  The rearview camera image may not display when the vehicle is placed in reverse.  As such, these vehicles fail to comply with the requirements of Federal Motor Vehicle Safety Standard number 111, ""Rear Visibility.""","A rearview camera image that does not display reduces the driver's view of what is behind the vehicle, increasing the risk of a crash.","Dealers will update the vehicle software, free of charge.  Owner notification letters were mailed June 20, 2025.  Owners may contact Polestar's customer service at 1-800-806-2504.  Polestar's number for this recall is RP1056.  Vehicles in this recall that were previously repaired under 24V-477 will need to have the new remedy completed.","Owners may also contact the National Highway Traffic Safety Administration Vehicle Safety Hotline at 888-327-4236 (TTY 888-275-9171) or go to nhtsa.gov.","2024","POLESTAR","POLESTAR 2"
"Polestar Automotive USA, Inc.","25V409000",0,0,0,,"02/07/2025","SERVICE BRAKES, HYDRAULIC:POWER ASSIST:ELECTRIC:CONTROL MODULE:SOFTWARE","Polestar Automotive USA, Inc. (Polestar) is recalling certain 2021 and 2024 Polestar 2 vehicles. In certain driving scenarios while coasting down a hill and using ""One Pedal Drive,"" the vehicle may lose brake function.","A loss of brake function increases the risk of a crash.","Owners are advised not to use ""One Pedal Drive"" until the repair has been completed. Polestar has released an over-the-air (OTA) software update, free of charge. Owner notification letters were mailed July 18, 2025. Owners may contact Polestar's customer service at 1-800-806-2504. Polestar's number for this recall is RP1061.",,"2024","POLESTAR","POLESTAR 2"
"Polestar Automotive USA, Inc.","25V615000",0,0,0,,"15/09/2025","BACK OVER PREVENTION:SOFTWARE","Polestar Automotive USA, Inc. (Polestar) is recalling certain 2021-2025 Polestar 2 vehicles. The rearview camera image may not display when the vehicle is placed in reverse.","A rearview camera image that does not display reduces the driver's view of what is behind the vehicle, increasing the risk of a crash.","Dealers will update the vehicle software, free of charge. Owner letters were mailed June 4, 2026. Owners may contact Polestar's customer service at 1-800-806-2504. Polestar's number for this recall is RP1069. Vehicle Identification Numbers (VINs) involved in this recall will be searchable on NHTSA.gov beginning April 20, 2026. This recall replaces previous NHTSA recalls 24V477 and 25V280.  Vehicles previously repaired under those recalls will need to have the new remedy performed.",,"2024","POLESTAR","POLESTAR 2"
"Porsche Cars North America, Inc.","23V715000",0,0,0,,"25/10/2023","AIR BAGS","Porsche Cars North America, Inc. (Porsche) is recalling certain 2021-2023 911 Turbo S, 2022 911 Turbo, 2022-2023 911 GT3 Touring, 911 GT3, 911 Carrera 4 GTS, 2022-2024 911 Carrera GTS, 2023 911 GT3 RS, 911 Dakar, and 2024 911 Carrera T vehicles equipped with optional full bucket seats.  The seat-mounted air bags may deploy unnecessarily during a crash.","Air bags that deploy unnecessarily can increase the risk of injury.","Dealers will reprogram the air bag control unit, free of charge.  Owner notification letters were mailed December 11, 2023.  Owners may contact Porsche's customer service at 1-800-767-7243.  Porsche's number for this recall is APB3.","Owners may also contact the National Highway Traffic Safety Administration Vehicle Safety Hotline at 1-888-327-4236 (TTY 1-800-424-9153), or go to www.nhtsa.gov.","2024","PORSCHE","911 CARRERA GTS"
"Porsche Cars North America, Inc.","23V527000",0,0,0,,"27/07/2023","EXTERIOR LIGHTING:LIGHTING CONTROL MODULE:SOFTWARE","Porsche Cars North America, Inc. (Porsche) is recalling certain 2024 Cayenne, Cayenne S, Cayenne Coupe, Cayenne Turbo GT, and Cayenne S Coupe vehicles.  After the vehicle is turned off, the rear hazard warning lights and the parking lights may not illuminate if they are activated within 10 seconds after the gateway control unit shuts off.  As such, these vehicles fail to comply with the requirements of Federal Motor Vehicle Safety Standard number 108, ""Lamps, Reflective Devices, and Associated Equipment.""","Rear hazard warning lights and parking lights that fail to illuminate can reduce the vehicle's visibility to other drivers, increasing the risk of a crash.","Dealers will update the gateway control unit software, free of charge.  Owner notification letters are expected to be mailed September 26, 2023.  Owners may contact Porsche's customer service at 1-800-767-7243.  Porsche's number for this recall is APB1.","Owners may also contact the National Highway Traffic Safety Administration Vehicle Safety Hotline at 1-888-327-4236 (TTY 1-800-424-9153), or go to www.nhtsa.gov.","2024","PORSCHE","CAYENNE"
"Porsche Cars North America, Inc.","24V533000",1,0,0,,"16/07/2024","SUSPENSION:FRONT:CONTROL ARM:UPPER ARM","Porsche Cars North America, Inc. (Porsche) is recalling certain 2024 Cayenne vehicles.  The driver's side front axle upper left control arm installed on the vehicles may have been installed with cracks, which can result in front axle control arm breaking and an unexpected loss of steering and wheel control.","A sudden loss of steering control increases the risk of a crash.","Dealers will replace the driver side left upper control arm, free of charge.  Owner letters were mailed September 13, 2024.  Owners may contact Porsche customer service at 1-800-767-7243.  Porsche's number for this recall is ARB2.","Owners may also contact the National Highway Traffic Safety Administration Vehicle Safety Hotline at 1-888-327-4236 (TTY 1-800-424-9153), or go to www.safercar.gov.","2024","PORSCHE","CAYENNE"
"Porsche Cars North America, Inc.","25V634000",0,0,0,,"23/09/2025","FUEL SYSTEM, GASOLINE:DELIVERY:FUEL PUMP","Porsche Cars North America, Inc. (Porsche) is recalling certain 2024-2026 Panamera, Cayenne, and 2025 Panamera E-Hybrid vehicles. The fasteners securing the high pressure fuel pump may not be tightened properly, resulting in a fuel leak.","A fuel leak in the presence of an ignition source increases the risk of a fire.","Dealers will inspect and tighten the screw connections and replace the high pressure fuel pump and fuel lines as necessary, free of charge. Owner notification letters were mailed November 19, 2025. Owners may contact Porsche customer service at 1-800-767-7243. Porsche's number for this recall is ASA9. Vehicle Identification Numbers (VINs) involved in this recall will be searchable on NHTSA.gov beginning  October 10, 2025.",,"2024","PORSCHE","CAYENNE"
"Porsche Cars North America, Inc.","25V896000",0,0,0,,"19/12/2025","BACK OVER PREVENTION: SENSING SYSTEM: CAMERA","Porsche Cars North America, Inc. (Porsche) is recalling certain 2019-2025 Cayenne, Cayenne E-Hybrid, 2020-2025 911, Taycan, 2024-2025 Panamera, and 2025 Panamera E-Hybrid vehicles. The rearview camera image may not display when the vehicle is placed in reverse. As such, these vehicles fail to comply with the requirements of Federal Motor Vehicle Safety Standard (FMVSS) number 111, ""Rear Visibility.""","A rearview image that does not display properly reduces the driver's view behind the vehicle, increasing the risk of a crash.","Dealers will update the driver assistance software, free of charge. Owner notification letters were mailed February 13, 2026. Owners may contact Porsche customer service at 1-800-767-7243. Porsche's number for this recall is ASB2. Vehicle Identification Numbers (VINs) involved in this recall will be searchable on NHTSA.gov beginning January 19, 2026.",,"2024","PORSCHE","CAYENNE"
"Porsche Cars North America, Inc.","25V634000",0,0,0,,"23/09/2025","FUEL SYSTEM, GASOLINE:DELIVERY:FUEL PUMP","Porsche Cars North America, Inc. (Porsche) is recalling certain 2024-2026 Panamera, Cayenne, and 2025 Panamera E-Hybrid vehicles. The fasteners securing the high pressure fuel pump may not be tightened properly, resulting in a fuel leak.","A fuel leak in the presence of an ignition source increases the risk of a fire.","Dealers will inspect and tighten the screw connections and replace the high pressure fuel pump and fuel lines as necessary, free of charge. Owner notification letters were mailed November 19, 2025. Owners may contact Porsche customer service at 1-800-767-7243. Porsche's number for this recall is ASA9. Vehicle Identification Numbers (VINs) involved in this recall will be searchable on NHTSA.gov beginning  October 10, 2025.",,"2024","PORSCHE","PANAMERA"
"Porsche Cars North America, Inc.","25V896000",0,0,0,,"19/12/2025","BACK OVER PREVENTION: SENSING SYSTEM: CAMERA","Porsche Cars North America, Inc. (Porsche) is recalling certain 2019-2025 Cayenne, Cayenne E-Hybrid, 2020-2025 911, Taycan, 2024-2025 Panamera, and 2025 Panamera E-Hybrid vehicles. The rearview camera image may not display when the vehicle is placed in reverse. As such, these vehicles fail to comply with the requirements of Federal Motor Vehicle Safety Standard (FMVSS) number 111, ""Rear Visibility.""","A rearview image that does not display properly reduces the driver's view behind the vehicle, increasing the risk of a crash.","Dealers will update the driver assistance software, free of charge. Owner notification letters were mailed February 13, 2026. Owners may contact Porsche customer service at 1-800-767-7243. Porsche's number for this recall is ASB2. Vehicle Identification Numbers (VINs) involved in this recall will be searchable on NHTSA.gov beginning January 19, 2026.",,"2024","PORSCHE","PANAMERA"
"Porsche Cars North America, Inc.","23V841000",0,0,0,,"13/12/2023","ELECTRICAL SYSTEM:PROPULSION SYSTEM:CHARGING:CABLE/CORD:ONBOARD","Porsche Cars North America, Inc. (Porsche) is recalling various models and model years.  Please see the recall report for a list of the included vehicles.  When using the industrial 220V/240V plug at the 100% charge setting, some home power outlets may be incapable of handling the electrical current required to utilize the compact charging system, causing the outlet or charging cable to overheat.","An overheated outlet or charging cable can increase the risk of a fire.","Owners are advised not to use the 220V/240V compact/portable charging cable and only use the 110V home charging cable or public charging stations.  Dealers will supply a new 220V/240V compact/portable charging cable with an incorporated temperature sensor, free of charge. Owner notification letters were mailed on October 24, 2024.  A second notice will be sent once remedy parts become available, anticipated mid-2024. Owners may contact Porsche customer service at 1-800-767-7243.  Porsche's number for this recall is APB6.","Owners may also contact the National Highway Traffic Safety Administration Vehicle Safety Hotline at 1-888-327-4236 (TTY 1-800-424-9153), or go to www.nhtsa.gov.","2024","PORSCHE","TAYCAN"
"Porsche Cars North America, Inc.","24V217000",0,0,0,,"20/03/2024","ELECTRICAL SYSTEM:PROPULSION SYSTEM:TRACTION BATTERY","Porsche Cars North America, Inc. (Porsche) is recalling certain 2021-2024 Taycan, 2020-2024 Taycan 4S, Taycan Turbo, 2021-2023 Taycan 4 Cross Turismo, 2022-2023 Taycan 4S Cross Turismo, Taycan Turbo S Cross Turismo, 2023 Taycan Turbo Cross Turismo, 2022-2024 Taycan GTS, Taycan GTS Sport Turismo, and 2020-2023 Taycan Turbo S vehicles.  The high-voltage battery may experience a short circuit within the battery modules.","A short circuit in the battery increases the risk of a fire.","Owners are advised to only charge their vehicles to a maximum of 80% battery capacity until the repair has been completed.  Dealers will analyze the battery data and replace the high-voltage battery modules as necessary, free of charge.  Owner notification letters were mailed on October 9, 2024. Owners may contact Porsche customer service at 1-800-767-7243.  Porsche's number for this recall is ARA5.","Owners may also contact the National Highway Traffic Safety Administration Vehicle Safety Hotline at 1-888-327-4236 (TTY 1-800-424-9153), or go to www.nhtsa.gov.","2024","PORSCHE","TAYCAN"
"Porsche Cars North America, Inc.","24V455000",0,0,0,,"19/06/2024","SERVICE BRAKES, HYDRAULIC:FOUNDATION COMPONENTS:HOSES, LINES/PIPING, AND FITTINGS","Porsche Cars North America, Inc. (Porsche) is recalling certain 2020-2025 Taycan vehicles.  The front brake hoses can develop cracks and leak brake fluid.","A brake fluid leak can reduce braking performance and extend the distance required to stop, increasing the risk of a crash.","Dealers will replace the front brake hoses, free of charge.  Owner notification letters were mailed on January 29, 2025.  Owners may contact Porsche customer service at 1-800-767-7243.  Porsche's number for this recall is ARB0.","Owners may also contact the National Highway Traffic Safety Administration Vehicle Safety Hotline at 1-888-327-4236 (TTY 1-800-424-9153), or go to www.nhtsa.gov.","2024","PORSCHE","TAYCAN"
"Porsche Cars North America, Inc.","24V654000",0,0,0,,"05/09/2024","EXTERIOR LIGHTING:LIGHTING CONTROL MODULE:SOFTWARE","Porsche Cars North America, Inc. (Porsche) is recalling certain 2024 Taycan vehicles.  The incorrect headlight control module software may have been installed.  As such, these vehicles fail to comply with the requirements of Federal Motor Vehicle Safety Standard number 108, ""Lamps, Reflective Devices, and Associated Equipment.""","Incorrect headlight control module software may cause the parking lights not to operate as intended when the turn signals are activated, which can reduce vehicle visibility and increase the risk of a crash.","Dealers will update the headlight control module software, free of charge.  Owner notification letters were mailed October 25, 2024.  Owners may contact Porsche customer service at 1-800-767-7243.  Porsche's number for this recall is ARB4.","Owners may also contact the National Highway Traffic Safety Administration Vehicle Safety Hotline at 1-888-327-4236 (TTY 1-800-424-9153), or go to www.nhtsa.gov.","2024","PORSCHE","TAYCAN"
"Porsche Cars North America, Inc.","24V732000",0,0,0,,"01/10/2024","ELECTRICAL SYSTEM:PROPULSION SYSTEM:TRACTION BATTERY","Porsche Cars North America, Inc. (Porsche) is recalling certain 2021-2024 Taycan vehicles.  The high-voltage battery may experience a short circuit within the battery module.","A short circuit in a high-voltage battery increases the risk of a fire.","Dealers will install advanced diagnostic software as the final remedy, anticipated to be available in the first quarter of 2025.  Porsche will monitor available online vehicle data and contact owners as necessary, to advise them to only charge the vehicle to 80% capacity until the battery can be replaced.  For vehicles in which online data is unavailable, dealers will perform a diagnostic test and replace the battery module assembly, if necessary and advise owners to only charge to 80% capacity.  Repairs will be performed free of charge.  Owner notification letters were mailed August 6, 2025. Owners may contact Porsche customer service at 1-800-767-7243.  Porsche's numbers for this recall are ARB6 and ARB7.  This recall expands and replaces previous recall numbers 23V-840, 24V-215, and 24V-217.","Owners may also contact the National Highway Traffic Safety Administration Vehicle Safety Hotline at 1-888-327-4236 (TTY 1-800-424-9153) or go to www.nhtsa.gov.","2024","PORSCHE","TAYCAN"
"Porsche Cars North America, Inc.","25V896000",0,0,0,,"19/12/2025","BACK OVER PREVENTION: SENSING SYSTEM: CAMERA","Porsche Cars North America, Inc. (Porsche) is recalling certain 2019-2025 Cayenne, Cayenne E-Hybrid, 2020-2025 911, Taycan, 2024-2025 Panamera, and 2025 Panamera E-Hybrid vehicles. The rearview camera image may not display when the vehicle is placed in reverse. As such, these vehicles fail to comply with the requirements of Federal Motor Vehicle Safety Standard (FMVSS) number 111, ""Rear Visibility.""","A rearview image that does not display properly reduces the driver's view behind the vehicle, increasing the risk of a crash.","Dealers will update the driver assistance software, free of charge. Owner notification letters were mailed February 13, 2026. Owners may contact Porsche customer service at 1-800-767-7243. Porsche's number for this recall is ASB2. Vehicle Identification Numbers (VINs) involved in this recall will be searchable on NHTSA.gov beginning January 19, 2026.",,"2024","PORSCHE","TAYCAN"
"Prevost Car (US) Inc.","23V474000",0,0,0,,"11/07/2023","EXTERIOR LIGHTING:TURN SIGNAL","Prevost Car (US) Inc. (Prevost) is recalling certain 2023-2024 H3-45 and 2022-2024 H3-45 VIP vehicles.  The right front turn signal light may fail when the turn signal or hazard warning lights are activated.  As such, these vehicles fail to comply with the requirements of Federal Motor Vehicle Safety Standard number 108, ""Lamps, Reflective Devices, and Associated Equipment.""","An inoperative front turn signal may not notify other drivers of a turning vehicle, while inoperative hazard warning lights reduce the vehicle visibility to other drivers, both increasing the risk of a crash.","Prevost will install enhanced headlight wiring that includes additional resistors, free of charge.  Owner notification letters were mailed August 30, 2023.  Owners may contact Prevost customer service at 1-866-870-2046.  Prevost's number for this recall is SR23-19.","Owners may also contact the National Highway Traffic Safety Administration Vehicle Safety Hotline at 1-888-327-4236 (TTY 1-800-424-9153), or go to www.nhtsa.gov.","2024","PREVOST","H3-45"
"Prevost Car (US) Inc.","23V761000",0,0,0,,"10/11/2023","ELECTRICAL SYSTEM","Prevost Car (US) Inc. (Prevost) is recalling certain 2024 H3-45, 2023-2024 H3-45 VIP, X3-45 VIP, X3-45 VIP Entertainer, and 2023 X3-45 motor coaches.  The grid heater cables that connect to the relay may have a loose connection and cause the relay to overheat.","A relay that overheats can increase the risk of a fire.","Prevost will inspect and replace damaged components, and tighten the grid heater relay nuts, as necessary, free of charge.  Owner notification letters were mailed December 30, 2023.  Owners may contact Prevost customer service at 1-908-222-7211.  Prevost's number for this recall is SR23-42.","Owners may also contact the National Highway Traffic Safety Administration Vehicle Safety Hotline at 1-888-327-4236 (TTY 1-800-424-9153), or go to www.nhtsa.gov.","2024","PREVOST","H3-45"
"Prevost Car (US) Inc.","23V805000",0,0,0,,"01/12/2023","FORWARD COLLISION AVOIDANCE: AUTOMATIC EMERGENCY BRAKING","Prevost Car (US) Inc. (Prevost) is recalling certain 2024 H3-45 and 2022-2024 H3-45 VIP motorcoaches equipped with Prevost Driver Assist.  The radar sensor may be obstructed by an incorrect front bumper trim panel, causing the driver assist system to not function properly.","A driver assist system that does not function properly may engage the brakes unexpectedly or fail to engage the brakes as intended, increasing the risk of a crash.","Prevost will inspect and replace the front bumper panel as necessary, free of charge.   Owner notification letters were mailed January 23, 2024.  Owners may contact Prevost customer service at 1-866-870-2046.  Prevost's number for this recall is SR23-43.","Owners may also contact the National Highway Traffic Safety Administration Vehicle Safety Hotline at 1-888-327-4236 (TTY 1-800-424-9153), or go to www.nhtsa.gov.","2024","PREVOST","H3-45"
"Prevost Car (US) Inc.","23V889000",0,0,0,,"22/12/2023","EQUIPMENT ADAPTIVE/MOBILITY:WHEELCHAIR LIFT/RAMP","Prevost Car (US) Inc. (Prevost) is recalling certain 2014 and 2018 H3-41, 2013-2024 H3-45, 2012-2024 X3-45, and 2017-2023 X3-45 Commuter vehicles.  The red beacon lighting on the Threshold Warning System (TWS) may not be bright enough.  As such, these vehicles fail to comply with the requirements of Federal Motor Vehicle Safety Standard number 403, ""Platform Lift Systems.""","Beacons that do not provide proper illumination may be less visible to wheelchair lift users, increasing the risk of injury.","Prevost will replace the red beacons, free of charge.  Owner letters were mailed September 16, 2024.  Owners may contact Prevost customer service at 1-866-870-2046.  Prevost's number for this recall is SR24-03.","Owners may also contact the National Highway Traffic Safety Administration Vehicle Safety Hotline at 1-888-327-4236 (TTY 1-800-424-9153), or go to www.nhtsa.gov.","2024","PREVOST","H3-45"
"Prevost Car (US) Inc.","24V179000",0,0,0,,"06/03/2024","ELECTRICAL SYSTEM:12V/24V/48V BATTERY:CABLES","Prevost Car (US) Inc. (Prevost) is recalling certain 2024 H3-45 and H3-45 VIP vehicles.  The grommet that protects the battery cables passing through a metallic panel was improperly installed, allowing the cables to chafe on the edges of the panel and potentially short circuit.","An electrical short circuit increases the risk of a fire.  Additionally, a vehicle fire may require an evacuation procedure in an uncontrolled traffic situation, increasing the risk of injury to passengers.","Prevost will inspect and reinstall the grommet, if necessary, free of charge.  Owner notification letters were mailed April 8, 2024.  Owners may contact Prevost customer service at 1-866-870-2046.  Prevost's number for this recall is SR24-12.","Owners may also contact the National Highway Traffic Safety Administration Vehicle Safety Hotline at 1-888-327-4236 (TTY 1-800-424-9153), or go to www.nhtsa.gov.","2024","PREVOST","H3-45"
"Prevost Car (US) Inc.","24V213000",0,0,0,,"20/03/2024","EQUIPMENT","Prevost Car (US) Inc. (Prevost) is recalling certain 2010 H3-45 VIP, 2024 H3-45 and X3-45 vehicles.  The coolant heaters may generate excessive exhaust gas and overheat.","Excessive exhaust gas may increase the risk of carbon monoxide poisoning, and an overheating heater increases the risk of a fire.  Additionally, a vehicle fire may require an evacuation procedure in an uncontrolled traffic situation, increasing the risk of injury to passengers.","Vehicle owners are advised not to operate the heaters until they have been repaired.  Prevost will inspect the coolant heaters, replace the damaged components, and clean the heater's internal components, as necessary.  In addition, Prevost will adjust the air to fuel ratio.  All repairs will be performed free of charge.  Owner notification letters were mailed May 17, 2024.  Owners may contact Prevost customer service at 1-866-870-2046.  Prevost's number for this recall is SR24-13.","Owners may also contact the National Highway Traffic Safety Administration Vehicle Safety Hotline at 1-888-327-4236 (TTY 1-800-424-9153), or go to www.nhtsa.gov.","2024","PREVOST","H3-45"
"Prevost Car (US) Inc.","24V523000",0,0,0,,"09/07/2024","EQUIPMENT ADAPTIVE/MOBILITY:WHEELCHAIR LIFT/RAMP","Prevost Car (US) Inc. (Prevost) is recalling certain 2005-2024 X3-45, 2017-2019 and 2021-2023 X3-45 Commuter, 2006-2007, 2014, and 2018 H3-41, 2005-2020 and 2022-2024 H3-45, and 2019 H3-45 VIP buses equipped with a wheelchair lift.  The wheelchair platform bridging device may be too steep, which can cause the wheelchair to become unstable.  As such, these vehicles fail to comply with the requirements of Federal Motor Vehicle Safety Standard numbers 403, ""Platform Lift Devices"" and 404, ""Platform Lift Installations.""","An unstable wheelchair increases the risk of injury to lift occupants.","Prevost will replace the wheelchair lift bridging device, free of charge.  Owner letters were mailed April 25, 2025.  Owners may contact Prevost customer service at 1-866-870-2046.  Prevost's number for this recall is SR24-26.","Owners may also contact the National Highway Traffic Safety Administration Vehicle Safety Hotline at 1-888-327-4236 (TTY 1-800-424-9153), or go to www.nhtsa.gov.","2024","PREVOST","H3-45"
"Chrysler (FCA US, LLC)","23V799000",0,0,0,,"28/11/2023","STEERING:STEERING CONTROL MODULE","Chrysler (FCA US, LLC) is recalling certain 2023 Ram 1500 Classic, Ram 3500 Classic, 3500 Cab Chassis, 2023-2024 Ram 2500, 4500/5500 Cab Chassis, and Ram 3500 vehicles.  The steering column control module may cause the high beams to activate when the turn signal is used or activate the turn signal when the high beams are used.  In addition, the turn signal self-canceling feature may not function properly.  As such, these vehicles fail to comply with the requirements of Federal Motor Vehicle Safety Standard number 108, ""Lamps, Reflective Devices, and Associated Equipment.""","Turn signals and/or high beams that do not function as intended may cause confusion or reduced visibility to other road users, increasing the risk of a crash.","Dealers will update the steering column control module (SCCM) software, and inspect and replace the module, as necessary, free of charge.  Owner notification letters were mailed December 19, 2023.  Owners may contact FCA US, LLC customer service at 1-800-853-1403.  FCA US, LLC's numbers for this recall are B2A and D5A.","Owners may also contact the National Highway Traffic Safety Administration Vehicle Safety Hotline at 1-888-327-4236 (TTY 1-800-424-9153), or go to www.nhtsa.gov.","2024","RAM","3500"
"Chrysler (FCA US, LLC) (Stellantis)","24V199000",0,0,0,,"14/03/2024","AIR BAGS:FRONTAL:DRIVER CLOCKSPRING/SPIRAL CASSETTE","Chrysler (FCA US, LLC) (Stellantis) is recalling certain 2023-2024 Ram 1500, Jeep Wrangler, Jeep Wagoneer, Jeep Grand Wagoneer, Chrysler Pacifica, Ram 3500, Ram 3500 cab chassis, Ram 2500, Ram 4500 cab chassis, Ram 5500 cab chassis, 2023 Jeep Gladiator, Jeep Grand Cherokee, Jeep Grand Cherokee L, Ram 3500 Cab Chassis with a GVWR less than 10,000 lbs., and Chrysler Voyager vehicles.  The steering column control module may not be welded properly, which can prevent the driver's air bag from deploying in a crash.  As such, these vehicles fail to comply with the requirements of Federal Motor Vehicle Safety Standard number 208, ""Occupant Crash Protection.""","An air bag that does not deploy in a crash can increase the risk of injury.","Dealers will inspect and replace the steering column control module, as necessary free of charge.  Some owner notification letters were mailed April 11, 2024 through June 20, 2024.  Owners may contact FCA US, LLC customer service at 1-800-853-1403.  FCA US, LLC's numbers for this recall are 14B, 33B, 34B, 35B, 36B.","Owners may also contact the National Highway Traffic Safety Administration Vehicle Safety Hotline at 1-888-327-4236 (TTY 1-800-424-9153), or go to www.nhtsa.gov.","2024","RAM","3500"
"Chrysler (FCA US, LLC)","23V799000",0,0,0,,"28/11/2023","STEERING:STEERING CONTROL MODULE","Chrysler (FCA US, LLC) is recalling certain 2023 Ram 1500 Classic, Ram 3500 Classic, 3500 Cab Chassis, 2023-2024 Ram 2500, 4500/5500 Cab Chassis, and Ram 3500 vehicles.  The steering column control module may cause the high beams to activate when the turn signal is used or activate the turn signal when the high beams are used.  In addition, the turn signal self-canceling feature may not function properly.  As such, these vehicles fail to comply with the requirements of Federal Motor Vehicle Safety Standard number 108, ""Lamps, Reflective Devices, and Associated Equipment.""","Turn signals and/or high beams that do not function as intended may cause confusion or reduced visibility to other road users, increasing the risk of a crash.","Dealers will update the steering column control module (SCCM) software, and inspect and replace the module, as necessary, free of charge.  Owner notification letters were mailed December 19, 2023.  Owners may contact FCA US, LLC customer service at 1-800-853-1403.  FCA US, LLC's numbers for this recall are B2A and D5A.","Owners may also contact the National Highway Traffic Safety Administration Vehicle Safety Hotline at 1-888-327-4236 (TTY 1-800-424-9153), or go to www.nhtsa.gov.","2024","RAM","4500"
"Chrysler (FCA US, LLC) (Stellantis)","24V199000",0,0,0,,"14/03/2024","AIR BAGS:FRONTAL:DRIVER CLOCKSPRING/SPIRAL CASSETTE","Chrysler (FCA US, LLC) (Stellantis) is recalling certain 2023-2024 Ram 1500, Jeep Wrangler, Jeep Wagoneer, Jeep Grand Wagoneer, Chrysler Pacifica, Ram 3500, Ram 3500 cab chassis, Ram 2500, Ram 4500 cab chassis, Ram 5500 cab chassis, 2023 Jeep Gladiator, Jeep Grand Cherokee, Jeep Grand Cherokee L, Ram 3500 Cab Chassis with a GVWR less than 10,000 lbs., and Chrysler Voyager vehicles.  The steering column control module may not be welded properly, which can prevent the driver's air bag from deploying in a crash.  As such, these vehicles fail to comply with the requirements of Federal Motor Vehicle Safety Standard number 208, ""Occupant Crash Protection.""","An air bag that does not deploy in a crash can increase the risk of injury.","Dealers will inspect and replace the steering column control module, as necessary free of charge.  Some owner notification letters were mailed April 11, 2024 through June 20, 2024.  Owners may contact FCA US, LLC customer service at 1-800-853-1403.  FCA US, LLC's numbers for this recall are 14B, 33B, 34B, 35B, 36B.","Owners may also contact the National Highway Traffic Safety Administration Vehicle Safety Hotline at 1-888-327-4236 (TTY 1-800-424-9153), or go to www.nhtsa.gov.","2024","RAM","4500"
"Chrysler (FCA US, LLC)","24V416000",0,0,0,,"06/06/2024","STRUCTURE:BODY:DOOR","Chrysler (FCA US, LLC) is recalling certain 2021-2024 Ram Promaster vehicles.  The vehicles are missing a side door beam, and the tire placard contains incorrect seating capacity information.  As such, these vehicles fail to comply with the requirements of Federal Motor Vehicle Safety Standard numbers 214, ""Side Impact Protection"" and 110, ""Tire Selection and Rims.""","A missing side door beam may not provide adequate occupant protection in a crash, increasing the risk of injury.  Incorrect seating capacity information can result in an improperly loaded vehicle, increasing the risk of injury in a crash.","Dealers will install a door beam and apply an overlay label, free of charge.  Owner notification letters were mailed August 1, 2024.  Owners may contact FCA US, LLC customer service at 1-800-853-1403.  FCA US, LLC's number for this recall is 53B.","Owners may also contact the National Highway Traffic Safety Administration Vehicle Safety Hotline at 1-888-327-4236 (TTY 1-800-424-9153), or go to www.nhtsa.gov.","2024","RAM","PROMASTER"
"Chrysler (FCA US, LLC)","25V330000",0,0,0,,"21/05/2025","BACK OVER PREVENTION: SENSING SYSTEM: CAMERA","Chrysler (FCA US, LLC) is recalling certain 2022-2025 Ram ProMaster vehicles. A software error in the security gateway module may cause the rearview camera image not to display. As such, these vehicles fail to comply with the requirements of Federal Motor Vehicle Safety Standard (FMVSS) number 111, ""Rear Visibility.""","A rearview image that does not display reduces the driver's view of what is behind the vehicle, increasing the risk of a crash.","Dealers will update the security gateway module software, free of charge. Owner notification letters were mailed June 12, 2025. Owners may contact Chrysler customer service at 800-853-1403. Chrysler's number for this recall is 40C.",,"2024","RAM","PROMASTER"
"Chrysler (FCA US, LLC)","25V665000",0,0,0,,"06/10/2025","ELECTRICAL SYSTEM:PROPULSION SYSTEM:TRACTION MOTOR:CONTROLLER:SOFTWARE","Chrysler (FCA US, LLC) is recalling certain 2024-2025 Ram ProMaster battery electric (BEV) vehicles. The electric drive module software may not effectively manage torque, which can result in a loss of drive power.","A loss of drive power increases the risk of a crash.","Dealers will update the software for the motor control processor, battery processor control module, integrated dual charge module, and electric vehicle control unit. Additionally, dealers will inspect and replace the electric drive module, as necessary. All repairs will be performed free of charge. Owner notification letters were mailed October 30, 2025. Owners may contact Chrysler customer service at 800-853-1403. Chrysler's number for this recall is 98C. Vehicle Identification Numbers (VINs) involved in this recall will be searchable on NHTSA.gov beginning October 16, 2025.",,"2024","RAM","PROMASTER"
"Chrysler (FCA US, LLC)","25V720000",0,0,0,,"23/10/2025","ENGINE AND ENGINE COOLING:COOLING SYSTEM:RADIATOR ASSEMBLY","Chrysler (FCA US, LLC) is recalling certain 2018-2026 Ram ProMaster vehicles. The electrical circuit for the radiator fan may overheat.","Electrical circuits that overheat increase the risk of a fire.","Dealers will replace the cooling fan module and fuse. In addition dealers will provide an addendum for the manual and label for the power distribution center. Some interim notification letters, notifying owners of the safety risk, were mailed December 11, 2025. Some owner notification letters were mailed beginning December 11, 2025. Additional owner notification letters were mailed in January, March, and June 2026. Remaining owner notification letters are expected to be mailed July 2026. Owners may contact Chrysler customer service at 800-853-1403. Chrysler's numbers for this recall are 67C, B3C, and C9C. Vehicle Identification Numbers (VINs) involved in this recall became searchable on NHTSA.gov beginning October 30, 2025.",,"2024","RAM","PROMASTER"
"Rollx Vans","25V876000",0,0,0,,"17/12/2025","EQUIPMENT ADAPTIVE/MOBILITY:WHEELCHAIR RESTRAINTS/SECUREMENT:LATCH/ANCHOR:","Rollx Vans (Rollx) is recalling certain GMC Yukon, Sierra, Chevrolet Express 2500, Ford Transit, E-250, Toyota Sienna, Sienna Hybrid, Honda Odyssey, Chrysler Town and Country, Voyager, Pacifica, Dodge Grand Caravan, and Ram Promaster vehicles equipped with QRT-Deluxe and QRT-Max wheelchair restraints. Please refer to Rollx's recall report for specific model year information. The retractors may not lock, preventing the wheelchair from being properly secured.","An unsecured wheelchair can move during transit, increasing the risk of injury.","Rollx will work with Q'Straint to inspect and replace the retractors as necessary, free of charge. Owner notification letters were mailed February 5, 2026. Owners may contact Rollx's customer service at 1-800-956-6668.",,"2024","RAM","PROMASTER"
"Rivian Automotive, LLC","24V319000",0,0,0,,"09/05/2024","EQUIPMENT:OTHER:LABELS","Rivian Automotive, LLC. (Rivian) is recalling certain 2024 R1T and R1S vehicles.  The dashboard air bag warning label may be missing.  As such, these vehicles fail to comply with the requirements of Federal Motor Vehicle Safety Standard number 208, ""Occupant Crash Protection.""","Without the dashboard label, operators may be unaware of the increased risks that an air bag poses to an infant or child in the front seat, increasing the risk of injury to occupants.","Rivian mailed owners the warning label information, free of charge.  Owner notification letters were mailed May 30, 2024.  Owners may contact Rivian customer service at 1-888-748-4264.  Rivian's number for this recall is FSAM-1429.","Owners may also contact the National Highway Traffic Safety Administration Vehicle Safety Hotline at 1-888-327-4236 (TTY 1-800-424-9153), or go to www.nhtsa.gov.","2024","RIVIAN","R1S"
"Rivian Automotive, LLC","24V367000",0,0,0,,"23/05/2024","EXTERIOR LIGHTING:HEADLIGHTS","Rivian Automotive, LLC. (Rivian) is recalling certain 2023-2024 EDV, R1S, and R1T vehicles.  The headlights may be improperly aimed.  As such, these vehicles fail to comply with the requirements of Federal Motor Vehicle Safety Standard number 108, ""Lamp, Reflective Devices and Associated Equipment.""","Improperly aimed headlights can result in insufficient illumination of the road, decreasing the driver's visibility and increasing the risk of a crash.","Rivian will inspect and adjust the headlight alignment as necessary, free of charge.  Owner notification letters were mailed June 28, 2024.  Owners may contact Rivian customer service at 1-888-748-4264.  Rivian's number for this recall is FSAM-1445.","Owners may also contact the National Highway Traffic Safety Administration Vehicle Safety Hotline at 1-888-327-4236 (TTY 1-800-424-9153), or go to www.nhtsa.gov.","2024","RIVIAN","R1S"
"Rivian Automotive, LLC","24V408000",0,0,0,,"05/06/2024","AIR BAGS:CRITICAL FASTENERS","Rivian Automotive, LLC (Rivian) is recalling certain 2022-2024 R1T and R1S vehicles.  The attachment clips on the upper B-pillar and/or C-pillar trim panels may have been damaged during a service procedure.","Damaged pillar trim panel clips can result in improper side curtain air bag deployment, increasing the risk of injury during a crash.","Rivian will replace the pillar trim panels, free of charge.  Owner notification letters were mailed July 16, 2024.  Owners may contact Rivian customer service at 1-888-748-4261.  Rivian's number for this recall is FSAM 1464.","Owners may also contact the National Highway Traffic Safety Administration Vehicle Safety Hotline at 1-888-327-4236 (TTY 1-800-424-9153), or go to www.nhtsa.gov.","2024","RIVIAN","R1S"
"Rivian Automotive, LLC","25V370000",0,0,0,,"03/06/2025","SEAT BELTS:FRONT:ANCHORAGE","Rivian Automotive, LLC (Rivian) is recalling certain 2022-2025 R1T and R1S vehicles. The D-ring bolts for one or both front seat belt anchorage assemblies may not have been properly installed.","An improperly secured seat belt may not restrain an occupant as intended, increasing the risk of injury during a crash.","Rivian will inspect and properly secure the seat belt anchorage assemblies as necessary, free of charge. Owner notification letters were mailed July 8, 2025. Owners may contact Rivian customer service at 1-888-748-4261. Rivian's number for this recall is FSAM-1681.",,"2024","RIVIAN","R1S"
"Rivian Automotive, LLC","26V003000",0,0,0,,"05/01/2026","SUSPENSION:CRITICAL FASTENERS","Rivian Automotive, LLC (Rivian) is recalling certain 2022-2025 R1S and R1T vehicles that previously had service performed. The toe link may have been reassembled incorrectly during service procedures performed before March 10, 2025.","The toe link joint may separate, increasing the risk of a crash.","Rivian will replace the rear toe link bolts, free of charge. Owner notification letters were mailed February 17, 2026. Owners may contact Rivian customer service at 1-888-748-4261. Rivian's number for this recall is FSAM-1794. Vehicle Identification Numbers (VINs) involved in this recall will be searchable on NHTSA.gov beginning February 24, 2026.",,"2024","RIVIAN","R1S"
"Rivian Automotive, LLC","26V009000",0,0,0,,"15/01/2026","SEAT BELTS:CRITICAL FASTENERS","Rivian Automotive, LLC (Rivian) is recalling certain 2022-2025 R1T and 2022-2026 R1S vehicles. The bolts that secure the second-row driver and passenger side seat belt retractor assemblies may be improperly tightened.","An improperly secured seat belt retractor may not adequately restrain the seat occupant, increasing the risk of injury during a crash.","Rivian will inspect and tighten the bolts as necessary, free of charge. Owner notification letters were mailed March 2, 2026. Owners may contact Rivian customer service at 1-888-748-4261. Rivian's number for this recall is FSAM-1795.",,"2024","RIVIAN","R1S"
"Rivian Automotive, LLC","24V319000",0,0,0,,"09/05/2024","EQUIPMENT:OTHER:LABELS","Rivian Automotive, LLC. (Rivian) is recalling certain 2024 R1T and R1S vehicles.  The dashboard air bag warning label may be missing.  As such, these vehicles fail to comply with the requirements of Federal Motor Vehicle Safety Standard number 208, ""Occupant Crash Protection.""","Without the dashboard label, operators may be unaware of the increased risks that an air bag poses to an infant or child in the front seat, increasing the risk of injury to occupants.","Rivian mailed owners the warning label information, free of charge.  Owner notification letters were mailed May 30, 2024.  Owners may contact Rivian customer service at 1-888-748-4264.  Rivian's number for this recall is FSAM-1429.","Owners may also contact the National Highway Traffic Safety Administration Vehicle Safety Hotline at 1-888-327-4236 (TTY 1-800-424-9153), or go to www.nhtsa.gov.","2024","RIVIAN","R1T"
"Rivian Automotive, LLC","24V367000",0,0,0,,"23/05/2024","EXTERIOR LIGHTING:HEADLIGHTS","Rivian Automotive, LLC. (Rivian) is recalling certain 2023-2024 EDV, R1S, and R1T vehicles.  The headlights may be improperly aimed.  As such, these vehicles fail to comply with the requirements of Federal Motor Vehicle Safety Standard number 108, ""Lamp, Reflective Devices and Associated Equipment.""","Improperly aimed headlights can result in insufficient illumination of the road, decreasing the driver's visibility and increasing the risk of a crash.","Rivian will inspect and adjust the headlight alignment as necessary, free of charge.  Owner notification letters were mailed June 28, 2024.  Owners may contact Rivian customer service at 1-888-748-4264.  Rivian's number for this recall is FSAM-1445.","Owners may also contact the National Highway Traffic Safety Administration Vehicle Safety Hotline at 1-888-327-4236 (TTY 1-800-424-9153), or go to www.nhtsa.gov.","2024","RIVIAN","R1T"
"Rivian Automotive, LLC","24V408000",0,0,0,,"05/06/2024","AIR BAGS:CRITICAL FASTENERS","Rivian Automotive, LLC (Rivian) is recalling certain 2022-2024 R1T and R1S vehicles.  The attachment clips on the upper B-pillar and/or C-pillar trim panels may have been damaged during a service procedure.","Damaged pillar trim panel clips can result in improper side curtain air bag deployment, increasing the risk of injury during a crash.","Rivian will replace the pillar trim panels, free of charge.  Owner notification letters were mailed July 16, 2024.  Owners may contact Rivian customer service at 1-888-748-4261.  Rivian's number for this recall is FSAM 1464.","Owners may also contact the National Highway Traffic Safety Administration Vehicle Safety Hotline at 1-888-327-4236 (TTY 1-800-424-9153), or go to www.nhtsa.gov.","2024","RIVIAN","R1T"
"Rivian Automotive, LLC","25V370000",0,0,0,,"03/06/2025","SEAT BELTS:FRONT:ANCHORAGE","Rivian Automotive, LLC (Rivian) is recalling certain 2022-2025 R1T and R1S vehicles. The D-ring bolts for one or both front seat belt anchorage assemblies may not have been properly installed.","An improperly secured seat belt may not restrain an occupant as intended, increasing the risk of injury during a crash.","Rivian will inspect and properly secure the seat belt anchorage assemblies as necessary, free of charge. Owner notification letters were mailed July 8, 2025. Owners may contact Rivian customer service at 1-888-748-4261. Rivian's number for this recall is FSAM-1681.",,"2024","RIVIAN","R1T"
"Rivian Automotive, LLC","26V003000",0,0,0,,"05/01/2026","SUSPENSION:CRITICAL FASTENERS","Rivian Automotive, LLC (Rivian) is recalling certain 2022-2025 R1S and R1T vehicles that previously had service performed. The toe link may have been reassembled incorrectly during service procedures performed before March 10, 2025.","The toe link joint may separate, increasing the risk of a crash.","Rivian will replace the rear toe link bolts, free of charge. Owner notification letters were mailed February 17, 2026. Owners may contact Rivian customer service at 1-888-748-4261. Rivian's number for this recall is FSAM-1794. Vehicle Identification Numbers (VINs) involved in this recall will be searchable on NHTSA.gov beginning February 24, 2026.",,"2024","RIVIAN","R1T"
"Rivian Automotive, LLC","26V009000",0,0,0,,"15/01/2026","SEAT BELTS:CRITICAL FASTENERS","Rivian Automotive, LLC (Rivian) is recalling certain 2022-2025 R1T and 2022-2026 R1S vehicles. The bolts that secure the second-row driver and passenger side seat belt retractor assemblies may be improperly tightened.","An improperly secured seat belt retractor may not adequately restrain the seat occupant, increasing the risk of injury during a crash.","Rivian will inspect and tighten the bolts as necessary, free of charge. Owner notification letters were mailed March 2, 2026. Owners may contact Rivian customer service at 1-888-748-4261. Rivian's number for this recall is FSAM-1795.",,"2024","RIVIAN","R1T"
"Roadtrek Inc.","26V271000",0,0,0,,"29/04/2026","EQUIPMENT:RECREATIONAL VEHICLE/TRAILER","Roadtrek Inc. (Roadtrek) is recalling certain 2024-2026 Westfalia Wave SL, 2022-2026 Zion Slumber, Play Slumber, 2026 Play Tuff SL, 2025-2026 Play+Slumber, and 2024 Pivot Slumber recreational vehicles. The pop-top latch may disengage during transit, causing the pop-top to lift.","A pop-top that lifts during transit can distract the driver, or detach if the secondary safety straps fail, increasing the risk of a crash.","Dealers will replace the primary latch and secondary safety straps, free of charge. Owner notification letters were mailed May 20, 2026. Owners may contact Roadtrek customer service at 1-888-762-3873. Roadtrek's number for this recall is 2026-01.",,"2024","ROADTREK","ZION SLUMBER"
"Shyft Group","23V062000",0,0,0,,"09/02/2023","ELECTRICAL SYSTEM:SOFTWARE","Shyft Group is recalling certain 2022-2024 Spartan RV K1, K2, K3, and K4 motorhome chassis.  A vehicle control module software error may cause loss of drive power or loss of key safety functions, such as loss of head lights or windshield wipers.","A sudden loss of drive power, or reduced visibility from a loss of head lights or windshield wipers can increase the risk of a crash.","Shyft Group will update the vehicle control module software, free of charge.  Owner notification letters were mailed February 17, 2023.  Owners may contact Shyft Group customer service at 1-800-237-7806.  Shyft Group's number for this recall is 23-01.","Owners may also contact the National Highway Traffic Safety Administration Vehicle Safety Hotline at 1-888-327-4236 (TTY 1-800-424-9153), or go to www.nhtsa.gov.","2024","SPARTAN","K3"
"Shyft Group","24V052000",0,0,0,,"30/01/2024","STEERING","Shyft Group is recalling certain 2023-2025 Spartan RV K2, K3, and K4 chassis.  The steering gear may have foreign material inside the gear that could build pressure within the system, resulting in a loss of power steering assist.","A sudden loss of power steering assist can increase the risk of a crash.","Shyft Group will remove and replace the steering gear, free of charge.  Owner notification letters were mailed March 21, 2024.  Owners may contact Shyft Group customer service at 1-800-237-7806.  Shyft Group's number for this recall is 24-01.","Owners may also contact the National Highway Traffic Safety Administration Vehicle Safety Hotline at 1-888-327-4236 (TTY 1-800-424-9153), or go to www.nhtsa.gov.","2024","SPARTAN","K3"
"Subaru of America, Inc.","26V436000",0,0,0,,"07/07/2026","EQUIPMENT:OTHER:LABELS","Subaru of America, Inc. (Subaru) is recalling certain 2026 Crosstrek Hybrid, 2025-2026 Forester Hybrid, Forester, and 2019-2026 Ascent vehicles. These vehicles were manufactured with an incorrect Gross Axle Weight Rating (GAWR) on the certification label. As such, these vehicles fail to comply with the requirements of Federal Motor Vehicle Safety Standard (FMVSS) 110, ""Tire selection and rims.""","An incorrect GAWR label may lead to an overloaded vehicle, increasing the risk of a crash.","Subaru will mail a new certification label to owners, free of charge. Owners may also choose to have a dealer install the new label, free of charge. Letters informing owners of the safety risk are expected to be mailed August 25, 2026. Additional letters will be mailed once the remedy is available. Owners may contact Subaru customer service at 1-844-373-6614. Subaru's number for this recall is WRH-26.",,"2024","SUBARU","ASCENT"
"Subaru of America, Inc.","23V551000",0,0,0,,"04/08/2023","ELECTRICAL SYSTEM: INSTRUMENT CLUSTER/PANEL","Subaru of America, Inc. (Subaru) is recalling certain 2024 Crosstrek and Impreza vehicles.  Due to insufficient clearance, the instrument panel harness may contact the steering beam bracket, damaging the wire insulation and causing a short circuit.","A short circuit may cause a loss of drive power, increasing the risk of a crash.","Dealers will inspect the harness and install an additional clamp on the steering beam bracket.  If damage is found, dealers will add protective tape or replace the instrument panel harness, as necessary.  Repairs will be performed free of charge.  Owner notification letters are expected to be mailed October 3, 2023.  Owners may contact Subaru customer service at 1-844-373-6614.  Subaru's number for this recall is WRL-23.","Owners may also contact the National Highway Traffic Safety Administration Vehicle Safety Hotline at 1-888-327-4236 (TTY 1-800-424-9153), or go to www.nhtsa.gov.","2024","SUBARU","CROSSTREK"
"Subaru of America, Inc.","23V754000",0,0,0,,"09/11/2023","POWER TRAIN:DRIVELINE:DRIVESHAFT","Subaru of America, Inc. (Subaru) is recalling certain 2024 Crosstrek, Impreza, 2023-2024 Forester, and 2023 WRX vehicles.  The front driveshaft assemblies' outer race may develop cracks and break.","A broken driveshaft can cause a loss of drive power while driving or vehicle rollaway when the vehicle is in park without the parking brake engaged.  Either of these scenarios can increase the risk of a crash.","Dealers will inspect and replace the left and right front driveshafts as necessary, free of charge.  Owner notification letters were mailed January 8, 2024.  Owners may contact Subaru's customer service at 1-844-373-6614.  Subaru's number for this recall is WRP-23.","Owners may also contact the National Highway Traffic Safety Administration Vehicle Safety Hotline at 1-888-327-4236 (TTY 1-800-424-9153), or go to www.nhtsa.gov.","2024","SUBARU","CROSSTREK"
"Subaru of America, Inc.","23V723000",0,0,0,,"26/10/2023","ENGINE AND ENGINE COOLING","Subaru of America, Inc. (Subaru) is recalling certain 2024 Forester vehicles.  The engine water pipe may have loose attachment bolts, allowing the pipe to lose its seal and leak coolant.","Leaking coolant can contact a hot exhaust pipe, increasing the risk of a fire.","Subarus independent distributor processing facilities will tighten the water pipe attachment bolts.  The affected vehicles have not been delivered to dealers or sold to owners and therefore, no owner notification letters will be sent.  Owners may contact Subaru's customer service at 1-844-373-6614.  Subaru's number for this recall is WRO-23.","Owners may also contact the National Highway Traffic Safety Administration Vehicle Safety Hotline at 1-888-327-4236 (TTY 1-800-424-9153), or go to www.nhtsa.gov.","2024","SUBARU","FORESTER"
"Subaru of America, Inc.","23V754000",0,0,0,,"09/11/2023","POWER TRAIN:DRIVELINE:DRIVESHAFT","Subaru of America, Inc. (Subaru) is recalling certain 2024 Crosstrek, Impreza, 2023-2024 Forester, and 2023 WRX vehicles.  The front driveshaft assemblies' outer race may develop cracks and break.","A broken driveshaft can cause a loss of drive power while driving or vehicle rollaway when the vehicle is in park without the parking brake engaged.  Either of these scenarios can increase the risk of a crash.","Dealers will inspect and replace the left and right front driveshafts as necessary, free of charge.  Owner notification letters were mailed January 8, 2024.  Owners may contact Subaru's customer service at 1-844-373-6614.  Subaru's number for this recall is WRP-23.","Owners may also contact the National Highway Traffic Safety Administration Vehicle Safety Hotline at 1-888-327-4236 (TTY 1-800-424-9153), or go to www.nhtsa.gov.","2024","SUBARU","FORESTER"
"Subaru of America, Inc.","23V551000",0,0,0,,"04/08/2023","ELECTRICAL SYSTEM: INSTRUMENT CLUSTER/PANEL","Subaru of America, Inc. (Subaru) is recalling certain 2024 Crosstrek and Impreza vehicles.  Due to insufficient clearance, the instrument panel harness may contact the steering beam bracket, damaging the wire insulation and causing a short circuit.","A short circuit may cause a loss of drive power, increasing the risk of a crash.","Dealers will inspect the harness and install an additional clamp on the steering beam bracket.  If damage is found, dealers will add protective tape or replace the instrument panel harness, as necessary.  Repairs will be performed free of charge.  Owner notification letters are expected to be mailed October 3, 2023.  Owners may contact Subaru customer service at 1-844-373-6614.  Subaru's number for this recall is WRL-23.","Owners may also contact the National Highway Traffic Safety Administration Vehicle Safety Hotline at 1-888-327-4236 (TTY 1-800-424-9153), or go to www.nhtsa.gov.","2024","SUBARU","IMPREZA"
"Subaru of America, Inc.","23V754000",0,0,0,,"09/11/2023","POWER TRAIN:DRIVELINE:DRIVESHAFT","Subaru of America, Inc. (Subaru) is recalling certain 2024 Crosstrek, Impreza, 2023-2024 Forester, and 2023 WRX vehicles.  The front driveshaft assemblies' outer race may develop cracks and break.","A broken driveshaft can cause a loss of drive power while driving or vehicle rollaway when the vehicle is in park without the parking brake engaged.  Either of these scenarios can increase the risk of a crash.","Dealers will inspect and replace the left and right front driveshafts as necessary, free of charge.  Owner notification letters were mailed January 8, 2024.  Owners may contact Subaru's customer service at 1-844-373-6614.  Subaru's number for this recall is WRP-23.","Owners may also contact the National Highway Traffic Safety Administration Vehicle Safety Hotline at 1-888-327-4236 (TTY 1-800-424-9153), or go to www.nhtsa.gov.","2024","SUBARU","IMPREZA"
"Toyota Motor Engineering & Manufacturing","25V577000",0,0,0,,"04/09/2025","VISIBILITY:DEFROSTER/DEFOGGER/HVAC SYSTEM","Toyota Motor Engineering & Manufacturing (Toyota) is recalling certain 2023-2025 bZ4X, Lexus RZ, and Subaru Solterra vehicles. During certain HVAC system faults, such as electrical compressor failure, the defroster and defogger system may become inoperative.","An inoperative defroster and defogger system can decrease the driver's visibility under certain driving conditions, increasing the risk of a crash.","Dealers will update the HVAC control ECU software, free of charge. Dealers will also inspect the electrical compressor, and replace it, if necessary, free of charge. Owner notification letters were mailed October 17, 2025. Owners may contact Toyota's customer service at 1-800-331-4331. Toyota's numbers for this recall are 25TB07 and 25TA07. Lexus' numbers for this recall are 25LB04 and 25LA04. Subaru's number for this recall is WRD-25.",,"2024","SUBARU","SOLTERRA"
"Toyota Motor Engineering & Manufacturing","25V744000",0,0,0,,"30/10/2025","BACK OVER PREVENTION:DISPLAY FUNCTION","Toyota Motor Engineering & Manufacturing (Toyota) is recalling certain 2022-2026 Toyota, Lexus, and Subaru Solterra vehicles equipped with a Panoramic View Monitor (PVM) system. Please see the recall report for a complete list of models. A software error may cause the rearview camera to freeze or display a blank screen when the vehicle is in reverse. As such, these vehicles fail to comply with the requirements of Federal Motor Vehicle Safety Standard (FMVSS) number 111, ""Rear Visibility.""","A rearview camera that fails to display an image can reduce the driver's view behind the vehicle, increasing the risk of a crash.","Dealers will update the parking assist software, free of charge. Owner letters were mailed January 2, 2026. Owners may contact Toyota's customer service at 1-800-331-4331. Toyota's numbers for this recall are 25TB13 and 25LB06. Subaru's number for this recall is WRE25.",,"2024","SUBARU","SOLTERRA"
"Suzuki Motor USA, LLC","24V535000",1,0,0,,"17/07/2024","TIRES","Suzuki Motor USA, LLC (Suzuki) is recalling certain 2023-2024 DL800DE motorcycles.  The rear tire may crack or deform, resulting in tire tread separation.","Tread separation may cause a loss of vehicle control, increasing the risk of a crash.","Owners are advised not to ride their motorcycles until the remedy has been completed.  Dealers will replace the rear tire, free of charge.  Owner notification letters were mailed September 20, 2024.  Owners may contact Suzuki customer service at 1-714- 572-1490.  Suzuki's number for this recall is 3A03.","Owners may also contact the National Highway Traffic Safety Administration Vehicle Safety Hotline at 1-888-327-4236 (TTY 1-800-424-9153), or go to www.nhtsa.gov.","2024","SUZUKI","DL800"
"Tesla, Inc.","24V051000",0,0,1,,"30/01/2024","ELECTRICAL SYSTEM: INSTRUMENT CLUSTER/PANEL","Tesla, Inc. (Tesla) is recalling certain 2012-2023 Model S, 2016-2024 Model X, 2017-2023 Model 3, 2019-2024 Model Y, and 2024 Cybertruck vehicles.  An incorrect font size is displayed on the instrument panel for the Brake, Park, and Antilock Brake System (ABS) warning lights.  As such, these vehicles fail to comply with the requirements of Federal Motor Vehicle Safety Standard number 105, ""Hydraulic and Electric Brake Systems"" and 135, ""Light Vehicle Brake Systems.""","Warning lights with a smaller font size can make critical safety information on the instrument panel difficult to read, increasing the risk of a crash.","Tesla began releasing an over-the-air (OTA) software update, free of charge.  Owners may contact Tesla customer service at 1-877-798-3752.  Tesla's number for this recall is SB-24-00-003.","Owners may also contact the National Highway Traffic Safety Administration Vehicle Safety Hotline at 1-888-327-4236 (TTY 1-800-424-9153), or go to www.nhtsa.gov.","2024","TESLA","CYBERTRUCK"
"Tesla, Inc.","24V276000",0,0,0,,"17/04/2024","VEHICLE SPEED CONTROL:ACCELERATOR PEDAL","Tesla, Inc. (Tesla) is recalling certain 2024 Cybertruck vehicles.  The accelerator pedal pad may dislodge and cause the pedal to become trapped by the interior trim.","A trapped accelerator pedal can cause the vehicle to accelerate unintentionally, increasing the risk of a crash.","Tesla service will replace or repair the accelerator pedal assembly, free of charge.  Owner notification letters were mailed June 18, 2024.  Owners may contact Tesla customer service at 1-877-798-3752.  Tesla's number for this recall is SB-24-33-003.","Owners may also contact the National Highway Traffic Safety Administration Vehicle Safety Hotline at 1-888-327-4236 (TTY 1-800-424-9153), or go to www.nhtsa.gov.","2024","TESLA","CYBERTRUCK"
"Tesla, Inc.","24V457000",0,0,0,,"19/06/2024","STRUCTURE:BODY","Tesla, Inc. (Tesla) is recalling certain 2024 Cybertruck vehicles.  The trunk bed trim sail applique could have been improperly adhered and can loosen.","A loose applique can detach from the vehicle, creating a road hazard for following motorists and increasing the risk of a crash.","Tesla service will apply adhesion promoter and pressure sensitive tape or replace missing applique as necessary, free of charge.  Owner notification letters were mailed August 18, 2024.  Owners may contact Tesla customer service at 1-877-798-3752.  Tesla's number for this recall is SB-24-12-006.","Owners may also contact the National Highway Traffic Safety Administration Vehicle Safety Hotline at 1-888-327-4236 (TTY 1-800-424-9153), or go to www.nhtsa.gov.","2024","TESLA","CYBERTRUCK"
"Tesla, Inc.","24V456000",0,0,0,,"19/06/2024","VISIBILITY:WINDSHIELD WIPER/WASHER:MOTOR","Tesla, Inc. (Tesla) is recalling certain 2024 Cybertruck vehicles.  Excessive electrical current can cause the front windshield wiper motor controller to fail.","Windshield wiper failure can reduce visibility, increasing the risk of a crash.","Tesla service will replace the wiper motor, free of charge.  Owner notification letters were mailed October 1, 2024.  Owners may contact Tesla customer service at 1-877-798-3752.  Tesla's number for this recall is SB-24-17-006.","Owners may also contact the National Highway Traffic Safety Administration Vehicle Safety Hotline at 1-888-327-4236 (TTY 1-800-424-9153), or go to www.nhtsa.gov.","2024","TESLA","CYBERTRUCK"
"Tesla, Inc.","24V718000",0,0,1,,"26/09/2024","BACK OVER PREVENTION:SOFTWARE","Tesla, Inc. (Tesla) is recalling certain 2024 Cybertruck vehicles.  The rearview camera image may be delayed after shifting into reverse.  As such, these vehicles fail to comply with the requirements of Federal Motor Vehicle Safety Standard (FMVSS) number 111, ""Rear Visibility.""","A delayed rearview image reduces the driver's view of what is behind the vehicle, increasing the risk of a crash.","Tesla released an over-the-air (OTA) software update, free of charge.  Owner notification letters were mailed November 25, 2024.  Owners may contact Tesla customer service at 1-877-798-3752.  Tesla's number for this recall is SB-24-00-016.","Owners may also contact the National Highway Traffic Safety Administration Vehicle Safety Hotline at 1-888-327-4236 (TTY 1-800-424-9153), or go to www.nhtsa.gov.","2024","TESLA","CYBERTRUCK"
"Tesla, Inc.","24V832000",0,0,0,,"05/11/2024","ELECTRICAL SYSTEM:PROPULSION SYSTEM:INVERTER","Tesla, Inc. (Tesla) is recalling certain 2024 Cybertruck vehicles.  A fault in the drive inverter may cause a loss of drive power to the wheels.","A loss of drive power can increase the risk of a crash.","Tesla service will replace the drive inverter, free of charge.  Owner notification letters were mailed January 4, 2025.  Owners may contact Tesla customer service at 1-877-798-3752.  Tesla's number for this recall is SB-24-40-009.","Owners may also contact the National Highway Traffic Safety Administration Vehicle Safety Hotline at 1-888-327-4236 (TTY 1-800-424-9153) or go to nhtsa.gov.","2024","TESLA","CYBERTRUCK"
"Tesla, Inc.","24V935000",0,0,1,,"17/12/2024","TIRES:PRESSURE MONITORING AND REGULATING SYSTEMS","Tesla, Inc. (Tesla) is recalling certain 2024 Cybertruck, 2017-2025 Model 3, and 2020-2025 Model Y vehicles.  The tire pressure monitoring system (TPMS) warning light may not remain illuminated between drive cycles, failing to warn the driver of low tire pressure.  As such, these vehicles fail to comply with the requirements of Federal Motor Vehicle Safety Standard number 138, ""Tire Pressure Monitoring Systems.""","Driving with improperly inflated tires increases the risk of a crash.","Tesla released an over-the-air (OTA) software update, free of charge.  Owner notification letters were mailed February 15, 2025.  Owners may contact Tesla customer service at 1-877-798-3752.  Tesla's number for this recall is SB-24-00-018.","Owners may also contact the National Highway Traffic Safety Administration Vehicle Safety Hotline at 1-888-327-4236 (TTY 1-800-424-9153), or go to www.nhtsa.gov.","2024","TESLA","CYBERTRUCK"
"Tesla, Inc.","25V170000",0,0,0,,"18/03/2025","STRUCTURE:BODY","Tesla, Inc. (Tesla) is recalling certain 2024-2025 Cybertruck vehicles.  The light bar can delaminate and detach from the vehicle.","A detached light bar can become a road hazard, increasing the risk of a crash.","Tesla service will replace the cant rail assembly, free of charge.  Owner notification letters were mailed September 19, 2025.  Owners may contact Tesla customer service at 1-877-798-3752.  Tesla's number for this recall is SB-25-10-001.","Owners may also contact the National Highway Traffic Safety Administration Vehicle Safety Hotline at 888-327-4236 (TTY 888-275-9171) or go to nhtsa.gov.","2024","TESLA","CYBERTRUCK"
"Tesla, Inc.","25V699000",0,0,0,,"15/10/2025","EXTERIOR LIGHTING","Tesla, Inc. (Tesla) is recalling certain 2024-2026 Cybertruck vehicles operating software prior to 2025.38.3. The vehicle controller software may cause the front parking lights to be too bright and exceed the maximum light output, adversely affecting the vision of other drivers. As such, these vehicles fail to comply with the requirements of Federal Motor Vehicle Safety Standard (FMVSS) number 108, ""Lamps, Reflective Devices, and Associated Equipment.""","Parking lights that are too bright can reduce visibility of oncoming drivers, increasing the risk of a crash.","Tesla released an over-the-air (OTA) software update, free of charge. Owner notification letters were mailed December 12, 2025. Owners may contact Tesla customer service at 1-877-798-3752. Tesla's number for this recall is SB-25-00-008.",,"2024","TESLA","CYBERTRUCK"
"Tesla, Inc.","25V735000",0,0,0,,"28/10/2025","EXTERIOR LIGHTING","Tesla, Inc. (Tesla) is recalling certain 2024 Cybertruck vehicles equipped with a service-installed off-road light bar accessory. An incorrect surface primer may have been used to attach the lightbar to the windshield, causing the light bar to loosen and detach.","A detached light bar may fall, creating a road hazard for other vehicles and increasing the risk of a crash.","Tesla Service will inspect the light bar and install an additional mechanical attachment or replace the light bar using tape to adhere the light bar to the windshield as well as an additional mechanical attachment as necessary, free of charge. Owner notification letters were mailed April 9, 2026. Owners may contact Tesla customer service at 1-877-798-3752. Tesla's number for this recall is SB-25-90-001.",,"2024","TESLA","CYBERTRUCK"
"Tesla, Inc.","26V255000",0,0,0,,"22/04/2026","WHEELS:LUGS/NUTS/BOLTS/STUDS","Tesla, Inc. (Tesla) is recalling certain 2024-2026 Cybertruck vehicles equipped with 18-inch steel wheels. The brake rotor stud holes may crack and allow the stud to separate from the wheel hub.","Wheel stud separation can cause a loss of vehicle control, increasing the risk of a crash.","Tesla Service will replace the front and rear brake rotors, hubs, and lug nuts, free of charge. Owner notification letters were mailed June 20, 2026. Owners may contact Tesla customer service at 1-877-798-3752. Tesla's number for this recall is SB-26-33-003.",,"2024","TESLA","CYBERTRUCK"
"Tesla, Inc.","24V284000",0,0,0,,"19/04/2024","AIR BAGS:SIDE/WINDOW:THORAX","Tesla, Inc. (Tesla) is recalling one 2024 Model 3 vehicle.  The driver seat side air bag module was assembled without a deflector that directs gas flow during deployment.","Without a deflector, the air bag may deploy improperly, increasing the risk of injury during a crash.","Tesla service replaced the side air bag, free of charge.  The affected vehicle was repaired April 12, 2024.  Owners may contact Tesla customer service at 1-877-798-3752.  Tesla's number for this recall is SB-24-13-001.","Owners may also contact the National Highway Traffic Safety Administration Vehicle Safety Hotline at 1-888-327-4236 (TTY 1-800-424-9153), or go to www.nhtsa.gov.","2024","TESLA","MODEL 3"
"Tesla, Inc.","24V554000",0,0,1,,"24/07/2024","LATCHES/LOCKS/LINKAGES:HOOD:LATCH","Tesla, Inc. (Tesla) is recalling certain 2021-2024 Model 3, Model S, Model X, and 2020-2024 Model Y vehicles.  The hood latch assembly may fail to detect an unlatched hood condition after the hood has been opened.","An unlatched hood can fully open, obstructing the driver's view and increasing the risk of a crash.","Tesla has released an over-the-air (OTA) software update, free of charge.  Owner notification letters were mailed September 24, 2024.  Owners may contact Tesla customer service at 1-877-798-3752.  Tesla's number for this recall is SB-24-00-012.","Owners may also contact the National Highway Traffic Safety Administration Vehicle Safety Hotline at 1-888-327-4236 (TTY 1-800-424-9153), or go to www.nhtsa.gov.","2024","TESLA","MODEL 3"
"Tesla, Inc.","24V935000",0,0,1,,"17/12/2024","TIRES:PRESSURE MONITORING AND REGULATING SYSTEMS","Tesla, Inc. (Tesla) is recalling certain 2024 Cybertruck, 2017-2025 Model 3, and 2020-2025 Model Y vehicles.  The tire pressure monitoring system (TPMS) warning light may not remain illuminated between drive cycles, failing to warn the driver of low tire pressure.  As such, these vehicles fail to comply with the requirements of Federal Motor Vehicle Safety Standard number 138, ""Tire Pressure Monitoring Systems.""","Driving with improperly inflated tires increases the risk of a crash.","Tesla released an over-the-air (OTA) software update, free of charge.  Owner notification letters were mailed February 15, 2025.  Owners may contact Tesla customer service at 1-877-798-3752.  Tesla's number for this recall is SB-24-00-018.","Owners may also contact the National Highway Traffic Safety Administration Vehicle Safety Hotline at 1-888-327-4236 (TTY 1-800-424-9153), or go to www.nhtsa.gov.","2024","TESLA","MODEL 3"
"Tesla, Inc.","25V002000",0,0,0,,"07/01/2025","BACK OVER PREVENTION:SOFTWARE","Tesla, Inc. (Tesla) is recalling certain 2024-2025 Model 3, Model S, 2023-2025 Model X, and Model Y vehicles.  The computer circuit board may short, resulting in the loss of the rearview camera image.  As such, these vehicles fail to comply with the requirements of Federal Motor Vehicle Safety Standard (FMVSS) number 111, ""Rear Visibility.""","A rearview camera that does not display an image reduces the driver's rear view, increasing the risk of a crash.","Tesla released an over-the-air (OTA) software update, free of charge. Tesla will also identify any vehicles that experienced a circuit board failure, or stress that may lead to a circuit board failure, and replace the affected computers, free of charge.  Owner notification letters were mailed March 7, 2025.  Owners may contact Tesla customer service at 1-877-798-3752.  Tesla's number for this recall is SB-25-00-001.","Owners may also contact the National Highway Traffic Safety Administration Vehicle Safety Hotline at 1-888-327-4236 (TTY 1-800-424-9153) or go to nhtsa.gov.","2024","TESLA","MODEL 3"
"Thor Motor Coach","25V171000",0,0,0,,"20/03/2025","EQUIPMENT:RECREATIONAL VEHICLE/TRAILER","Thor Motor Company (TMC) is recalling certain 2023-2026 Axis, Chateau, Four Winds, 2023-2025 Coleman, Echelon, Freedom Elite, Geneva, Outlaw, Quantum, Vegas, 2025 Eddie Bauer, Freedom Traveler, Pasadena, and 2024-2025 Magnitude motorhomes.  The slide-Out room can be deployed without the parking brake engaged, allowing the room to extend while the vehicle is in motion.","A slide-Out room that extends unexpectedly increases the risk of a crash.","Dealers will replace the park brake harness, free of charge.  Owner notification letters were mailed April 28, 2025.  Owners may contact TMC customer service at 1-877-855-2867.  TMC's number for this recall is RC000325.","Owners may also contact the National Highway Traffic Safety Administration Vehicle Safety Hotline at 888-327-4236 (TTY 888-275-9171) or go to nhtsa.gov.","2024","THOR MOTOR COACH","CHATEAU"
"Thor Motor Coach","25V171000",0,0,0,,"20/03/2025","EQUIPMENT:RECREATIONAL VEHICLE/TRAILER","Thor Motor Company (TMC) is recalling certain 2023-2026 Axis, Chateau, Four Winds, 2023-2025 Coleman, Echelon, Freedom Elite, Geneva, Outlaw, Quantum, Vegas, 2025 Eddie Bauer, Freedom Traveler, Pasadena, and 2024-2025 Magnitude motorhomes.  The slide-Out room can be deployed without the parking brake engaged, allowing the room to extend while the vehicle is in motion.","A slide-Out room that extends unexpectedly increases the risk of a crash.","Dealers will replace the park brake harness, free of charge.  Owner notification letters were mailed April 28, 2025.  Owners may contact TMC customer service at 1-877-855-2867.  TMC's number for this recall is RC000325.","Owners may also contact the National Highway Traffic Safety Administration Vehicle Safety Hotline at 888-327-4236 (TTY 888-275-9171) or go to nhtsa.gov.","2024","THOR MOTOR COACH","COLEMAN"
"Thor Motor Coach","25V171000",0,0,0,,"20/03/2025","EQUIPMENT:RECREATIONAL VEHICLE/TRAILER","Thor Motor Company (TMC) is recalling certain 2023-2026 Axis, Chateau, Four Winds, 2023-2025 Coleman, Echelon, Freedom Elite, Geneva, Outlaw, Quantum, Vegas, 2025 Eddie Bauer, Freedom Traveler, Pasadena, and 2024-2025 Magnitude motorhomes.  The slide-Out room can be deployed without the parking brake engaged, allowing the room to extend while the vehicle is in motion.","A slide-Out room that extends unexpectedly increases the risk of a crash.","Dealers will replace the park brake harness, free of charge.  Owner notification letters were mailed April 28, 2025.  Owners may contact TMC customer service at 1-877-855-2867.  TMC's number for this recall is RC000325.","Owners may also contact the National Highway Traffic Safety Administration Vehicle Safety Hotline at 888-327-4236 (TTY 888-275-9171) or go to nhtsa.gov.","2024","THOR MOTOR COACH","FREEDOM ELITE"
"Thor Motor Coach","24V426000",0,0,0,,"11/06/2024","EQUIPMENT:RECREATIONAL VEHICLE/TRAILER:LPG SYSTEMS","Thor Motor Coach (TMC) is recalling certain 2024-2025 Indigo and Luminate motorhomes.  The heat shield that protects the propane tank from engine exhaust may be too short, which can cause the propane tank to become overheated.","A propane tank that becomes overheated increases the risk of a fire.","Dealers will install an overlapping heat shield, free of charge.  Owner notification letters were mailed July 29, 2024.  Owners may contact TMC customer service at 1-877-500-1020.  TMC's number for this recall is RC000306.","Owners may also contact the National Highway Traffic Safety Administration Vehicle Safety Hotline at 1-888-327-4236 (TTY 1-800-424-9153), or go to www.safercar.gov.","2024","THOR MOTOR COACH","INDIGO"
"Thor Motor Coach","25V653000",0,0,0,,"30/09/2025","EQUIPMENT:RECREATIONAL VEHICLE/TRAILER:LPG SYSTEMS:TANK ASSEMBLY","Thor Motor Coach (TMC) is recalling certain 2024-2025 Luminate and Indigo recreational vehicles. The LP tank support tube may be too short and have an insufficient weld that may fracture, allowing the tank to detach.","A detached tank can create a road hazard for other vehicles, increasing the risk of a crash.","Dealers will install support brackets on both sides of the LP tank support tubes, free of charge. Owner notification letters were mailed October 30, 2025. Owners may contact TMC customer service at 1-877-855-2867. TMC's number for this recall is RC000331.",,"2024","THOR MOTOR COACH","INDIGO"
"Thor Motor Coach","25V171000",0,0,0,,"20/03/2025","EQUIPMENT:RECREATIONAL VEHICLE/TRAILER","Thor Motor Company (TMC) is recalling certain 2023-2026 Axis, Chateau, Four Winds, 2023-2025 Coleman, Echelon, Freedom Elite, Geneva, Outlaw, Quantum, Vegas, 2025 Eddie Bauer, Freedom Traveler, Pasadena, and 2024-2025 Magnitude motorhomes.  The slide-Out room can be deployed without the parking brake engaged, allowing the room to extend while the vehicle is in motion.","A slide-Out room that extends unexpectedly increases the risk of a crash.","Dealers will replace the park brake harness, free of charge.  Owner notification letters were mailed April 28, 2025.  Owners may contact TMC customer service at 1-877-855-2867.  TMC's number for this recall is RC000325.","Owners may also contact the National Highway Traffic Safety Administration Vehicle Safety Hotline at 888-327-4236 (TTY 888-275-9171) or go to nhtsa.gov.","2024","THOR MOTOR COACH","QUANTUM"
"Thor Motor Coach","23V285000",0,0,0,,"21/04/2023","FUEL SYSTEM, GASOLINE:DELIVERY:HOSES, LINES/PIPING, AND FITTINGS","Thor Motor Coach (TMC) is recalling certain 2021-2023 Sequence, 2021-2024 Rize, Scope, Tellaro, 2023-2024 Dazzle, and Twist motorhomes, equipped with certain Cummins Onan QG 2800i generator sets.  The fuel hose between the inline fuel filter and the injection pump module (IPM) may have inadequate clamp force, possibly resulting in a gasoline leak.","A gas leak in the presence of an ignition source increases the risk of a fire.","Dealers will inspect and replace the fuel hose and clamps, as necessary, free of charge.  Owner notification letters were mailed May 22, 2023.  Owners may contact TMC customer service at 1-877-855-2867.  TMC's number for this recall is RC000294.","Owners may also contact the National Highway Traffic Safety Administration Vehicle Safety Hotline at 1-888-327-4236 (TTY 1-800-424-9153), or go to www.nhtsa.gov.","2024","THOR MOTOR COACH","RIZE"
"Thor Motor Coach","23V759000",0,0,0,,"10/11/2023","EQUIPMENT:ELECTRICAL:ACCESSORY GENERATOR:SOLAR PANEL","Thor Motor Coach (TMC) is recalling certain 2021-2024 Thor Rize and Scope motorhomes.  The solar panel frame may fracture around the mounting bolts, allowing the panel to detach from the vehicle.","A detached solar panel can become a road hazard, increasing the risk of a crash.","Dealers will replace the lower bracket, free of charge.  Owner notification letters were mailed January 9, 2024.  Owners may contact TMC customer service at 1-877-855-2867.  TMC's number for this recall is RC000298.","Owners may also contact the National Highway Traffic Safety Administration Vehicle Safety Hotline at 1-888-327-4236 (TTY 1-800-424-9153), or go to www.nhtsa.gov.","2024","THOR MOTOR COACH","RIZE"
"Thor Motor Coach","25V792000",0,0,0,,"17/11/2025","STRUCTURE:CRITICAL FASTENERS","Thor Motor Coach (TMC) is recalling certain 2024 Twist, 2023-2024 Dazzle, Scope, Rize, Sequence, and 2022-2024 Tellaro recreational vehicles. The adhesive securing the solar panels to the roof may fail, allowing the solar panel to detach.","A detached solar panel can become a road hazard for other vehicles, increasing the risk of a crash.","Dealers will remove and replace the sealant, free of charge. Owner notification letters were mailed February 23, 2026. Owners may contact TMC customer service at 1-877-855-2867. TMC's number for this recall RC000337.",,"2024","THOR MOTOR COACH","RIZE"
"Thor Motor Coach","23V285000",0,0,0,,"21/04/2023","FUEL SYSTEM, GASOLINE:DELIVERY:HOSES, LINES/PIPING, AND FITTINGS","Thor Motor Coach (TMC) is recalling certain 2021-2023 Sequence, 2021-2024 Rize, Scope, Tellaro, 2023-2024 Dazzle, and Twist motorhomes, equipped with certain Cummins Onan QG 2800i generator sets.  The fuel hose between the inline fuel filter and the injection pump module (IPM) may have inadequate clamp force, possibly resulting in a gasoline leak.","A gas leak in the presence of an ignition source increases the risk of a fire.","Dealers will inspect and replace the fuel hose and clamps, as necessary, free of charge.  Owner notification letters were mailed May 22, 2023.  Owners may contact TMC customer service at 1-877-855-2867.  TMC's number for this recall is RC000294.","Owners may also contact the National Highway Traffic Safety Administration Vehicle Safety Hotline at 1-888-327-4236 (TTY 1-800-424-9153), or go to www.nhtsa.gov.","2024","THOR MOTOR COACH","SCOPE"
"Thor Motor Coach","23V759000",0,0,0,,"10/11/2023","EQUIPMENT:ELECTRICAL:ACCESSORY GENERATOR:SOLAR PANEL","Thor Motor Coach (TMC) is recalling certain 2021-2024 Thor Rize and Scope motorhomes.  The solar panel frame may fracture around the mounting bolts, allowing the panel to detach from the vehicle.","A detached solar panel can become a road hazard, increasing the risk of a crash.","Dealers will replace the lower bracket, free of charge.  Owner notification letters were mailed January 9, 2024.  Owners may contact TMC customer service at 1-877-855-2867.  TMC's number for this recall is RC000298.","Owners may also contact the National Highway Traffic Safety Administration Vehicle Safety Hotline at 1-888-327-4236 (TTY 1-800-424-9153), or go to www.nhtsa.gov.","2024","THOR MOTOR COACH","SCOPE"
"Thor Motor Coach","25V792000",0,0,0,,"17/11/2025","STRUCTURE:CRITICAL FASTENERS","Thor Motor Coach (TMC) is recalling certain 2024 Twist, 2023-2024 Dazzle, Scope, Rize, Sequence, and 2022-2024 Tellaro recreational vehicles. The adhesive securing the solar panels to the roof may fail, allowing the solar panel to detach.","A detached solar panel can become a road hazard for other vehicles, increasing the risk of a crash.","Dealers will remove and replace the sealant, free of charge. Owner notification letters were mailed February 23, 2026. Owners may contact TMC customer service at 1-877-855-2867. TMC's number for this recall RC000337.",,"2024","THOR MOTOR COACH","SCOPE"
"Tiffin Motorhomes, Inc.","23V804000",0,0,0,,"29/11/2023","EQUIPMENT:RECREATIONAL VEHICLE/TRAILER:LPG SYSTEMS","Tiffin Motorhomes, Inc. (Tiffin) is recalling certain 2024 Allegro Open Road and Allegro Bay motorhomes.  The 32-inch hard line LPG hose fitting may not fit correctly, which can cause a fuel leak.","A fuel leak in the presence of an ignition source increases the risk of a fire.","Dealers will replace the 32-inch hose with a 40-inch hose, free of charge.  Owner notification letters are expected to be mailed January 28, 2024.  Owners may contact Tiffin customer service at 1-256-356-8661.  Tiffin's number for this recall is TIF-134.","Owners may also contact the National Highway Traffic Safety Administration Vehicle Safety Hotline at 1-888-327-4236 (TTY 1-800-424-9153), or go to www.nhtsa.gov.","2024","TIFFIN","ALLEGRO BAY"
"Tiffin Motorhomes, Inc.","24V062000",0,0,0,,"01/02/2024","ELECTRICAL SYSTEM:12V/24V/48V BATTERY","Tiffin Motorhomes, Inc. (Tiffin) is recalling certain 2022-2024 Allegro Bay motorhomes.  The standard house batteries may shift position during travel, which can cause the battery terminals to contact the steel hold-down bar.","Battery terminals that contact the steel hold-down bar can cause electrical arcing and increase the risk of a fire.","Dealers will install a new battery hold-down bar and angle brackets, free of charge.  Owner notification letters were mailed March 29, 2024.  Owners may contact Tiffin customer service at 1-256-356-8661.  Tiffin's number for this recall is TIF-137.","Owners may also contact the National Highway Traffic Safety Administration Vehicle Safety Hotline at 1-888-327-4236 (TTY 1-800-424-9153), or go to www.nhtsa.gov.","2024","TIFFIN","ALLEGRO BAY"
"Tiffin Motorhomes, Inc.","24V669000",0,0,0,,"11/09/2024","STRUCTURE:FRAME AND MEMBERS","Tiffin Motorhomes, Inc. (Tiffin) is recalling certain 2022-2025 Allegro Bay motorhomes.  The subframe truss may collapse and pinch the electrical wiring, causing an electrical arc.","Electrical arcing increases the risk of a fire.","Dealers will reinforce the trusses, and repair damage as necessary, free of charge.  Owner notification letters were mailed November 8, 2024.  Owners may contact Tiffin customer service at 1-256-356-8661.  Tiffin's number for this recall is TIF-142.","Owners may also contact the National Highway Traffic Safety Administration Vehicle Safety Hotline at 1-888-327-4236 (TTY 1-800-424-9153), or go to www.safercar.gov.","2024","TIFFIN","ALLEGRO BAY"
"Tiffin Motorhomes, Inc.","23V804000",0,0,0,,"29/11/2023","EQUIPMENT:RECREATIONAL VEHICLE/TRAILER:LPG SYSTEMS","Tiffin Motorhomes, Inc. (Tiffin) is recalling certain 2024 Allegro Open Road and Allegro Bay motorhomes.  The 32-inch hard line LPG hose fitting may not fit correctly, which can cause a fuel leak.","A fuel leak in the presence of an ignition source increases the risk of a fire.","Dealers will replace the 32-inch hose with a 40-inch hose, free of charge.  Owner notification letters are expected to be mailed January 28, 2024.  Owners may contact Tiffin customer service at 1-256-356-8661.  Tiffin's number for this recall is TIF-134.","Owners may also contact the National Highway Traffic Safety Administration Vehicle Safety Hotline at 1-888-327-4236 (TTY 1-800-424-9153), or go to www.nhtsa.gov.","2024","TIFFIN","ALLEGRO OPEN ROAD"
"Tiffin Motorhomes, Inc.","24V260000",0,0,0,,"11/04/2024","EQUIPMENT:APPLIANCE:OVEN/STOVE/COOKTOP","Tiffin Motorhomes, Inc. (Tiffin) is recalling certain 2022-2024, Allergro RED 360, 2023-2024 Allergro Open Road, and 2024 Byway, motorhomes.  The LED backlight circuit board in the cooktop range may fail, causing the board to overheat.","A circuit board that overheats increases the risk of a fire.","Dealers can remove the LED backlights or terminate the circuit for the red LED lights, free of charge.  Owner notification letters were mailed by May 21, 2024.  Owners may contact Tiffin customer service at 1-256-356-8661.  Tiffin's number for this recall is TIF-138.","Owners may also contact the National Highway Traffic Safety Administration Vehicle Safety Hotline at 1-888-327-4236 (TTY 1-800-424-9153), or go to www.nhtsa.gov.","2024","TIFFIN","ALLEGRO OPEN ROAD"
"Gulf States Toyota, Inc.","24V548000",0,0,0,,"23/07/2024","EQUIPMENT:OTHER:LABELS","Gulf States Toyota, Inc. (GST) is recalling certain Toyota 2023 GR Supra, 2024 4 Runner, Corolla, Grand Highlander, Grand Highlander Hybrid, Land Cruiser Hybrid, Tacoma, Tacoma Hybrid, 2023-2024 BZ4X, Corolla Cross Hybrid, GR Corolla, GR86, Highlander, Highlander Hybrid, Prius, Prius Prime, Sequoia Hybrid, Tundra, Tundra Hybrid, Venza Hybrid, 2023-2025 Crown, and 2025 Camry Hybrid vehicles equipped with GST accessories.  The load carrying capacity modification label may display inaccurate added weight values.  As such, these vehicles fail to comply with the requirements of Federal Motor Vehicle Safety Standard number 110, ""Tire Selection and Rims.""","A vehicle with an incorrect maximum capacity weight value may be overloaded, which can increase the risk of a crash.","GST will mail new labels to owners, free of charge.  Owner notification letters were mailed September 16, 2024.  Owners may contact GST customer service at 1-800-444-1074.  GST's number for this recall is 24R2.","Owners may also contact the National Highway Traffic Safety Administration Vehicle Safety Hotline at 1-888-327-4236 (TTY 1-800-424-9153), or go to www.nhtsa.gov.","2024","TOYOTA","4RUNNER"
"Gulf States Toyota, Inc.","24V548000",0,0,0,,"23/07/2024","EQUIPMENT:OTHER:LABELS","Gulf States Toyota, Inc. (GST) is recalling certain Toyota 2023 GR Supra, 2024 4 Runner, Corolla, Grand Highlander, Grand Highlander Hybrid, Land Cruiser Hybrid, Tacoma, Tacoma Hybrid, 2023-2024 BZ4X, Corolla Cross Hybrid, GR Corolla, GR86, Highlander, Highlander Hybrid, Prius, Prius Prime, Sequoia Hybrid, Tundra, Tundra Hybrid, Venza Hybrid, 2023-2025 Crown, and 2025 Camry Hybrid vehicles equipped with GST accessories.  The load carrying capacity modification label may display inaccurate added weight values.  As such, these vehicles fail to comply with the requirements of Federal Motor Vehicle Safety Standard number 110, ""Tire Selection and Rims.""","A vehicle with an incorrect maximum capacity weight value may be overloaded, which can increase the risk of a crash.","GST will mail new labels to owners, free of charge.  Owner notification letters were mailed September 16, 2024.  Owners may contact GST customer service at 1-800-444-1074.  GST's number for this recall is 24R2.","Owners may also contact the National Highway Traffic Safety Administration Vehicle Safety Hotline at 1-888-327-4236 (TTY 1-800-424-9153), or go to www.nhtsa.gov.","2024","TOYOTA","BZ4X"
"Toyota Motor Engineering & Manufacturing","25V577000",0,0,0,,"04/09/2025","VISIBILITY:DEFROSTER/DEFOGGER/HVAC SYSTEM","Toyota Motor Engineering & Manufacturing (Toyota) is recalling certain 2023-2025 bZ4X, Lexus RZ, and Subaru Solterra vehicles. During certain HVAC system faults, such as electrical compressor failure, the defroster and defogger system may become inoperative.","An inoperative defroster and defogger system can decrease the driver's visibility under certain driving conditions, increasing the risk of a crash.","Dealers will update the HVAC control ECU software, free of charge. Dealers will also inspect the electrical compressor, and replace it, if necessary, free of charge. Owner notification letters were mailed October 17, 2025. Owners may contact Toyota's customer service at 1-800-331-4331. Toyota's numbers for this recall are 25TB07 and 25TA07. Lexus' numbers for this recall are 25LB04 and 25LA04. Subaru's number for this recall is WRD-25.",,"2024","TOYOTA","BZ4X"
"Toyota Motor Engineering & Manufacturing","25V744000",0,0,0,,"30/10/2025","BACK OVER PREVENTION:DISPLAY FUNCTION","Toyota Motor Engineering & Manufacturing (Toyota) is recalling certain 2022-2026 Toyota, Lexus, and Subaru Solterra vehicles equipped with a Panoramic View Monitor (PVM) system. Please see the recall report for a complete list of models. A software error may cause the rearview camera to freeze or display a blank screen when the vehicle is in reverse. As such, these vehicles fail to comply with the requirements of Federal Motor Vehicle Safety Standard (FMVSS) number 111, ""Rear Visibility.""","A rearview camera that fails to display an image can reduce the driver's view behind the vehicle, increasing the risk of a crash.","Dealers will update the parking assist software, free of charge. Owner letters were mailed January 2, 2026. Owners may contact Toyota's customer service at 1-800-331-4331. Toyota's numbers for this recall are 25TB13 and 25LB06. Subaru's number for this recall is WRE25.",,"2024","TOYOTA","BZ4X"
"Toyota Motor Engineering & Manufacturing","24V128000",0,0,0,,"21/02/2024","SEATS","Toyota Motor Engineering & Manufacturing (Toyota) is recalling certain 2023-2024 Camry and Camry Hybrid vehicles. The second-row center and right-side seats may have insufficiently welded head restraint brackets.  As such, these vehicles fail to comply with the requirements of Federal Motor Vehicle Safety Standard number 202, ""Head Restraints.""","A head restraint bracket that is insufficiently welded may not properly restrain an occupant during a crash, increasing the risk of injury.","Dealers will replace the 60% rear seat-back frame sub-assembly, free of charge.  Owner notification letters were mailed April 19, 2024.  Owners may contact Toyota customer service at 1-800-331-4331.  Toyota's numbers for this recall are 24TB04 and 24TA04.","Owners may also contact the National Highway Traffic Safety Administration Vehicle Safety Hotline at 1-888-327-4236 (TTY 1-800-424-9153), or go to www.nhtsa.gov.","2024","TOYOTA","CAMRY"
"Gulf States Toyota, Inc.","24V548000",0,0,0,,"23/07/2024","EQUIPMENT:OTHER:LABELS","Gulf States Toyota, Inc. (GST) is recalling certain Toyota 2023 GR Supra, 2024 4 Runner, Corolla, Grand Highlander, Grand Highlander Hybrid, Land Cruiser Hybrid, Tacoma, Tacoma Hybrid, 2023-2024 BZ4X, Corolla Cross Hybrid, GR Corolla, GR86, Highlander, Highlander Hybrid, Prius, Prius Prime, Sequoia Hybrid, Tundra, Tundra Hybrid, Venza Hybrid, 2023-2025 Crown, and 2025 Camry Hybrid vehicles equipped with GST accessories.  The load carrying capacity modification label may display inaccurate added weight values.  As such, these vehicles fail to comply with the requirements of Federal Motor Vehicle Safety Standard number 110, ""Tire Selection and Rims.""","A vehicle with an incorrect maximum capacity weight value may be overloaded, which can increase the risk of a crash.","GST will mail new labels to owners, free of charge.  Owner notification letters were mailed September 16, 2024.  Owners may contact GST customer service at 1-800-444-1074.  GST's number for this recall is 24R2.","Owners may also contact the National Highway Traffic Safety Administration Vehicle Safety Hotline at 1-888-327-4236 (TTY 1-800-424-9153), or go to www.nhtsa.gov.","2024","TOYOTA","COROLLA"
"Toyota Motor Engineering & Manufacturing","24V878000",0,0,0,,"21/11/2024","STEERING","Toyota Motor Engineering & Manufacturing (Toyota) is recalling certain 2023-2024 Corolla and Corolla Hybrid vehicles.  Due to cracks developed during the manufacturing process, the steering intermediate shaft assembly may fracture and possibly result in the shaft detaching from the steering column.","A steering shaft that detaches can result in a loss of steering control, increasing the risk of a crash.","Dealers will replace the intermediate steering shaft, free of charge.  Owner notification letters were mailed January 17, 2025.  Owners may contact Toyota customer service at 1-800-331-4331.  Toyota's number for this recall is 24TB13/24TA13.","Owners may also contact the National Highway Traffic Safety Administration Vehicle Safety Hotline at 1-888-327-4236 (TTY 1-800-424-9153) or go to nhtsa.gov.","2024","TOYOTA","COROLLA"
"Gulf States Toyota, Inc.","24V548000",0,0,0,,"23/07/2024","EQUIPMENT:OTHER:LABELS","Gulf States Toyota, Inc. (GST) is recalling certain Toyota 2023 GR Supra, 2024 4 Runner, Corolla, Grand Highlander, Grand Highlander Hybrid, Land Cruiser Hybrid, Tacoma, Tacoma Hybrid, 2023-2024 BZ4X, Corolla Cross Hybrid, GR Corolla, GR86, Highlander, Highlander Hybrid, Prius, Prius Prime, Sequoia Hybrid, Tundra, Tundra Hybrid, Venza Hybrid, 2023-2025 Crown, and 2025 Camry Hybrid vehicles equipped with GST accessories.  The load carrying capacity modification label may display inaccurate added weight values.  As such, these vehicles fail to comply with the requirements of Federal Motor Vehicle Safety Standard number 110, ""Tire Selection and Rims.""","A vehicle with an incorrect maximum capacity weight value may be overloaded, which can increase the risk of a crash.","GST will mail new labels to owners, free of charge.  Owner notification letters were mailed September 16, 2024.  Owners may contact GST customer service at 1-800-444-1074.  GST's number for this recall is 24R2.","Owners may also contact the National Highway Traffic Safety Administration Vehicle Safety Hotline at 1-888-327-4236 (TTY 1-800-424-9153), or go to www.nhtsa.gov.","2024","TOYOTA","COROLLA CROSS HYBRID"
"Toyota Motor Engineering & Manufacturing","24V708000",0,0,0,,"20/09/2024","SERVICE BRAKES, ELECTRIC:SOFTWARE/PROGRAMMING","Toyota Motor Engineering & Manufacturing (Toyota) is recalling certain 2023-2024 Corolla Cross Hybrid and 2023-2025 Corolla Hybrid vehicles.  A software error in the skid control electronic control unit (ECU) may result in a loss of power brake assist when turning a corner.","A loss of power brake assist can extend the distance required to stop, increasing the risk of a crash.","Dealers will update the skid control ECU software, free of charge.  Owner notification letters were mailed November 19, 2024. Additionally, notifications to owners of the Corolla Hybrid vehicles were mailed January 17, 2025.  Owners may contact Toyota customer service at 1-800-331-4331.  Toyota's number for this recall is 24TA11.","Owners may also contact the National Highway Traffic Safety Administration Vehicle Safety Hotline at 1-888-327-4236 (TTY 1-800-424-9153) or go to nhtsa.gov.","2024","TOYOTA","COROLLA CROSS HYBRID"
"Toyota Motor Engineering & Manufacturing","26V203000",0,0,0,,"31/03/2026","BACK OVER PREVENTION:WARNINGS:EXTERNAL/PEDESTRIAN ALERT","Toyota Motor Engineering & Manufacturing (Toyota) is recalling certain 2023-2025 Corolla Cross Hybrid vehicles. The vehicles may fail to make sufficient pedestrian warning sounds when in reverse. As such, these vehicles fail to comply with the requirements of Federal Motor Vehicle Safety Standard (FMVSS) number 141, ""Minimum Sound Requirements for Hybrid and Electric Vehicles.""","Insufficient pedestrian warning sounds may fail to alert pedestrians of a reversing vehicle, increasing the risk of injury.","Dealers will update the software for the pedestrian warning sounds, free of charge. Interim letters notifying owners of the safety risk were mailed June 2 2026. Additional letters will be sent once the final remedy is available. Owners may contact Toyota's customer service at 1-800-331-4331. Toyota's numbers for this recall are 26TB08 and 26TA08.",,"2024","TOYOTA","COROLLA CROSS HYBRID"
"Toyota Motor Engineering & Manufacturing","24V878000",0,0,0,,"21/11/2024","STEERING","Toyota Motor Engineering & Manufacturing (Toyota) is recalling certain 2023-2024 Corolla and Corolla Hybrid vehicles.  Due to cracks developed during the manufacturing process, the steering intermediate shaft assembly may fracture and possibly result in the shaft detaching from the steering column.","A steering shaft that detaches can result in a loss of steering control, increasing the risk of a crash.","Dealers will replace the intermediate steering shaft, free of charge.  Owner notification letters were mailed January 17, 2025.  Owners may contact Toyota customer service at 1-800-331-4331.  Toyota's number for this recall is 24TB13/24TA13.","Owners may also contact the National Highway Traffic Safety Administration Vehicle Safety Hotline at 1-888-327-4236 (TTY 1-800-424-9153) or go to nhtsa.gov.","2024","TOYOTA","COROLLA HYBRID"
"Toyota Motor Engineering & Manufacturing","24V708000",0,0,0,,"20/09/2024","SERVICE BRAKES, ELECTRIC:SOFTWARE/PROGRAMMING","Toyota Motor Engineering & Manufacturing (Toyota) is recalling certain 2023-2024 Corolla Cross Hybrid and 2023-2025 Corolla Hybrid vehicles.  A software error in the skid control electronic control unit (ECU) may result in a loss of power brake assist when turning a corner.","A loss of power brake assist can extend the distance required to stop, increasing the risk of a crash.","Dealers will update the skid control ECU software, free of charge.  Owner notification letters were mailed November 19, 2024. Additionally, notifications to owners of the Corolla Hybrid vehicles were mailed January 17, 2025.  Owners may contact Toyota customer service at 1-800-331-4331.  Toyota's number for this recall is 24TA11.","Owners may also contact the National Highway Traffic Safety Administration Vehicle Safety Hotline at 1-888-327-4236 (TTY 1-800-424-9153) or go to nhtsa.gov.","2024","TOYOTA","COROLLA HYBRID"
"Gulf States Toyota, Inc.","24V548000",0,0,0,,"23/07/2024","EQUIPMENT:OTHER:LABELS","Gulf States Toyota, Inc. (GST) is recalling certain Toyota 2023 GR Supra, 2024 4 Runner, Corolla, Grand Highlander, Grand Highlander Hybrid, Land Cruiser Hybrid, Tacoma, Tacoma Hybrid, 2023-2024 BZ4X, Corolla Cross Hybrid, GR Corolla, GR86, Highlander, Highlander Hybrid, Prius, Prius Prime, Sequoia Hybrid, Tundra, Tundra Hybrid, Venza Hybrid, 2023-2025 Crown, and 2025 Camry Hybrid vehicles equipped with GST accessories.  The load carrying capacity modification label may display inaccurate added weight values.  As such, these vehicles fail to comply with the requirements of Federal Motor Vehicle Safety Standard number 110, ""Tire Selection and Rims.""","A vehicle with an incorrect maximum capacity weight value may be overloaded, which can increase the risk of a crash.","GST will mail new labels to owners, free of charge.  Owner notification letters were mailed September 16, 2024.  Owners may contact GST customer service at 1-800-444-1074.  GST's number for this recall is 24R2.","Owners may also contact the National Highway Traffic Safety Administration Vehicle Safety Hotline at 1-888-327-4236 (TTY 1-800-424-9153), or go to www.nhtsa.gov.","2024","TOYOTA","CROWN"
"Toyota Motor Engineering & Manufacturing","25V595000",0,0,0,,"11/09/2025","ELECTRICAL SYSTEM: INSTRUMENT CLUSTER/PANEL","Toyota Motor Engineering & Manufacturing (Toyota) is recalling certain 2023-2024 Toyota Venza, 2023-2025 RAV4 Prime, RAV4, Highlander, GR Corolla, Crown, 2024-2025 Lexus TX, LS, Toyota Tacoma, Grand Highlander, and 2025 Lexus RX, Toyota Crown Signia, Camry, RAV 4 Plug-in Hybrid (PHEV), and 4 Runner vehicles. Due to an error in the instrument panel software at vehicle startup, the instrument panel may fail to display vehicle speed, brake system, and tire pressure warning lights.","An instrument panel display that does not show critical information can increase the risk of a crash or injury.","Dealers will update the instrument panel software over-the-air (OTA) for non-PHEV vehicles, free of charge. For PHEV vehicles, dealers will inspect the instrument panel assembly, and either replace it, or update the software, free of charge. Owner letters were mailed December 5, 2025. Additional letters will be sent, anticipated in May 2026. This is a phased recall. Owners may contact Toyota's customer service at 1-800-331-4331. Toyota's numbers for this recall are 25TB08 and 25TA08. Lexus' numbers for this recall are 25LB05 and 25LA05.",,"2024","TOYOTA","CROWN"
"Toyota Motor Engineering & Manufacturing","25V744000",0,0,0,,"30/10/2025","BACK OVER PREVENTION:DISPLAY FUNCTION","Toyota Motor Engineering & Manufacturing (Toyota) is recalling certain 2022-2026 Toyota, Lexus, and Subaru Solterra vehicles equipped with a Panoramic View Monitor (PVM) system. Please see the recall report for a complete list of models. A software error may cause the rearview camera to freeze or display a blank screen when the vehicle is in reverse. As such, these vehicles fail to comply with the requirements of Federal Motor Vehicle Safety Standard (FMVSS) number 111, ""Rear Visibility.""","A rearview camera that fails to display an image can reduce the driver's view behind the vehicle, increasing the risk of a crash.","Dealers will update the parking assist software, free of charge. Owner letters were mailed January 2, 2026. Owners may contact Toyota's customer service at 1-800-331-4331. Toyota's numbers for this recall are 25TB13 and 25LB06. Subaru's number for this recall is WRE25.",,"2024","TOYOTA","CROWN"
"Gulf States Toyota, Inc.","24V548000",0,0,0,,"23/07/2024","EQUIPMENT:OTHER:LABELS","Gulf States Toyota, Inc. (GST) is recalling certain Toyota 2023 GR Supra, 2024 4 Runner, Corolla, Grand Highlander, Grand Highlander Hybrid, Land Cruiser Hybrid, Tacoma, Tacoma Hybrid, 2023-2024 BZ4X, Corolla Cross Hybrid, GR Corolla, GR86, Highlander, Highlander Hybrid, Prius, Prius Prime, Sequoia Hybrid, Tundra, Tundra Hybrid, Venza Hybrid, 2023-2025 Crown, and 2025 Camry Hybrid vehicles equipped with GST accessories.  The load carrying capacity modification label may display inaccurate added weight values.  As such, these vehicles fail to comply with the requirements of Federal Motor Vehicle Safety Standard number 110, ""Tire Selection and Rims.""","A vehicle with an incorrect maximum capacity weight value may be overloaded, which can increase the risk of a crash.","GST will mail new labels to owners, free of charge.  Owner notification letters were mailed September 16, 2024.  Owners may contact GST customer service at 1-800-444-1074.  GST's number for this recall is 24R2.","Owners may also contact the National Highway Traffic Safety Administration Vehicle Safety Hotline at 1-888-327-4236 (TTY 1-800-424-9153), or go to www.nhtsa.gov.","2024","TOYOTA","GR COROLLA"
"Toyota Motor Engineering & Manufacturing","25V595000",0,0,0,,"11/09/2025","ELECTRICAL SYSTEM: INSTRUMENT CLUSTER/PANEL","Toyota Motor Engineering & Manufacturing (Toyota) is recalling certain 2023-2024 Toyota Venza, 2023-2025 RAV4 Prime, RAV4, Highlander, GR Corolla, Crown, 2024-2025 Lexus TX, LS, Toyota Tacoma, Grand Highlander, and 2025 Lexus RX, Toyota Crown Signia, Camry, RAV 4 Plug-in Hybrid (PHEV), and 4 Runner vehicles. Due to an error in the instrument panel software at vehicle startup, the instrument panel may fail to display vehicle speed, brake system, and tire pressure warning lights.","An instrument panel display that does not show critical information can increase the risk of a crash or injury.","Dealers will update the instrument panel software over-the-air (OTA) for non-PHEV vehicles, free of charge. For PHEV vehicles, dealers will inspect the instrument panel assembly, and either replace it, or update the software, free of charge. Owner letters were mailed December 5, 2025. Additional letters will be sent, anticipated in May 2026. This is a phased recall. Owners may contact Toyota's customer service at 1-800-331-4331. Toyota's numbers for this recall are 25TB08 and 25TA08. Lexus' numbers for this recall are 25LB05 and 25LA05.",,"2024","TOYOTA","GR COROLLA"
"Gulf States Toyota, Inc.","24V548000",0,0,0,,"23/07/2024","EQUIPMENT:OTHER:LABELS","Gulf States Toyota, Inc. (GST) is recalling certain Toyota 2023 GR Supra, 2024 4 Runner, Corolla, Grand Highlander, Grand Highlander Hybrid, Land Cruiser Hybrid, Tacoma, Tacoma Hybrid, 2023-2024 BZ4X, Corolla Cross Hybrid, GR Corolla, GR86, Highlander, Highlander Hybrid, Prius, Prius Prime, Sequoia Hybrid, Tundra, Tundra Hybrid, Venza Hybrid, 2023-2025 Crown, and 2025 Camry Hybrid vehicles equipped with GST accessories.  The load carrying capacity modification label may display inaccurate added weight values.  As such, these vehicles fail to comply with the requirements of Federal Motor Vehicle Safety Standard number 110, ""Tire Selection and Rims.""","A vehicle with an incorrect maximum capacity weight value may be overloaded, which can increase the risk of a crash.","GST will mail new labels to owners, free of charge.  Owner notification letters were mailed September 16, 2024.  Owners may contact GST customer service at 1-800-444-1074.  GST's number for this recall is 24R2.","Owners may also contact the National Highway Traffic Safety Administration Vehicle Safety Hotline at 1-888-327-4236 (TTY 1-800-424-9153), or go to www.nhtsa.gov.","2024","TOYOTA","GR86"
"Toyota Motor Engineering & Manufacturing","24V461000",0,0,0,,"20/06/2024","AIR BAGS:SIDE/WINDOW:CURTAIN","Toyota Motor Engineering & Manufacturing (Toyota) is recalling certain 2024 Toyota Grand Highlander, Grand Highlander Hybrid, Lexus TX350, TX500 Hybrid, and TX550 Hybrid+ vehicles.  The driver and passenger side curtain air bags may not unroll as intended and could partially deploy outside of an open window.  As such, these vehicles fail to comply with the requirements of Federal Motor Vehicle Safety Standard number 226, ""Ejection Mitigation.""","An improper deployment of the side curtain air bag can reduce occupant protection during a crash, increasing the risk of injury.","Dealers will replace the driver and passenger curtain shield air bag assemblies, free of charge.  Owner letters were mailed November 4, 2024.   Owners may contact Toyota customer service at 1-800-331-4331.  Toyota's numbers for this recall are 24TB09/24TA09 and Lexus' numbers are 24LB05/24LA05.","Owners may also contact the National Highway Traffic Safety Administration Vehicle Safety Hotline at 1-888-327-4236 (TTY 1-800-424-9153), or go to www.nhtsa.gov.","2024","TOYOTA","GRAND HIGHLANDER"
"Gulf States Toyota, Inc.","24V548000",0,0,0,,"23/07/2024","EQUIPMENT:OTHER:LABELS","Gulf States Toyota, Inc. (GST) is recalling certain Toyota 2023 GR Supra, 2024 4 Runner, Corolla, Grand Highlander, Grand Highlander Hybrid, Land Cruiser Hybrid, Tacoma, Tacoma Hybrid, 2023-2024 BZ4X, Corolla Cross Hybrid, GR Corolla, GR86, Highlander, Highlander Hybrid, Prius, Prius Prime, Sequoia Hybrid, Tundra, Tundra Hybrid, Venza Hybrid, 2023-2025 Crown, and 2025 Camry Hybrid vehicles equipped with GST accessories.  The load carrying capacity modification label may display inaccurate added weight values.  As such, these vehicles fail to comply with the requirements of Federal Motor Vehicle Safety Standard number 110, ""Tire Selection and Rims.""","A vehicle with an incorrect maximum capacity weight value may be overloaded, which can increase the risk of a crash.","GST will mail new labels to owners, free of charge.  Owner notification letters were mailed September 16, 2024.  Owners may contact GST customer service at 1-800-444-1074.  GST's number for this recall is 24R2.","Owners may also contact the National Highway Traffic Safety Administration Vehicle Safety Hotline at 1-888-327-4236 (TTY 1-800-424-9153), or go to www.nhtsa.gov.","2024","TOYOTA","GRAND HIGHLANDER"
"Toyota Motor Engineering & Manufacturing","25V595000",0,0,0,,"11/09/2025","ELECTRICAL SYSTEM: INSTRUMENT CLUSTER/PANEL","Toyota Motor Engineering & Manufacturing (Toyota) is recalling certain 2023-2024 Toyota Venza, 2023-2025 RAV4 Prime, RAV4, Highlander, GR Corolla, Crown, 2024-2025 Lexus TX, LS, Toyota Tacoma, Grand Highlander, and 2025 Lexus RX, Toyota Crown Signia, Camry, RAV 4 Plug-in Hybrid (PHEV), and 4 Runner vehicles. Due to an error in the instrument panel software at vehicle startup, the instrument panel may fail to display vehicle speed, brake system, and tire pressure warning lights.","An instrument panel display that does not show critical information can increase the risk of a crash or injury.","Dealers will update the instrument panel software over-the-air (OTA) for non-PHEV vehicles, free of charge. For PHEV vehicles, dealers will inspect the instrument panel assembly, and either replace it, or update the software, free of charge. Owner letters were mailed December 5, 2025. Additional letters will be sent, anticipated in May 2026. This is a phased recall. Owners may contact Toyota's customer service at 1-800-331-4331. Toyota's numbers for this recall are 25TB08 and 25TA08. Lexus' numbers for this recall are 25LB05 and 25LA05.",,"2024","TOYOTA","GRAND HIGHLANDER"
"Toyota Motor Engineering & Manufacturing","25V744000",0,0,0,,"30/10/2025","BACK OVER PREVENTION:DISPLAY FUNCTION","Toyota Motor Engineering & Manufacturing (Toyota) is recalling certain 2022-2026 Toyota, Lexus, and Subaru Solterra vehicles equipped with a Panoramic View Monitor (PVM) system. Please see the recall report for a complete list of models. A software error may cause the rearview camera to freeze or display a blank screen when the vehicle is in reverse. As such, these vehicles fail to comply with the requirements of Federal Motor Vehicle Safety Standard (FMVSS) number 111, ""Rear Visibility.""","A rearview camera that fails to display an image can reduce the driver's view behind the vehicle, increasing the risk of a crash.","Dealers will update the parking assist software, free of charge. Owner letters were mailed January 2, 2026. Owners may contact Toyota's customer service at 1-800-331-4331. Toyota's numbers for this recall are 25TB13 and 25LB06. Subaru's number for this recall is WRE25.",,"2024","TOYOTA","GRAND HIGHLANDER"
"Toyota Motor Engineering & Manufacturing","24V461000",0,0,0,,"20/06/2024","AIR BAGS:SIDE/WINDOW:CURTAIN","Toyota Motor Engineering & Manufacturing (Toyota) is recalling certain 2024 Toyota Grand Highlander, Grand Highlander Hybrid, Lexus TX350, TX500 Hybrid, and TX550 Hybrid+ vehicles.  The driver and passenger side curtain air bags may not unroll as intended and could partially deploy outside of an open window.  As such, these vehicles fail to comply with the requirements of Federal Motor Vehicle Safety Standard number 226, ""Ejection Mitigation.""","An improper deployment of the side curtain air bag can reduce occupant protection during a crash, increasing the risk of injury.","Dealers will replace the driver and passenger curtain shield air bag assemblies, free of charge.  Owner letters were mailed November 4, 2024.   Owners may contact Toyota customer service at 1-800-331-4331.  Toyota's numbers for this recall are 24TB09/24TA09 and Lexus' numbers are 24LB05/24LA05.","Owners may also contact the National Highway Traffic Safety Administration Vehicle Safety Hotline at 1-888-327-4236 (TTY 1-800-424-9153), or go to www.nhtsa.gov.","2024","TOYOTA","GRAND HIGHLANDER HYBRID"
"Gulf States Toyota, Inc.","24V548000",0,0,0,,"23/07/2024","EQUIPMENT:OTHER:LABELS","Gulf States Toyota, Inc. (GST) is recalling certain Toyota 2023 GR Supra, 2024 4 Runner, Corolla, Grand Highlander, Grand Highlander Hybrid, Land Cruiser Hybrid, Tacoma, Tacoma Hybrid, 2023-2024 BZ4X, Corolla Cross Hybrid, GR Corolla, GR86, Highlander, Highlander Hybrid, Prius, Prius Prime, Sequoia Hybrid, Tundra, Tundra Hybrid, Venza Hybrid, 2023-2025 Crown, and 2025 Camry Hybrid vehicles equipped with GST accessories.  The load carrying capacity modification label may display inaccurate added weight values.  As such, these vehicles fail to comply with the requirements of Federal Motor Vehicle Safety Standard number 110, ""Tire Selection and Rims.""","A vehicle with an incorrect maximum capacity weight value may be overloaded, which can increase the risk of a crash.","GST will mail new labels to owners, free of charge.  Owner notification letters were mailed September 16, 2024.  Owners may contact GST customer service at 1-800-444-1074.  GST's number for this recall is 24R2.","Owners may also contact the National Highway Traffic Safety Administration Vehicle Safety Hotline at 1-888-327-4236 (TTY 1-800-424-9153), or go to www.nhtsa.gov.","2024","TOYOTA","GRAND HIGHLANDER HYBRID"
"Toyota Motor Engineering & Manufacturing","25V744000",0,0,0,,"30/10/2025","BACK OVER PREVENTION:DISPLAY FUNCTION","Toyota Motor Engineering & Manufacturing (Toyota) is recalling certain 2022-2026 Toyota, Lexus, and Subaru Solterra vehicles equipped with a Panoramic View Monitor (PVM) system. Please see the recall report for a complete list of models. A software error may cause the rearview camera to freeze or display a blank screen when the vehicle is in reverse. As such, these vehicles fail to comply with the requirements of Federal Motor Vehicle Safety Standard (FMVSS) number 111, ""Rear Visibility.""","A rearview camera that fails to display an image can reduce the driver's view behind the vehicle, increasing the risk of a crash.","Dealers will update the parking assist software, free of charge. Owner letters were mailed January 2, 2026. Owners may contact Toyota's customer service at 1-800-331-4331. Toyota's numbers for this recall are 25TB13 and 25LB06. Subaru's number for this recall is WRE25.",,"2024","TOYOTA","GRAND HIGHLANDER HYBRID"
"Gulf States Toyota, Inc.","24V419000",0,0,0,,"06/06/2024","TIRES","Gulf States Toyota, Inc. (GST) is recalling certain 2022-2024 model year Highlander L and Highlander LE vehicles equipped with the Blackout Package that includes 20"" black alloy wheels and tires.  The installed tires have an insufficient load rating.  As such, these vehicles fail to comply with the requirements of Federal Motor Vehicle Safety Standard number 110, ""Tire Selection and Rims.""","Tires with an insufficient load rating may be overloaded and fail, increasing the risk of a crash.","GST will inspect and replace the tires as necessary, and install a new tire information label as necessary, free of charge.  Owner notification letters were mailed August 8, 2024.  Owners may contact GST customer service at 1-800-444-1074.  GST's number for this recall is 24R1.","Owners may also contact the National Highway Traffic Safety Administration Vehicle Safety Hotline at 1-888-327-4236 (TTY 1-800-424-9153), or go to www.nhtsa.gov.","2024","TOYOTA","HIGHLANDER"
"Southeast Toyota Distributors, LLC","24V452000",0,0,0,,"18/06/2024","TIRES","Southeast Toyota Distributors, LLC (SET) is recalling certain 2021-2024 Highlander vehicles.  The 20-inch accessory tires with an insufficient load rating for the vehicle's Gross Axle Weight Rating (GAWR) were installed.  As such, these vehicles fail to comply with the requirements of Federal Motor Vehicle Safety Standard number 110, ""Tire Selection and Rims.""","Tires with an insufficient load rating can be overloaded and fail, increasing the risk of a crash.","SET will inspect and replace the tires and information placard, as necessary free of charge.  Owner notification letters were mailed August 16, 2024.  Owners may contact SET's customer service at 1-866-405-4226.  SET's number for this recall is SET24A.","Owners may also contact the National Highway Traffic Safety Administration Vehicle Safety Hotline at 1-888-327-4236 (TTY 1-800-424-9153), or go to www.nhtsa.gov.","2024","TOYOTA","HIGHLANDER"
"Gulf States Toyota, Inc.","24V548000",0,0,0,,"23/07/2024","EQUIPMENT:OTHER:LABELS","Gulf States Toyota, Inc. (GST) is recalling certain Toyota 2023 GR Supra, 2024 4 Runner, Corolla, Grand Highlander, Grand Highlander Hybrid, Land Cruiser Hybrid, Tacoma, Tacoma Hybrid, 2023-2024 BZ4X, Corolla Cross Hybrid, GR Corolla, GR86, Highlander, Highlander Hybrid, Prius, Prius Prime, Sequoia Hybrid, Tundra, Tundra Hybrid, Venza Hybrid, 2023-2025 Crown, and 2025 Camry Hybrid vehicles equipped with GST accessories.  The load carrying capacity modification label may display inaccurate added weight values.  As such, these vehicles fail to comply with the requirements of Federal Motor Vehicle Safety Standard number 110, ""Tire Selection and Rims.""","A vehicle with an incorrect maximum capacity weight value may be overloaded, which can increase the risk of a crash.","GST will mail new labels to owners, free of charge.  Owner notification letters were mailed September 16, 2024.  Owners may contact GST customer service at 1-800-444-1074.  GST's number for this recall is 24R2.","Owners may also contact the National Highway Traffic Safety Administration Vehicle Safety Hotline at 1-888-327-4236 (TTY 1-800-424-9153), or go to www.nhtsa.gov.","2024","TOYOTA","HIGHLANDER"
"Toyota Motor Engineering & Manufacturing","25V595000",0,0,0,,"11/09/2025","ELECTRICAL SYSTEM: INSTRUMENT CLUSTER/PANEL","Toyota Motor Engineering & Manufacturing (Toyota) is recalling certain 2023-2024 Toyota Venza, 2023-2025 RAV4 Prime, RAV4, Highlander, GR Corolla, Crown, 2024-2025 Lexus TX, LS, Toyota Tacoma, Grand Highlander, and 2025 Lexus RX, Toyota Crown Signia, Camry, RAV 4 Plug-in Hybrid (PHEV), and 4 Runner vehicles. Due to an error in the instrument panel software at vehicle startup, the instrument panel may fail to display vehicle speed, brake system, and tire pressure warning lights.","An instrument panel display that does not show critical information can increase the risk of a crash or injury.","Dealers will update the instrument panel software over-the-air (OTA) for non-PHEV vehicles, free of charge. For PHEV vehicles, dealers will inspect the instrument panel assembly, and either replace it, or update the software, free of charge. Owner letters were mailed December 5, 2025. Additional letters will be sent, anticipated in May 2026. This is a phased recall. Owners may contact Toyota's customer service at 1-800-331-4331. Toyota's numbers for this recall are 25TB08 and 25TA08. Lexus' numbers for this recall are 25LB05 and 25LA05.",,"2024","TOYOTA","HIGHLANDER"
"Toyota Motor Engineering & Manufacturing","25V744000",0,0,0,,"30/10/2025","BACK OVER PREVENTION:DISPLAY FUNCTION","Toyota Motor Engineering & Manufacturing (Toyota) is recalling certain 2022-2026 Toyota, Lexus, and Subaru Solterra vehicles equipped with a Panoramic View Monitor (PVM) system. Please see the recall report for a complete list of models. A software error may cause the rearview camera to freeze or display a blank screen when the vehicle is in reverse. As such, these vehicles fail to comply with the requirements of Federal Motor Vehicle Safety Standard (FMVSS) number 111, ""Rear Visibility.""","A rearview camera that fails to display an image can reduce the driver's view behind the vehicle, increasing the risk of a crash.","Dealers will update the parking assist software, free of charge. Owner letters were mailed January 2, 2026. Owners may contact Toyota's customer service at 1-800-331-4331. Toyota's numbers for this recall are 25TB13 and 25LB06. Subaru's number for this recall is WRE25.",,"2024","TOYOTA","HIGHLANDER"
"Toyota Motor Engineering & Manufacturing","25V872000",0,0,0,,"17/12/2025","SEAT BELTS:REAR/OTHER:ANCHORAGE","Toyota Motor Engineering & Manufacturing (Toyota) is recalling certain 2024-2025 Highlander and Highlander Hybrid vehicles. The third row center seat belt roof anchor may have been installed at an incorrect angle, preventing the seat belt from properly restraining the occupant.","A seat belt that does not properly restrain an occupant increases the risk of injury during a crash.","Dealers will reinstall the seat belt anchor with a new bolt, free of charge. Owner notification letters were mailed January 27, 2026. Owners may contact Toyota customer service at 1-800-331-4331. Toyota's number for this recall is 25TA16.",,"2024","TOYOTA","HIGHLANDER"
"Toyota Motor Engineering & Manufacturing","26V128000",0,0,0,,"05/03/2026","SEATS:MID/REAR ASSEMBLY:RECLINER","Toyota Motor Engineering & Manufacturing (Toyota) is recalling certain 2021-2024 Highlander and Highlander Hybrid vehicles. The second-row seat backs may fail to lock into position during seat back adjustment.","A seat back that fails to lock may not properly restrain an occupant during a crash, increasing the risk of injury.","Dealers will replace the return springs in the seat back recliner assemblies, free of charge. Interim letters notifying owners of the safety risk were mailed April 27, 2026. Additional letters will be sent once the final remedy is available, anticipated August 27, 2026. This is a phased recall. Owners may contact Toyota’s customer service at 1-800-331-4331. Toyota's numbers for this recall are 26TB06 and 26TA06.",,"2024","TOYOTA","HIGHLANDER"
"Toyota Motor Engineering & Manufacturing","25V744000",0,0,0,,"30/10/2025","BACK OVER PREVENTION:DISPLAY FUNCTION","Toyota Motor Engineering & Manufacturing (Toyota) is recalling certain 2022-2026 Toyota, Lexus, and Subaru Solterra vehicles equipped with a Panoramic View Monitor (PVM) system. Please see the recall report for a complete list of models. A software error may cause the rearview camera to freeze or display a blank screen when the vehicle is in reverse. As such, these vehicles fail to comply with the requirements of Federal Motor Vehicle Safety Standard (FMVSS) number 111, ""Rear Visibility.""","A rearview camera that fails to display an image can reduce the driver's view behind the vehicle, increasing the risk of a crash.","Dealers will update the parking assist software, free of charge. Owner letters were mailed January 2, 2026. Owners may contact Toyota's customer service at 1-800-331-4331. Toyota's numbers for this recall are 25TB13 and 25LB06. Subaru's number for this recall is WRE25.",,"2024","TOYOTA","LAND CRUISER"
"Gulf States Toyota, Inc.","24V548000",0,0,0,,"23/07/2024","EQUIPMENT:OTHER:LABELS","Gulf States Toyota, Inc. (GST) is recalling certain Toyota 2023 GR Supra, 2024 4 Runner, Corolla, Grand Highlander, Grand Highlander Hybrid, Land Cruiser Hybrid, Tacoma, Tacoma Hybrid, 2023-2024 BZ4X, Corolla Cross Hybrid, GR Corolla, GR86, Highlander, Highlander Hybrid, Prius, Prius Prime, Sequoia Hybrid, Tundra, Tundra Hybrid, Venza Hybrid, 2023-2025 Crown, and 2025 Camry Hybrid vehicles equipped with GST accessories.  The load carrying capacity modification label may display inaccurate added weight values.  As such, these vehicles fail to comply with the requirements of Federal Motor Vehicle Safety Standard number 110, ""Tire Selection and Rims.""","A vehicle with an incorrect maximum capacity weight value may be overloaded, which can increase the risk of a crash.","GST will mail new labels to owners, free of charge.  Owner notification letters were mailed September 16, 2024.  Owners may contact GST customer service at 1-800-444-1074.  GST's number for this recall is 24R2.","Owners may also contact the National Highway Traffic Safety Administration Vehicle Safety Hotline at 1-888-327-4236 (TTY 1-800-424-9153), or go to www.nhtsa.gov.","2024","TOYOTA","LAND CRUISER"
"Toyota Motor Engineering & Manufacturing","25V744000",0,0,0,,"30/10/2025","BACK OVER PREVENTION:DISPLAY FUNCTION","Toyota Motor Engineering & Manufacturing (Toyota) is recalling certain 2022-2026 Toyota, Lexus, and Subaru Solterra vehicles equipped with a Panoramic View Monitor (PVM) system. Please see the recall report for a complete list of models. A software error may cause the rearview camera to freeze or display a blank screen when the vehicle is in reverse. As such, these vehicles fail to comply with the requirements of Federal Motor Vehicle Safety Standard (FMVSS) number 111, ""Rear Visibility.""","A rearview camera that fails to display an image can reduce the driver's view behind the vehicle, increasing the risk of a crash.","Dealers will update the parking assist software, free of charge. Owner letters were mailed January 2, 2026. Owners may contact Toyota's customer service at 1-800-331-4331. Toyota's numbers for this recall are 25TB13 and 25LB06. Subaru's number for this recall is WRE25.",,"2024","TOYOTA","LAND CRUISER HYBRID"
"Toyota Motor Engineering & Manufacturing","26V179000",0,0,0,,"24/03/2026","EQUIPMENT:OTHER:LABELS","Toyota Motor Engineering & Manufacturing (Toyota) is recalling certain 2024-2025 Toyota Tundra, Tacoma Hybrid, Tacoma, RAV4 Hybrid, Land Cruiser Hybrid, Lexus GX550, 2024-2026 Tundra Hybrid, 2025 Sequoia Hybrid, Crown Signia, Grand Highlander, Lexus TX500 Hybrid, Lexus NX350 Hybrid, 2025-2026 Grand Highlander Hybrid, and Lexus TX350 vehicles. The load carrying capacity modification label may display inaccurate added weight values. As such, these vehicles fail to comply with the requirements of Federal Motor Vehicle Safety Standard number 110, ""Tire Selection and Rims.""","A vehicle with an incorrect maximum capacity weight value may be overloaded, which can increase the risk of a crash.","Dealers will replace the load carrying capacity modification label, free of charge. Owner letters were mailed May 26, 2026. Owners may contact Toyota's customer service at 1-800-331-4331. Toyota's numbers for this recall are 26LB04, 26LA04, 26TB07, and 26TA07.",,"2024","TOYOTA","LAND CRUISER HYBRID"
"Toyota Motor Engineering & Manufacturing","26V341000",0,0,0,,"27/05/2026","ELECTRICAL SYSTEM: INSTRUMENT CLUSTER/PANEL","Toyota Motor Engineering & Manufacturing (Toyota) is recalling certain 2025 Lexus UX Hybrid, 2024 Lexus GX, Toyota Mirai, and 2024-2025 Toyota Land Cruiser Hybrid vehicles. The instrument panel cluster combination meter may fail to display certain warnings or indicators. As such, these vehicles fail to comply with the requirements of Federal Motor Vehicle Safety Standard (FMVSS) number 101, ""Control and Displays"" and in addition, for the subject Mirai vehicles, FMVSS 305, ""Electric-powered vehicles: Electrolyte Spillage and Electrical Shock Protection.""","An instrument panel display that fails to show critical safety information, such as engine coolant temperature or electrical charge increases the risk of a crash or injury.","Dealers will update the combination meter software, free of charge. Owner notification letters are expected to be mailed July 12, 2026. Owners may contact Toyota's customer service at 1-800-331-4331. Toyota's numbers for this recall are 26LB06, 26LA06, 26TB10, and 26TA10.",,"2024","TOYOTA","LAND CRUISER HYBRID"
"Toyota Motor Engineering & Manufacturing","24V274000",0,0,0,,"17/04/2024","ELECTRICAL SYSTEM:WIRING:SWITCHES/KNOBS/BUTTONS","Toyota Motor Engineering & Manufacturing (Toyota) is recalling certain 2023-2024 Prius and Prius Prime vehicles.  Water may enter the rear door switch and cause a short circuit, allowing an unlocked rear door to open unexpectedly.","A door that unexpectedly opens while the vehicle is moving or during a crash increases the risk of injury.","Dealers will replace both right and left rear door opener switches, free of charge.  Owner letters were mailed August 9, 2024.  Owners may contact Toyota customer service at 1-800-331-4331.  Toyota's numbers for this recall are 24TB06 and 24TA06.","Owners may also contact the National Highway Traffic Safety Administration Vehicle Safety Hotline at 1-888-327-4236 (TTY 1-800-424-9153), or go to www.nhtsa.gov.","2024","TOYOTA","PRIUS"
"Gulf States Toyota, Inc.","24V548000",0,0,0,,"23/07/2024","EQUIPMENT:OTHER:LABELS","Gulf States Toyota, Inc. (GST) is recalling certain Toyota 2023 GR Supra, 2024 4 Runner, Corolla, Grand Highlander, Grand Highlander Hybrid, Land Cruiser Hybrid, Tacoma, Tacoma Hybrid, 2023-2024 BZ4X, Corolla Cross Hybrid, GR Corolla, GR86, Highlander, Highlander Hybrid, Prius, Prius Prime, Sequoia Hybrid, Tundra, Tundra Hybrid, Venza Hybrid, 2023-2025 Crown, and 2025 Camry Hybrid vehicles equipped with GST accessories.  The load carrying capacity modification label may display inaccurate added weight values.  As such, these vehicles fail to comply with the requirements of Federal Motor Vehicle Safety Standard number 110, ""Tire Selection and Rims.""","A vehicle with an incorrect maximum capacity weight value may be overloaded, which can increase the risk of a crash.","GST will mail new labels to owners, free of charge.  Owner notification letters were mailed September 16, 2024.  Owners may contact GST customer service at 1-800-444-1074.  GST's number for this recall is 24R2.","Owners may also contact the National Highway Traffic Safety Administration Vehicle Safety Hotline at 1-888-327-4236 (TTY 1-800-424-9153), or go to www.nhtsa.gov.","2024","TOYOTA","PRIUS"
"Toyota Motor Engineering & Manufacturing","25V744000",0,0,0,,"30/10/2025","BACK OVER PREVENTION:DISPLAY FUNCTION","Toyota Motor Engineering & Manufacturing (Toyota) is recalling certain 2022-2026 Toyota, Lexus, and Subaru Solterra vehicles equipped with a Panoramic View Monitor (PVM) system. Please see the recall report for a complete list of models. A software error may cause the rearview camera to freeze or display a blank screen when the vehicle is in reverse. As such, these vehicles fail to comply with the requirements of Federal Motor Vehicle Safety Standard (FMVSS) number 111, ""Rear Visibility.""","A rearview camera that fails to display an image can reduce the driver's view behind the vehicle, increasing the risk of a crash.","Dealers will update the parking assist software, free of charge. Owner letters were mailed January 2, 2026. Owners may contact Toyota's customer service at 1-800-331-4331. Toyota's numbers for this recall are 25TB13 and 25LB06. Subaru's number for this recall is WRE25.",,"2024","TOYOTA","PRIUS"
"Toyota Motor Engineering & Manufacturing","26V049000",0,0,0,,"28/01/2026","ELECTRICAL SYSTEM:WIRING:SWITCHES/KNOBS/BUTTONS","Toyota Motor Engineering & Manufacturing (Toyota) is recalling certain 2023-2024 Prius Prime, 2023-2026 Prius, and 2025-2026 Prius Plug-in Hybrid vehicles. Water may enter the rear door switch and cause a short circuit, allowing an unlocked rear door to open unexpectedly.","A door that unexpectedly opens while the vehicle is moving increases the risk of injury.","Dealers will modify the rear door switch circuits, free of charge. Owner letters were mailed July 13, 2026. Owners may contact Toyota's customer service at 1-800-331-4331. Toyota's numbers for this recall are 26TB03 and 26TA03. This recall expands and replaces NHTSA recall number 24V274. Vehicles repaired under the previous recall will need to have the new remedy performed.",,"2024","TOYOTA","PRIUS"
"Toyota Motor Engineering & Manufacturing","24V274000",0,0,0,,"17/04/2024","ELECTRICAL SYSTEM:WIRING:SWITCHES/KNOBS/BUTTONS","Toyota Motor Engineering & Manufacturing (Toyota) is recalling certain 2023-2024 Prius and Prius Prime vehicles.  Water may enter the rear door switch and cause a short circuit, allowing an unlocked rear door to open unexpectedly.","A door that unexpectedly opens while the vehicle is moving or during a crash increases the risk of injury.","Dealers will replace both right and left rear door opener switches, free of charge.  Owner letters were mailed August 9, 2024.  Owners may contact Toyota customer service at 1-800-331-4331.  Toyota's numbers for this recall are 24TB06 and 24TA06.","Owners may also contact the National Highway Traffic Safety Administration Vehicle Safety Hotline at 1-888-327-4236 (TTY 1-800-424-9153), or go to www.nhtsa.gov.","2024","TOYOTA","PRIUS PRIME"
"Gulf States Toyota, Inc.","24V548000",0,0,0,,"23/07/2024","EQUIPMENT:OTHER:LABELS","Gulf States Toyota, Inc. (GST) is recalling certain Toyota 2023 GR Supra, 2024 4 Runner, Corolla, Grand Highlander, Grand Highlander Hybrid, Land Cruiser Hybrid, Tacoma, Tacoma Hybrid, 2023-2024 BZ4X, Corolla Cross Hybrid, GR Corolla, GR86, Highlander, Highlander Hybrid, Prius, Prius Prime, Sequoia Hybrid, Tundra, Tundra Hybrid, Venza Hybrid, 2023-2025 Crown, and 2025 Camry Hybrid vehicles equipped with GST accessories.  The load carrying capacity modification label may display inaccurate added weight values.  As such, these vehicles fail to comply with the requirements of Federal Motor Vehicle Safety Standard number 110, ""Tire Selection and Rims.""","A vehicle with an incorrect maximum capacity weight value may be overloaded, which can increase the risk of a crash.","GST will mail new labels to owners, free of charge.  Owner notification letters were mailed September 16, 2024.  Owners may contact GST customer service at 1-800-444-1074.  GST's number for this recall is 24R2.","Owners may also contact the National Highway Traffic Safety Administration Vehicle Safety Hotline at 1-888-327-4236 (TTY 1-800-424-9153), or go to www.nhtsa.gov.","2024","TOYOTA","PRIUS PRIME"
"Toyota Motor Engineering & Manufacturing","25V744000",0,0,0,,"30/10/2025","BACK OVER PREVENTION:DISPLAY FUNCTION","Toyota Motor Engineering & Manufacturing (Toyota) is recalling certain 2022-2026 Toyota, Lexus, and Subaru Solterra vehicles equipped with a Panoramic View Monitor (PVM) system. Please see the recall report for a complete list of models. A software error may cause the rearview camera to freeze or display a blank screen when the vehicle is in reverse. As such, these vehicles fail to comply with the requirements of Federal Motor Vehicle Safety Standard (FMVSS) number 111, ""Rear Visibility.""","A rearview camera that fails to display an image can reduce the driver's view behind the vehicle, increasing the risk of a crash.","Dealers will update the parking assist software, free of charge. Owner letters were mailed January 2, 2026. Owners may contact Toyota's customer service at 1-800-331-4331. Toyota's numbers for this recall are 25TB13 and 25LB06. Subaru's number for this recall is WRE25.",,"2024","TOYOTA","PRIUS PRIME"
"Toyota Motor Engineering & Manufacturing","26V049000",0,0,0,,"28/01/2026","ELECTRICAL SYSTEM:WIRING:SWITCHES/KNOBS/BUTTONS","Toyota Motor Engineering & Manufacturing (Toyota) is recalling certain 2023-2024 Prius Prime, 2023-2026 Prius, and 2025-2026 Prius Plug-in Hybrid vehicles. Water may enter the rear door switch and cause a short circuit, allowing an unlocked rear door to open unexpectedly.","A door that unexpectedly opens while the vehicle is moving increases the risk of injury.","Dealers will modify the rear door switch circuits, free of charge. Owner letters were mailed July 13, 2026. Owners may contact Toyota's customer service at 1-800-331-4331. Toyota's numbers for this recall are 26TB03 and 26TA03. This recall expands and replaces NHTSA recall number 24V274. Vehicles repaired under the previous recall will need to have the new remedy performed.",,"2024","TOYOTA","PRIUS PRIME"
"Toyota Motor Engineering & Manufacturing","24V911000",0,0,0,,"05/12/2024","SERVICE BRAKES, HYDRAULIC:FOUNDATION COMPONENTS:DISC:CALIPER","Toyota Motor Engineering & Manufacturing (Toyota) is recalling certain 2024 RAV4 and 2025 Lexus NX vehicles.  Some of the bolts that secure the front brake caliper and the wheel hub bearing may be loose, which can result in a damaged caliper brake hose or possible wheel detachment.","A damaged brake line can cause a brake fluid leak, reducing brake performance and increasing the distance required to stop the vehicle.  Wheel detachment can result in a loss of vehicle control.  Either condition increases the risk of a crash.","Dealers will inspect and tighten the front brake caliper mounting bracket and hub bearing bolts, as necessary, free of charge.  In addition, any damaged components will be replaced, free of charge.  Owner notification letters were mailed January 23, 2025.  Owners may contact Toyota customer service at 1-800-331-4331.  Toyota's numbers for this recall are 24TA14 and 24LA08.","Owners may also contact the National Highway Traffic Safety Administration Vehicle Safety Hotline at 1-888-327-4236 (TTY 1-800-424-9153) or go to nhtsa.gov.","2024","TOYOTA","RAV4"
"Toyota Motor Engineering & Manufacturing","25V595000",0,0,0,,"11/09/2025","ELECTRICAL SYSTEM: INSTRUMENT CLUSTER/PANEL","Toyota Motor Engineering & Manufacturing (Toyota) is recalling certain 2023-2024 Toyota Venza, 2023-2025 RAV4 Prime, RAV4, Highlander, GR Corolla, Crown, 2024-2025 Lexus TX, LS, Toyota Tacoma, Grand Highlander, and 2025 Lexus RX, Toyota Crown Signia, Camry, RAV 4 Plug-in Hybrid (PHEV), and 4 Runner vehicles. Due to an error in the instrument panel software at vehicle startup, the instrument panel may fail to display vehicle speed, brake system, and tire pressure warning lights.","An instrument panel display that does not show critical information can increase the risk of a crash or injury.","Dealers will update the instrument panel software over-the-air (OTA) for non-PHEV vehicles, free of charge. For PHEV vehicles, dealers will inspect the instrument panel assembly, and either replace it, or update the software, free of charge. Owner letters were mailed December 5, 2025. Additional letters will be sent, anticipated in May 2026. This is a phased recall. Owners may contact Toyota's customer service at 1-800-331-4331. Toyota's numbers for this recall are 25TB08 and 25TA08. Lexus' numbers for this recall are 25LB05 and 25LA05.",,"2024","TOYOTA","RAV4"
"Toyota Motor Engineering & Manufacturing","25V744000",0,0,0,,"30/10/2025","BACK OVER PREVENTION:DISPLAY FUNCTION","Toyota Motor Engineering & Manufacturing (Toyota) is recalling certain 2022-2026 Toyota, Lexus, and Subaru Solterra vehicles equipped with a Panoramic View Monitor (PVM) system. Please see the recall report for a complete list of models. A software error may cause the rearview camera to freeze or display a blank screen when the vehicle is in reverse. As such, these vehicles fail to comply with the requirements of Federal Motor Vehicle Safety Standard (FMVSS) number 111, ""Rear Visibility.""","A rearview camera that fails to display an image can reduce the driver's view behind the vehicle, increasing the risk of a crash.","Dealers will update the parking assist software, free of charge. Owner letters were mailed January 2, 2026. Owners may contact Toyota's customer service at 1-800-331-4331. Toyota's numbers for this recall are 25TB13 and 25LB06. Subaru's number for this recall is WRE25.",,"2024","TOYOTA","RAV4"
"Toyota Motor Engineering & Manufacturing","25V744000",0,0,0,,"30/10/2025","BACK OVER PREVENTION:DISPLAY FUNCTION","Toyota Motor Engineering & Manufacturing (Toyota) is recalling certain 2022-2026 Toyota, Lexus, and Subaru Solterra vehicles equipped with a Panoramic View Monitor (PVM) system. Please see the recall report for a complete list of models. A software error may cause the rearview camera to freeze or display a blank screen when the vehicle is in reverse. As such, these vehicles fail to comply with the requirements of Federal Motor Vehicle Safety Standard (FMVSS) number 111, ""Rear Visibility.""","A rearview camera that fails to display an image can reduce the driver's view behind the vehicle, increasing the risk of a crash.","Dealers will update the parking assist software, free of charge. Owner letters were mailed January 2, 2026. Owners may contact Toyota's customer service at 1-800-331-4331. Toyota's numbers for this recall are 25TB13 and 25LB06. Subaru's number for this recall is WRE25.",,"2024","TOYOTA","RAV4 HYBRID"
"Toyota Motor Engineering & Manufacturing","26V179000",0,0,0,,"24/03/2026","EQUIPMENT:OTHER:LABELS","Toyota Motor Engineering & Manufacturing (Toyota) is recalling certain 2024-2025 Toyota Tundra, Tacoma Hybrid, Tacoma, RAV4 Hybrid, Land Cruiser Hybrid, Lexus GX550, 2024-2026 Tundra Hybrid, 2025 Sequoia Hybrid, Crown Signia, Grand Highlander, Lexus TX500 Hybrid, Lexus NX350 Hybrid, 2025-2026 Grand Highlander Hybrid, and Lexus TX350 vehicles. The load carrying capacity modification label may display inaccurate added weight values. As such, these vehicles fail to comply with the requirements of Federal Motor Vehicle Safety Standard number 110, ""Tire Selection and Rims.""","A vehicle with an incorrect maximum capacity weight value may be overloaded, which can increase the risk of a crash.","Dealers will replace the load carrying capacity modification label, free of charge. Owner letters were mailed May 26, 2026. Owners may contact Toyota's customer service at 1-800-331-4331. Toyota's numbers for this recall are 26LB04, 26LA04, 26TB07, and 26TA07.",,"2024","TOYOTA","RAV4 HYBRID"
"Toyota Motor Engineering & Manufacturing","25V595000",0,0,0,,"11/09/2025","ELECTRICAL SYSTEM: INSTRUMENT CLUSTER/PANEL","Toyota Motor Engineering & Manufacturing (Toyota) is recalling certain 2023-2024 Toyota Venza, 2023-2025 RAV4 Prime, RAV4, Highlander, GR Corolla, Crown, 2024-2025 Lexus TX, LS, Toyota Tacoma, Grand Highlander, and 2025 Lexus RX, Toyota Crown Signia, Camry, RAV 4 Plug-in Hybrid (PHEV), and 4 Runner vehicles. Due to an error in the instrument panel software at vehicle startup, the instrument panel may fail to display vehicle speed, brake system, and tire pressure warning lights.","An instrument panel display that does not show critical information can increase the risk of a crash or injury.","Dealers will update the instrument panel software over-the-air (OTA) for non-PHEV vehicles, free of charge. For PHEV vehicles, dealers will inspect the instrument panel assembly, and either replace it, or update the software, free of charge. Owner letters were mailed December 5, 2025. Additional letters will be sent, anticipated in May 2026. This is a phased recall. Owners may contact Toyota's customer service at 1-800-331-4331. Toyota's numbers for this recall are 25TB08 and 25TA08. Lexus' numbers for this recall are 25LB05 and 25LA05.",,"2024","TOYOTA","RAV4 PRIME"
"Toyota Motor Engineering & Manufacturing","25V744000",0,0,0,,"30/10/2025","BACK OVER PREVENTION:DISPLAY FUNCTION","Toyota Motor Engineering & Manufacturing (Toyota) is recalling certain 2022-2026 Toyota, Lexus, and Subaru Solterra vehicles equipped with a Panoramic View Monitor (PVM) system. Please see the recall report for a complete list of models. A software error may cause the rearview camera to freeze or display a blank screen when the vehicle is in reverse. As such, these vehicles fail to comply with the requirements of Federal Motor Vehicle Safety Standard (FMVSS) number 111, ""Rear Visibility.""","A rearview camera that fails to display an image can reduce the driver's view behind the vehicle, increasing the risk of a crash.","Dealers will update the parking assist software, free of charge. Owner letters were mailed January 2, 2026. Owners may contact Toyota's customer service at 1-800-331-4331. Toyota's numbers for this recall are 25TB13 and 25LB06. Subaru's number for this recall is WRE25.",,"2024","TOYOTA","RAV4 PRIME"
"Toyota Motor Engineering & Manufacturing","24V125000",0,0,0,,"21/02/2024","POWER TRAIN:AUTOMATIC TRANSMISSION","Toyota Motor Engineering & Manufacturing (Toyota) is recalling certain 2022-2024 Tundra, Tundra Hybrid, Lexus LX600, and 2023-2024 Sequoia Hybrid vehicles.  Unexpected vehicle movement may occur when the vehicle is in neutral and the brakes are not applied.","Unexpected vehicle movement can increase the risk of a crash.","Dealers will update the transmission control ECU software, free of charge.  Owner notification letters were mailed April 8, 2024.  Owners may contact Toyota customer service at 1-800-331-4331.  Toyota's numbers for this recall are 24TA02 and 24LA02.","Owners may also contact the National Highway Traffic Safety Administration Vehicle Safety Hotline at 1-888-327-4236 (TTY 1-800-424-9153), or go to www.nhtsa.gov.","2024","TOYOTA","SEQUOIA HYBRID"
"Gulf States Toyota, Inc.","24V548000",0,0,0,,"23/07/2024","EQUIPMENT:OTHER:LABELS","Gulf States Toyota, Inc. (GST) is recalling certain Toyota 2023 GR Supra, 2024 4 Runner, Corolla, Grand Highlander, Grand Highlander Hybrid, Land Cruiser Hybrid, Tacoma, Tacoma Hybrid, 2023-2024 BZ4X, Corolla Cross Hybrid, GR Corolla, GR86, Highlander, Highlander Hybrid, Prius, Prius Prime, Sequoia Hybrid, Tundra, Tundra Hybrid, Venza Hybrid, 2023-2025 Crown, and 2025 Camry Hybrid vehicles equipped with GST accessories.  The load carrying capacity modification label may display inaccurate added weight values.  As such, these vehicles fail to comply with the requirements of Federal Motor Vehicle Safety Standard number 110, ""Tire Selection and Rims.""","A vehicle with an incorrect maximum capacity weight value may be overloaded, which can increase the risk of a crash.","GST will mail new labels to owners, free of charge.  Owner notification letters were mailed September 16, 2024.  Owners may contact GST customer service at 1-800-444-1074.  GST's number for this recall is 24R2.","Owners may also contact the National Highway Traffic Safety Administration Vehicle Safety Hotline at 1-888-327-4236 (TTY 1-800-424-9153), or go to www.nhtsa.gov.","2024","TOYOTA","SEQUOIA HYBRID"
"Toyota Motor Engineering & Manufacturing","24V640000",0,0,0,,"26/08/2024","STRUCTURE:BODY:BUMPERS","Toyota Motor Engineering & Manufacturing (Toyota) is recalling certain 2023-2024 Sequoia Hybrid vehicles equipped with a tow hitch cover attached to the rear bumper.  The tow hitch cover may come loose from the bumper and detach from the vehicle.","A tow hitch cover that detaches can become a road hazard and increase the risk of a crash.","Dealers will replace the tow hitch cover and modify the rear bumper, free of charge.  Owner letters were mailed April 7, 2025.  Owners may contact Toyota customer service at 1-800-331-4331.  Toyota's numbers for this recall are 24TB10 and 24TA10.","Owners may also contact the National Highway Traffic Safety Administration Vehicle Safety Hotline at 1-888-327-4236 (TTY 1-800-424-9153), or go to www.nhtsa.gov.","2024","TOYOTA","SEQUOIA HYBRID"
"Toyota Motor Engineering & Manufacturing","24V767000",0,0,0,,"15/10/2024","TIRES:SIDEWALL","Toyota Motor Engineering & Manufacturing (Toyota) is recalling certain 2024 Sequoia Hybrid, Tundra and Tundra Hybrid vehicles.  The passenger-side front and rear tires may have inner sidewall damage, which can cause a sudden loss of tire pressure.","A sudden loss of tire pressure can result in a loss of vehicle control, increasing the risk of a crash.","Dealers will inspect and replace the tires as necessary, free of charge.  Owner notification letters were mailed December 5, 2024.  Owners may contact Toyota customer service at 1-800-331-4331.  Toyota's number for this recall is 24TA12.","Owners may also contact the National Highway Traffic Safety Administration Vehicle Safety Hotline at 1-888-327-4236 (TTY 1-800-424-9153) or go to nhtsa.gov.","2024","TOYOTA","SEQUOIA HYBRID"
"Toyota Motor Engineering & Manufacturing","25V657000",0,0,0,,"01/10/2025","BACK OVER PREVENTION:SOFTWARE","Toyota Motor Engineering & Manufacturing (Toyota) is recalling certain 2022-2025 Tundra, Tundra Hybrid, and 2023-2025 Sequoia Hybrid vehicles. A software error may cause the rearview image not to display when the vehicle is placed in reverse. As such, these vehicles fail to comply with the requirements of Federal Motor Vehicle Safety Standard (FMVSS) number 111, ""Rear Visibility.""","A rearview image that does not display reduces the driver's view behind the vehicle, increasing the risk of a crash.","Dealers will update the multimedia display software, free of charge. Owner notification letters were mailed November 19, 2025. Owners may contact Toyota's customer service at 1-800-331-4331. Toyota's numbers for this recall are 25TB10 and 25TA10.",,"2024","TOYOTA","SEQUOIA HYBRID"
"Vantage Mobility","25V877000",0,0,0,,"17/12/2025","EQUIPMENT ADAPTIVE/MOBILITY:WHEELCHAIR RESTRAINTS/SECUREMENT:LATCH/ANCHOR:","Vantage Mobility, LLC (VM) is recalling certain 2021-2026 Honda Odyssey, 2021-2025 Chrysler Pacifica, and Toyota Sienna vehicles equipped with QRT-Deluxe and QRT-Max wheelchair restraints. The retractors may not lock, preventing the wheelchair from being properly secured.","An unsecured wheelchair can move during transit, increasing the risk of injury.","Dealers will inspect and replace the retractors, free of charge. Owner notification letters was mailed January 27, 2026. Owners may contact Vantage Mobility customer service at 1-800-488-9082.",,"2024","TOYOTA","SIENNA"
"Toyota Motor Engineering & Manufacturing","25V086000",0,0,0,,"13/02/2025","SEATS:MID/REAR ASSEMBLY:RECLINER","Toyota Motor Engineering & Manufacturing (Toyota) is recalling certain 2021-2025 Sienna Hybrid vehicles.  The bolts for the seatbacks on the third-row seat assemblies may not be tightened properly.  As such, these vehicles fail to comply with the requirements of Federal Motor Vehicle Safety Standard (FMVSS) numbers 202, ""Head Restraints,"" 207, ""Seating Systems,"" and 225, ""Child Restraint Anchorage Systems.""","An improperly tightened seatback may not adequately restrain the occupant during a crash, increasing their risk of injury.","Dealers will tighten the seat assembly bolts, free of charge.  Owner notification letters were mailed April 1, 2025.  Owners may contact Toyota's customer service at 1-800-331-4331.  Toyota's number for this recall is 25TA05.","Owners may also contact the National Highway Traffic Safety Administration Vehicle Safety Hotline at 888-327-4236 (TTY 888-275-9171) or go to nhtsa.gov.","2024","TOYOTA","SIENNA HYBRID"
"Rollx Vans","25V876000",0,0,0,,"17/12/2025","EQUIPMENT ADAPTIVE/MOBILITY:WHEELCHAIR RESTRAINTS/SECUREMENT:LATCH/ANCHOR:","Rollx Vans (Rollx) is recalling certain GMC Yukon, Sierra, Chevrolet Express 2500, Ford Transit, E-250, Toyota Sienna, Sienna Hybrid, Honda Odyssey, Chrysler Town and Country, Voyager, Pacifica, Dodge Grand Caravan, and Ram Promaster vehicles equipped with QRT-Deluxe and QRT-Max wheelchair restraints. Please refer to Rollx's recall report for specific model year information. The retractors may not lock, preventing the wheelchair from being properly secured.","An unsecured wheelchair can move during transit, increasing the risk of injury.","Rollx will work with Q'Straint to inspect and replace the retractors as necessary, free of charge. Owner notification letters were mailed February 5, 2026. Owners may contact Rollx's customer service at 1-800-956-6668.",,"2024","TOYOTA","SIENNA HYBRID"
"Gulf States Toyota, Inc.","24V548000",0,0,0,,"23/07/2024","EQUIPMENT:OTHER:LABELS","Gulf States Toyota, Inc. (GST) is recalling certain Toyota 2023 GR Supra, 2024 4 Runner, Corolla, Grand Highlander, Grand Highlander Hybrid, Land Cruiser Hybrid, Tacoma, Tacoma Hybrid, 2023-2024 BZ4X, Corolla Cross Hybrid, GR Corolla, GR86, Highlander, Highlander Hybrid, Prius, Prius Prime, Sequoia Hybrid, Tundra, Tundra Hybrid, Venza Hybrid, 2023-2025 Crown, and 2025 Camry Hybrid vehicles equipped with GST accessories.  The load carrying capacity modification label may display inaccurate added weight values.  As such, these vehicles fail to comply with the requirements of Federal Motor Vehicle Safety Standard number 110, ""Tire Selection and Rims.""","A vehicle with an incorrect maximum capacity weight value may be overloaded, which can increase the risk of a crash.","GST will mail new labels to owners, free of charge.  Owner notification letters were mailed September 16, 2024.  Owners may contact GST customer service at 1-800-444-1074.  GST's number for this recall is 24R2.","Owners may also contact the National Highway Traffic Safety Administration Vehicle Safety Hotline at 1-888-327-4236 (TTY 1-800-424-9153), or go to www.nhtsa.gov.","2024","TOYOTA","TACOMA"
"Toyota Motor Engineering & Manufacturing","25V058000",0,0,0,,"06/02/2025","SERVICE BRAKES, HYDRAULIC:FOUNDATION COMPONENTS:HOSES, LINES/PIPING, AND FITTINGS","Toyota Motor Engineering & Manufacturing (Toyota) is recalling certain 2024-2025 Tacoma 4-wheel drive vehicles.  The rear brake hoses can be damaged if mud and dirt builds up inside the rear wheels.  This can result in a brake fluid leak.","A brake fluid leak can reduce braking ability and increase the risk of a crash.","Dealers will replace both rear brake hoses, free of charge. Owner letters were mailed August 1, 2025. Owners may contact Toyota's customer service at 1-800-331-4331. Toyota's numbers for this recall are 25TB04 and 25TA04.","Owners may also contact the National Highway Traffic Safety Administration Vehicle Safety Hotline at 1-888-327-4236 (TTY 1-800-424-9153) or go to nhtsa.gov.","2024","TOYOTA","TACOMA"
"Toyota Motor Engineering & Manufacturing","25V595000",0,0,0,,"11/09/2025","ELECTRICAL SYSTEM: INSTRUMENT CLUSTER/PANEL","Toyota Motor Engineering & Manufacturing (Toyota) is recalling certain 2023-2024 Toyota Venza, 2023-2025 RAV4 Prime, RAV4, Highlander, GR Corolla, Crown, 2024-2025 Lexus TX, LS, Toyota Tacoma, Grand Highlander, and 2025 Lexus RX, Toyota Crown Signia, Camry, RAV 4 Plug-in Hybrid (PHEV), and 4 Runner vehicles. Due to an error in the instrument panel software at vehicle startup, the instrument panel may fail to display vehicle speed, brake system, and tire pressure warning lights.","An instrument panel display that does not show critical information can increase the risk of a crash or injury.","Dealers will update the instrument panel software over-the-air (OTA) for non-PHEV vehicles, free of charge. For PHEV vehicles, dealers will inspect the instrument panel assembly, and either replace it, or update the software, free of charge. Owner letters were mailed December 5, 2025. Additional letters will be sent, anticipated in May 2026. This is a phased recall. Owners may contact Toyota's customer service at 1-800-331-4331. Toyota's numbers for this recall are 25TB08 and 25TA08. Lexus' numbers for this recall are 25LB05 and 25LA05.",,"2024","TOYOTA","TACOMA"
"Toyota Motor Engineering & Manufacturing","26V179000",0,0,0,,"24/03/2026","EQUIPMENT:OTHER:LABELS","Toyota Motor Engineering & Manufacturing (Toyota) is recalling certain 2024-2025 Toyota Tundra, Tacoma Hybrid, Tacoma, RAV4 Hybrid, Land Cruiser Hybrid, Lexus GX550, 2024-2026 Tundra Hybrid, 2025 Sequoia Hybrid, Crown Signia, Grand Highlander, Lexus TX500 Hybrid, Lexus NX350 Hybrid, 2025-2026 Grand Highlander Hybrid, and Lexus TX350 vehicles. The load carrying capacity modification label may display inaccurate added weight values. As such, these vehicles fail to comply with the requirements of Federal Motor Vehicle Safety Standard number 110, ""Tire Selection and Rims.""","A vehicle with an incorrect maximum capacity weight value may be overloaded, which can increase the risk of a crash.","Dealers will replace the load carrying capacity modification label, free of charge. Owner letters were mailed May 26, 2026. Owners may contact Toyota's customer service at 1-800-331-4331. Toyota's numbers for this recall are 26LB04, 26LA04, 26TB07, and 26TA07.",,"2024","TOYOTA","TACOMA"
"Southeast Toyota Distributors, LLC","23V757000",0,0,0,,"09/11/2023","EQUIPMENT:OTHER:LABELS","Southeast Toyota Distributors, LLC (SET) is recalling certain 2022-2024 Toyota Tundra vehicles.  The load carrying capacity modification label states the incorrect load carrying capacity, which can result in an overloaded vehicle.  As such, these vehicles fail to comply with the requirements of Federal Motor Vehicle Safety Standard number 110, ""Tire Selection and Rims.""","An overloaded vehicle increases the risk of a crash.","SET will mail a new modified label, free of charge. Owner notification letters were mailed December 18, 2023.  Owners may contact SET's customer service at 1-866-405-4226.  SET's number for this recall is SET23B.","Owners may also contact the National Highway Traffic Safety Administration Vehicle Safety Hotline at 1-888-327-4236 (TTY 1-800-424-9153), or go to www.safercar.gov.","2024","TOYOTA","TUNDRA"
"Toyota Motor Engineering & Manufacturing","24V125000",0,0,0,,"21/02/2024","POWER TRAIN:AUTOMATIC TRANSMISSION","Toyota Motor Engineering & Manufacturing (Toyota) is recalling certain 2022-2024 Tundra, Tundra Hybrid, Lexus LX600, and 2023-2024 Sequoia Hybrid vehicles.  Unexpected vehicle movement may occur when the vehicle is in neutral and the brakes are not applied.","Unexpected vehicle movement can increase the risk of a crash.","Dealers will update the transmission control ECU software, free of charge.  Owner notification letters were mailed April 8, 2024.  Owners may contact Toyota customer service at 1-800-331-4331.  Toyota's numbers for this recall are 24TA02 and 24LA02.","Owners may also contact the National Highway Traffic Safety Administration Vehicle Safety Hotline at 1-888-327-4236 (TTY 1-800-424-9153), or go to www.nhtsa.gov.","2024","TOYOTA","TUNDRA"
"Gulf States Toyota, Inc.","24V548000",0,0,0,,"23/07/2024","EQUIPMENT:OTHER:LABELS","Gulf States Toyota, Inc. (GST) is recalling certain Toyota 2023 GR Supra, 2024 4 Runner, Corolla, Grand Highlander, Grand Highlander Hybrid, Land Cruiser Hybrid, Tacoma, Tacoma Hybrid, 2023-2024 BZ4X, Corolla Cross Hybrid, GR Corolla, GR86, Highlander, Highlander Hybrid, Prius, Prius Prime, Sequoia Hybrid, Tundra, Tundra Hybrid, Venza Hybrid, 2023-2025 Crown, and 2025 Camry Hybrid vehicles equipped with GST accessories.  The load carrying capacity modification label may display inaccurate added weight values.  As such, these vehicles fail to comply with the requirements of Federal Motor Vehicle Safety Standard number 110, ""Tire Selection and Rims.""","A vehicle with an incorrect maximum capacity weight value may be overloaded, which can increase the risk of a crash.","GST will mail new labels to owners, free of charge.  Owner notification letters were mailed September 16, 2024.  Owners may contact GST customer service at 1-800-444-1074.  GST's number for this recall is 24R2.","Owners may also contact the National Highway Traffic Safety Administration Vehicle Safety Hotline at 1-888-327-4236 (TTY 1-800-424-9153), or go to www.nhtsa.gov.","2024","TOYOTA","TUNDRA"
"Toyota Motor Engineering & Manufacturing","24V767000",0,0,0,,"15/10/2024","TIRES:SIDEWALL","Toyota Motor Engineering & Manufacturing (Toyota) is recalling certain 2024 Sequoia Hybrid, Tundra and Tundra Hybrid vehicles.  The passenger-side front and rear tires may have inner sidewall damage, which can cause a sudden loss of tire pressure.","A sudden loss of tire pressure can result in a loss of vehicle control, increasing the risk of a crash.","Dealers will inspect and replace the tires as necessary, free of charge.  Owner notification letters were mailed December 5, 2024.  Owners may contact Toyota customer service at 1-800-331-4331.  Toyota's number for this recall is 24TA12.","Owners may also contact the National Highway Traffic Safety Administration Vehicle Safety Hotline at 1-888-327-4236 (TTY 1-800-424-9153) or go to nhtsa.gov.","2024","TOYOTA","TUNDRA"
"Toyota Motor Engineering & Manufacturing","25V322000",0,0,0,,"15/05/2025","EXTERIOR LIGHTING:BACK UP LIGHTS","Toyota Motor Engineering & Manufacturing (Toyota) is recalling certain 2022-2025 Toyota Tundra and Tundra Hybrid vehicles. Moisture may enter the reverse light assemblies and cause a light failure.","Reverse light failure may reduce visibility, and not alert pedestrians and other drivers that the vehicle is backing up, increasing the risk of a crash.","Dealers will replace both reverse light assemblies and repair the wire harnesses as necessary, free of charge. Owner letters were mailed May 23, 2026. This is a phased recall. Owners may contact Toyota's customer service at 1-800-331-4331.Toyota's numbers for this recall are 24TB06 and 24TA06.",,"2024","TOYOTA","TUNDRA"
"Toyota Motor Engineering & Manufacturing","25V657000",0,0,0,,"01/10/2025","BACK OVER PREVENTION:SOFTWARE","Toyota Motor Engineering & Manufacturing (Toyota) is recalling certain 2022-2025 Tundra, Tundra Hybrid, and 2023-2025 Sequoia Hybrid vehicles. A software error may cause the rearview image not to display when the vehicle is placed in reverse. As such, these vehicles fail to comply with the requirements of Federal Motor Vehicle Safety Standard (FMVSS) number 111, ""Rear Visibility.""","A rearview image that does not display reduces the driver's view behind the vehicle, increasing the risk of a crash.","Dealers will update the multimedia display software, free of charge. Owner notification letters were mailed November 19, 2025. Owners may contact Toyota's customer service at 1-800-331-4331. Toyota's numbers for this recall are 25TB10 and 25TA10.",,"2024","TOYOTA","TUNDRA"
"Toyota Motor Engineering & Manufacturing","25V767000",0,0,0,,"06/11/2025","ENGINE AND ENGINE COOLING:ENGINE:HARD PARTS INTERNAL/MECHANICAL","Toyota Motor Engineering & Manufacturing (Toyota) is recalling certain 2022-2024 Toyota Tundra, Lexus LX, and 2024 Lexus GX vehicles equipped with a V35A engine. Debris from the manufacturing process may contaminate the engine and cause the main bearings to fail, which can result in an engine stall and loss of drive power.","A loss of drive power increases the risk of a crash.","Dealers will perform an inspection on the #1 main bearing using vehicle inspection software and drive data, and if necessary, replace the engine. Repairs will be performed free of charge. Interim letters notifying owners of the safety risk were mailed December 16, 2025. Additional letters will be sent once the final remedy is available. Owners may contact Toyota's customer service at 1-800-331-4331. Toyota's numbers for this recall are 25TB14 and 25TA14. Lexus' numbers for this recall are 25LB07 and 25LA07. This recall expands previous NHTSA recall number 24V381.",,"2024","TOYOTA","TUNDRA"
"Toyota Motor Engineering & Manufacturing","26V038000",0,0,0,,"23/01/2026","BACK OVER PREVENTION:SOFTWARE","Toyota Motor Engineering & Manufacturing (Toyota) is recalling certain 2024-2025 Toyota Tundra and Tundra Hybrid vehicles equipped with a Panoramic View Monitor (PVM) system. The rearview camera image may not display when the vehicle is placed in reverse. As such, these vehicles fail to comply with the requirements of Federal Motor Vehicle Safety Standard (FMVSS) number 111, ""Rear Visibility.""","A rearview camera image that does not display reduces the driver's view behind the vehicle, increasing the risk of a crash.","Dealers will update the parking assist ECU software, free of charge. Owner notification letters were mailed March 23, 2026. Owners may contact Toyota's customer service at 1-800-331-4331. Toyota's numbers for this recall are 26TB02 and 26TA02.",,"2024","TOYOTA","TUNDRA"
"Toyota Motor Engineering & Manufacturing","26V179000",0,0,0,,"24/03/2026","EQUIPMENT:OTHER:LABELS","Toyota Motor Engineering & Manufacturing (Toyota) is recalling certain 2024-2025 Toyota Tundra, Tacoma Hybrid, Tacoma, RAV4 Hybrid, Land Cruiser Hybrid, Lexus GX550, 2024-2026 Tundra Hybrid, 2025 Sequoia Hybrid, Crown Signia, Grand Highlander, Lexus TX500 Hybrid, Lexus NX350 Hybrid, 2025-2026 Grand Highlander Hybrid, and Lexus TX350 vehicles. The load carrying capacity modification label may display inaccurate added weight values. As such, these vehicles fail to comply with the requirements of Federal Motor Vehicle Safety Standard number 110, ""Tire Selection and Rims.""","A vehicle with an incorrect maximum capacity weight value may be overloaded, which can increase the risk of a crash.","Dealers will replace the load carrying capacity modification label, free of charge. Owner letters were mailed May 26, 2026. Owners may contact Toyota's customer service at 1-800-331-4331. Toyota's numbers for this recall are 26LB04, 26LA04, 26TB07, and 26TA07.",,"2024","TOYOTA","TUNDRA"
"Toyota Motor Engineering & Manufacturing","26V320000",0,0,0,,"20/05/2026","ENGINE AND ENGINE COOLING:ENGINE:HARD PARTS INTERNAL/MECHANICAL","Toyota Motor Engineering & Manufacturing (Toyota) is recalling certain 2024 Tundra vehicles equipped with a V35A engine. Debris from the manufacturing process may contaminate the engine and cause a main bearing to fail, which can result in an engine stall and loss of drive power.","A loss of drive power increases the risk of a crash.","Dealers will perform an inspection on the #1 main bearing using vehicle inspection software and drive data, and if necessary, replace the engine. Repairs will be performed free of charge. Owner notification letters are expected to be mailed July 6, 2026. Owners may contact Toyota's customer service at 1-800-331-4331. Toyota's numbers for this recall are 25TB14 and 25TA14. This recall expands previous NHTSA recall numbers 24V381 and 25V767.",,"2024","TOYOTA","TUNDRA"
"Toyota Motor Engineering & Manufacturing","24V125000",0,0,0,,"21/02/2024","POWER TRAIN:AUTOMATIC TRANSMISSION","Toyota Motor Engineering & Manufacturing (Toyota) is recalling certain 2022-2024 Tundra, Tundra Hybrid, Lexus LX600, and 2023-2024 Sequoia Hybrid vehicles.  Unexpected vehicle movement may occur when the vehicle is in neutral and the brakes are not applied.","Unexpected vehicle movement can increase the risk of a crash.","Dealers will update the transmission control ECU software, free of charge.  Owner notification letters were mailed April 8, 2024.  Owners may contact Toyota customer service at 1-800-331-4331.  Toyota's numbers for this recall are 24TA02 and 24LA02.","Owners may also contact the National Highway Traffic Safety Administration Vehicle Safety Hotline at 1-888-327-4236 (TTY 1-800-424-9153), or go to www.nhtsa.gov.","2024","TOYOTA","TUNDRA HYBRID"
"Gulf States Toyota, Inc.","24V548000",0,0,0,,"23/07/2024","EQUIPMENT:OTHER:LABELS","Gulf States Toyota, Inc. (GST) is recalling certain Toyota 2023 GR Supra, 2024 4 Runner, Corolla, Grand Highlander, Grand Highlander Hybrid, Land Cruiser Hybrid, Tacoma, Tacoma Hybrid, 2023-2024 BZ4X, Corolla Cross Hybrid, GR Corolla, GR86, Highlander, Highlander Hybrid, Prius, Prius Prime, Sequoia Hybrid, Tundra, Tundra Hybrid, Venza Hybrid, 2023-2025 Crown, and 2025 Camry Hybrid vehicles equipped with GST accessories.  The load carrying capacity modification label may display inaccurate added weight values.  As such, these vehicles fail to comply with the requirements of Federal Motor Vehicle Safety Standard number 110, ""Tire Selection and Rims.""","A vehicle with an incorrect maximum capacity weight value may be overloaded, which can increase the risk of a crash.","GST will mail new labels to owners, free of charge.  Owner notification letters were mailed September 16, 2024.  Owners may contact GST customer service at 1-800-444-1074.  GST's number for this recall is 24R2.","Owners may also contact the National Highway Traffic Safety Administration Vehicle Safety Hotline at 1-888-327-4236 (TTY 1-800-424-9153), or go to www.nhtsa.gov.","2024","TOYOTA","TUNDRA HYBRID"
"Toyota Motor Engineering & Manufacturing","24V767000",0,0,0,,"15/10/2024","TIRES:SIDEWALL","Toyota Motor Engineering & Manufacturing (Toyota) is recalling certain 2024 Sequoia Hybrid, Tundra and Tundra Hybrid vehicles.  The passenger-side front and rear tires may have inner sidewall damage, which can cause a sudden loss of tire pressure.","A sudden loss of tire pressure can result in a loss of vehicle control, increasing the risk of a crash.","Dealers will inspect and replace the tires as necessary, free of charge.  Owner notification letters were mailed December 5, 2024.  Owners may contact Toyota customer service at 1-800-331-4331.  Toyota's number for this recall is 24TA12.","Owners may also contact the National Highway Traffic Safety Administration Vehicle Safety Hotline at 1-888-327-4236 (TTY 1-800-424-9153) or go to nhtsa.gov.","2024","TOYOTA","TUNDRA HYBRID"
"Toyota Motor Engineering & Manufacturing","25V322000",0,0,0,,"15/05/2025","EXTERIOR LIGHTING:BACK UP LIGHTS","Toyota Motor Engineering & Manufacturing (Toyota) is recalling certain 2022-2025 Toyota Tundra and Tundra Hybrid vehicles. Moisture may enter the reverse light assemblies and cause a light failure.","Reverse light failure may reduce visibility, and not alert pedestrians and other drivers that the vehicle is backing up, increasing the risk of a crash.","Dealers will replace both reverse light assemblies and repair the wire harnesses as necessary, free of charge. Owner letters were mailed May 23, 2026. This is a phased recall. Owners may contact Toyota's customer service at 1-800-331-4331.Toyota's numbers for this recall are 24TB06 and 24TA06.",,"2024","TOYOTA","TUNDRA HYBRID"
"Toyota Motor Engineering & Manufacturing","25V657000",0,0,0,,"01/10/2025","BACK OVER PREVENTION:SOFTWARE","Toyota Motor Engineering & Manufacturing (Toyota) is recalling certain 2022-2025 Tundra, Tundra Hybrid, and 2023-2025 Sequoia Hybrid vehicles. A software error may cause the rearview image not to display when the vehicle is placed in reverse. As such, these vehicles fail to comply with the requirements of Federal Motor Vehicle Safety Standard (FMVSS) number 111, ""Rear Visibility.""","A rearview image that does not display reduces the driver's view behind the vehicle, increasing the risk of a crash.","Dealers will update the multimedia display software, free of charge. Owner notification letters were mailed November 19, 2025. Owners may contact Toyota's customer service at 1-800-331-4331. Toyota's numbers for this recall are 25TB10 and 25TA10.",,"2024","TOYOTA","TUNDRA HYBRID"
"Toyota Motor Engineering & Manufacturing","26V038000",0,0,0,,"23/01/2026","BACK OVER PREVENTION:SOFTWARE","Toyota Motor Engineering & Manufacturing (Toyota) is recalling certain 2024-2025 Toyota Tundra and Tundra Hybrid vehicles equipped with a Panoramic View Monitor (PVM) system. The rearview camera image may not display when the vehicle is placed in reverse. As such, these vehicles fail to comply with the requirements of Federal Motor Vehicle Safety Standard (FMVSS) number 111, ""Rear Visibility.""","A rearview camera image that does not display reduces the driver's view behind the vehicle, increasing the risk of a crash.","Dealers will update the parking assist ECU software, free of charge. Owner notification letters were mailed March 23, 2026. Owners may contact Toyota's customer service at 1-800-331-4331. Toyota's numbers for this recall are 26TB02 and 26TA02.",,"2024","TOYOTA","TUNDRA HYBRID"
"Toyota Motor Engineering & Manufacturing","26V179000",0,0,0,,"24/03/2026","EQUIPMENT:OTHER:LABELS","Toyota Motor Engineering & Manufacturing (Toyota) is recalling certain 2024-2025 Toyota Tundra, Tacoma Hybrid, Tacoma, RAV4 Hybrid, Land Cruiser Hybrid, Lexus GX550, 2024-2026 Tundra Hybrid, 2025 Sequoia Hybrid, Crown Signia, Grand Highlander, Lexus TX500 Hybrid, Lexus NX350 Hybrid, 2025-2026 Grand Highlander Hybrid, and Lexus TX350 vehicles. The load carrying capacity modification label may display inaccurate added weight values. As such, these vehicles fail to comply with the requirements of Federal Motor Vehicle Safety Standard number 110, ""Tire Selection and Rims.""","A vehicle with an incorrect maximum capacity weight value may be overloaded, which can increase the risk of a crash.","Dealers will replace the load carrying capacity modification label, free of charge. Owner letters were mailed May 26, 2026. Owners may contact Toyota's customer service at 1-800-331-4331. Toyota's numbers for this recall are 26LB04, 26LA04, 26TB07, and 26TA07.",,"2024","TOYOTA","TUNDRA HYBRID"
"Toyota Motor Engineering & Manufacturing","25V595000",0,0,0,,"11/09/2025","ELECTRICAL SYSTEM: INSTRUMENT CLUSTER/PANEL","Toyota Motor Engineering & Manufacturing (Toyota) is recalling certain 2023-2024 Toyota Venza, 2023-2025 RAV4 Prime, RAV4, Highlander, GR Corolla, Crown, 2024-2025 Lexus TX, LS, Toyota Tacoma, Grand Highlander, and 2025 Lexus RX, Toyota Crown Signia, Camry, RAV 4 Plug-in Hybrid (PHEV), and 4 Runner vehicles. Due to an error in the instrument panel software at vehicle startup, the instrument panel may fail to display vehicle speed, brake system, and tire pressure warning lights.","An instrument panel display that does not show critical information can increase the risk of a crash or injury.","Dealers will update the instrument panel software over-the-air (OTA) for non-PHEV vehicles, free of charge. For PHEV vehicles, dealers will inspect the instrument panel assembly, and either replace it, or update the software, free of charge. Owner letters were mailed December 5, 2025. Additional letters will be sent, anticipated in May 2026. This is a phased recall. Owners may contact Toyota's customer service at 1-800-331-4331. Toyota's numbers for this recall are 25TB08 and 25TA08. Lexus' numbers for this recall are 25LB05 and 25LA05.",,"2024","TOYOTA","VENZA"
"VinFast Auto, LLC","24V369000",0,0,0,,"24/05/2024","AIR BAGS","VinFast Auto, LLC (VinFast) is recalling certain 2022-2024 VF8 vehicles.  Inactive ignitors may have been installed in the air bags.","Inactive ignitors can prevent the air bags from deploying, increasing the risk of injury during a crash.","VinFast will replace the air bags, free of charge.  Owner notification letters were mailed June 21, 2024.  Owners may contact VinFast customer service at 1-833-503-0600.  VinFast's number for this recall is VPAC-291.","Owners may also contact the National Highway Traffic Safety Administration Vehicle Safety Hotline at 1-888-327-4236 (TTY 1-800-424-9153), or go to www.nhtsa.gov.","2024","VINFAST","VF8"
"VinFast Auto, LLC","24V933000",0,0,0,,"17/12/2024","AIR BAGS","VinFast Auto, LLC (VinFast) is recalling certain 2023-2025 VF8 vehicles.  The center air bag mounted in the driver's seat may deploy improperly during a side impact crash and strike the driver's arm.","An air bag that strikes the driver increases the risk of injury.","Dealers will replace the center air bag, free of charge.  Owner notification letters were mailed January 23, 2025.  Owners may contact VinFast customer service at 1-833-503-0600.","Owners may also contact the National Highway Traffic Safety Administration Vehicle Safety Hotline at 1-888-327-4236 (TTY 1-800-424-9153) or go to nhtsa.gov.","2024","VINFAST","VF8"
"Volkswagen Group of America, Inc.","23V593000",0,0,0,,"23/08/2023","ENGINE AND ENGINE COOLING:ENGINE:HARD PARTS INTERNAL/MECHANICAL","Volkswagen Group of America, Inc. (Volkswagen) is recalling certain 2024 Atlas PA2 and Atlas Cross Sport PA vehicles.  The engine connecting rod bearings may become damaged, which can result in engine failure.","A damaged engine can result in engine failure and a stall, increasing the risk of a crash.  In addition, engine failure may cause an oil leak which can increase the risk of a fire.","Dealers will inspect and, if necessary, replace the engine, free of charge.  Owner notification letters were mailed September 28, 2023.  Owners may contact Volkswagen's customer service at 1-800-893-5298.  Volkswagen's number for this recall is 13i6.","Owners may also contact the National Highway Traffic Safety Administration Vehicle Safety Hotline at 1-888-327-4236 (TTY 1-800-424-9153), or go to www.nhtsa.gov.","2024","VOLKSWAGEN","ATLAS"
"Volkswagen Group of America, Inc.","24V464000",0,0,0,,"20/06/2024","AIR BAGS:SENSOR:OCCUPANT CLASSIFICATION:FRONT PASSENGER","Volkswagen Group of America, Inc. (Volkswagen) is recalling certain 2021-2024 Atlas and 2020-2024 Atlas Cross Sport vehicles.  The passenger occupant detection system (PODS) may experience a fault in the wiring and deactivate the front passenger air bag when the seat is occupied.","A deactivated passenger air bag increases the risk of injury during a crash.","Dealers will replace the PODS sensor mat and wiring harness, free of charge.  Owner notification letters were mailed on September 30, 2024.  Owner notification letters will be mailed in phases, on October 18, 2024, December 10, 2024, December 20, 2024, and January 17, 2025. Owners may contact Volkswagen's customer service at 1-800-893-5298.  Volkswagen's number for this recall is 69PZ.","Owners may also contact the National Highway Traffic Safety Administration Vehicle Safety Hotline at 1-888-327-4236 (TTY 1-800-424-9153), or go to www.nhtsa.gov.","2024","VOLKSWAGEN","ATLAS"
"Volkswagen Group of America, Inc.","24V480000",0,0,0,,"27/06/2024","BACK OVER PREVENTION:SOFTWARE","Volkswagen Group of America, Inc. (VW) is recalling certain 2022-2024 Golf R, Golf GTI, 2024 Atlas, and 2024 Atlas Cross Sport vehicles.  The rearview camera image may be delayed or deactivated after shifting into reverse.  As such, these vehicles fail to comply with the requirements of Federal Motor Vehicle Safety Standard number 111, ""Rear Visibility.""","A rearview camera with a delayed or deactivated image reduces the driver's view of what is behind the vehicle, increasing the risk of injury or crash.","Dealers will update the infotainment system software, free of charge.  Owner notification letters were mailed July 15, 2024, and July 16, 2024.  Owners may contact VW customer service at 1-800-893-5298.  VW's number for this recall is 91US.","Owners may also contact the National Highway Traffic Safety Administration Vehicle Safety Hotline at 1-888-327-4236 (TTY 1-800-424-9153), or go to www.nhtsa.gov.","2024","VOLKSWAGEN","ATLAS"
"Volkswagen Group of America, Inc.","24V723000",0,0,0,,"27/09/2024","SERVICE BRAKES, HYDRAULIC:FOUNDATION COMPONENTS:MASTER CYLINDER","Volkswagen Group of America, Inc. (Volkswagen) is recalling certain 2024 Atlas and 2024 Atlas Cross Sport vehicles.  The brake master cylinder may have been assembled with an incorrect secondary piston spring retainer, which can block the brake fluid port.","An obstructed brake fluid port can cause a loss of brake function, increasing the risk of a crash.","Dealers will replace the brake master cylinder, free of charge.  Owner notification letters were mailed November 21, 2024.  Additionally, vehicles that were added to the population on November 21, 2024, their letters were mailed on December 2, 2024. Owners may contact Volkswagen Customer Relations at 1-800-893-5298.  Volkswagen's number for this recall is 471F.","Owners may also contact the National Highway Traffic Safety Administration Vehicle Safety Hotline at 1-888-327-4236 (TTY 1-800-424-9153) or go to nhtsa.gov.","2024","VOLKSWAGEN","ATLAS"
"Volkswagen Group of America, Inc.","25V100000",0,0,0,,"17/02/2025","ENGINE","Volkswagen Group of America, Inc. (Volkswagen) is recalling certain 2024-2025 Atlas and Atlas Cross Sport vehicles.  The engine cover may have been improperly installed after vehicle service, allowing it to come loose and contact hot engine surfaces.","A loose engine cover that contacts hot surfaces in the engine compartment can melt, increasing the risk of a fire.","Dealers will remove the engine cover, free of charge.  Owner notification letters were mailed March 7, 2025.  Owners may contact Volkswagen customer service at 800-893-5298.  Volkswagen's number for this recall is 10X5.","Owners may also contact the National Highway Traffic Safety Administration Vehicle Safety Hotline at 888-327-4236 (TTY 888-275-9171) or go to nhtsa.gov.","2024","VOLKSWAGEN","ATLAS"
"Volkswagen Group of America, Inc.","25V334000",0,0,0,,"21/05/2025","BACK OVER PREVENTION: SENSING SYSTEM: CAMERA","Volkswagen Group of America, Inc. (Volkswagen) is recalling certain 2024-2025 Atlas Cross Sport and Atlas vehicles. A software error may cause the rearview camera image to become distorted when the vehicle is in reverse. As such, these vehicles fail to comply with the requirements of Federal Motor Vehicle Safety Standard number 111, ""Rear Visibility.""","A distorted rearview camera image can reduce the driver's view of what is behind the vehicle, increasing the risk of a crash.","Dealers will update the camera control unit software, free of charge. Owner notification letters were mailed June 5, 2025. Owners may contact Volkswagen customer service at 1-800-893-5298. Volkswagen's number for this recall is 91SB.",,"2024","VOLKSWAGEN","ATLAS"
"Volkswagen Group of America, Inc.","25V434000",0,0,0,,"30/06/2025","SERVICE BRAKES","Volkswagen Group of America, Inc. (Volkswagen) is recalling certain 2023-2025 Atlas, Atlas Cross Sport and 2023-2024 ID.4 vehicles. Certain bolts on the chassis, brake system and/or suspension (such as bolts for certain  cross member, engine mount, control arm, subframe, rear brake carrier, etc.) of affected vehicles may not have been correctly tightened during the manufacturing process.","A loss of vehicle control increases the risk of a crash.","Dealers will replace the bolts as necessary, free of charge. Owner notification letters were mailed July 25, 2025. Owners may contact Audi customer service at 1-800-253-2834. Volkswagen's number for this recall is 42HX.",,"2024","VOLKSWAGEN","ATLAS"
"Volkswagen Group of America, Inc.","23V593000",0,0,0,,"23/08/2023","ENGINE AND ENGINE COOLING:ENGINE:HARD PARTS INTERNAL/MECHANICAL","Volkswagen Group of America, Inc. (Volkswagen) is recalling certain 2024 Atlas PA2 and Atlas Cross Sport PA vehicles.  The engine connecting rod bearings may become damaged, which can result in engine failure.","A damaged engine can result in engine failure and a stall, increasing the risk of a crash.  In addition, engine failure may cause an oil leak which can increase the risk of a fire.","Dealers will inspect and, if necessary, replace the engine, free of charge.  Owner notification letters were mailed September 28, 2023.  Owners may contact Volkswagen's customer service at 1-800-893-5298.  Volkswagen's number for this recall is 13i6.","Owners may also contact the National Highway Traffic Safety Administration Vehicle Safety Hotline at 1-888-327-4236 (TTY 1-800-424-9153), or go to www.nhtsa.gov.","2024","VOLKSWAGEN","ATLAS CROSS SPORT"
"Volkswagen Group of America, Inc.","24V464000",0,0,0,,"20/06/2024","AIR BAGS:SENSOR:OCCUPANT CLASSIFICATION:FRONT PASSENGER","Volkswagen Group of America, Inc. (Volkswagen) is recalling certain 2021-2024 Atlas and 2020-2024 Atlas Cross Sport vehicles.  The passenger occupant detection system (PODS) may experience a fault in the wiring and deactivate the front passenger air bag when the seat is occupied.","A deactivated passenger air bag increases the risk of injury during a crash.","Dealers will replace the PODS sensor mat and wiring harness, free of charge.  Owner notification letters were mailed on September 30, 2024.  Owner notification letters will be mailed in phases, on October 18, 2024, December 10, 2024, December 20, 2024, and January 17, 2025. Owners may contact Volkswagen's customer service at 1-800-893-5298.  Volkswagen's number for this recall is 69PZ.","Owners may also contact the National Highway Traffic Safety Administration Vehicle Safety Hotline at 1-888-327-4236 (TTY 1-800-424-9153), or go to www.nhtsa.gov.","2024","VOLKSWAGEN","ATLAS CROSS SPORT"
"Volkswagen Group of America, Inc.","24V480000",0,0,0,,"27/06/2024","BACK OVER PREVENTION:SOFTWARE","Volkswagen Group of America, Inc. (VW) is recalling certain 2022-2024 Golf R, Golf GTI, 2024 Atlas, and 2024 Atlas Cross Sport vehicles.  The rearview camera image may be delayed or deactivated after shifting into reverse.  As such, these vehicles fail to comply with the requirements of Federal Motor Vehicle Safety Standard number 111, ""Rear Visibility.""","A rearview camera with a delayed or deactivated image reduces the driver's view of what is behind the vehicle, increasing the risk of injury or crash.","Dealers will update the infotainment system software, free of charge.  Owner notification letters were mailed July 15, 2024, and July 16, 2024.  Owners may contact VW customer service at 1-800-893-5298.  VW's number for this recall is 91US.","Owners may also contact the National Highway Traffic Safety Administration Vehicle Safety Hotline at 1-888-327-4236 (TTY 1-800-424-9153), or go to www.nhtsa.gov.","2024","VOLKSWAGEN","ATLAS CROSS SPORT"
"Volkswagen Group of America, Inc.","24V723000",0,0,0,,"27/09/2024","SERVICE BRAKES, HYDRAULIC:FOUNDATION COMPONENTS:MASTER CYLINDER","Volkswagen Group of America, Inc. (Volkswagen) is recalling certain 2024 Atlas and 2024 Atlas Cross Sport vehicles.  The brake master cylinder may have been assembled with an incorrect secondary piston spring retainer, which can block the brake fluid port.","An obstructed brake fluid port can cause a loss of brake function, increasing the risk of a crash.","Dealers will replace the brake master cylinder, free of charge.  Owner notification letters were mailed November 21, 2024.  Additionally, vehicles that were added to the population on November 21, 2024, their letters were mailed on December 2, 2024. Owners may contact Volkswagen Customer Relations at 1-800-893-5298.  Volkswagen's number for this recall is 471F.","Owners may also contact the National Highway Traffic Safety Administration Vehicle Safety Hotline at 1-888-327-4236 (TTY 1-800-424-9153) or go to nhtsa.gov.","2024","VOLKSWAGEN","ATLAS CROSS SPORT"
"Volkswagen Group of America, Inc.","25V100000",0,0,0,,"17/02/2025","ENGINE","Volkswagen Group of America, Inc. (Volkswagen) is recalling certain 2024-2025 Atlas and Atlas Cross Sport vehicles.  The engine cover may have been improperly installed after vehicle service, allowing it to come loose and contact hot engine surfaces.","A loose engine cover that contacts hot surfaces in the engine compartment can melt, increasing the risk of a fire.","Dealers will remove the engine cover, free of charge.  Owner notification letters were mailed March 7, 2025.  Owners may contact Volkswagen customer service at 800-893-5298.  Volkswagen's number for this recall is 10X5.","Owners may also contact the National Highway Traffic Safety Administration Vehicle Safety Hotline at 888-327-4236 (TTY 888-275-9171) or go to nhtsa.gov.","2024","VOLKSWAGEN","ATLAS CROSS SPORT"
"Volkswagen Group of America, Inc.","25V334000",0,0,0,,"21/05/2025","BACK OVER PREVENTION: SENSING SYSTEM: CAMERA","Volkswagen Group of America, Inc. (Volkswagen) is recalling certain 2024-2025 Atlas Cross Sport and Atlas vehicles. A software error may cause the rearview camera image to become distorted when the vehicle is in reverse. As such, these vehicles fail to comply with the requirements of Federal Motor Vehicle Safety Standard number 111, ""Rear Visibility.""","A distorted rearview camera image can reduce the driver's view of what is behind the vehicle, increasing the risk of a crash.","Dealers will update the camera control unit software, free of charge. Owner notification letters were mailed June 5, 2025. Owners may contact Volkswagen customer service at 1-800-893-5298. Volkswagen's number for this recall is 91SB.",,"2024","VOLKSWAGEN","ATLAS CROSS SPORT"
"Volkswagen Group of America, Inc.","25V434000",0,0,0,,"30/06/2025","SERVICE BRAKES","Volkswagen Group of America, Inc. (Volkswagen) is recalling certain 2023-2025 Atlas, Atlas Cross Sport and 2023-2024 ID.4 vehicles. Certain bolts on the chassis, brake system and/or suspension (such as bolts for certain  cross member, engine mount, control arm, subframe, rear brake carrier, etc.) of affected vehicles may not have been correctly tightened during the manufacturing process.","A loss of vehicle control increases the risk of a crash.","Dealers will replace the bolts as necessary, free of charge. Owner notification letters were mailed July 25, 2025. Owners may contact Audi customer service at 1-800-253-2834. Volkswagen's number for this recall is 42HX.",,"2024","VOLKSWAGEN","ATLAS CROSS SPORT"
"Volkswagen Group of America, Inc.","24V480000",0,0,0,,"27/06/2024","BACK OVER PREVENTION:SOFTWARE","Volkswagen Group of America, Inc. (VW) is recalling certain 2022-2024 Golf R, Golf GTI, 2024 Atlas, and 2024 Atlas Cross Sport vehicles.  The rearview camera image may be delayed or deactivated after shifting into reverse.  As such, these vehicles fail to comply with the requirements of Federal Motor Vehicle Safety Standard number 111, ""Rear Visibility.""","A rearview camera with a delayed or deactivated image reduces the driver's view of what is behind the vehicle, increasing the risk of injury or crash.","Dealers will update the infotainment system software, free of charge.  Owner notification letters were mailed July 15, 2024, and July 16, 2024.  Owners may contact VW customer service at 1-800-893-5298.  VW's number for this recall is 91US.","Owners may also contact the National Highway Traffic Safety Administration Vehicle Safety Hotline at 1-888-327-4236 (TTY 1-800-424-9153), or go to www.nhtsa.gov.","2024","VOLKSWAGEN","GOLF R"
"Volkswagen Group of America, Inc.","23V750000",0,0,0,,"07/12/2023","STRUCTURE","Volkswagen Group of America, Inc. (Volkswagen) is recalling certain 2023-2024 ID.4 vehicles.  The interior sunshade for the panoramic glass roof may be insufficiently fire retardant.  As such, these vehicles fail to comply with the requirements of Federal Motor Vehicle Safety Standard number 302, ""Flammability of Interior Materials.""","In a fire, fabric that is not fire retardant may further fuel a fire, increasing the risk of injury.","Dealers will apply flame retardant to the sunshade fabric, free of charge.  Owner notification letters were mailed December 15, 2023.  Owners may contact Volkswagen's customer service at 1-800-893-5298.  Volkswagen's number for this recall is 60G3.","Owners may also contact the National Highway Traffic Safety Administration Vehicle Safety Hotline at 1-888-327-4236 (TTY 1-800-424-9153), or go to www.nhtsa.gov.","2024","VOLKSWAGEN","ID.4"
"Volkswagen Group of America, Inc.","24V643000",0,0,0,,"28/08/2024","AIR BAGS:FRONTAL:PASSENGER SIDE:INFLATOR MODULE","Volkswagen Group of America, Inc. (VW) is recalling certain 2023-2024 ID4 vehicles.  The fasteners securing the passenger frontal air bag inflator may be loose.","An improperly secured air bag inflator may not deploy as intended, increasing the risk of injury during a crash.","Dealers will inspect and replace the air bag as necessary, free of charge. Owner notification letters were mailed October 10, 2024. Owners may contact Volkswagen customer service at 1-800-893-5298. Volkswagens number for this recall is 69E8.","Owners may also contact the National Highway Traffic Safety Administration Vehicle Safety Hotline at 1-888-327-4236 (TTY 1-800-424-9153), or go to www.nhtsa.gov.","2024","VOLKSWAGEN","ID.4"
"Volkswagen Group of America, Inc.","24V651000",0,0,0,,"04/09/2024","STRUCTURE:BODY:DOOR:HANDLE:EXTERIOR","Volkswagen Group of America, Inc. (Volkswagen) is recalling certain 2021-2024 ID.4 vehicles.  The door handles may allow water to enter the circuit board assembly, which can cause the doors to open unexpectedly.","A vehicle door that opens unexpectedly while driving increases the risk of injury.","Volkswagen dealers will inspect and replace the door handles as necessary, and update the vehicle software, free of charge.  Owner notification letters were mailed on December 27, 2024.  Owners may contact Volkswagen's customer service at 1-800-893-5298.  Volkswagen's number for this recall is 57J9.  This recall expands previous recall numbers 23V-312 and 23V-213.  Vehicles previously repaired under 23V-312 and 23V-213 will need to have the new remedy completed.","Owners may also contact the National Highway Traffic Safety Administration Vehicle Safety Hotline at 1-888-327-4236 (TTY 1-800-424-9153), or go to www.nhtsa.gov.","2024","VOLKSWAGEN","ID.4"
"Volkswagen Group of America, Inc.","25V125000",0,0,0,,"28/02/2025","ELECTRICAL SYSTEM:12V/24V/48V BATTERY","Volkswagen Group of America, Inc. (Volkswagen) is recalling certain 2024-2025 AUDI Q4 E-Tron SUV, AUDI Q4 E-Tron Sportback, and 2024 ID.4 vehicles.  The on-board charger (OCDC) may fail and stop charging the 12-volt battery, which can result in a loss of drive power.","A loss of drive power increases the risk of a crash.","Dealers will replace the OCDC, free of charge.  Owner notification letters were mailed on May 20, 2025.  Owners may contact Volkswagen customer service at 1-800-893-5298 or Audi customer service at 1-800-253-2834.  Volkswagen's number for this recall is 93CJ.  Audi's number for this recall is 93FR.","Owners may also contact the National Highway Traffic Safety Administration Vehicle Safety Hotline at 888-327-4236 (TTY 888-275-9171) or go to nhtsa.gov.","2024","VOLKSWAGEN","ID.4"
"Volkswagen Group of America, Inc.","25V434000",0,0,0,,"30/06/2025","SERVICE BRAKES","Volkswagen Group of America, Inc. (Volkswagen) is recalling certain 2023-2025 Atlas, Atlas Cross Sport and 2023-2024 ID.4 vehicles. Certain bolts on the chassis, brake system and/or suspension (such as bolts for certain  cross member, engine mount, control arm, subframe, rear brake carrier, etc.) of affected vehicles may not have been correctly tightened during the manufacturing process.","A loss of vehicle control increases the risk of a crash.","Dealers will replace the bolts as necessary, free of charge. Owner notification letters were mailed July 25, 2025. Owners may contact Audi customer service at 1-800-253-2834. Volkswagen's number for this recall is 42HX.",,"2024","VOLKSWAGEN","ID.4"
"Volkswagen Group of America, Inc.","25V836000",0,1,0,,"03/12/2025","ELECTRICAL SYSTEM:PROPULSION SYSTEM:TRACTION BATTERY","Volkswagen Group of America, Inc. (Volkswagen) is recalling certain 2023-2024 ID.4 vehicles. The high voltage (HV) battery cell modules may contain misaligned electrodes that can result in a battery fire.","A vehicle fire while parked or driving can increase the risk of injury.","Owners are advised to park outside immediately after charging and not leave their vehicles charging indoors overnight until the recall repair is complete.  Also, owners are advised not to use Level 3 DC chargers and to limit the maximum charge of the battery to 80% until the remedy has been completed. Dealers will replace the high voltage battery cell modules as necessary, free of charge. Owner notification letters were mailed February 11, 2026. Owners may contact Volkswagen customer service at 1-800-893-5298. Volkswagen's number for this recall is 93EV. Vehicle Identification Numbers (VINs) involved in this recall became searchable on NHTSA.gov on December 5, 2025.",,"2024","VOLKSWAGEN","ID.4"
"Volkswagen Group of America, Inc.","26V028000",0,1,0,,"21/01/2026","ELECTRICAL SYSTEM:PROPULSION SYSTEM:TRACTION BATTERY","Volkswagen Group of America, Inc. (Volkswagen) is recalling certain 2023-2024 ID.4 vehicles. The high voltage (HV) battery cell modules may contain misaligned electrodes that can result in a battery fire.","A vehicle fire while parked or driving can increase the risk of injury.","Owners are advised to park outside immediately after charging and not leave their vehicles charging indoors overnight until the recall repair is complete.  Also, owners are advised not to use Level 3 DC chargers and to limit the maximum charge of the battery to 80% until the remedy has been completed. Dealers will replace the high voltage battery cell modules as necessary, free of charge. Owner notification letters were mailed March 18, 2026. Owners may contact Volkswagen customer service at 1-800-893-5298. Volkswagen's number for this recall is 93EW. Vehicle Identification Numbers (VINs) involved in this recall became searchable on NHTSA.gov on January 23, 2026.",,"2024","VOLKSWAGEN","ID.4"
"Volkswagen Group of America, Inc.","26V030000",0,0,0,,"21/01/2026","ELECTRICAL SYSTEM:PROPULSION SYSTEM:TRACTION BATTERY","Volkswagen Group of America, Inc. (Volkswagen) is recalling certain 2023-2025 ID.4 vehicles. The high-voltage battery may overheat.","A high-voltage battery that overheats increases the risk of a fire.","Dealers will update the high-voltage battery software, and replace the high-voltage battery, as necessary, free of charge. Owner notification letters were mailed March 18, 2026. Owners may contact Volkswagen customer service at 1-800-893-5298. Volkswagen's number for this recall is 93EA. Vehicle Identification Numbers (VINs) involved in this recall became searchable on NHTSA.gov on January 23, 2026.",,"2024","VOLKSWAGEN","ID.4"
"Volkswagen Group of America, Inc.","25V082000",0,0,0,,"12/02/2025","BACK OVER PREVENTION:SOFTWARE","Volkswagen Group of America, Inc. (Volkswagen) is recalling certain 2022-2024 Tiguan, 2023 Arteon, and 2024-2025 Audi Q3 vehicles.  An error may occur in the camera control unit at vehicle startup, resulting in the rearview camera image not displaying as intended.  As such, these vehicles fail to comply with the requirements of Federal Motor Vehicle Safety Standard number 111, ""Rear Visibility.""","A rearview camera that does not display an image can reduce the driver's rear view, increasing the risk of a crash.","Dealers will update the camera control unit software, free of charge.  Owner notification letters were mailed to Audi owners April 3, 2024, and Volkswagen owners November 18, 2025.Volkswagen owners will receive a second notice once remedy parts become available.  Owners may contact Volkswagen customer service at 1-800-893-5298 or Audi customer service at 1-800-253-2834.  Volkswagen's numbers for this recall are (Volkswagen) 91NY and (Audi) 90AV.","Owners may also contact the National Highway Traffic Safety Administration Vehicle Safety Hotline at 1-888-327-4236 (TTY 1-888-275-9153) or go to nhtsa.gov.","2024","VOLKSWAGEN","TIGUAN"
"Volkswagen Group of America, Inc.","26V321000",0,0,0,,"20/05/2026","BACK OVER PREVENTION:SOFTWARE","Volkswagen Group of America, Inc. (Volkswagen) is recalling certain 2024 Tiguan vehicles previously repaired under recall 25V082.  An error may occur in the camera control unit at vehicle startup, resulting in the rearview camera image not displaying as intended.  As such, these vehicles fail to comply with the requirements of Federal Motor Vehicle Safety Standard number 111, ""Rear Visibility.""","A rearview camera that does not display an image can reduce the driver's rear view, increasing the risk of a crash.","Dealers will update the camera control unit software, free of charge. Owner notification letters were mailed June 4, 2026. Owners may contact Volkswagen customer service at 1-800-893-5298. Volkswagen's number for this recall is 91NF. Vehicle Identification Numbers (VINs) involved in this recall became searchable on NHTSA.gov beginning May 27, 2026.",,"2024","VOLKSWAGEN","TIGUAN"
"Volvo Trucks North America","23V441000",0,0,0,,"23/06/2023","STEERING:CRITICAL FASTENERS","Volvo Trucks North America (Volvo Trucks) is recalling certain 2023-2024 VN, VHD, and VAH trucks.  The steering gear fasteners may not be properly tightened.","Loose steering gear fasteners may result in a loss of vehicle control, increasing the risk of a crash.","Dealers will tighten the steering gear fasteners, free of charge.  Owner notification letters are expected to be mailed August 18, 2023.  Owners may contact Volvo Trucks' customer service at 1-800-528-6586.  Volvo Trucks' number for this recall is RVXX2307.","Owners may also contact the National Highway Traffic Safety Administration Vehicle Safety Hotline at 1-888-327-4236 (TTY 1-800-424-9153), or go to www.nhtsa.gov.","2024","VOLVO","VN"
"Volvo Trucks North America","23V769000",0,0,0,,"15/11/2023","SEATS:CRITICAL FASTENERS","Volvo Trucks North America (Volvo Trucks) is recalling certain 2019-2024 VN and VHD vehicles.  The passenger side bench seat may be inadequately attached to the floor.  As such, these vehicles fail to comply with the requirements of Federal Motor Vehicle Safety Standard numbers 207, ""Seating Systems"" and 210, ""Seatbelt Assembly Anchorage.""","The attachment points may fail, allowing the bench seat to shift and increasing the risk of injury during a crash.","Dealers will replace the weld nut with two nuts and a washer, free of charge.  Owner letters were mailed February 29, 2024.  Owners may contact Volvo Trucks customer service at 1-800-528-6586.  Volvo Trucks number for this recall is RVXX2312.","Owners may also contact the National Highway Traffic Safety Administration Vehicle Safety Hotline at 1-888-327-4236 (TTY 1-800-424-9153), or go to www.nhtsa.gov.","2024","VOLVO","VN"
"Volvo Trucks North America","23V793000",0,0,0,,"22/11/2023","VEHICLE SPEED CONTROL","Volvo Trucks North America (Volvo Trucks) is recalling certain 2023-2024 VN vehicles.  The engine may not return to idle within 2 seconds if the accelerator pedal position sensor becomes disconnected.  As such, these vehicles fail to comply with the requirements of Federal Motor Vehicle Safety Standard number 124, ""Accelerator Control Systems.""","An engine that does not return to idle quickly enough can cause a loss of vehicle control, increasing the risk of a crash.","Volvo Trucks will replace the throttle pedal and update the vehicle software, free of charge.  Owner letters were mailed February 27, 2024.  Owners may contact Volvo Trucks customer service at 1-800-528-6586.  Volvo Trucks number for this recall is RVXX2313.","Owners may also contact the National Highway Traffic Safety Administration Vehicle Safety Hotline at 1-888-327-4236 (TTY 1-800-424-9153), or go to www.nhtsa.gov.","2024","VOLVO","VN"
"Volvo Trucks North America","23V816000",0,0,0,,"05/12/2023","EQUIPMENT:OTHER:LABELS","Volvo Trucks North America (Volvo Trucks) is recalling certain 2024 VN and VHD vehicles equipped with size 295/75 or 385/65 Continental tires on the front axle.  The Gross Axle Weight Rating (GAWR) listed on the vehicle certification label is incorrect, which can allow the vehicle to be overloaded.  As such, these vehicles fail to comply with the requirements of 49 CFR Part 567, ""Certification.""","An overloaded vehicle can increase the risk of a crash.","Dealers will remove and replace the label, free of charge.  Owner notification letters were mailed December 13, 2024.  Owners may contact Volvo Trucks customer service at 1-800-528-6586.  Volvo Truck's number for this recall is RVXX2314.","Owners may also contact the National Highway Traffic Safety Administration Vehicle Safety Hotline at 1-888-327-4236 (TTY 1-800-424-9153), or go to www.nhtsa.gov.","2024","VOLVO","VN"
"Volvo Trucks North America","24V741000",0,0,0,,"03/10/2024","VEHICLE SPEED CONTROL:THROTTLE:THROTTLE POSITION SENSOR (TPS)","Volvo Trucks North America (Volvo) is recalling certain 2022-2024 Volvo VN vehicles.  When the Controller Area Network (CAN) communications are interrupted and the vehicle is in limp mode, an incorrect accelerator pedal signal can result in unintended acceleration.  As such, these vehicles fail to comply with the requirements of Federal Motor Vehicle Safety Standard number 124, ""Accelerator Control Systems.""","Sudden unintended acceleration can increase the risk of a crash.","Dealers will update the electronic control unit (ECU) software, free of charge.  Owner notification letters were mailed November 26, 2024.  Owners may contact Volvo Customer Service at 1-800-528-6586.  Volvo's number for this recall is RVXX2408.","Owners may also contact the National Highway Traffic Safety Administration Vehicle Safety Hotline at 1-888-327-4236 (TTY 1-800-424-9153) or go to nhtsa.gov.","2024","VOLVO","VN"
"Volvo Trucks North America","24V790000",0,0,0,,"23/10/2024","ELECTRICAL SYSTEM:SOFTWARE","Volvo Trucks North America (Volvo Trucks) is recalling certain 2020-2025 VN, VAH, VHD and VNRE trucks, equipped with Bendix EC80 Advanced Electronic Control Units (ECU).  Electrical noise and low signal to the power line carrier may cause the ECU to incorrectly process commands or stop working.","Safety systems that depend on the ECU (Automatic Traction Control, ABS, Electronic Stability Control, Active Cruise Control, and Collison Mitigation System) may have diminished or lost functionality, increasing the risk of a crash.","Dealers will reprogram the ECU software, free of charge.  Owner notification letters were mailed December 9, 2024.  Owners may contact Volvo Trucks customer service at 1-800-528-6586.  Volvo Truck's number for this recall is RVXX2409.","Owners may also contact the National Highway Traffic Safety Administration Vehicle Safety Hotline at 1-888-327-4236 (TTY 1-800-424-9153) or go to nhtsa.gov.","2024","VOLVO","VN"
"Volvo Trucks North America","25V257000",0,0,0,,"17/04/2025","ENGINE AND ENGINE COOLING:ENGINE:DIESEL","Volvo Trucks North America (Volvo Trucks) is recalling certain 2022-2025 Volvo VN and 2025 New VN trucks.  The idler gear bracket fasteners may have been improperly tightened, allowing the idler gear to detach from the engine.","A detached idler gear can damage the engine, resulting in a stall and increasing the risk of a crash or injury.","Dealers will inspect and replace the turbo compound units as necessary, free of charge.  Owner notification letters were mailed April 28, 2025.  Owners may contact Volvo Trucks' customer service at 1-800-528-6586.  Volvo Trucks' number for this recall is RVXX2504.","Owners may also contact the National Highway Traffic Safety Administration Vehicle Safety Hotline at 888-327-4236 (TTY 888-275-9171) or go to nhtsa.gov.","2024","VOLVO","VN"
"Volvo Car USA, LLC","24V010000",0,0,1,,"10/01/2024","ELECTRICAL SYSTEM:SOFTWARE","Volvo Car USA, LLC (Volvo Car) is recalling certain 2024 XC40 vehicles.  A diagnostic error in the Central Electronic Module (CEM) software may cause the left rear turn signal indicator to not function.","A nonfunctioning exterior turn signal may not notify other drivers of a turning vehicle, increasing the risk of a crash.","The CEM software will be updated by a dealer or through an over-the-air (OTA) update, free of charge.  Owner notification letters were mailed February 16, 2024.  Owners may contact Volvo Car customer service at 1-800-458-1552.  Volvo Car's number for this recall is R10256.","Owners may also contact the National Highway Traffic Safety Administration Vehicle Safety Hotline at 1-888-327-4236 (TTY 1-800-424-9153), or go to www.nhtsa.gov.","2024","VOLVO","XC40"
"Volvo Car USA, LLC","25V282000",0,0,1,,"08/05/2025","BACK OVER PREVENTION:SOFTWARE","Volvo Car USA, LLC (Volvo Car) is recalling certain 2021-2025 XC40, 2022 V90, 2022-2025 S90, V90CC, C40, XC60, 2023-2025 S60, V60, V60CC, XC90, and 2025 EC40 and EX40 vehicles.  The rearview camera image may not display when the vehicle is placed in reverse.  As such, these vehicles fail to comply with the requirements of Federal Motor Vehicle Safety Standard number 111, ""Rear Visibility.""","A rearview camera image that does not display reduces the driver's view of what is behind the vehicle, increasing the risk of a crash.","The software will be updated by a dealer or through an over-the-air (OTA) update, free of charge.  Owner notification letters were mailed June 27, 2025.  Owners may contact Volvo Car customer service at 1-800-458-1552.  Volvo Car's number for this recall is R10320.","Owners may also contact the National Highway Traffic Safety Administration Vehicle Safety Hotline at 1-888-327-4236 (TTY 1-800-424-9153), or go to www.nhtsa.gov.","2024","VOLVO","XC40"
"Volvo Car USA, LLC","25V392000",0,0,0,,"24/06/2025","SERVICE BRAKES, HYDRAULIC:POWER ASSIST:ELECTRIC:CONTROL MODULE:SOFTWARE","Volvo Car USA, LLC (Volvo Car) is recalling certain 2023 Volvo C40 BEV, 2025 EC40, 2023-2024 XC40 BEV, 2020-2026 XC90 PHEV, 2022-2026 XC60 PHEV, 2023-2025 S60 PHEV, 2024-2025 V60 PHEV, and 2025-2026 EX40 and 2025 S90 PHEV vehicles. In certain driving scenarios while coasting down a hill and using ""B"" mode or ""One Pedal Drive,"" the vehicle may lose brake function.","A loss of brake function increases the risk of a crash.","Owners are advised not to use ""B"" Mode (for plug-in hybrid vehicles) or ""One Pedal Drive"" (for pure electric vehicles) until the repair has been completed. The brake module software will be updated over-the-air (OTA) or by a dealer, free of charge. Owner notification letters were mailed July 15, 2025. Owners may contact Volvo Car's customer service at 1-800-458-1552. Volvo Car's number for this recall is R10329.",,"2024","VOLVO","XC40"
"Volvo Car USA, LLC","25V908000",0,0,0,,"23/12/2025","BACK OVER PREVENTION:SOFTWARE","Volvo Car USA, LLC (Volvo Car) is recalling certain 2021-2025 XC40, 2022 V90, 2022-2024 C40BEV, 2022-2025 S90, V90CC, XC60, 2023-2025 S60, V60, V60CC, XC90, and 2025 EC40, and EX40 vehicles. The rearview camera image may not display when the vehicle is placed in reverse. As such, these vehicles fail to comply with the requirements of Federal Motor Vehicle Safety Standard number 111, ""Rear Visibility.""","A rearview camera image that does not display reduces the driver's view behind the vehicle, increasing the risk of a crash.","The software will be updated by a dealer or through an over-the-air (OTA) update, free of charge. Owner notification letters were mailed February 24, 2026. Owners may contact Volvo Car’s customer service at 1-800-458-1552. Volvo Car's number for this recall is R10333. Vehicle Identification Numbers (VINs) involved in this recall will be searchable on NHTSA.gov beginning February 16, 2026. This recall replaces previous NHTSA recall number 25V282. Vehicles previously repaired under recall 25V282 will need to have the new remedy performed.",,"2024","VOLVO","XC40"
"Wabash National Corporation","23V646000",0,0,0,,"20/09/2023","STRUCTURE:BODY","Wabash National Corporation (Wabash) is recalling certain 2009-2024 dry van trailers equipped with a rail-style lift gate.  Please see the recall report for a complete list of models.  The location of the rear impact guard is too far forward from the rear of the trailer, reducing impact protection.  As such, these vehicles fail to comply with the requirements of Federal Motor Vehicle Safety Standard number 224, ""Rear Impact Protection.""","In the event of a rear impact crash, the rear impact guard may not sufficiently protect light duty vehicles, increasing the risk of injury.","Dealers will add an extension to the rear impact guard, free of charge.  Owner notification letters were mailed December 4, 2023.  Owners may contact Wabash customer service at 1-765-771-5404.  Wabash's number for this recall is B23015.","Owners may also contact the National Highway Traffic Safety Administration Vehicle Safety Hotline at 1-888-327-4236 (TTY 1-800-424-9153), or go to www.nhtsa.gov.","2024","WABASH NATIONAL","VAN"
"Wabash National Corporation","24V410000",0,0,0,,"05/06/2024","STRUCTURE","Wabash National Corporation (Wabash) is recalling certain 2024-2025 RFCVHSC refrigerated van trailers. The base rails may not be bonded properly and can detach, reducing the structural strength of the trailer.","Base rails that detach can cause cargo to shift or fall, resulting in a loss of trailer control and increasing the risk of a crash.","Dealers will install an additional attachment plate, free of charge. Owner notification letters were mailed August 12, 2024. Owners may contact Wabash customer service at 1-765-771-5404.","Owners may also contact the National Highway Traffic Safety Administration Vehicle Safety Hotline at 1-888-327-4236 (TTY 1-800-424-9153), or go to www.nhtsa.gov.","2024","WABASH NATIONAL","VAN"
"Winnebago Industries, Inc.","24V318000",0,0,0,,"07/05/2024","ELECTRICAL SYSTEM:WIRING","Winnebago Industries, Inc. (Winnebago) is recalling certain 2017-2025 Revel, 2020-2025 Navion, Porto, View, Vita, 2022-2023 Adventure Van, and 2024-2025 Ekko motorhomes.  Supplemental Restraint System (SRS) wires can be caught in the seat mechanism when the driver or passenger seats are adjusted.","Damaged wires can prevent air bags from deploying in a crash, increasing the risk of injury.","Dealers will inspect and re-route the wiring, free of charge.  Owner notification letters were mailed June 26, 2024.  Owners may contact Winnebago customer service at 1-641-585-6939 or 1-800-537-1885.  Winnebago's number for this recall is 185.","Owners may also contact the National Highway Traffic Safety Administration Vehicle Safety Hotline at 1-888-327-4236 (TTY 1-800-424-9153), or go to www.nhtsa.gov.","2024","WINNEBAGO","EKKO"
"Winnebago Industries, Inc.","24V541000",0,0,0,,"18/07/2024","EQUIPMENT:RECREATIONAL VEHICLE/TRAILER","Winnebago Industries, Inc. (Winnebago) is recalling certain 2021-2025 Ekko motorhomes.  The solar charging system was incorrectly designed without sufficient over-current protection, which can allow the circuit to overheat and melt the fuse.","A melted fuse increases the risk of a fire.","Dealers will replace the solar controller fuse and components, as necessary free of charge.  Owner notification letters were mailed October 25, 2024.   Owners may contact Winnebago customer service at 1-641-585-3535.  Winnebago's number for this recall is 186.","Owners may also contact the National Highway Traffic Safety Administration Vehicle Safety Hotline at 1-888-327-4236 (TTY 1-800-424-9153), or go to www.safercar.gov.","2024","WINNEBAGO","EKKO"
"Winnebago Industries, Inc.","24V662000",0,0,0,,"11/09/2024","EQUIPMENT:RECREATIONAL VEHICLE/TRAILER","Winnebago Industries, Inc. (Winnebago) is recalling certain 2025 Winnebago View, Navion, and 2024-2025 Ekko recreational vehicles equipped with certain GE air conditioners.  The air conditioner soft start device may fail and overheat.","An air conditioner soft start device that overheats increases the risk of a fire.","Dealers will replace the air conditioner soft start module, free of charge.  Owner notification letters were mailed February 21, 2025.  Owners may contact Winnebago customer service at 1-641-585-3535.  Winnebago's number for this recall is 188.","Owners may also contact the National Highway Traffic Safety Administration Vehicle Safety Hotline at 1-888-327-4236 (TTY 1-800-424-9153), or go to www.safercar.gov.","2024","WINNEBAGO","EKKO"
"Winnebago Industries, Inc.","24V890000",0,0,0,,"25/11/2024","TIRES:TEMPORARY/EMERGENCY SPARE TIRE","Winnebago Industries, Inc. (Winnebago) is recalling certain 2024-2025 Ekko motorhomes.  The wheel bolts for the spare tire may be missing","A spare tire that is installed without the correct bolts can detach, increasing the risk of a crash.","Winnebago will mail the wheel bolts and wrench for the spare tire, free of charge.  Owner notification letters were mailed January 23, 2025.  Owners may contact Winnebago customer service at 1-800-537-1885.  Winnebago's number for this recall is 193.","Owners may also contact the National Highway Traffic Safety Administration Vehicle Safety Hotline at 1-888-327-4236 (TTY 1-800-424-9153) or go to nhtsa.gov.","2024","WINNEBAGO","EKKO"
"Winnebago Industries, Inc.","25V478000",0,0,0,,"22/07/2025","AIR BAGS","Winnebago Industries, Inc. (Winnebago) is recalling certain 2025-2026 Revel Sport, 2024-2025 Vita, 2025 Porto, Adventure Wagon, 2024-2026 View, Revel, Navion, and Ekko motorhomes. Supplemental Restraint System (SRS) wires can be caught in the seat mechanism when the driver or passenger seats are adjusted.","Damaged wires can prevent air bags from deploying in a crash, increasing the risk of injury.","Dealers will inspect and re-route the wiring, free of charge. Owner notification letters were mailed September 19, 2025. Owners may contact Winnebago customer service at 1-641-585-6939 or 1-800-537-1885. Winnebago's number for this recall is 199.",,"2024","WINNEBAGO","EKKO"
"Winnebago Industries, Inc.","25V499000",0,0,0,,"04/08/2025","TIRES:VALVE","Winnebago Industries, Inc. (Winnebago) is recalling certain 2024-2025 Ekko recreational vehicles. The inner wheel tire valve extension may be damaged through contact with the outer wheels, causing the inner tire to lose air pressure and overload the outer tire.","Overloading may cause the outer tire to fail, increasing the risk of a crash.","Dealers will inspect and replace the valve extensions as necessary, free of charge. Owner notification letters were mailed September 23, 2025. Owners may contact Winnebago customer service at 1-641-585-6939 or 1-800-537-1885. Winnebago's number for this recall is 200.",,"2024","WINNEBAGO","EKKO"
"Winnebago Industries, Inc.","26V257000",0,1,0,,"22/04/2026","EQUIPMENT:ELECTRICAL:ACCESSORY GENERATOR","Winnebago Industries, Inc. (Winnebago) is recalling certain 2022-2027 Ekko motorhomes. The touchscreen display may register unintended or phantom inputs and turn on the generator without the operator's knowledge.","People in an enclosed space, such as a garage, with a running generator may be at an increased risk of injury or death from carbon monoxide poisoning.","Owners are advised to park outside until the repair has been performed. Winnebago will release an over-the-air (OTA) software update, free of charge. Owner notification letters were mailed June 11, 2026. Owners may contact Winnebago customer service at 1-641-585-6939 or 1-800-537-1885. Winnebago's number for this recall is 205.",,"2024","WINNEBAGO","EKKO"
"Winnebago Industries, Inc.","23V694000",0,0,0,,"16/10/2023","STRUCTURE:BODY","Winnebago Industries, Inc. (Winnebago) is recalling certain 2020-2024 Era, View and Navion recreational vehicles.  The retractable awning may extend unintentionally during transit.","An awning extending unintentionally during transit may become a distraction or road hazard, increasing the risk of a crash.","Dealers will install a parking brake interlock module, and update the awning firmware, free of charge.  Owner notification letters were mailed May 2, 2024.  Owners may contact Winnebago customer service at 1-641-585-6936 or 1-800-537-1885.  Winnebago's number for this recall is 179.  This recall supersedes and expands NHTSA recall 22V-695.","Owners may also contact the National Highway Traffic Safety Administration Vehicle Safety Hotline at 1-888-327-4236 (TTY 1-800-424-9153), or go to www.nhtsa.gov.","2024","WINNEBAGO","ERA"
"Winnebago Towable","24V285000",0,0,0,,"23/04/2024","EQUIPMENT:APPLIANCE:OVEN/STOVE/COOKTOP","Winnebago Towable (Winnebago) is recalling certain 2022-2024 Voyage, Micro Minnie, Micro Minnie FLX, Hike 200 and Minnie travel trailers.  The LED backlight circuit board in the cooktop range may fail, causing the board to overheat.","A circuit board that overheats increases the risk of a fire.","Dealers will replace the cooktop control panel, free of charge.  Owner notification letters were mailed May 15, 2024.  Owners may contact Winnebago customer service at 1-574-825-5280 ext. 5220.  Winnebago's number for this recall is CAM0000035.  This recall supersedes NHTSA recall 24V-054.","Owners may also contact the National Highway Traffic Safety Administration Vehicle Safety Hotline at 1-888-327-4236 (TTY 1-800-424-9153), or go to www.nhtsa.gov.","2024","WINNEBAGO","MICRO MINNIE"
"Winnebago Industries, Inc.","23V663000",0,0,0,,"29/09/2023","ELECTRICAL SYSTEM","Winnebago Industries, Inc. (Winnebago) is recalling certain 2020-2024 Revel motorhomes.  The cables near the lithium batteries may contact the battery hold-down brackets, which can damage the cables and cause a short circuit.","A short circuit increases the risk of a fire.","Dealers will reroute the current carrying cables and secure them, free of charge.  Owner notification letters are expected to be mailed November 28, 2023.  Owners may contact Winnebago customer service at 1-641-585-6939 or 1-800-537-1885.  Winnebago's number for this recall is 178.","Owners may also contact the National Highway Traffic Safety Administration Vehicle Safety Hotline at 1-888-327-4236 (TTY 1-800-424-9153), or go to www.nhtsa.gov.","2024","WINNEBAGO","REVEL"
"Winnebago Industries, Inc.","24V318000",0,0,0,,"07/05/2024","ELECTRICAL SYSTEM:WIRING","Winnebago Industries, Inc. (Winnebago) is recalling certain 2017-2025 Revel, 2020-2025 Navion, Porto, View, Vita, 2022-2023 Adventure Van, and 2024-2025 Ekko motorhomes.  Supplemental Restraint System (SRS) wires can be caught in the seat mechanism when the driver or passenger seats are adjusted.","Damaged wires can prevent air bags from deploying in a crash, increasing the risk of injury.","Dealers will inspect and re-route the wiring, free of charge.  Owner notification letters were mailed June 26, 2024.  Owners may contact Winnebago customer service at 1-641-585-6939 or 1-800-537-1885.  Winnebago's number for this recall is 185.","Owners may also contact the National Highway Traffic Safety Administration Vehicle Safety Hotline at 1-888-327-4236 (TTY 1-800-424-9153), or go to www.nhtsa.gov.","2024","WINNEBAGO","REVEL"
"Winnebago Industries, Inc.","25V478000",0,0,0,,"22/07/2025","AIR BAGS","Winnebago Industries, Inc. (Winnebago) is recalling certain 2025-2026 Revel Sport, 2024-2025 Vita, 2025 Porto, Adventure Wagon, 2024-2026 View, Revel, Navion, and Ekko motorhomes. Supplemental Restraint System (SRS) wires can be caught in the seat mechanism when the driver or passenger seats are adjusted.","Damaged wires can prevent air bags from deploying in a crash, increasing the risk of injury.","Dealers will inspect and re-route the wiring, free of charge. Owner notification letters were mailed September 19, 2025. Owners may contact Winnebago customer service at 1-641-585-6939 or 1-800-537-1885. Winnebago's number for this recall is 199.",,"2024","WINNEBAGO","REVEL"
"Winnebago Industries, Inc.","23V627000",0,0,0,,"08/09/2023","STRUCTURE:BODY","Winnebago Industries, Inc. (Winnebago) is recalling certain 2017-2024 Travato motorhomes.  The retractable awning may extend unintentionally during transit.","An awning that extends during transit may become a distraction or road hazard, increasing the risk of a crash.","Dealers will install a parking brake interlock module, and update the awning firmware, free of charge.  Owner notification letters were mailed April 4, 2024.   Owners may contact Winnebago customer service at 1-574-585-6939 or 1-800-537-1885.  Winnebago's number for this recall is 176.  This recall replaces and expands NHTSA Recall 22V-696.  Motorhomes previously repaired under 22V-696 will need to have the new remedy completed.","Owners may also contact the National Highway Traffic Safety Administration Vehicle Safety Hotline at 1-888-327-4236 (TTY 1-800-424-9153), or go to www.nhtsa.gov.","2024","WINNEBAGO","TRAVATO"
"Winnebago Industries, Inc.","26V016000",0,0,0,,"16/01/2026","EQUIPMENT:RECREATIONAL VEHICLE/TRAILER:PLUMBING:FREEZE PREVENTION HEATER","Winnebago Industries, Inc. (Winnebago) is recalling certain 2024-2026 Spirit, Minnie Winnie, Travato, View, Navion, and 2026-2027 Sunflyer, 2021-2026 Commercial vehicle, and 2023-2026 425 Commercial shell motorhomes equipped with a ThermaHeat Tank Pad. The water tank heating pad may experience high resistance and fail.","A heating pad failure can increase the risk of a fire.","Dealers will install a new water tank heating pad, free of charge. Owner notification letters were mailed March 16, 2026. Owners may contact Winnebago customer service at 1-641-585-6939 or 1-800-537-1885. Winnebago's number for this recall is 201.",,"2024","WINNEBAGO","TRAVATO"
"Winnebago Industries, Inc.","23V694000",0,0,0,,"16/10/2023","STRUCTURE:BODY","Winnebago Industries, Inc. (Winnebago) is recalling certain 2020-2024 Era, View and Navion recreational vehicles.  The retractable awning may extend unintentionally during transit.","An awning extending unintentionally during transit may become a distraction or road hazard, increasing the risk of a crash.","Dealers will install a parking brake interlock module, and update the awning firmware, free of charge.  Owner notification letters were mailed May 2, 2024.  Owners may contact Winnebago customer service at 1-641-585-6936 or 1-800-537-1885.  Winnebago's number for this recall is 179.  This recall supersedes and expands NHTSA recall 22V-695.","Owners may also contact the National Highway Traffic Safety Administration Vehicle Safety Hotline at 1-888-327-4236 (TTY 1-800-424-9153), or go to www.nhtsa.gov.","2024","WINNEBAGO","VIEW"
"Winnebago Industries, Inc.","24V318000",0,0,0,,"07/05/2024","ELECTRICAL SYSTEM:WIRING","Winnebago Industries, Inc. (Winnebago) is recalling certain 2017-2025 Revel, 2020-2025 Navion, Porto, View, Vita, 2022-2023 Adventure Van, and 2024-2025 Ekko motorhomes.  Supplemental Restraint System (SRS) wires can be caught in the seat mechanism when the driver or passenger seats are adjusted.","Damaged wires can prevent air bags from deploying in a crash, increasing the risk of injury.","Dealers will inspect and re-route the wiring, free of charge.  Owner notification letters were mailed June 26, 2024.  Owners may contact Winnebago customer service at 1-641-585-6939 or 1-800-537-1885.  Winnebago's number for this recall is 185.","Owners may also contact the National Highway Traffic Safety Administration Vehicle Safety Hotline at 1-888-327-4236 (TTY 1-800-424-9153), or go to www.nhtsa.gov.","2024","WINNEBAGO","VIEW"
"Winnebago Industries, Inc.","24V824000",0,0,0,,"30/12/2024","STRUCTURE:BODY:DOOR","Winnebago Industries, Inc. (Winnebago) is recalling certain 2020-2024 Winnebago View and Navion recreational vehicles equipped with certain Lippert Metallarte door assemblies.  The door assembly may have been manufactured with incorrect window adhesion, causing the window to loosen or detached.","A window that detaches during transit can become a road hazard, increasing the risk of a crash.","Dealers will install clips to secure the window to the door as necessary, free of charge.  An interim owner letter was mailed December 20, 2024.  A second notice will be mailed once the final remedy is available.  Owners may contact Winnebago customer service at 1-800-537-1885.  Winnebago's number for this recall is 191.","Owners may also contact the National Highway Traffic Safety Administration Vehicle Safety Hotline at 1-888-327-4236 (TTY 1-800-424-9153) or go to nhtsa.gov.","2024","WINNEBAGO","VIEW"
"Winnebago Industries, Inc.","25V478000",0,0,0,,"22/07/2025","AIR BAGS","Winnebago Industries, Inc. (Winnebago) is recalling certain 2025-2026 Revel Sport, 2024-2025 Vita, 2025 Porto, Adventure Wagon, 2024-2026 View, Revel, Navion, and Ekko motorhomes. Supplemental Restraint System (SRS) wires can be caught in the seat mechanism when the driver or passenger seats are adjusted.","Damaged wires can prevent air bags from deploying in a crash, increasing the risk of injury.","Dealers will inspect and re-route the wiring, free of charge. Owner notification letters were mailed September 19, 2025. Owners may contact Winnebago customer service at 1-641-585-6939 or 1-800-537-1885. Winnebago's number for this recall is 199.",,"2024","WINNEBAGO","VIEW"
"Winnebago Industries, Inc.","26V016000",0,0,0,,"16/01/2026","EQUIPMENT:RECREATIONAL VEHICLE/TRAILER:PLUMBING:FREEZE PREVENTION HEATER","Winnebago Industries, Inc. (Winnebago) is recalling certain 2024-2026 Spirit, Minnie Winnie, Travato, View, Navion, and 2026-2027 Sunflyer, 2021-2026 Commercial vehicle, and 2023-2026 425 Commercial shell motorhomes equipped with a ThermaHeat Tank Pad. The water tank heating pad may experience high resistance and fail.","A heating pad failure can increase the risk of a fire.","Dealers will install a new water tank heating pad, free of charge. Owner notification letters were mailed March 16, 2026. Owners may contact Winnebago customer service at 1-641-585-6939 or 1-800-537-1885. Winnebago's number for this recall is 201.",,"2024","WINNEBAGO","VIEW"
"Winnebago Industries, Inc.","24V295000",0,0,0,,"26/04/2024","EQUIPMENT:APPLIANCE:OVEN/STOVE/COOKTOP","Winnebago Industries, Inc. (Winnebago) is recalling certain 2021-2023 Sunstar, Vista, 2022-2023 Cambria, Inspire, 2023 Forza, 2024 Minnie Winnie, Spirit, 2024-2025 Porto and Vita motorhomes.  The LED backlight circuit board in the cooktop range may fail, causing the board to overheat.","A circuit board that overheats increases the risk of a fire.","Dealers will replace the cooktop control panel, free of charge.   Owner notification letters were mailed September 5, 2024.  Owners may contact Winnebago customer service at 1-641-585-6939 or 1-800-537-1885.  Winnebago's number for this recall is 184.","Owners may also contact the National Highway Traffic Safety Administration Vehicle Safety Hotline at 1-888-327-4236 (TTY 1-800-424-9153), or go to www.nhtsa.gov.","2024","WINNEBAGO","VITA"
"Winnebago Industries, Inc.","24V318000",0,0,0,,"07/05/2024","ELECTRICAL SYSTEM:WIRING","Winnebago Industries, Inc. (Winnebago) is recalling certain 2017-2025 Revel, 2020-2025 Navion, Porto, View, Vita, 2022-2023 Adventure Van, and 2024-2025 Ekko motorhomes.  Supplemental Restraint System (SRS) wires can be caught in the seat mechanism when the driver or passenger seats are adjusted.","Damaged wires can prevent air bags from deploying in a crash, increasing the risk of injury.","Dealers will inspect and re-route the wiring, free of charge.  Owner notification letters were mailed June 26, 2024.  Owners may contact Winnebago customer service at 1-641-585-6939 or 1-800-537-1885.  Winnebago's number for this recall is 185.","Owners may also contact the National Highway Traffic Safety Administration Vehicle Safety Hotline at 1-888-327-4236 (TTY 1-800-424-9153), or go to www.nhtsa.gov.","2024","WINNEBAGO","VITA"
"Winnebago Industries, Inc.","25V478000",0,0,0,,"22/07/2025","AIR BAGS","Winnebago Industries, Inc. (Winnebago) is recalling certain 2025-2026 Revel Sport, 2024-2025 Vita, 2025 Porto, Adventure Wagon, 2024-2026 View, Revel, Navion, and Ekko motorhomes. Supplemental Restraint System (SRS) wires can be caught in the seat mechanism when the driver or passenger seats are adjusted.","Damaged wires can prevent air bags from deploying in a crash, increasing the risk of injury.","Dealers will inspect and re-route the wiring, free of charge. Owner notification letters were mailed September 19, 2025. Owners may contact Winnebago customer service at 1-641-585-6939 or 1-800-537-1885. Winnebago's number for this recall is 199.",,"2024","WINNEBAGO","VITA"
"Pure Sports Distributing Inc.","25V248000",0,0,0,,"16/04/2025","VEHICLE SPEED CONTROL:THROTTLE:THROTTLE POSITION SENSOR (TPS)","Pure Sports Distributing Inc. (Yamaha of Hawaii) is recalling certain 2022 MT-09 Tracer GT, 2021-2025 MT-09 SP, 2021-2025 MT-09, 2022-2023 and 2025 MT-10 SP, 2022-2024 MT-10 and 2022-2024 XSR900 motorcycles.  The brushes inside the Throttle Position Sensor (TPS) may slide excessively due to improper ECU programming, possibly causing unstable idling or an engine stall.","Unstable idling or an engine stall can lead to loss of control of the motorcycle, increasing the risk of an injury or crash.","Dealers will reprogram the engine control unit (ECU) software and replace the TPS, free of charge.  Owner notification letters were mailed on May 6, 2025.  Owners may contact Yamaha of Hawaii customer service at 1-808-498-8248.","Owners may also contact the National Highway Traffic Safety Administration Vehicle Safety Hotline at 1-888-327-4236 (TTY 1- 888-275-9171), or go to www.nhtsa.gov.","2024","YAMAHA","MT-09"
"Pure Sports Distributing Inc.","25V248000",0,0,0,,"16/04/2025","VEHICLE SPEED CONTROL:THROTTLE:THROTTLE POSITION SENSOR (TPS)","Pure Sports Distributing Inc. (Yamaha of Hawaii) is recalling certain 2022 MT-09 Tracer GT, 2021-2025 MT-09 SP, 2021-2025 MT-09, 2022-2023 and 2025 MT-10 SP, 2022-2024 MT-10 and 2022-2024 XSR900 motorcycles.  The brushes inside the Throttle Position Sensor (TPS) may slide excessively due to improper ECU programming, possibly causing unstable idling or an engine stall.","Unstable idling or an engine stall can lead to loss of control of the motorcycle, increasing the risk of an injury or crash.","Dealers will reprogram the engine control unit (ECU) software and replace the TPS, free of charge.  Owner notification letters were mailed on May 6, 2025.  Owners may contact Yamaha of Hawaii customer service at 1-808-498-8248.","Owners may also contact the National Highway Traffic Safety Administration Vehicle Safety Hotline at 1-888-327-4236 (TTY 1- 888-275-9171), or go to www.nhtsa.gov.","2024","YAMAHA","MT10"