Manufacturer,NHTSACampaignNumber,parkIt,parkOutSide,overTheAirUpdate,NHTSAActionNumber,ReportReceivedDate,Component,Summary,Consequence,Remedy,Notes,ModelYear,Make,Model
"Honda (American Honda Motor Co.)","24V744000",0,0,0,"EA23003","03/10/2024","STEERING","Honda (American Honda Motor Co.) is recalling certain 2023-2025 Acura Integra, Civic Type R, CR-V Hybrid, CR-V, HR-V, 2022-2025 Civic, Civic Hatchback, 2024-2025 Acura Integra Type S, 2025 CR-V Fuel Cell EV, Civic Hybrid, and Civic Hatchback Hybrid vehicles.  The steering gearbox assembly may have been manufactured incorrectly, which can cause excessive internal friction and lead to difficulty steering the vehicle.","Difficulty steering can increase the risk of a crash.","Dealers will replace the worm gear spring and redistribute or add grease as necessary, free of charge.  Owner notification letters were mailed November 18, 2024.  Owners may contact Honda Customer Service at 1-888-234-2138.   Honda's numbers for this recall are SJS, MJU, QJT and VJV.","Owners may also contact the National Highway Traffic Safety Administration Vehicle Safety Hotline at 1-888-327-4236 (TTY 1-800-424-9153) or go to nhtsa.gov.","2025","ACURA","INTEGRA"
"Honda (American Honda Motor Co.)","25V032000",0,0,0,,"23/01/2025","BACK OVER PREVENTION:SOFTWARE","Honda (American Honda Motor Co.) is recalling certain 2025 Acura MDX vehicles.  The touchscreen in the center console may go blank, resulting in the rearview camera image not displaying as intended.  As such, these vehicles fail to comply with the requirements of Federal Motor Vehicle Safety Standard (FMVSS) number 111, ""Rear Visibility.""","A rearview camera that does not display an image can reduce the driver's rear view, increasing the risk of a crash.","Dealers will replace the center information display unit, free of charge.  Owner notification letters were mailed March 3, 2025.  Owners may contact Honda's customer service at 1-888-234-2138.  Honda's number for this recall is RKZ.","Owners may also contact the National Highway Traffic Safety Administration Vehicle Safety Hotline at 1-888-327-4236 (TTY 1-800-424-9153) or go to nhtsa.gov.","2025","ACURA","MDX"
"Honda (American Honda Motor Co.)","25V391000",0,0,0,,"12/06/2025","SERVICE BRAKES, HYDRAULIC:PEDALS AND LINKAGES","Honda (American Honda Motor Co.) is recalling certain 2021-2025 Acura TLX, 2023-2025 Acura MDX, and 2023-2025 Honda Pilot vehicles. The brake pedal pivot pin was not secured properly, which can cause the pedal to shift out of position. As such, these vehicles fail to comply with Federal Motor Vehicle Safety Standard numbers 108, ""Lamps, Reflective Devices, and Associated Equipment"" and 135, ""Light Vehicle Brake Systems.""","A brake pedal that shifts out of position can prevent the driver from applying the brakes as intended, increasing the risk of a crash or injury.","Dealers will inspect and replace the brake pedal assembly as necessary, free of charge. Owner notification letters were mailed July 29, 2025. Owners may contact Honda's customer service at 1-888-234-2138. Honda's numbers for this recall are FLX and XLY.",,"2025","ACURA","MDX"
"Honda (American Honda Motor Co.)","25V582000",0,0,0,,"05/09/2025","STEERING:ELECTRIC POWER ASSIST SYSTEM","Honda (American Honda Motor Co.) is recalling certain 2025 Acura RDX vehicles. The software for the electric power steering (EPS) assist may not be calibrated properly, which can cause the EPS system to enter a failsafe mode, resulting in a loss of power steering assist.","A loss of power steering assist can require greater steering effort, increasing the risk of a crash or injury.","Dealers will reprogram the EPS software, free of charge. Owner notification letters were mailed October 20, 2025. Owners may contact Honda's customer service at 1-888-234-2138. Honda's number for this recall is GMS. Vehicle Identification Numbers (VINs) involved in this recall will be searchable on NHTSA.gov beginning September 11, 2025.",,"2025","ACURA","RDX"
"Honda (American Honda Motor Co.)","25V391000",0,0,0,,"12/06/2025","SERVICE BRAKES, HYDRAULIC:PEDALS AND LINKAGES","Honda (American Honda Motor Co.) is recalling certain 2021-2025 Acura TLX, 2023-2025 Acura MDX, and 2023-2025 Honda Pilot vehicles. The brake pedal pivot pin was not secured properly, which can cause the pedal to shift out of position. As such, these vehicles fail to comply with Federal Motor Vehicle Safety Standard numbers 108, ""Lamps, Reflective Devices, and Associated Equipment"" and 135, ""Light Vehicle Brake Systems.""","A brake pedal that shifts out of position can prevent the driver from applying the brakes as intended, increasing the risk of a crash or injury.","Dealers will inspect and replace the brake pedal assembly as necessary, free of charge. Owner notification letters were mailed July 29, 2025. Owners may contact Honda's customer service at 1-888-234-2138. Honda's numbers for this recall are FLX and XLY.",,"2025","ACURA","TLX"
"Chrysler (FCA US, LLC)","24V752000",0,0,0,,"09/10/2024","SERVICE BRAKES, HYDRAULIC:PEDALS AND LINKAGES","Chrysler (FCA US, LLC) is recalling certain 2024-2025 Dodge Hornet and Alfa Romeo Tonale vehicles.  The brake pedal may collapse and cause a loss of brake function.","A loss of brake function increases the risk of a crash.","Dealers will reinforce the brake pedal arm, free of charge.  Owner notification letters were mailed October 17, 2024.  Owners may contact FCA Customer Service at 1-800-853-1403.  FCA's number for this recall is B7B.","Owners may also contact the National Highway Traffic Safety Administration Vehicle Safety Hotline at 1-888-327-4236 (TTY 1-800-424-9153) or go to nhtsa.gov.","2025","ALFA ROMEO","TONALE"
"Chrysler (FCA US, LLC)","25V246000",0,0,0,,"13/05/2025","BACK OVER PREVENTION: SENSING SYSTEM: CAMERA","Chrysler (FCA US, LLC) is recalling certain 2023-2025 Alfa Romeo Tonale and Dodge Hornet vehicles.  The display module may not show the rearview camera image.  As such, these vehicles fail to comply with the requirements of Federal Motor Vehicle Safety Standard (FMVSS) number 111, ""Rear Visibility.""","A rearview image that does not display reduces the driver's view of what is behind the vehicle, increasing the risk of a crash.","Dealers will update the software or replace the display as necessary free of charge.  Owner notification letters were mailed beginning May 13, 2025.  Owners may contact Chrysler customer service at 800-853-1403.  Chrysler's numbers for this recall are 13C and 38C.","Owners may also contact the National Highway Traffic Safety Administration Vehicle Safety Hotline at 888-327-4236 (TTY 888-275-9171) or go to nhtsa.gov.","2025","ALFA ROMEO","TONALE"
"Alliance RV, LLC","25V218000",0,0,0,,"09/04/2025","EQUIPMENT:OTHER:LABELS","Alliance RV, LLC (Alliance) is recalling certain 2025 Avenue 23ML travel trailers.  The Federal Placard may have the incorrect Unloaded Vehicle Weight (UVW) and Cargo Carrying Capacity (CCC) information, allowing the trailer to be overloaded.","An overloaded vehicle increases the risk of a crash.","Dealers will replace the Federal Placard, free of charge.  Owner notification letters were mailed April 15, 2025.  Owners may contact Alliance customer service at 1-574-218-7165.","Owners may also contact the National Highway Traffic Safety Administration Vehicle Safety Hotline at 1-888-327-4236 (TTY 1- 888-275-9171), or go to www.safercar.gov.","2025","ALLIANCE RV","AVENUE"
"Alliance RV, LLC","24V663000",0,0,0,,"10/09/2024","EQUIPMENT:RECREATIONAL VEHICLE/TRAILER:120/240 VAC ELECTRICAL SYSTEM:GFCI/AFCI","Alliance RV, LLC is recalling certain 2024-2025 Alliance Valor 31T13 travel trailers.  The front bathroom may be missing the Ground Fault Interrupter (GFI) and may not be connected to the GFI circuit.","A bathroom electrical outlet that is missing GFI protection can result in electrical shock, increasing the risk of injury.","Dealers will replace the standard receptacle with a GFI receptacle, free of charge.  Owner notification letters were mailed in October 18, 2024.  Owners may contact Alliance customer service at 1-574-218-7165.","Owners may also contact the National Highway Traffic Safety Administration Vehicle Safety Hotline at 1-888-327-4236 (TTY 1-800-424-9153), or go to www.nhtsa.gov.","2025","ALLIANCE RV","VALOR"
"Aston Martin The Americas","24V712000",0,0,0,,"24/09/2024","ENGINE AND ENGINE COOLING:ENGINE:OIL/LUBRICATION:PIPES, HOSES, AND FITTINGS","Aston Martin The Americas (Aston Martin) is recalling certain 2024-2025 DBX707, 2024-2025 DB12, and 2025 Vantage vehicles.  The engine oil cooler hose may split during vehicle operation, resulting in a loss of oil and oil pressure.","A sudden loss of oil and oil pressure could lead to the engine stalling or seizing, increasing the risk of a crash or fire.","Dealers will replace the hoses, free of charge.  Owner notification letters were mailed January 13, 2024.  Owners may contact Aston Martin customer service at 1-888-923-9988.  Aston Martin's number for this recall is RA-03-1973.","Owners may also contact the National Highway Traffic Safety Administration Vehicle Safety Hotline at 1-888-327-4236 (TTY 1-800-424-9153), or go to www.nhtsa.gov.","2025","ASTON MARTIN","DBX707"
"Aston Martin The Americas","25V001000",0,0,0,,"02/01/2025","BACK OVER PREVENTION:DISPLAY FUNCTION","Aston Martin The Americas (Aston Martin) is recalling certain 2024-2025 DB12, 2025 Vantage, and 2025 DBX707 vehicles.  The rearview camera image may be obstructed by the infotainment home screen menu when the vehicle is placed in reverse.  As such, these vehicles fail to comply with the requirements of Federal Motor Vehicle Safety Standard (FMVSS) number 111, ""Rear Visibility.""","An obstructed rearview camera image can reduce the driver's rear visibility, increasing the risk of a crash or injury.","The head unit software will be updated by a dealer or through an over-the-air (OTA) update, free of charge.  Owner notification letters were mailed March 12, 2025.  Owners may contact Aston Martin customer service at 1-888-923-9988.  Aston Martin's number for this recall is RA-30-2015.","Owners may also contact the National Highway Traffic Safety Administration Vehicle Safety Hotline at 1-888-327-4236 (TTY 1-800-424-9153) or go to www.nhtsa.gov.","2025","ASTON MARTIN","DBX707"
"Volkswagen Group of America, Inc.","25V638000",0,0,0,,"24/09/2025","SEAT BELTS:FRONT:RETRACTOR","Volkswagen Group of America, Inc. (Volkswagen) is recalling certain 2025 GTI, Golf R, Audi A5, A6 Sportback E-Tron, S5, S6 Sportback E-Tron, 2026 Q4 Sportback E-Tron, and Q4 E-Tron vehicles. The torsion bar in one or both front seat belt retractors may have been damaged during production.","In a crash, a damaged torsion bar in a retractor could fail. If this happens, the seat belt may not properly restrain an occupant during a crash, increasing the risk of injury.","Dealers will replace one or both front seat belts, free of charge. Owner notification letters were mailed October 30, 2025, and October 31, 2025. Owners may contact Audi at 1-800-253-2834 or Volkswagen at 1-800-893-5298. Audi's number for this recall is 69UM; Volkswagen’s number for this recall is 694T. Vehicle Identification Numbers (VINs) involved in this recall will be searchable on NHTSA.gov beginning September 26, 2025.",,"2025","AUDI","A5"
"Volkswagen Group of America, Inc.","25V899000",0,0,0,,"19/12/2025","SEAT BELTS:REAR/OTHER:RETRACTOR","Volkswagen Group of America, Inc. (Audi) is recalling certain 2025 SQ6 E-Tron, SQ6 Sportback E-Tron, Q6 Sportback E-Tron, A6, A5, A6 Sportback E-Tron, Q6 E-Tron, S5, and S6 Sportback E-Tron vehicles. The automatic locking retractor may fail to engage when a child seat is installed using the seat belt. As such, these vehicles fail to comply with the requirements of Federal Motor Vehicle Safety Standard (FMVSS) numbers 208, ""Occupant Crash Protection"" and 209, ""Seat Belt Assemblies.""","An improperly secured child seat can increase risk of injury during a crash.","Dealers will inspect and replace the right and left rear seat belt assembly as necessary, free of charge. Owner notification letters were mailed February 16, 2026. Owners may contact Audi customer service at 1-800-253-2834. Audi's number for this recall is 69D8. Vehicle Identification Numbers (VINs) involved in this recall became searchable on NHTSA.gov on December 23, 2025.",,"2025","AUDI","A5"
"Volkswagen Group of America, Inc.","25V082000",0,0,0,,"12/02/2025","BACK OVER PREVENTION:SOFTWARE","Volkswagen Group of America, Inc. (Volkswagen) is recalling certain 2022-2024 Tiguan, 2023 Arteon, and 2024-2025 Audi Q3 vehicles.  An error may occur in the camera control unit at vehicle startup, resulting in the rearview camera image not displaying as intended.  As such, these vehicles fail to comply with the requirements of Federal Motor Vehicle Safety Standard number 111, ""Rear Visibility.""","A rearview camera that does not display an image can reduce the driver's rear view, increasing the risk of a crash.","Dealers will update the camera control unit software, free of charge.  Owner notification letters were mailed to Audi owners April 3, 2024, and Volkswagen owners November 18, 2025.Volkswagen owners will receive a second notice once remedy parts become available.  Owners may contact Volkswagen customer service at 1-800-893-5298 or Audi customer service at 1-800-253-2834.  Volkswagen's numbers for this recall are (Volkswagen) 91NY and (Audi) 90AV.","Owners may also contact the National Highway Traffic Safety Administration Vehicle Safety Hotline at 1-888-327-4236 (TTY 1-888-275-9153) or go to nhtsa.gov.","2025","AUDI","Q3"
"Volkswagen Group of America, Inc.","25V125000",0,0,0,,"28/02/2025","ELECTRICAL SYSTEM:12V/24V/48V BATTERY","Volkswagen Group of America, Inc. (Volkswagen) is recalling certain 2024-2025 AUDI Q4 E-Tron SUV, AUDI Q4 E-Tron Sportback, and 2024 ID.4 vehicles.  The on-board charger (OCDC) may fail and stop charging the 12-volt battery, which can result in a loss of drive power.","A loss of drive power increases the risk of a crash.","Dealers will replace the OCDC, free of charge.  Owner notification letters were mailed on May 20, 2025.  Owners may contact Volkswagen customer service at 1-800-893-5298 or Audi customer service at 1-800-253-2834.  Volkswagen's number for this recall is 93CJ.  Audi's number for this recall is 93FR.","Owners may also contact the National Highway Traffic Safety Administration Vehicle Safety Hotline at 888-327-4236 (TTY 888-275-9171) or go to nhtsa.gov.","2025","AUDI","Q4 E-TRON"
"Volkswagen Group of America, Inc.","25V225000",0,0,0,,"09/04/2025","BACK OVER PREVENTION: SENSING SYSTEM: CAMERA","Volkswagen Group of America, Inc. (Audi) is recalling certain 2025 SQ6 e-tron and Q6 e-tron vehicles. The rearview camera may show a blurry image.  As such, these vehicles fail to comply with the requirements of Federal Motor Vehicle Safety Standard number 111, ""Rear Visibility.""","A blurry rearview image can reduce the driver's view of what is behind the vehicle, increasing the risk of a crash.","Dealers will replace the rearview camera.  In addition, dealers will inspect and replace surround view cameras as necessary.  All repairs will be performed free of charge.  Owner notification letters were mailed May 2, 2025.  Owners may contact Audi customer service at 1-800-253-2834.  Audi's number for this recall is 90XM.","Owners may also contact the National Highway Traffic Safety Administration Vehicle Safety Hotline at 888-327-4236 (TTY 888-275-9171) or go to nhtsa.gov.","2025","AUDI","Q6 E-TRON"
"Volkswagen Group of America, Inc.","25V226000",0,0,0,,"09/04/2025","BACK OVER PREVENTION:SOFTWARE","Volkswagen Group of America, Inc. (Audi) is recalling certain 2025 SQ6 and Q6 vehicles.  The rearview camera image may be delayed or deactivated after shifting into reverse.  As such, these vehicles fail to comply with the requirements of Federal Motor Vehicle Safety Standard number 111, ""Rear Visibility.""","A rearview camera with a delayed or deactivated image reduces the driver's view of what is behind the vehicle, increasing the risk of injury or crash.","Dealers will update the rearview camera control unit software, free of charge.  Owner notification letters were mailed May 20, 2025.  Owners may contact Volkswagen customer service at 800-893-5298.  Volkswagen's number for this recall is 916C.","Owners may also contact the National Highway Traffic Safety Administration Vehicle Safety Hotline at 888-327-4236 (TTY 888-275-9171) or go to nhtsa.gov.","2025","AUDI","Q6 E-TRON"
"Volkswagen Group of America, Inc.","25V899000",0,0,0,,"19/12/2025","SEAT BELTS:REAR/OTHER:RETRACTOR","Volkswagen Group of America, Inc. (Audi) is recalling certain 2025 SQ6 E-Tron, SQ6 Sportback E-Tron, Q6 Sportback E-Tron, A6, A5, A6 Sportback E-Tron, Q6 E-Tron, S5, and S6 Sportback E-Tron vehicles. The automatic locking retractor may fail to engage when a child seat is installed using the seat belt. As such, these vehicles fail to comply with the requirements of Federal Motor Vehicle Safety Standard (FMVSS) numbers 208, ""Occupant Crash Protection"" and 209, ""Seat Belt Assemblies.""","An improperly secured child seat can increase risk of injury during a crash.","Dealers will inspect and replace the right and left rear seat belt assembly as necessary, free of charge. Owner notification letters were mailed February 16, 2026. Owners may contact Audi customer service at 1-800-253-2834. Audi's number for this recall is 69D8. Vehicle Identification Numbers (VINs) involved in this recall became searchable on NHTSA.gov on December 23, 2025.",,"2025","AUDI","Q6 E-TRON"
"Volkswagen Group of America, Inc.","25V899000",0,0,0,,"19/12/2025","SEAT BELTS:REAR/OTHER:RETRACTOR","Volkswagen Group of America, Inc. (Audi) is recalling certain 2025 SQ6 E-Tron, SQ6 Sportback E-Tron, Q6 Sportback E-Tron, A6, A5, A6 Sportback E-Tron, Q6 E-Tron, S5, and S6 Sportback E-Tron vehicles. The automatic locking retractor may fail to engage when a child seat is installed using the seat belt. As such, these vehicles fail to comply with the requirements of Federal Motor Vehicle Safety Standard (FMVSS) numbers 208, ""Occupant Crash Protection"" and 209, ""Seat Belt Assemblies.""","An improperly secured child seat can increase risk of injury during a crash.","Dealers will inspect and replace the right and left rear seat belt assembly as necessary, free of charge. Owner notification letters were mailed February 16, 2026. Owners may contact Audi customer service at 1-800-253-2834. Audi's number for this recall is 69D8. Vehicle Identification Numbers (VINs) involved in this recall became searchable on NHTSA.gov on December 23, 2025.",,"2025","AUDI","Q6 SPORTBACK E-TRON"
"Volkswagen Group of America, Inc.","25V777000",0,0,0,,"12/11/2025","SEAT BELTS:FRONT:ANCHORAGE","Volkswagen Group of America, Inc. (Volkswagen) is recalling certain 2025 Audi RS Q8, Audi Q8, Audi Q7, and Audi SQ8 vehicles. The driver and front passenger seat belt buckles may be missing a rivet that secures the buckle to the seat belt stalk.","A seat belt that is missing a rivet may not properly restrain an occupant during a crash, increasing the risk of injury.","Dealers will replace both front seat belt buckles, free of charge. Owner notification letters were mailed December 3, 2025. Owners may contact Audi at 1-800-253-2834. Audi's number for this recall is 692K. Vehicle Identification Numbers (VINs) involved in this recall became searchable on NHTSA.gov on November 14, 2025.",,"2025","AUDI","Q7"
"Volkswagen Group of America, Inc.","25V900000",0,0,0,,"19/12/2025","BACK OVER PREVENTION: SENSING SYSTEM: CAMERA","Volkswagen Group of America, Inc. (Audi) is recalling certain 2019-2026 vehicles. Please see the recall report for a complete list of models. A software error may prevent the rearview camera image from displaying as intended.  As such, these vehicles fail to comply with the requirements of Federal Motor Vehicle Safety Standard number 111, ""Rear Visibility.""","A rearview image that does not display reduces the driver's view behind the vehicle, increasing the risk of a crash.","Dealers will update the software, free of charge. Owner notification letters were mailed January 14, 2026. Owners may contact Audi customer service at 1-800-253-2834.  Audi's number for this recall is 90TV. Vehicle Identification Numbers (VINs) involved in this recall became searchable on NHTSA.gov on December 23, 2025.",,"2025","AUDI","Q7"
"Volkswagen Group of America, Inc.","25V777000",0,0,0,,"12/11/2025","SEAT BELTS:FRONT:ANCHORAGE","Volkswagen Group of America, Inc. (Volkswagen) is recalling certain 2025 Audi RS Q8, Audi Q8, Audi Q7, and Audi SQ8 vehicles. The driver and front passenger seat belt buckles may be missing a rivet that secures the buckle to the seat belt stalk.","A seat belt that is missing a rivet may not properly restrain an occupant during a crash, increasing the risk of injury.","Dealers will replace both front seat belt buckles, free of charge. Owner notification letters were mailed December 3, 2025. Owners may contact Audi at 1-800-253-2834. Audi's number for this recall is 692K. Vehicle Identification Numbers (VINs) involved in this recall became searchable on NHTSA.gov on November 14, 2025.",,"2025","AUDI","Q8"
"Volkswagen Group of America, Inc.","25V900000",0,0,0,,"19/12/2025","BACK OVER PREVENTION: SENSING SYSTEM: CAMERA","Volkswagen Group of America, Inc. (Audi) is recalling certain 2019-2026 vehicles. Please see the recall report for a complete list of models. A software error may prevent the rearview camera image from displaying as intended.  As such, these vehicles fail to comply with the requirements of Federal Motor Vehicle Safety Standard number 111, ""Rear Visibility.""","A rearview image that does not display reduces the driver's view behind the vehicle, increasing the risk of a crash.","Dealers will update the software, free of charge. Owner notification letters were mailed January 14, 2026. Owners may contact Audi customer service at 1-800-253-2834.  Audi's number for this recall is 90TV. Vehicle Identification Numbers (VINs) involved in this recall became searchable on NHTSA.gov on December 23, 2025.",,"2025","AUDI","Q8"
"Volkswagen Group of America, Inc.","25V638000",0,0,0,,"24/09/2025","SEAT BELTS:FRONT:RETRACTOR","Volkswagen Group of America, Inc. (Volkswagen) is recalling certain 2025 GTI, Golf R, Audi A5, A6 Sportback E-Tron, S5, S6 Sportback E-Tron, 2026 Q4 Sportback E-Tron, and Q4 E-Tron vehicles. The torsion bar in one or both front seat belt retractors may have been damaged during production.","In a crash, a damaged torsion bar in a retractor could fail. If this happens, the seat belt may not properly restrain an occupant during a crash, increasing the risk of injury.","Dealers will replace one or both front seat belts, free of charge. Owner notification letters were mailed October 30, 2025, and October 31, 2025. Owners may contact Audi at 1-800-253-2834 or Volkswagen at 1-800-893-5298. Audi's number for this recall is 69UM; Volkswagen’s number for this recall is 694T. Vehicle Identification Numbers (VINs) involved in this recall will be searchable on NHTSA.gov beginning September 26, 2025.",,"2025","AUDI","S5"
"Volkswagen Group of America, Inc.","25V899000",0,0,0,,"19/12/2025","SEAT BELTS:REAR/OTHER:RETRACTOR","Volkswagen Group of America, Inc. (Audi) is recalling certain 2025 SQ6 E-Tron, SQ6 Sportback E-Tron, Q6 Sportback E-Tron, A6, A5, A6 Sportback E-Tron, Q6 E-Tron, S5, and S6 Sportback E-Tron vehicles. The automatic locking retractor may fail to engage when a child seat is installed using the seat belt. As such, these vehicles fail to comply with the requirements of Federal Motor Vehicle Safety Standard (FMVSS) numbers 208, ""Occupant Crash Protection"" and 209, ""Seat Belt Assemblies.""","An improperly secured child seat can increase risk of injury during a crash.","Dealers will inspect and replace the right and left rear seat belt assembly as necessary, free of charge. Owner notification letters were mailed February 16, 2026. Owners may contact Audi customer service at 1-800-253-2834. Audi's number for this recall is 69D8. Vehicle Identification Numbers (VINs) involved in this recall became searchable on NHTSA.gov on December 23, 2025.",,"2025","AUDI","S5"
"Volkswagen Group of America, Inc.","25V638000",0,0,0,,"24/09/2025","SEAT BELTS:FRONT:RETRACTOR","Volkswagen Group of America, Inc. (Volkswagen) is recalling certain 2025 GTI, Golf R, Audi A5, A6 Sportback E-Tron, S5, S6 Sportback E-Tron, 2026 Q4 Sportback E-Tron, and Q4 E-Tron vehicles. The torsion bar in one or both front seat belt retractors may have been damaged during production.","In a crash, a damaged torsion bar in a retractor could fail. If this happens, the seat belt may not properly restrain an occupant during a crash, increasing the risk of injury.","Dealers will replace one or both front seat belts, free of charge. Owner notification letters were mailed October 30, 2025, and October 31, 2025. Owners may contact Audi at 1-800-253-2834 or Volkswagen at 1-800-893-5298. Audi's number for this recall is 69UM; Volkswagen’s number for this recall is 694T. Vehicle Identification Numbers (VINs) involved in this recall will be searchable on NHTSA.gov beginning September 26, 2025.",,"2025","AUDI","S6 SPORTBACK E-TRON"
"Volkswagen Group of America, Inc.","25V899000",0,0,0,,"19/12/2025","SEAT BELTS:REAR/OTHER:RETRACTOR","Volkswagen Group of America, Inc. (Audi) is recalling certain 2025 SQ6 E-Tron, SQ6 Sportback E-Tron, Q6 Sportback E-Tron, A6, A5, A6 Sportback E-Tron, Q6 E-Tron, S5, and S6 Sportback E-Tron vehicles. The automatic locking retractor may fail to engage when a child seat is installed using the seat belt. As such, these vehicles fail to comply with the requirements of Federal Motor Vehicle Safety Standard (FMVSS) numbers 208, ""Occupant Crash Protection"" and 209, ""Seat Belt Assemblies.""","An improperly secured child seat can increase risk of injury during a crash.","Dealers will inspect and replace the right and left rear seat belt assembly as necessary, free of charge. Owner notification letters are expected to be mailed February 17, 2026. Owners may contact Audi customer service at 1-800-253-2834. Audi's number for this recall is 69D8. Vehicle Identification Numbers (VINs) involved in this recall became searchable on NHTSA.gov on December 23, 2025.",,"2025","AUDI","S6 SPORTBACK E-TRON"
"Volkswagen Group of America, Inc.","25V225000",0,0,0,,"09/04/2025","BACK OVER PREVENTION: SENSING SYSTEM: CAMERA","Volkswagen Group of America, Inc. (Audi) is recalling certain 2025 SQ6 e-tron and Q6 e-tron vehicles. The rearview camera may show a blurry image.  As such, these vehicles fail to comply with the requirements of Federal Motor Vehicle Safety Standard number 111, ""Rear Visibility.""","A blurry rearview image can reduce the driver's view of what is behind the vehicle, increasing the risk of a crash.","Dealers will replace the rearview camera.  In addition, dealers will inspect and replace surround view cameras as necessary.  All repairs will be performed free of charge.  Owner notification letters were mailed May 2, 2025.  Owners may contact Audi customer service at 1-800-253-2834.  Audi's number for this recall is 90XM.","Owners may also contact the National Highway Traffic Safety Administration Vehicle Safety Hotline at 888-327-4236 (TTY 888-275-9171) or go to nhtsa.gov.","2025","AUDI","SQ6 E-TRON"
"Volkswagen Group of America, Inc.","25V899000",0,0,0,,"19/12/2025","SEAT BELTS:REAR/OTHER:RETRACTOR","Volkswagen Group of America, Inc. (Audi) is recalling certain 2025 SQ6 E-Tron, SQ6 Sportback E-Tron, Q6 Sportback E-Tron, A6, A5, A6 Sportback E-Tron, Q6 E-Tron, S5, and S6 Sportback E-Tron vehicles. The automatic locking retractor may fail to engage when a child seat is installed using the seat belt. As such, these vehicles fail to comply with the requirements of Federal Motor Vehicle Safety Standard (FMVSS) numbers 208, ""Occupant Crash Protection"" and 209, ""Seat Belt Assemblies.""","An improperly secured child seat can increase risk of injury during a crash.","Dealers will inspect and replace the right and left rear seat belt assembly as necessary, free of charge. Owner notification letters were mailed February 16, 2026. Owners may contact Audi customer service at 1-800-253-2834. Audi's number for this recall is 69D8. Vehicle Identification Numbers (VINs) involved in this recall became searchable on NHTSA.gov on December 23, 2025.",,"2025","AUDI","SQ6 E-TRON"
"Volkswagen Group of America, Inc.","25V637000",0,0,0,,"24/09/2025","FUEL SYSTEM, GASOLINE:DELIVERY:FUEL PUMP","Volkswagen Group of America, Inc. (Volkswagen) is recalling one Audi SQ7 vehicles. The fasteners securing the high pressure fuel pump may not be tightened properly, resulting in a fuel leak.","A fuel leak in the presence of an ignition source increases the risk of a fire.","Dealers will inspect and tighten the screw connections and replace the high pressure fuel pump and fuel lines as necessary, free of charge. The one affected vehicle was repaired. Owners may contact Volkswagen customer service at 800-893-5298. Volkswagen's number for this recall is 23HD. Vehicle Identification Numbers (VINs) involved in this recall will be searchable on NHTSA.gov beginning September 26, 2025.",,"2025","AUDI","SQ7"
"Volkswagen Group of America, Inc.","25V900000",0,0,0,,"19/12/2025","BACK OVER PREVENTION: SENSING SYSTEM: CAMERA","Volkswagen Group of America, Inc. (Audi) is recalling certain 2019-2026 vehicles. Please see the recall report for a complete list of models. A software error may prevent the rearview camera image from displaying as intended.  As such, these vehicles fail to comply with the requirements of Federal Motor Vehicle Safety Standard number 111, ""Rear Visibility.""","A rearview image that does not display reduces the driver's view behind the vehicle, increasing the risk of a crash.","Dealers will update the software, free of charge. Owner notification letters were mailed January 14, 2026. Owners may contact Audi customer service at 1-800-253-2834.  Audi's number for this recall is 90TV. Vehicle Identification Numbers (VINs) involved in this recall became searchable on NHTSA.gov on December 23, 2025.",,"2025","AUDI","SQ7"
"Battle Motors, Inc.","25V342000",1,0,0,,"02/06/2025","STEERING: STEERING WHEEL/HANDLE BAR","Battle Motors, Inc. (Battle Motors) is recalling certain 2024-2025 Let2 trucks. The steering wheel retaining nut may have been improperly tightened, allowing the steering wheel to loosen and detach from the steering shaft.","A loose or detached steering wheel can cause a loss of control, increasing the risk of a crash.","Owners are advised not to drive their vehicle until the repairs are completed. Dealers will inspect and tighten the steering wheel retaining nut as necessary, free of charge. Owner notification letters were mailed June 25, 2025. Owners may contact Battle Motors customer service at 1-877-546-2537.",,"2025","BATTLE MOTORS","LET2"
"Bentley Motors, Inc.","25V648000",0,0,0,,"25/09/2025","FUEL SYSTEM, GASOLINE:DELIVERY:FUEL PUMP","Bentley Motors, Inc. (Bentley) is recalling certain 2025-2026 Continental GTC, Continental GT, and 2025 Flying Spur vehicles. The bolted joint connection securing the high-pressure fuel pump to the V8 Evo engine may be improperly tightened and cause a fuel leak.","A fuel leak in the presence of an ignition source increases the risk of a fire.","Dealers will inspect the screw connections and replace the high pressure fuel pump as necessary, free of charge. Owner notification letters were mailed October 14, 2025. Owners may contact Bentley customer service at 1-800-777-6923. Bentley's number for this recall is RE25/41. Vehicle Identification Numbers (VINs) involved in this recall will be searchable on NHTSA.gov beginning October 27, 2025.",,"2025","BENTLEY","CONTINENTAL GTC"
"BMW of North America, LLC","25V202000",0,0,0,,"01/04/2025","ELECTRICAL SYSTEM:STARTER ASSEMBLY","BMW of North America, LLC (BMW) is recalling certain 2025 330i, 330i xDrive, 530i, 530i xDrive, 4 Series Coupe (430i, 430i xDrive), 4 Series Convertible (430i, 430i xDrive), 4 Series Gran Coupe (430i, 430i xDrive) and X3 30 xDrive vehicles.  The electrical connection between the starter-generator and battery may come loose.","A loose starter-generator connection can result in an engine stall, increasing the risk of a crash.  In addition, the wiring may overheat, increasing the risk of a fire.","Dealers will inspect and replace the starter-generator and positive battery cable as necessary, free of charge. Interim owner letters notifying owners of the safety risk were mailed May 28, 2025. Second letters will be sent once the remedy is available. Owners may contact BMW customer service at 1-800-525-7417.","Owners may also contact the National Highway Traffic Safety Administration Vehicle Safety Hotline at 1-888-327-4236 (TTY 1- 888-275-9171) or go to www.nhtsa.gov.","2025","BMW","430I"
"BMW of North America, LLC","25V202000",0,0,0,,"01/04/2025","ELECTRICAL SYSTEM:STARTER ASSEMBLY","BMW of North America, LLC (BMW) is recalling certain 2025 330i, 330i xDrive, 530i, 530i xDrive, 4 Series Coupe (430i, 430i xDrive), 4 Series Convertible (430i, 430i xDrive), 4 Series Gran Coupe (430i, 430i xDrive) and X3 30 xDrive vehicles.  The electrical connection between the starter-generator and battery may come loose.","A loose starter-generator connection can result in an engine stall, increasing the risk of a crash.  In addition, the wiring may overheat, increasing the risk of a fire.","Dealers will inspect and replace the starter-generator and positive battery cable as necessary, free of charge. Interim owner letters notifying owners of the safety risk were mailed May 28, 2025. Second letters will be sent once the remedy is available. Owners may contact BMW customer service at 1-800-525-7417.","Owners may also contact the National Highway Traffic Safety Administration Vehicle Safety Hotline at 1-888-327-4236 (TTY 1- 888-275-9171) or go to www.nhtsa.gov.","2025","BMW","430I XDRIVE"
"BMW of North America, LLC","25V395000",0,0,0,,"23/07/2025","ELECTRICAL SYSTEM:PROPULSION SYSTEM:TRACTION MOTOR:CONTROLLER:SOFTWARE","BMW of North America, LLC (BMW) is recalling certain 2022-2025 i4, 2022-2024 IX, 2023-2024 I7, and 2024 I5 vehicles. The electric drive motor software may shut down the high-voltage system, causing a loss of drive power.","A loss of drive power increases the risk of a crash.","The electric drive motor software will be updated over-the-air (OTA) or by a dealer, free of charge. Owner notification letters are expected to be mailed August 5, 2025. Owners may contact BMW customer service at 1-800-525-7417.",,"2025","BMW","I4 EDRIVE40"
"BMW of North America, LLC","25V906000",0,0,0,,"23/12/2025","ELECTRICAL SYSTEM:PROPULSION SYSTEM: CABLES","BMW of North America, LLC (BMW) is recalling one 2025 I4 EDRIVE40 vehicle. The connection between the positive battery cable and the rear power distributor may become loose.","A loose positive battery cable connection could lead to the vehicle stalling, increasing the risk of a crash. In addition, a loose battery cable can overheat, increasing the risk of a fire.","A dealer will check the positive battery cable connection and, if necessary, repair it, free of charge. The owner notification letter is expected to be mailed on February 13, 2026. Owners may contact BMW customer service at 1-800-525-7417. The Vehicle Identification Number (VIN) involved in this recall will be searchable on NHTSA.gov beginning February 13, 2026.",,"2025","BMW","I4 EDRIVE40"
"BMW of North America, LLC","24V104000",0,0,0,,"12/02/2024","ELECTRONIC STABILITY CONTROL (ESC)","BMW of North America, LLC. (BMW) is recalling certain 2023-2025 BMW, MINI, and Rolls-Royce vehicles.  Please see the recall report for a complete list of models and model years.  The integrated brake (IB) system may malfunction and result in a loss of power brake assist or cause the Antilock Brake (ABS) and Dynamic Stability Control (DSC) systems to not function properly.","A loss of power brake assist can extend the distance required to stop the vehicle.  Additionally, malfunctioning ABS and/or DSC systems can cause a loss of vehicle control.  Either of these scenarios can increase the risk of a crash.","Dealers will replace the integrated brake system, free of charge.  Owner notification letters were mailed between June and December 2024.  Owners may contact BMW customer service at 1-800-525-7417 or Rolls Royce customer service at 1-877-877-3735.","Owners may also contact the National Highway Traffic Safety Administration Vehicle Safety Hotline at 1-888-327-4236 (TTY 1-800-424-9153), or go to www.nhtsa.gov.","2025","BMW","I5"
"BMW of North America, LLC","24V697000",0,0,0,,"18/09/2024","ELECTRONIC STABILITY CONTROL (ESC):CONTROL MODULE","BMW of North America (BMW) is recalling certain 2023-2024 X1, 2024-2025 X5, 2025 X6, 2023-2025 X7, 740i, 760i, 2024 XM, 530i, 540i, i7, 750e, X2, 2024-2025 i5, 2024 Rolls Royce Spectre, 2025 MINI Countryman S ALL4, JCW Countryman ALL4, and 2025 MINI Hardtop 2 Door (Cooper, Cooper S) vehicles.  Please refer to the recall report for the complete list of models.  The welds in the servomotor of the integrated brake control module may break, causing a loss of power brake assist and rear brake function.  In addition, the Antilock Brake System (ABS) and Dynamic Stability Control (DSC) system may not function.","A loss of brake power assist or rear brake function can result in extended stopping distance.  A loss of ABS or DSC can cause a loss of vehicle handling and control.  Either of these scenarios can increase the risk of a crash.","Dealers will replace the integrated brake system, free of charge.  Owner notification letters were mailed November 13, 2024.  Owners can contact BMW Customer Service at 1-800-525-7417.","Owner's may contact the National Highway Traffic Safety Administration Vehicle Safety Hotline at 1-888-327-4236 (TTY 1-800-424-9153) or go to nhtsa.gov.","2025","BMW","I5"
"BMW of North America, LLC","25V470000",0,0,0,,"16/07/2025","ELECTRICAL SYSTEM:PROPULSION SYSTEM:TRACTION BATTERY","BMW of North America, LLC (BMW) is recalling certain 2022-2025 IX, 2023-2024 I7, and 2022-2023 i4 vehicles. The high-voltage battery cell modules may not have been assembled properly, resulting in stress on the module frame and possible module failure.","Battery module failure may lead to a shutdown of the high-voltage system which can result in a loss of drive power, increasing the risk of a crash.  In addition, module failure increases the risk of a fire.","Dealers will replace specific high-voltage battery cell modules, free of charge. Interim owner notification letters explaining the safety risk were mailed September 11, 2025. Another notice will be sent once the remedy becomes available, anticipated December 31, 2025Owners may contact BMW customer service at 1-800-525-7417.",,"2025","BMW","IX"
"BMW of North America, LLC","25V480000",0,0,0,,"25/07/2025","COMMUNICATION: AUTO CRASH NOTIFICATION","BMW of North America, LLC (BMW) is recalling certain 2025 F 900 GS, F 800 GS, R 1300 GS Adventure, R 1300 GS, S 1000 RR, S 1000 R, and K 1600 GT vehicles equipped with the optional emergency call system. The emergency call system (eCall) may have been deactivated due to a software programming error.","In an emergency, first responders may not receive notification of the crash or emergency location, increasing the risk of injury to riders.","The electronic control unit software will be updated over-the-air (OTA) or by a dealer, free of charge. Owner notification letters are scheduled to be mailed September 12, 2025.  Owners may contact BMW customer service at 1-800-525-7417.",,"2025","BMW","R 1300 GS ADVENTURE"
"BMW of North America, LLC","24V104000",0,0,0,,"12/02/2024","ELECTRONIC STABILITY CONTROL (ESC)","BMW of North America, LLC. (BMW) is recalling certain 2023-2025 BMW, MINI, and Rolls-Royce vehicles.  Please see the recall report for a complete list of models and model years.  The integrated brake (IB) system may malfunction and result in a loss of power brake assist or cause the Antilock Brake (ABS) and Dynamic Stability Control (DSC) systems to not function properly.","A loss of power brake assist can extend the distance required to stop the vehicle.  Additionally, malfunctioning ABS and/or DSC systems can cause a loss of vehicle control.  Either of these scenarios can increase the risk of a crash.","Dealers will replace the integrated brake system, free of charge.  Owner notification letters were mailed between June and December 2024.  Owners may contact BMW customer service at 1-800-525-7417 or Rolls Royce customer service at 1-877-877-3735.","Owners may also contact the National Highway Traffic Safety Administration Vehicle Safety Hotline at 1-888-327-4236 (TTY 1-800-424-9153), or go to www.nhtsa.gov.","2025","BMW","X1"
"BMW of North America, LLC","24V829000",0,0,0,,"04/11/2024","STRUCTURE:BODY:ROOF AND PILLARS","BMW of North America, LLC (BMW) is recalling certain 2025 X1 xDrive28i and X1 M35i vehicles.  The left and right-side B-Pillar reinforcement plates may have been manufactured with insufficient structural strength.","A B-Pillar structure with reduced strength may not adequately protect passengers in a crash, increasing the risk of injury.","Dealers will inspect the left-side and right-side B-Pillar and, if affected, replace the B-Pillar, free of charge.  Owner notification letters were mailed May 7, 2025.  Owners may contact BMW customer service at 1-800-525-7417.","Owners may also contact the National Highway Traffic Safety Administration Vehicle Safety Hotline at 1-888-327-4236 (TTY 1-800-424-9153) or go to www.nhtsa.gov.","2025","BMW","X1"
"BMW of North America, LLC","25V616000",0,0,0,,"17/09/2025","SEAT BELTS:FRONT:RETRACTOR","BMW of North America, LLC is recalling certain 2025-2026 X1 and X2, MINI Cooper Convertible, MINI Cooper, Mini Countryman S ALL4, and 2025 MINI Countryman SE ALL4 vehicles. The torsion bar in both front seat belt retractors may have been damaged during production.","A damaged seat belt retractor may not properly restrain an occupant during a crash, increasing the risk of injury.","Dealers will replace both front seat belt retractors, free of charge.  Owner notification letters were mailed November 13, 2025. Owners may contact BMW customer service at 1-800-525-7417. Vehicle Identification Numbers (VINs) will be searchable on NHTSA.gov on November 7, 2025.",,"2025","BMW","X1"
"BMW of North America, LLC","24V772000",0,0,0,,"17/10/2024","AIR BAGS:PASSENGER SIDE FRONTAL:CUSHION","BMW of North America, LLC (BMW) is recalling certain 2025 X3 xDrive30i and X3 M50i vehicles.  The front passenger air bag fabric may have been damaged during transport between suppliers.","A damaged air bag may not inflate properly, increasing the risk of injury in a crash.","Dealers will replace the front passenger air bag, free of charge.  None of the affected vehicles have been sold yet and therefore no owner notification letters will be mailed.  Owners may contact BMW customer service at 1-800-525-7417.","Owners may also contact the National Highway Traffic Safety Administration Vehicle Safety Hotline at 1-888-327-4236 (TTY 1-800-424-9153) or go to nhtsa.gov.","2025","BMW","X3"
"BMW of North America, LLC","24V856000",0,0,0,,"12/11/2024","AIR BAGS:SIDE/WINDOW:CURTAIN","BMW of North America, LLC (BMW) is recalling certain 2025 X3 30 xDrive vehicles.  The gas generator in the right-side head curtain air bag may have been assembled incorrectly.","An incorrectly assembled air bag can result in delayed activation or improper deployment of the head curtain air bag, increasing the risk of injury in a crash.","Dealers will inspect and replace the right-side head curtain air bag, if necessary, free of charge.  The vehicles have not been sold from dealer inventory and therefore no owner letters will be mailed.  Owners may contact BMW customer service at 1-800-525-7417.","Owners may contact the National Highway Traffic Safety Administration Vehicle Safety Hotline at 1-888-327-4236 (TTY 1-800-424-9153) or go to www.nhtsa.gov.","2025","BMW","X3"
"BMW of North America, LLC","24V909000",0,0,0,,"05/12/2024","SUSPENSION:FRONT:WHEEL BEARING","BMW of North America, LLC (BMW) is recalling certain 2025 X3 30 vehicles.  The front wheel left-side swivel bearing may crack, causing a loss of vehicle handling and control.","A loss of vehicle handling and control increases the risk of a crash.","Dealers will replace the front left-side swivel bearing, free of charge.  One owner was contacted December 12, 2024.  Owners may contact BMW customer service at 1-800-525-7417.","Owners may also contact the National Highway Traffic Safety Administration Vehicle Safety Hotline at 1-888-327-4236 (TTY 1-800-424-9153) or go to nhtsa.gov.","2025","BMW","X3"
"BMW of North America, LLC","25V109000",0,0,0,,"21/02/2025","ELECTRICAL SYSTEM:12V/24V/48V BATTERY:CABLES","BMW of North America, LLC (BMW) is recalling certain 2025 X3 30 xDrive vehicles.  The connection between the positive battery cable and the starter-generator may have been improperly tightened and overheat.","An overheated battery cable connection can cause an engine stall and increase the risk of a crash.  In addition, an overheated battery cable increases the risk of a fire.","Dealers will inspect and tighten the connection between the positive battery cable and the starter-generator, or replace the positive battery cable and starter-generator if necessary, free of charge. Owner notification letters were mailed June 5, 2025. Owners may contact BMW customer service at 800-525-7417.","Owners may also contact the National Highway Traffic Safety Administration Vehicle Safety Hotline at 888-327-4236 (TTY 888-275-9171) or go to nhtsa.gov.","2025","BMW","X3"
"BMW of North America, LLC","25V154000",0,0,0,,"12/03/2025","SERVICE BRAKES, HYDRAULIC:FOUNDATION COMPONENTS:HOSES, LINES/PIPING, AND FITTINGS","BMW of North America, LLC (BMW) is recalling certain 2025 X3 30 xDrive and X3 M50 xDrive vehicles.  The rear brake hoses may leak, causing a loss of rear brake function, and a loss of the Antilock Brake System (ABS) and the Dynamic Stability Control (DSC) system.","A loss of rear brake function increases the risk of a crash.","Dealers will replace the rear brake hoses, free of charge.  Owner notification letters were mailed May 9, 2025.  Owners may contact BMW customer service at 800-525-7417.","Owners may also contact the National Highway Traffic Safety Administration Vehicle Safety Hotline at 888-327-4236 (TTY 888-275-9171) or go to nhtsa.gov.","2025","BMW","X3"
"BMW of North America, LLC","25V202000",0,0,0,,"01/04/2025","ELECTRICAL SYSTEM:STARTER ASSEMBLY","BMW of North America, LLC (BMW) is recalling certain 2025 330i, 330i xDrive, 530i, 530i xDrive, 4 Series Coupe (430i, 430i xDrive), 4 Series Convertible (430i, 430i xDrive), 4 Series Gran Coupe (430i, 430i xDrive) and X3 30 xDrive vehicles.  The electrical connection between the starter-generator and battery may come loose.","A loose starter-generator connection can result in an engine stall, increasing the risk of a crash.  In addition, the wiring may overheat, increasing the risk of a fire.","Dealers will inspect and replace the starter-generator and positive battery cable as necessary, free of charge. Interim owner letters notifying owners of the safety risk were mailed May 28, 2025. Second letters will be sent once the remedy is available. Owners may contact BMW customer service at 1-800-525-7417.","Owners may also contact the National Highway Traffic Safety Administration Vehicle Safety Hotline at 1-888-327-4236 (TTY 1- 888-275-9171) or go to www.nhtsa.gov.","2025","BMW","X3"
"BMW of North America, LLC","25V247000",0,0,0,,"16/04/2025","SERVICE BRAKES, HYDRAULIC:FOUNDATION COMPONENTS:DISC","BMW of North America, LLC (BMW) is recalling certain 2025 X3 30 xDrive vehicles.  The front brake discs may have been damaged during transport before they were installed on the vehicle.","Damaged front brakes may not function properly, increasing the risk of a crash.","Dealers will replace the front brake discs and brake pads, free of charge.  Owner notification letters are expected to be mailed June 6, 2025.  Owners may contact BMW customer service at 1-800-525-7417.","Owners may also contact the National Highway Traffic Safety Administration Vehicle Safety Hotline at 1-888-327-4236 (TTY 1-800-424-9153), or go to www.nhtsa.gov.","2025","BMW","X3"
"BMW of North America, LLC","25V857000",0,0,0,,"11/12/2025","STEERING:STEERING CONTROL MODULE","BMW of North America, LLC is recalling certain 2025-2026 X3 vehicles. While the vehicle is stationary, unexpected steering wheel movement (rotation) may occur.","Unintended steering wheel movement while the vehicle is stationary increases the risk of an injury and on the road, a crash.","The steering system software will be updated, free of charge, either over-the-air (OTA) or by a dealer. Owner notification letters were mailed February 6, 2026. Owners may contact BMW customer service at 1-800-525-7417. Vehicle Identification Numbers (VINs) involved in this recall will be searchable on NHTSA.gov beginning February 2, 2026.",,"2025","BMW","X3"
"BMW of North America, LLC","24V327000",0,0,0,,"10/05/2024","EQUIPMENT:OTHER:LABELS","BMW of North America, LLC (BMW) is recalling certain 2024-2025 X5 xDrive40i vehicles.  The tire information placard may indicate an incorrect tire size and tire pressure.  As such, these vehicles fail to comply with the requirements of Federal Motor Vehicle Safety Standard number 110, ""Tire Selection and Rims.""","Incorrect tire information can allow an incorrectly sized tire to be installed or result in improperly inflated tires, increasing the risk of a crash.","Dealers will replace the tire information placard, free of charge.  Owner notification letters were mailed July 9, 2024.  Owners may contact BMW customer service at 1-800-525-7417.","Owners may also contact the National Highway Traffic Safety Administration Vehicle Safety Hotline at 1-888-327-4236 (TTY 1-800-424-9153) or go to www.nhtsa.gov.","2025","BMW","X5"
"BMW of North America, LLC","24V345000",0,0,0,,"15/05/2024","SEAT BELTS:FRONT","BMW of North America, LLC (BMW) is recalling certain 2024 XM, 2025 BMW X5 sDrive40i, X5 xDrive40i, X5 M60i, X5 M, X5 xDrive50e, X6 xDrive40i, X6 M60i, X6 M, X7 xDrive40i, X7 M60i, and Alpina XB7 vehicles.  The seat belt system may inaccurately detect that passengers are belted, preventing the seat belt warning light from illuminating and possibly causing the supplemental restraint system to not deploy as intended during a crash.  As such, these vehicles fail to comply with the requirements of Federal Motor Vehicle Safety Standard number 208, ""Occupant Crash Protection.""","A seat belt warning light that does not alert occupants of an unbelted seat belt or an SRS system that deploys improperly can both increase the risk of injury in a crash.","Dealers will inspect and replace the front seat lower seat belts as necessary, free of charge.  Owner notification letters were mailed July 12, 2024.  Owners may contact BMW customer service at 1-800-525-7417.","Owners may also contact the National Highway Traffic Safety Administration Vehicle Safety Hotline at 1-888-327-4236 (TTY 1-800-424-9153) or go to www.nhtsa.gov.","2025","BMW","X5"
"BMW of North America, LLC","24V104000",0,0,0,,"12/02/2024","ELECTRONIC STABILITY CONTROL (ESC)","BMW of North America, LLC. (BMW) is recalling certain 2023-2025 BMW, MINI, and Rolls-Royce vehicles.  Please see the recall report for a complete list of models and model years.  The integrated brake (IB) system may malfunction and result in a loss of power brake assist or cause the Antilock Brake (ABS) and Dynamic Stability Control (DSC) systems to not function properly.","A loss of power brake assist can extend the distance required to stop the vehicle.  Additionally, malfunctioning ABS and/or DSC systems can cause a loss of vehicle control.  Either of these scenarios can increase the risk of a crash.","Dealers will replace the integrated brake system, free of charge.  Owner notification letters were mailed between June and December 2024.  Owners may contact BMW customer service at 1-800-525-7417 or Rolls Royce customer service at 1-877-877-3735.","Owners may also contact the National Highway Traffic Safety Administration Vehicle Safety Hotline at 1-888-327-4236 (TTY 1-800-424-9153), or go to www.nhtsa.gov.","2025","BMW","X5"
"BMW of North America, LLC","24V697000",0,0,0,,"18/09/2024","ELECTRONIC STABILITY CONTROL (ESC):CONTROL MODULE","BMW of North America (BMW) is recalling certain 2023-2024 X1, 2024-2025 X5, 2025 X6, 2023-2025 X7, 740i, 760i, 2024 XM, 530i, 540i, i7, 750e, X2, 2024-2025 i5, 2024 Rolls Royce Spectre, 2025 MINI Countryman S ALL4, JCW Countryman ALL4, and 2025 MINI Hardtop 2 Door (Cooper, Cooper S) vehicles.  Please refer to the recall report for the complete list of models.  The welds in the servomotor of the integrated brake control module may break, causing a loss of power brake assist and rear brake function.  In addition, the Antilock Brake System (ABS) and Dynamic Stability Control (DSC) system may not function.","A loss of brake power assist or rear brake function can result in extended stopping distance.  A loss of ABS or DSC can cause a loss of vehicle handling and control.  Either of these scenarios can increase the risk of a crash.","Dealers will replace the integrated brake system, free of charge.  Owner notification letters were mailed November 13, 2024.  Owners can contact BMW Customer Service at 1-800-525-7417.","Owner's may contact the National Highway Traffic Safety Administration Vehicle Safety Hotline at 1-888-327-4236 (TTY 1-800-424-9153) or go to nhtsa.gov.","2025","BMW","X5"
"BMW of North America, LLC","24V345000",0,0,0,,"15/05/2024","SEAT BELTS:FRONT","BMW of North America, LLC (BMW) is recalling certain 2024 XM, 2025 BMW X5 sDrive40i, X5 xDrive40i, X5 M60i, X5 M, X5 xDrive50e, X6 xDrive40i, X6 M60i, X6 M, X7 xDrive40i, X7 M60i, and Alpina XB7 vehicles.  The seat belt system may inaccurately detect that passengers are belted, preventing the seat belt warning light from illuminating and possibly causing the supplemental restraint system to not deploy as intended during a crash.  As such, these vehicles fail to comply with the requirements of Federal Motor Vehicle Safety Standard number 208, ""Occupant Crash Protection.""","A seat belt warning light that does not alert occupants of an unbelted seat belt or an SRS system that deploys improperly can both increase the risk of injury in a crash.","Dealers will inspect and replace the front seat lower seat belts as necessary, free of charge.  Owner notification letters were mailed July 12, 2024.  Owners may contact BMW customer service at 1-800-525-7417.","Owners may also contact the National Highway Traffic Safety Administration Vehicle Safety Hotline at 1-888-327-4236 (TTY 1-800-424-9153) or go to www.nhtsa.gov.","2025","BMW","X6"
"BMW of North America, LLC","24V104000",0,0,0,,"12/02/2024","ELECTRONIC STABILITY CONTROL (ESC)","BMW of North America, LLC. (BMW) is recalling certain 2023-2025 BMW, MINI, and Rolls-Royce vehicles.  Please see the recall report for a complete list of models and model years.  The integrated brake (IB) system may malfunction and result in a loss of power brake assist or cause the Antilock Brake (ABS) and Dynamic Stability Control (DSC) systems to not function properly.","A loss of power brake assist can extend the distance required to stop the vehicle.  Additionally, malfunctioning ABS and/or DSC systems can cause a loss of vehicle control.  Either of these scenarios can increase the risk of a crash.","Dealers will replace the integrated brake system, free of charge.  Owner notification letters were mailed between June and December 2024.  Owners may contact BMW customer service at 1-800-525-7417 or Rolls Royce customer service at 1-877-877-3735.","Owners may also contact the National Highway Traffic Safety Administration Vehicle Safety Hotline at 1-888-327-4236 (TTY 1-800-424-9153), or go to www.nhtsa.gov.","2025","BMW","X6"
"BMW of North America, LLC","24V697000",0,0,0,,"18/09/2024","ELECTRONIC STABILITY CONTROL (ESC):CONTROL MODULE","BMW of North America (BMW) is recalling certain 2023-2024 X1, 2024-2025 X5, 2025 X6, 2023-2025 X7, 740i, 760i, 2024 XM, 530i, 540i, i7, 750e, X2, 2024-2025 i5, 2024 Rolls Royce Spectre, 2025 MINI Countryman S ALL4, JCW Countryman ALL4, and 2025 MINI Hardtop 2 Door (Cooper, Cooper S) vehicles.  Please refer to the recall report for the complete list of models.  The welds in the servomotor of the integrated brake control module may break, causing a loss of power brake assist and rear brake function.  In addition, the Antilock Brake System (ABS) and Dynamic Stability Control (DSC) system may not function.","A loss of brake power assist or rear brake function can result in extended stopping distance.  A loss of ABS or DSC can cause a loss of vehicle handling and control.  Either of these scenarios can increase the risk of a crash.","Dealers will replace the integrated brake system, free of charge.  Owner notification letters were mailed November 13, 2024.  Owners can contact BMW Customer Service at 1-800-525-7417.","Owner's may contact the National Highway Traffic Safety Administration Vehicle Safety Hotline at 1-888-327-4236 (TTY 1-800-424-9153) or go to nhtsa.gov.","2025","BMW","X6"
"BMW of North America, LLC","24V345000",0,0,0,,"15/05/2024","SEAT BELTS:FRONT","BMW of North America, LLC (BMW) is recalling certain 2024 XM, 2025 BMW X5 sDrive40i, X5 xDrive40i, X5 M60i, X5 M, X5 xDrive50e, X6 xDrive40i, X6 M60i, X6 M, X7 xDrive40i, X7 M60i, and Alpina XB7 vehicles.  The seat belt system may inaccurately detect that passengers are belted, preventing the seat belt warning light from illuminating and possibly causing the supplemental restraint system to not deploy as intended during a crash.  As such, these vehicles fail to comply with the requirements of Federal Motor Vehicle Safety Standard number 208, ""Occupant Crash Protection.""","A seat belt warning light that does not alert occupants of an unbelted seat belt or an SRS system that deploys improperly can both increase the risk of injury in a crash.","Dealers will inspect and replace the front seat lower seat belts as necessary, free of charge.  Owner notification letters were mailed July 12, 2024.  Owners may contact BMW customer service at 1-800-525-7417.","Owners may also contact the National Highway Traffic Safety Administration Vehicle Safety Hotline at 1-888-327-4236 (TTY 1-800-424-9153) or go to www.nhtsa.gov.","2025","BMW","X7"
"BMW of North America, LLC","24V104000",0,0,0,,"12/02/2024","ELECTRONIC STABILITY CONTROL (ESC)","BMW of North America, LLC. (BMW) is recalling certain 2023-2025 BMW, MINI, and Rolls-Royce vehicles.  Please see the recall report for a complete list of models and model years.  The integrated brake (IB) system may malfunction and result in a loss of power brake assist or cause the Antilock Brake (ABS) and Dynamic Stability Control (DSC) systems to not function properly.","A loss of power brake assist can extend the distance required to stop the vehicle.  Additionally, malfunctioning ABS and/or DSC systems can cause a loss of vehicle control.  Either of these scenarios can increase the risk of a crash.","Dealers will replace the integrated brake system, free of charge.  Owner notification letters were mailed between June and December 2024.  Owners may contact BMW customer service at 1-800-525-7417 or Rolls Royce customer service at 1-877-877-3735.","Owners may also contact the National Highway Traffic Safety Administration Vehicle Safety Hotline at 1-888-327-4236 (TTY 1-800-424-9153), or go to www.nhtsa.gov.","2025","BMW","X7"
"BMW of North America, LLC","24V697000",0,0,0,,"18/09/2024","ELECTRONIC STABILITY CONTROL (ESC):CONTROL MODULE","BMW of North America (BMW) is recalling certain 2023-2024 X1, 2024-2025 X5, 2025 X6, 2023-2025 X7, 740i, 760i, 2024 XM, 530i, 540i, i7, 750e, X2, 2024-2025 i5, 2024 Rolls Royce Spectre, 2025 MINI Countryman S ALL4, JCW Countryman ALL4, and 2025 MINI Hardtop 2 Door (Cooper, Cooper S) vehicles.  Please refer to the recall report for the complete list of models.  The welds in the servomotor of the integrated brake control module may break, causing a loss of power brake assist and rear brake function.  In addition, the Antilock Brake System (ABS) and Dynamic Stability Control (DSC) system may not function.","A loss of brake power assist or rear brake function can result in extended stopping distance.  A loss of ABS or DSC can cause a loss of vehicle handling and control.  Either of these scenarios can increase the risk of a crash.","Dealers will replace the integrated brake system, free of charge.  Owner notification letters were mailed November 13, 2024.  Owners can contact BMW Customer Service at 1-800-525-7417.","Owner's may contact the National Highway Traffic Safety Administration Vehicle Safety Hotline at 1-888-327-4236 (TTY 1-800-424-9153) or go to nhtsa.gov.","2025","BMW","X7"
"Brinkley RV","24V717000",0,0,0,,"26/09/2024","EQUIPMENT:RECREATIONAL VEHICLE/TRAILER","Brinkley RV (Brinkley) is recalling certain 2025 Model Z travel trailers.  The installed safety chains are underrated for the Gross Vehicle Weight Rating (GVWR).","Underrated chains can break, allowing the trailer to detach from the tow vehicle and increasing the risk of a crash.","Dealers will replace the safety chains, free of charge.  Owner notification letters were mailed October 8, 2024.  Owners may contact Brinkley customer service at 1-574-501-4280.  Brinkley's number for this recall is REC-2403.","Owners may also contact the National Highway Traffic Safety Administration Vehicle Safety Hotline at 1-888-327-4236 (TTY 1-800-424-9153), or go to www.nhtsa.gov.","2025","BRINKLEY RV","MODEL Z"
"Brinkley RV","24V885000",0,0,0,,"22/11/2024","TRAILER HITCHES:FIFTH WHEEL ASSEMBLY","Brinkley RV (Brinkley) is recalling certain 2024-2025 Model Z Fifth Wheel trailers equipped with Curt Helux Pin Boxes.  The pin box fasteners may have been improperly tightened.","The fasteners can loosen and fall out, allowing the tow vehicle to detach from the pin box and increasing the risk of a crash.","Dealers will tighten the fasteners, free of charge.  Owner notification letters were mailed December 12, 2024.  Owners may contact Brinkley customer service at 1-574-501-4280.  Brinkley's number for this recall is REC-2405.","Owners may also contact the National Highway Traffic Safety Administration Vehicle Safety Hotline at 1-888-327-4236 (TTY 1-800-424-9153) or go to nhtsa.gov.","2025","BRINKLEY RV","MODEL Z"
"Brinkley RV","25V286000",0,0,0,,"01/05/2025","STRUCTURE:BODY:STEP/LADDER","Brinkley RV (Brinkley) is recalling certain 2024-2025 Model G and Model Z fifth wheel travel trailers, equipped with a removable step assembly.  The clip-on bracket mounting bolts may come loose, allowing the steps to detach.","Steps that detach while in use increase the risk of injury.","Dealers will replace the clip-on bracket as necessary, free of charge.  Owner notification letters were mailed May 21, 2025.  Owners may contact Brinkley customer service at 1-574-501-4280.  Brinkley's number for this recall is REC-2502.","Owners may also contact the National Highway Traffic Safety Administration Vehicle Safety Hotline at 1-888-327-4236 (TTY 1- 888-275-9171), or go to www.safercar.gov.","2025","BRINKLEY RV","MODEL Z"
"Brinkley RV","25V497000",0,0,0,,"30/07/2025","ELECTRICAL SYSTEM:WIRING","Brinkley RV (Brinkley) is recalling certain 2025 Model Z trailers. The electrical wiring may not be secured properly, which can result in damaged wiring and a short circuit.","A short circuit increases the risk of a fire.","Dealers will secure the electrical wires, free of charge. Owner notification letters were mailed August 14, 2025. Owners may contact Brinkley customer service at 1-574-501-4280.  Brinkley's number for this recall is REC-2503.",,"2025","BRINKLEY RV","MODEL Z"
"General Motors, LLC","25V193000",0,0,0,,"27/03/2025","SEATS:MID/REAR ASSEMBLY:HEAD RESTRAINT","General Motors, LLC (GM) is recalling certain 2025 Cadillac LYRIQ vehicles.  The owner's manual inaccurately describes the rear outboard head restraints.  As such, these vehicles fail to comply with the requirements of Federal Motor Vehicle Safety Standard (FMVSS) number 202, ""Head Restraints.""","Incorrect head restraint information may lead to improperly adjusted head restraints, increasing the risk of injury in a crash.","GM will mail owner's manual inserts with the correct illustrations and descriptions for rear outboard head restraints, free of charge.  Owner notification letters were mailed April 30, 2025.  Owners may contact Cadillac customer service at 1-800-458-8006.  GM's number for this recall is N252492340.","Owners may also contact the National Highway Traffic Safety Administration Vehicle Safety Hotline at 1-888-327-4236 (TTY 1- 888-275-9171), or go to www.nhtsa.gov.","2025","CADILLAC","LYRIQ"
"General Motors, LLC","25V232000",0,0,0,,"10/04/2025","SUSPENSION:FRONT:STABILIZER BAR","General Motors LLC (GM) is recalling certain 2023-2025 Cadillac LYRIQ vehicles.  The left or right front stabilizer bar bracket bolts may have been improperly tightened, which can allow the bolts to loosen and separate from the vehicle frame.  A detached stabilizer bar or bracket can damage the vehicle's high voltage cables or EV battery coolant lines.","Damaged cables or coolant lines can result in a vehicle shutdown, causing a loss of drive power and increasing the risk of a crash.","Dealers will inspect and tighten the left and/or right stabilizer bar bracket bolts, as necessary, free of charge.  Owner notification letters were mailed May 8, 2025.  Owners may contact Cadilac customer service at 1-800-333-4223.  GM's number for this recall is N252494190.","Owners may also contact the National Highway Traffic Safety Administration Vehicle Safety Hotline at 1-888-327-4236 (TTY 1- 888-275-9171) or go to www.safercar.gov.","2025","CADILLAC","LYRIQ"
"General Motors, LLC","25V483000",0,0,0,,"24/07/2025","ELECTRICAL SYSTEM:PROPULSION SYSTEM:TRACTION BATTERY","General Motors (GM) is recalling certain 2026 Cadillac VISTIQ vehicles and 2025 Cadillac LYRIQ vehicles. The bolts attaching the high voltage battery to the interior floor may be missing or loose.","An improperly secured battery may become damaged in a crash, increasing the risk of a fire.","Dealers will inspect the high-voltage battery bolts and replace or re-tighten the bolts, as necessary, free of charge. Owner notification letters are scheduled to be mailed September 8, 2025. Owners may contact Cadillac customer service at 1-800-333-4223. GM's number for this recall is N252511300.",,"2025","CADILLAC","LYRIQ"
"General Motors, LLC","25V704000",0,0,0,,"16/10/2025","TIRES:TREAD/BELT","General Motors, LLC (GM) is recalling certain 2025-2026 Cadillac Optic and 2025-2026 Chevrolet Equinox EV vehicles equipped with 21-inch Continental all-season tires. One or more of these tires may experience partial or full tread detachment.","Tire tread detachment increases the risk of a crash.","Dealers will inspect all four tires and replace those manufactured during DOT week 4024, free of charge. Owner notification letters were mailed November 19, 2025. Owners may contact Cadillac customer service at 1-800-333-4223, or Chevrolet customer service at 1-800-222-1020. GM's number for this recall is N252525030. Vehicle Identification Numbers (VINs) involved in this recall will be searchable on NHTSA.gov beginning October 16, 2025.",,"2025","CADILLAC","OPTIQ"
"General Motors, LLC","26V114000",0,0,0,,"26/02/2026","EQUIPMENT:OTHER:OWNERS/SERVICE/OTHER MANUAL","General Motors has decided that certain 2027 Chevrolet Bolt EV, 2025-2026 Cadillac OPTIQ, Chevrolet Colorado, Equinox EV, GMC Canyon, 2026 Buick Enclave, Envision, Cadillac CT5, Escalade, Escalade ESV, Escalade IQ, Escalade IQL, LYRIQ, VISTIQ, Chevrolet Blazer EV, Corvette Convertible, Corvette Coupe, Corvette Convertible E-Ray, Equinox, Silverado 1500, 2500, 3500, Silverado EV, Suburban 1500, Tahoe, Traverse, GMC Acadia, Hummer EV Pickup, Hummer EV SUV, Sierra 1500, 2500, 3500, Sierra EV, Terrain, Yukon, and Yukon XL vehicles. The radio may not have been set to the correct status to download the electronic owner's manual during production. As such, these vehicles fail to comply with the requirements of Federal Motor Vehicle Safety Standard number 208, “Occupant  Protection.”","Without an owner's manual to consult, owners may not know how to safely use and operate the vehicle, increasing the risk of injury in a crash.","Dealers will reset the vehicle radio, which will facilitate automatic download of the electronic owner’s manual, free of charge. Owner notification letters are expected to be mailed April 13, 2026. Owners may contact GM customer service at 1-866-467-9700, Chevrolet customer service at 1-800-222-1020 or Cadillac customer service at 1-800-333-4223. The manufacturer's number for this recall is N252540430. Vehicle Identification Numbers (VINs) involved in this recall became searchable on NHTSA.gov on February 26, 2026.",,"2025","CADILLAC","OPTIQ"
"General Motors, LLC","24V795000",0,0,0,,"24/10/2024","STRUCTURE:INTERIOR PANELS:DASHBOARD","General Motors, LLC (GM) is recalling certain 2025 Cadillac XT4 vehicles.  The instrument panel may be missing the perforation on the underside of the panel cover that allows the passenger-side air bag to deploy properly.","A passenger-side air bag that does not deploy properly increases the risk of injury in a crash.","Dealers will replace the instrument panel upper cover, free of charge.  Owner notification letters were mailed November 29, 2024.  Owners may contact Cadillac customer service at 1-800-458-8006.  GM's number for this recall is A242476151.","Owners may also contact the National Highway Traffic Safety Administration Vehicle Safety Hotline at 1-888-327-4236 (TTY 1-800-424-9153) or go to www.nhtsa.gov.","2025","CADILLAC","XT4"
"General Motors, LLC","24V459000",0,0,0,,"20/06/2024","ELECTRICAL SYSTEM: INSTRUMENT CLUSTER/PANEL","General Motors, LLC (GM) is recalling certain 2023-2025 Cadillac XT5 and 2024-2025 Cadillac XT6 vehicles.  The instrument panel may not illuminate when the hazard warning lights, high beams, or turn signals are activated.  As such, these vehicles fail to comply with the requirements of Federal Motor Vehicle Safety Standard numbers 101, ""Controls and Displays"" and 108, ""Lamps, Reflective Devices, and Assoc. Equipment.""","Without the illuminated reminder, the driver could fail to turn off the lights when no longer needed.  Hazard warning lights, high beams, or turn signals that remain activated unintentionally can confuse other drivers, increasing the risk of a crash.","Dealers will update the instrument panel software, free of charge.  Owner notification letters were mailed August 13, 2024.  Owners may contact Cadillac's customer service at 1-800-458-8006.  GM's number for this recall is N242447940.","Owners may also contact the National Highway Traffic Safety Administration Vehicle Safety Hotline at 1-888-327-4236 (TTY 1-800-424-9153), or go to www.nhtsa.gov.","2025","CADILLAC","XT5"
"General Motors, LLC","24V459000",0,0,0,,"20/06/2024","ELECTRICAL SYSTEM: INSTRUMENT CLUSTER/PANEL","General Motors, LLC (GM) is recalling certain 2023-2025 Cadillac XT5 and 2024-2025 Cadillac XT6 vehicles.  The instrument panel may not illuminate when the hazard warning lights, high beams, or turn signals are activated.  As such, these vehicles fail to comply with the requirements of Federal Motor Vehicle Safety Standard numbers 101, ""Controls and Displays"" and 108, ""Lamps, Reflective Devices, and Assoc. Equipment.""","Without the illuminated reminder, the driver could fail to turn off the lights when no longer needed.  Hazard warning lights, high beams, or turn signals that remain activated unintentionally can confuse other drivers, increasing the risk of a crash.","Dealers will update the instrument panel software, free of charge.  Owner notification letters were mailed August 13, 2024.  Owners may contact Cadillac's customer service at 1-800-458-8006.  GM's number for this recall is N242447940.","Owners may also contact the National Highway Traffic Safety Administration Vehicle Safety Hotline at 1-888-327-4236 (TTY 1-800-424-9153), or go to www.nhtsa.gov.","2025","CADILLAC","XT6"
"General Motors, LLC","24V737000",0,0,0,,"02/10/2024","LATCHES/LOCKS/LINKAGES:DOORS:LATCH","General Motors, LLC (GM) is recalling certain 2025 Chevrolet Blazer, Blazer EV, and Equinox vehicles.  The door strikers were not properly heat-treated, which can cause them to break.","A broken door striker can cause the door to open unexpectedly, increasing the risk of injury.","Dealers will replace all four side door strikers and attachment bolts, free of charge.  All affected vehicles are still in dealership inventory and therefore no owner notification letters are expected to be mailed.  Owners may call Chevrolet customer service at 1-800-222-1020.  GM's number for this recall is N242477131.","Owners may also contact the National Highway Traffic Safety Administration Vehicle Safety Hotline at 1-888-327-4236 (TTY 1-800-424-9153) or go to nhtsa.gov.","2025","CHEVROLET","BLAZER"
"General Motors, LLC","24V737000",0,0,0,,"02/10/2024","LATCHES/LOCKS/LINKAGES:DOORS:LATCH","General Motors, LLC (GM) is recalling certain 2025 Chevrolet Blazer, Blazer EV, and Equinox vehicles.  The door strikers were not properly heat-treated, which can cause them to break.","A broken door striker can cause the door to open unexpectedly, increasing the risk of injury.","Dealers will replace all four side door strikers and attachment bolts, free of charge.  All affected vehicles are still in dealership inventory and therefore no owner notification letters are expected to be mailed.  Owners may call Chevrolet customer service at 1-800-222-1020.  GM's number for this recall is N242477131.","Owners may also contact the National Highway Traffic Safety Administration Vehicle Safety Hotline at 1-888-327-4236 (TTY 1-800-424-9153) or go to nhtsa.gov.","2025","CHEVROLET","BLAZER EV"
"General Motors, LLC","25V433000",0,0,0,,"25/06/2025","PARKING BRAKE","General Motors, LLC (GM) is recalling certain 2024-2025 Chevrolet Blazer EV vehicles. The rear parking brake wiring harness may become damaged or corroded, resulting in unintended activation of the parking brake or loss of the parking brake function.","Unintended activation of the parking brake while driving increases the risk of a crash. Loss of the parking brake function while parked can result in a rollaway, increasing the risk of a crash.","Dealers will inspect the harness and, if necessary, reroute the harness and install anti-abrasive tape. Any harness that has existing damage will be replaced. Repairs will be performed free of charge. Owner notification letters were mailed on October 1, 2025. Owners may contact Chevrolet customer service at 1-800-222-1020. GM's number for this recall is N252503010.",,"2025","CHEVROLET","BLAZER EV"
"General Motors, LLC","26V031000",0,0,0,,"22/01/2026","PARKING BRAKE","General Motors, LLC (GM) is recalling certain 2024-2025 Chevrolet Blazer EV vehicles that may have been repaired incorrectly under recall 25V433. The rear parking brake wiring harness may become damaged or corroded, resulting in unintended activation of the parking brake or loss of the parking brake function.","Unintended activation of the parking brake while driving increases the risk of a crash. Loss of the parking brake function while parked can result in a rollaway, increasing the risk of a crash.","Dealers will replace the chassis harness, free of charge. Owner notification letters were mailed on February 25, 2026. Owners may contact Chevrolet customer service at 1-800-222-1020. GM's number for this recall is N252532830.",,"2025","CHEVROLET","BLAZER EV"
"General Motors, LLC","26V114000",0,0,0,,"26/02/2026","EQUIPMENT:OTHER:OWNERS/SERVICE/OTHER MANUAL","General Motors has decided that certain 2027 Chevrolet Bolt EV, 2025-2026 Cadillac OPTIQ, Chevrolet Colorado, Equinox EV, GMC Canyon, 2026 Buick Enclave, Envision, Cadillac CT5, Escalade, Escalade ESV, Escalade IQ, Escalade IQL, LYRIQ, VISTIQ, Chevrolet Blazer EV, Corvette Convertible, Corvette Coupe, Corvette Convertible E-Ray, Equinox, Silverado 1500, 2500, 3500, Silverado EV, Suburban 1500, Tahoe, Traverse, GMC Acadia, Hummer EV Pickup, Hummer EV SUV, Sierra 1500, 2500, 3500, Sierra EV, Terrain, Yukon, and Yukon XL vehicles. The radio may not have been set to the correct status to download the electronic owner's manual during production. As such, these vehicles fail to comply with the requirements of Federal Motor Vehicle Safety Standard number 208, “Occupant  Protection.”","Without an owner's manual to consult, owners may not know how to safely use and operate the vehicle, increasing the risk of injury in a crash.","Dealers will reset the vehicle radio, which will facilitate automatic download of the electronic owner’s manual, free of charge. Owner notification letters are expected to be mailed April 13, 2026. Owners may contact GM customer service at 1-866-467-9700, Chevrolet customer service at 1-800-222-1020 or Cadillac customer service at 1-800-333-4223. The manufacturer's number for this recall is N252540430. Vehicle Identification Numbers (VINs) involved in this recall became searchable on NHTSA.gov on February 26, 2026.",,"2025","CHEVROLET","COLORADO"
"General Motors, LLC","24V418000",0,0,0,,"06/06/2024","SEAT BELTS:FRONT:RETRACTOR","General Motors, LLC (GM) is recalling certain 2024-2025 Chevrolet Corvette vehicles.  The driver and/or passenger seat belt retractors may lock in a stowed position and become inaccessible to occupants.","An inaccessible seat belt that cannot restrain an occupant, increases the risk of injury in a crash.","Dealers will replace the driver and/or passenger seat belt retractors, free of charge.  Owner notification letters were mailed September 19, 2024.  Owners may contact Chevrolet customer service at 1-800-222-1020.  GM's number for this recall is N242441390.","Owners may also contact the National Highway Traffic Safety Administration Vehicle Safety Hotline at 1-888-327-4236 (TTY 1-800-424-9153), or go to www.nhtsa.gov.","2025","CHEVROLET","CORVETTE"
"General Motors, LLC","25V536000",0,0,0,,"21/08/2025","FUEL SYSTEM, GASOLINE","General Motors, LLC (GM) is recalling certain 2023–2026 Chevrolet Corvette vehicles equipped with a left-side radiator/fan combination. Excess fuel may spill into the vehicle fuel-filler pocket during refueling and leak onto an ignition source.","A fuel leak in the presence of an ignition source, such as hot engine or exhaust components, can increase the risk of a fire.","Dealers will install a shield to divert spilled fuel, free of charge. Owner notification letters were mailed November 14, 2025. Owners may contact Chevrolet customer service at 1-800-222-1020. GM's number for this recall is N252514930.",,"2025","CHEVROLET","CORVETTE"
"General Motors, LLC","24V737000",0,0,0,,"02/10/2024","LATCHES/LOCKS/LINKAGES:DOORS:LATCH","General Motors, LLC (GM) is recalling certain 2025 Chevrolet Blazer, Blazer EV, and Equinox vehicles.  The door strikers were not properly heat-treated, which can cause them to break.","A broken door striker can cause the door to open unexpectedly, increasing the risk of injury.","Dealers will replace all four side door strikers and attachment bolts, free of charge.  All affected vehicles are still in dealership inventory and therefore no owner notification letters are expected to be mailed.  Owners may call Chevrolet customer service at 1-800-222-1020.  GM's number for this recall is N242477131.","Owners may also contact the National Highway Traffic Safety Administration Vehicle Safety Hotline at 1-888-327-4236 (TTY 1-800-424-9153) or go to nhtsa.gov.","2025","CHEVROLET","EQUINOX EV"
"General Motors, LLC","24V925000",0,0,0,,"12/12/2024","ELECTRICAL SYSTEM:BODY CONTROL MODULE/BCM","General Motors LLC (GM) is recalling certain 2025 Chevrolet Equinox EV vehicles.  The pedestrian alert sound system may have incorrect software and not produce sound at a sufficient volume.  As such, these vehicles fail to comply with the requirements of Federal Motor Vehicle Safety Standard (FMVSS) number 141, ""Minimum Sound Requirements for Hybrid and Electric Vehicles.""","A vehicle that fails to make sufficient sound may result in pedestrians being unaware of an approaching vehicle, increasing the risk of injury.","Dealers will update the software in the body control module (BCM), free of charge.  Owner notification letters were mailed January 21, 2025.  Owners may contact Chevrolet customer service at 1-800-222-1020.  GM's number for this recall is N242479760.","Owners may also contact the National Highway Traffic Safety Administration Vehicle Safety Hotline at 1-888-327-4236 (TTY 1-800-424-9153) or go to www.nhtsa.gov.","2025","CHEVROLET","EQUINOX EV"
"General Motors, LLC","25V012000",0,0,0,,"16/01/2025","SERVICE BRAKES, HYDRAULIC","General Motors, LLC (GM) is recalling certain 2025 Chevrolet Equinox EV all-wheel drive electric vehicles.  The adaptive cruise control may fail to engage the brakes as expected, due to incorrect brake module software.","A vehicle that does not automatically brake as expected increases the risk of a crash.","Dealers will update the software calibration in the brake system control module, free of charge.  Owner notification letters were mailed February 13, 2025.  Owners may contact Chevrolet customer service at 1-800-222-1020.  GM's number for this recall is N242481530.","Owners may also contact the National Highway Traffic Safety Administration Vehicle Safety Hotline at 1-888-327-4236 (TTY 1-800-424-9153) or go to nhtsa.gov.","2025","CHEVROLET","EQUINOX EV"
"General Motors, LLC","25V704000",0,0,0,,"16/10/2025","TIRES:TREAD/BELT","General Motors, LLC (GM) is recalling certain 2025-2026 Cadillac Optic and 2025-2026 Chevrolet Equinox EV vehicles equipped with 21-inch Continental all-season tires. One or more of these tires may experience partial or full tread detachment.","Tire tread detachment increases the risk of a crash.","Dealers will inspect all four tires and replace those manufactured during DOT week 4024, free of charge. Owner notification letters were mailed November 19, 2025. Owners may contact Cadillac customer service at 1-800-333-4223, or Chevrolet customer service at 1-800-222-1020. GM's number for this recall is N252525030. Vehicle Identification Numbers (VINs) involved in this recall will be searchable on NHTSA.gov beginning October 16, 2025.",,"2025","CHEVROLET","EQUINOX EV"
"General Motors, LLC","25V878000",0,0,0,,"18/12/2025","BACK OVER PREVENTION:WARNINGS:EXTERNAL/PEDESTRIAN ALERT","General Motors, LLC (GM) is recalling certain 2025-2026 Equinox EV vehicles. The pedestrian alert sound system may not produce a sufficient change in volume between the vehicle being stopped and moving at low speeds.  As such, these vehicles fail to comply with the requirements of Federal Motor Vehicle Safety Standard (FMVSS) number 141, ""Minimum Sound Requirements for Hybrid and Electric Vehicles.""","A vehicle that does not emit sufficient sound may fail to alert pedestrians of a moving vehicle, increasing the risk of a crash or injury.","The body control module software will be updated by a dealer, or through an over-the-air (OTA) software update, free of charge. Owner notification letters were mailed January 29, 2026. Owners may contact GM customer service at 1-800-222-1020. GM's number for this recall is N252530690. Vehicle Identification Numbers (VINs) involved in this recall became searchable on NHTSA.gov on December 18, 2025.",,"2025","CHEVROLET","EQUINOX EV"
"General Motors, LLC","26V114000",0,0,0,,"26/02/2026","EQUIPMENT:OTHER:OWNERS/SERVICE/OTHER MANUAL","General Motors has decided that certain 2027 Chevrolet Bolt EV, 2025-2026 Cadillac OPTIQ, Chevrolet Colorado, Equinox EV, GMC Canyon, 2026 Buick Enclave, Envision, Cadillac CT5, Escalade, Escalade ESV, Escalade IQ, Escalade IQL, LYRIQ, VISTIQ, Chevrolet Blazer EV, Corvette Convertible, Corvette Coupe, Corvette Convertible E-Ray, Equinox, Silverado 1500, 2500, 3500, Silverado EV, Suburban 1500, Tahoe, Traverse, GMC Acadia, Hummer EV Pickup, Hummer EV SUV, Sierra 1500, 2500, 3500, Sierra EV, Terrain, Yukon, and Yukon XL vehicles. The radio may not have been set to the correct status to download the electronic owner's manual during production. As such, these vehicles fail to comply with the requirements of Federal Motor Vehicle Safety Standard number 208, “Occupant  Protection.”","Without an owner's manual to consult, owners may not know how to safely use and operate the vehicle, increasing the risk of injury in a crash.","Dealers will reset the vehicle radio, which will facilitate automatic download of the electronic owner’s manual, free of charge. Owner notification letters are expected to be mailed April 13, 2026. Owners may contact GM customer service at 1-866-467-9700, Chevrolet customer service at 1-800-222-1020 or Cadillac customer service at 1-800-333-4223. The manufacturer's number for this recall is N252540430. Vehicle Identification Numbers (VINs) involved in this recall became searchable on NHTSA.gov on February 26, 2026.",,"2025","CHEVROLET","EQUINOX EV"
"General Motors, LLC","26V129000",0,0,0,,"05/03/2026","FUEL SYSTEM, GASOLINE:DELIVERY:FUEL PUMP:CONTROL/DRIVE MODULE","General Motors, LLC (GM) is recalling certain 2025-2026 Chevrolet Silverado 3500, and GMC Sierra 3500 vehicles with gasoline engines and dual fuel tanks (RPOs L8T and N2N). The rear fuel pump may not transfer adequate fuel to the front tank, causing an engine stall.","An engine stall increases the risk of a crash.","The vehicle's engine control module (ECM) will be updated by a dealer or through an over-the-air (OTA) update, free of charge. Owner notification letters are expected to be mailed April 20, 2026. Owners may contact GMC customer service at 1-800-462-8782 or Chevrolet customer service at 1-800-222-1020.  GM's number for this recall is N262544420. Vehicle Identification Numbers (VINs) involved in this recall became searchable on NHTSA.gov on March 5, 2026.",,"2025","CHEVROLET","SILVERADO 3500"
"General Motors, LLC","24V937000",0,0,0,,"18/12/2024","FORWARD COLLISION AVOIDANCE: WARNINGS:EXTERNAL/PEDESTRIAN ALERT","General Motors LLC (GM) is recalling certain 2025 Chevrolet Silverado EV work trucks.  The pedestrian alert sound system may not produce sound at a sufficient volume.  As such, these vehicles fail to comply with the requirements of Federal Motor Vehicle Safety Standard (FMVSS) number 141, ""Minimum Sound Requirements for Hybrid and Electric Vehicles.""","A vehicle that fails to make sufficient sound may result in pedestrians being unaware of an approaching vehicle, increasing the risk of injury.","Dealers will update the software in the body control module (BCM), free of charge.  Owner notification letters were mailed January 22, 2025.  Owners may contact Chevrolet customer service at 1-800-222-1020.  GM's number for this recall is N242483530.","Owners may also contact the National Highway Traffic Safety Administration Vehicle Safety Hotline at 1-888-327-4236 (TTY 1-800-424-9153) or go to www.nhtsa.gov.","2025","CHEVROLET","SILVERADO EV"
"Chrysler (FCA US, LLC)","25V302000",0,0,0,,"08/05/2025","AIR BAGS:SIDE/WINDOW:CURTAIN","Chrysler (FCA US, LLC) is recalling certain 2022-2025 Pacifica and Voyager vehicles. The right and left side curtain air bags may have insufficient pressure retention from improperly sealed seams. As such, these vehicles fail to comply with the requirements of Federal Motor Vehicle Safety Standard (FMVSS) number 226, ""Ejection Mitigation.""","An air bag with insufficient pressure retention increases the risk of ejection and injury during a crash.","Dealers will replace the side curtain air bags, as necessary free of charge. Owner notification letters were mailed beginning October 14, 2025. Owners may contact Chrysler customer service at 800-853-1403. Chrysler's numbers for this recall are 06C, 54C, 55C.",,"2025","CHRYSLER","PACIFICA"
"Chrysler (FCA US, LLC)","25V471000",0,0,0,,"17/07/2025","EQUIPMENT:APPLIANCE:TV/RADIO/SPEAKERS","Chrysler (FCA US, LLC) is recalling certain 2024-2025 Chrysler Pacifica vehicles. The vehicles were built with an incorrect radio, which can cause the rearview camera image not to display. As such, these vehicles fail to comply with the requirements of Federal Motor Vehicle Safety Standard (FMVSS) number 111, ""Rear Visibility.""","A rearview image that does not display reduces the driver's view of what is behind the vehicle, increasing the risk of a crash.","Dealers replaced the radio, free of charge.  All affected vehicles have been repaired.  Owner notification letters were mailed August 7, 2025.  Owners may contact Chrysler customer service at 800-853-1403.  Chrysler's number for this recall is 57C.",,"2025","CHRYSLER","PACIFICA"
"Chrysler (FCA US, LLC)","25V573000",0,0,0,,"04/09/2025","AIR BAGS:SIDE/WINDOW:CURTAIN","Chrysler (FCA US, LLC) is recalling certain 2025 Pacifica and Voyager vehicles. The right and left side curtain air bags may have insufficient pressure retention from improperly sealed seams. As such, these vehicles fail to comply with the requirements of Federal Motor Vehicle Safety Standard (FMVSS) number 226, ""Ejection Mitigation.""","An air bag with insufficient pressure retention increases the risk of ejection and injury during a crash.","Dealers will replace the side curtain air bags, as necessary free of charge. Owner notification letters were mailed October 14, 2025. Owners may contact Chrysler customer service at 800-853-1403. Chrysler's numbers for this recall are 82C, 86C, 87C. Vehicle Identification Numbers (VINs) involved in this recall will be searchable on NHTSA.gov beginning September 11, 2025.",,"2025","CHRYSLER","PACIFICA"
"Rollx Vans","25V876000",0,0,0,,"17/12/2025","EQUIPMENT ADAPTIVE/MOBILITY:WHEELCHAIR RESTRAINTS/SECUREMENT:LATCH/ANCHOR:","Rollx Vans (Rollx) is recalling certain GMC Yukon, Sierra, Chevrolet Express 2500, Ford Transit, E-250, Toyota Sienna, Sienna Hybrid, Honda Odyssey, Chrysler Town and Country, Voyager, Pacifica, Dodge Grand Caravan, and Ram Promaster vehicles equipped with QRT-Deluxe and QRT-Max wheelchair restraints. Please refer to Rollx's recall report for specific model year information. The retractors may not lock, preventing the wheelchair from being properly secured.","An unsecured wheelchair can move during transit, increasing the risk of injury.","Rollx will work with Q'Straint to inspect and replace the retractors as necessary, free of charge. Owner notification letters were mailed February 5, 2026. Owners may contact Rollx's customer service at 1-800-956-6668.",,"2025","CHRYSLER","PACIFICA"
"Vantage Mobility","25V877000",0,0,0,,"17/12/2025","EQUIPMENT ADAPTIVE/MOBILITY:WHEELCHAIR RESTRAINTS/SECUREMENT:LATCH/ANCHOR:","Vantage Mobility, LLC (VM) is recalling certain 2021-2026 Honda Odyssey, 2021-2025 Chrysler Pacifica, and Toyota Sienna vehicles equipped with QRT-Deluxe and QRT-Max wheelchair restraints. The retractors may not lock, preventing the wheelchair from being properly secured.","An unsecured wheelchair can move during transit, increasing the risk of injury.","Dealers will inspect and replace the retractors, free of charge. Owner notification letters was mailed January 27, 2026. Owners may contact Vantage Mobility customer service at 1-800-488-9082.",,"2025","CHRYSLER","PACIFICA"
"Forest River, Inc.","24V326000",0,0,0,,"10/05/2024","STRUCTURE:BODY:ROOF AND PILLARS","Forest River, Inc. (Forest River) is recalling certain 2024-2025 Coachmen Nova NAB20C and NAB20D Class B motorhomes.  The solar panel may detach from the pop-up roof.","A detached solar panel could become a road hazard, increasing the risk of a crash.","Dealers will remove and reinstall the solar panel, free of charge.  Owner notification letters were mailed June 26, 2024.  Owners may contact Forest River Customer Service at 1-574-825-6319.  Forest River's number for this recall is 225-1772.","Owners may also contact the National Highway Traffic Safety Administration Vehicle Safety Hotline at 1-888-327-4236 (TTY 1-800-424-9153), or go to www.nhtsa.gov.","2025","COACHMEN","NOVA"
"Chrysler (FCA US, LLC)","25V389000",0,0,0,,"12/06/2025","BACK OVER PREVENTION:WARNINGS:EXTERNAL/PEDESTRIAN ALERT","Chrysler (FCA US, LLC) is recalling certain 2024-2025 Dodge Charger vehicles. The amplifier may be missing software, which can prevent the amplifier from emitting exterior sound, including pedestrian warnings. As such, these vehicles fail to comply with the requirements of Federal Motor Vehicle Safety Standard number 141, ""Minimum Sound Requirements for Hybrid Electric Vehicles.""","A vehicle that does not emit sound may fail to alert pedestrians of a moving vehicle, increasing the risk of a crash or injury.","Dealers will inspect and update the amplifier software, as necessary free of charge. Owner notification letters were mailed June 26, 2025. Owners may contact Chrysler customer service at 800-853-1403. Chrysler's number for this recall is 44C.",,"2025","DODGE","CHARGER"
"Chrysler (FCA US, LLC)","25V574000",0,0,0,,"04/09/2025","POWER TRAIN:AUTOMATIC TRANSMISSION:INTERNAL:PARK PAWL","Chrysler (FCA US, LLC) is recalling certain 2024-2025 Dodge Charger and Jeep Wagoneer S electric vehicles. An incorrectly installed spring may cause the loss of the park function when the vehicle’s gear selector is placed in the park (P) position, which can result in a vehicle rollaway. As such, these vehicles fail to comply with the requirements of Federal Motor Vehicle Safety Standard (FMVSS) number 114, ""Theft Protection and Rollaway Prevention.""","A vehicle rollaway increases the risk of a crash.","Dealers will replace the electric drive module, free of charge. Owner notification letters were mailed September 25, 2025. Owners may contact Chrysler customer service at 800-853-1403. Chrysler's number for this recall is 63C. Vehicle Identification Numbers (VINs) involved in this recall will be searchable on NHTSA.gov beginning September 11, 2025.",,"2025","DODGE","CHARGER"
"Ducati North America","25V013000",0,0,0,,"24/01/2025","SERVICE BRAKES, HYDRAULIC:POWER ASSIST:HYDRAULIC:HOSES, LINES/PIPING, AND FITTINGS","Ducati North America (Ducati) is recalling certain 2025 Ducati Panigale S/STD V4 motorcycles.  Excessive heat may damage the rear brake hose between the ABS control unit and brake caliper, resulting in a sudden loss of the rear brakes.","A sudden loss of the rear brakes increases the risk of a crash or injury.","Dealers will reinstall the thermal shield, free of charge.  Owner notification letters were mailed February 17, 2025.  Owners may contact Ducati customer service at 1-888-391-5446.  Ducati's number for this recall is CR285.","Owners may also contact the National Highway Traffic Safety Administration Vehicle Safety Hotline at 1-888-327-4236 (TTY 1-800-424-9153) or go to nhtsa.gov.","2025","DUCATI","PANIGALE S/STD V4"
"Ducati North America","26V050000",0,0,0,,"28/01/2026","SERVICE BRAKES, HYDRAULIC:FOUNDATION COMPONENTS:HOSES, LINES/PIPING, AND FITTINGS","Ducati North America (Ducati) is recalling certain 2025-2026 Streetfighter V4, Streetfighter V4 S, Panigale V4, and Panigale V4 S motorcycles. Excessive heat may damage the rear brake hose between the ABS control unit and brake caliper, resulting in a sudden loss of the rear brakes.","A sudden loss of rear brake function increases the risk of a crash or injury.","Dealers will replace the thermal shield, free of charge. Owner notification letters were mailed March 9, 2026.  Owners may contact Ducati customer service at 1-888-391-5446.  Ducati's number for this recall is SRV-RCL-26-001.  Vehicle Identification Numbers (VINs) involved in this recall became searchable on NHTSA.gov on February 3, 2026. This recall expands and replaces previous NHTSA recall number 25V013. Vehicles repaired under the previous recall will need to have the new remedy completed.",,"2025","DUCATI","PANIGALE V4"
"Ducati North America","26V050000",0,0,0,,"28/01/2026","SERVICE BRAKES, HYDRAULIC:FOUNDATION COMPONENTS:HOSES, LINES/PIPING, AND FITTINGS","Ducati North America (Ducati) is recalling certain 2025-2026 Streetfighter V4, Streetfighter V4 S, Panigale V4, and Panigale V4 S motorcycles. Excessive heat may damage the rear brake hose between the ABS control unit and brake caliper, resulting in a sudden loss of the rear brakes.","A sudden loss of rear brake function increases the risk of a crash or injury.","Dealers will replace the thermal shield, free of charge. Owner notification letters were mailed March 9, 2026.  Owners may contact Ducati customer service at 1-888-391-5446.  Ducati's number for this recall is SRV-RCL-26-001.  Vehicle Identification Numbers (VINs) involved in this recall became searchable on NHTSA.gov on February 3, 2026. This recall expands and replaces previous NHTSA recall number 25V013. Vehicles repaired under the previous recall will need to have the new remedy completed.",,"2025","DUCATI","PANIGALE V4 S"
"Forest River, Inc.","25V263000",0,0,0,,"18/04/2025","EQUIPMENT:RECREATIONAL VEHICLE/TRAILER","Forest River, Inc. (Forest River) is recalling certain 2025 East to West Bravado BRC33DSF motorhomes.  The slide-room floor may detach from the vehicle in the open position.  Additionally, the slide-room floor may not properly retain the seat belts during a crash.","Seat belts that are not properly retained during a crash increase the risk of injury.","Dealers will properly secure the floor, free of charge.  Owner notification letters were mailed April 24, 2025.  Owners may contact East to West customer service at 1-574-264-6664.  Forest River's number for this recall is 504-1919.","Owners may also contact the National Highway Traffic Safety Administration Vehicle Safety Hotline at 1-888-327-4236 (TTY 1- 888-275-9171), or go to www.safercar.gov.","2025","EAST TO WEST","BRAVADO"
"Jayco, Inc.","24V309000",0,0,0,,"01/05/2024","FORWARD COLLISION AVOIDANCE: SENSING SYSTEM: CAMERA","Jayco, Inc. (Jayco) is recalling certain 2023-2025 Entegra Aspire Class A motorhomes.  The camera control module may have been installed upside down and flush to the floor, which can allow it to overheat and prevent the camera image from displaying.","A camera image that does not display decreases the driver's visibility, increasing the risk of a crash.","Dealers will replace the camera control module, install two brackets, free of charge.  Owner notification letters were mailed June 7, 2024.  Owners may contact Jayco customer service at 1-800-283-8267.  Jayco's number for this recall is 9903607.","Owners may also contact the National Highway Traffic Safety Administration Vehicle Safety Hotline at 1-888-327-4236 (TTY 1-800-424-9153), or go to www.nhtsa.gov.","2025","ENTEGRA","ASPIRE"
"Jayco, Inc.","24V577000",0,0,0,,"01/08/2024","ELECTRICAL SYSTEM:12V/24V/48V BATTERY:CABLES","Jayco, Inc. (Jayco) is recalling certain 2024-2025 Entegra Anthem, Aspire, Cornerstone, Reatta, and Reatta XL motorhomes.  The battery cables may not be the correct size, in the correct location, or they may be improperly tightened, which can cause an electrical short or allow the cables to overheat.","An electrical short or overheating of the battery cables increases the risk of a fire.","Dealers will inspect the battery cables, and repair or replace them as necessary, free of charge.  Owner notification letters are expected to be mailed August 30, 2024.  Owners may contact Jayco customer service at 1-800-283-8267.  Jayco's number for this recall is 9903611.","Owners may also contact the National Highway Traffic Safety Administration Vehicle Safety Hotline at 1-888-327-4236 (TTY 1-800-424-9153), or go to www.nhtsa.gov.","2025","ENTEGRA","ASPIRE"
"Jayco, Inc.","25V205000",0,0,0,,"02/04/2025","FUEL SYSTEM, DIESEL:DELIVERY:HOSES, LINES/PIPING, AND FITTINGS","Jayco, Inc. (Jayco) is recalling certain 2024-2025 Entegra Anthem, Aspire, and 2025 Reatta XL motorhomes, equipped with Cummins L9 diesel engines.  The remote fuel filter hose may separate from the fitting, causing a fuel leak and an engine stall.","A fuel leak in the presence of an ignition source increases the risk of a fire.  An engine stall increases the risk of a crash.","Cummins will replace the fuel hoses, free of charge.  Owner notification letters are expected to be mailed April 30, 2025.  Owners may contact Jayco customer service at 1-800-283-8267.","Owners may also contact the National Highway Traffic Safety Administration Vehicle Safety Hotline at 888-327-4236 (TTY 888-275-9171) or go to nhtsa.gov.","2025","ENTEGRA","ASPIRE"
"REV Recreation Group","25V121000",0,0,0,,"27/02/2025","ENGINE AND ENGINE COOLING:EXHAUST SYSTEM","REV Recreation Group (REV) is recalling certain 2022-2025 Fleetwood Bounder, Flair, Fortis, Holiday Rambler Admiral, Invicta, Vacationer, 2023-2025 Fleetwood Flex, Holiday Rambler Eclipse, and 2022-2023 Fleetwood Southwind motorhomes.  The engine exhaust tip may detach, allowing exhaust fumes to enter the cabin.","Exhaust fumes inside the cabin increases the risk of injury or death from carbon monoxide poisoning.  In addition, a detached exhaust tip can become a road hazard for other road users, increasing the risk of a crash.","Dealers will install a clamp to the exhaust tip, free of charge.  Owner notification letters are expected to be mailed April 26, 2025.  Owners may contact REV customer service at 1-800-509-3417.  REV's number for this recall is 250221REV.","Owners may also contact the National Highway Traffic Safety Administration Vehicle Safety Hotline at 1-888-327-4236 (TTY 1-888-275-9171), or go to www.safercar.gov.","2025","FLEETWOOD","BOUNDER"
"Ford Motor Company","23V625000",0,0,0,,"08/09/2023","POWER TRAIN:AUTOMATIC TRANSMISSION:INTERNAL:PARK PAWL","Ford Motor Company (Ford) is recalling certain 2024-2025 Ford E-350, F-650, and F-750 vehicles.  The park pawl may not fully engage the park gear due to a casting defect in the transmission.","A vehicle which does not have the park pawl fully engaged may result in a vehicle rollaway, increasing the risk of a crash.","Dealers will inspect and replace the transmission, or the valve body and extension housing, as necessary, free of charge.  Owner notification letters were mailed January 16, 2024.  Owners may contact Ford's customer service at 1-866-436-7332.  Ford Motor Company's number for this recall is 23S54.","Owners may also contact the National Highway Traffic Safety Administration Vehicle Safety Hotline at 1-888-327-4236 (TTY 1-800-424-9153), or go to www.nhtsa.gov.","2025","FORD","E-350"
"Ford Motor Company","26V091000",0,0,0,,"17/02/2026","ELECTRICAL SYSTEM:PROPULSION SYSTEM:TRACTION BATTERY","Ford Motor Company (Ford) is recalling certain 2023-2025 Ford Escape and 2023-2026 Lincoln Corsair plug-in hybrid vehicles. A manufacturing defect in one or more of the high voltage battery cells may result in an internal short circuit and battery failure.","Battery failure can cause a loss of drive power, increasing the risk of a crash.  Battery failure can also increase the risk of a fire.","The remedy is currently under development. Owners are advised to only use ""Auto EV"" mode and charge their vehicles to a maximum of 80% battery capacity until the repair has been completed.  Interim letters, notifying owners of the safety risk, and instructions to limit the maximum charge of the battery were mailed February 26, 2026. Additional letters will be sent once the final remedy is available. Owners may contact Ford customer service at 1-866-436-7332. Ford's number for this recall is 25SC4. This recall expands previous recall numbers 24V954 and 25V489. Vehicle Identification Numbers (VINs) involved in this recall became searchable on NHTSA.gov on February 18, 2026.",,"2025","FORD","ESCAPE PHEV"
"Ford Motor Company","25V198000",0,0,0,,"28/03/2025","ENGINE AND ENGINE COOLING:ENGINE:OIL/LUBRICATION","Ford Motor Company (Ford) is recalling certain 2024-2025 F-150, Expedition, and 2024 Lincoln Navigator vehicles equipped with 3.5L GTDI engines.  The engine may have a misaligned engine cup plug, which can result in a rapid oil leak.","A rapid oil leak can result in an engine stall, increasing the risk of a crash.  In addition, an oil leak in the presence of an ignition source such as hot engine or exhaust components, can increase the risk of a fire.","Dealers will inspect the engine cup plug alignment, and replace the plug if necessary, free of charge.  Owner notification letters were mailed May 22, 2025.  Owners may contact Ford customer service at 1-866-436-7332.  Ford's number for this recall is 25S30.","Owners may also contact the National Highway Traffic Safety Administration Vehicle Safety Hotline at 888-327-4236 (TTY 888-275-9171) or go to nhtsa.gov.","2025","FORD","EXPEDITION"
"Ford Motor Company","25V439000",0,0,0,,"27/06/2025","AIR BAGS:FRONTAL","Ford Motor Company (Ford) is recalling certain 2025 Navigator and Expedition vehicles. The passenger side air bag may have been manufactured incorrectly, which can cause the air bag to deploy with excessive force during a crash.","An air bag that deploys with excessive force can increase the risk of injury during a crash.","Dealers will replace the  passenger side air bags, free of charge. Owner notification letters were mailed August 8, 2025. Owners may contact Ford Customer Service at 1-866-436-7332. Ford's number for this recall is 25S51.",,"2025","FORD","EXPEDITION"
"Ford Motor Company","25V488000",0,0,0,,"25/07/2025","SERVICE BRAKES, HYDRAULIC:POWER ASSIST:ELECTRIC:CONTROL MODULE:SOFTWARE","Ford Motor Company (Ford) is recalling certain 2025 Lincoln Navigator, F-150, Expedition, Bronco, and Ranger vehicles. The Electronic Brake Booster (EBB) module may malfunction while driving or when the driver is utilizing an Advanced Driver Assistance System (ADAS) feature, resulting in a loss of power brake assist.","An unexpected loss of power brake assist while driving can extend stopping distance and increase the risk of a crash. Additionally, a loss of power brake assist while ADAS features are engaged can result in the vehicle not braking as expected, increasing the risk of a crash.","The EBB module software will be updated over-the-air (OTA) or by a dealer, free of charge. Owner notification letters were mailed on August 22, 2025. Owners may contact Ford customer service at 1-866-436-7332. Ford's number for this recall is 25S77.",,"2025","FORD","EXPEDITION"
"Ford Motor Company","25V823000",0,0,0,,"01/12/2025","SERVICE BRAKES, HYDRAULIC:POWER ASSIST:ELECTRIC:CONTROL MODULE","Ford Motor Company (Ford) is recalling certain 2025 Lincoln Navigator, F-150, Expedition, Bronco, and Ranger vehicles. The Electronic Brake Booster (EBB) module may malfunction while driving or when the driver is utilizing an Advanced Driver Assistance System (ADAS) feature, resulting in a loss of power brake assist.","An unexpected loss of power brake assist while driving can extend stopping distance and increase the risk of a crash. Additionally, a loss of power brake assist while ADAS features are engaged can result in the vehicle not braking as expected, increasing the risk of a crash.","Dealers will replace the electronic brake booster, free of charge. Owner notification letters were mailed February 26, 2026. Owners may contact Ford customer service at 1-866-436-7332. Ford's number for this recall is 25SD4. Vehicle Identification Numbers (VINs) involved in this recall became searchable on NHTSA.gov on December 3, 2025.",,"2025","FORD","EXPEDITION"
"Ford Motor Company","26V104000",0,0,0,,"20/02/2026","ELECTRICAL SYSTEM: INTEGRATED TRAILER BRAKE CONTROL","Ford Motor Company (Ford) is recalling certain 2021-2026 F-150, 2022-2026 F-250 SD, F-350 SD, F-450 SD, F-550 SD, Maverick, 2024-2026 Ranger, 2023-2026 F-600 SD, 2022-2027 Lincoln Navigator, Expedition, and 2026 E-Transit vehicles. When towing a trailer, the integrated trailer module (ITRM) may lose communication with the vehicle, possibly causing a loss of brake and turn signal lights, or a loss of brake function. As such, these vehicles fail to comply with the requirements of Federal Motor Vehicle Safety Standard number 108, "" Lamps, Reflective Devices, and Associated Equipment.""","Trailer lights or brakes that do not function can reduce the driver’s ability to control the trailer and decrease the trailers visibility to other road users, increasing the risk of a crash.","The integrated trailer module software will be updated by a dealer, or through an over-the-air (OTA) update, free of charge. Owner notification letters are expected to be mailed March 17, 2026. Owners may contact Ford customer service at 1-866-436-7332. Ford's number for this recall is 26C10. Vehicle Identification Numbers (VINs) involved in this recall will be searchable on NHTSA.gov beginning March 17, 2026.",,"2025","FORD","EXPEDITION"
"Ford Motor Company","24V634000",0,0,0,,"23/08/2024","FUEL SYSTEM, GASOLINE:FUEL INJECTION SYSTEM:INJECTORS","Ford Motor Company (Ford) is recalling certain 2023 Lincoln Corsair, 2023-2024 Escape, 2024 Mustang, and 2025 Explorer vehicles.  The fuel injectors may have been assembled without O-ring support discs, which can result in a fuel leak.","A fuel leak in the presence of an ignition source increases the risk of a fire.","Dealers will install new fuel injector O-rings and O-ring support discs, free of charge.  Owner notification letters were mailed on October 7, 2024.  Owners may contact Ford customer service at 1-866-436-7332.  Ford's number for this recall is 24S54.","Owners may also contact the National Highway Traffic Safety Administration Vehicle Safety Hotline at 1-888-327-4236 (TTY 1-800-424-9153), or go to www.safercar.gov.","2025","FORD","EXPLORER"
"Ford Motor Company","24V801000",0,0,1,,"25/10/2024","BACK OVER PREVENTION:SOFTWARE","Ford Motor Company (Ford) is recalling certain 2025 Explorer and Lincoln Aviator vehicles.  The rearview camera image may fail when the vehicle speed reaches 10 MPH or greater.  As such, these vehicles fail to comply with the requirements of Federal Motor Vehicle Safety Standard number 111, ""Rear Visibility.""","The loss of the rearview camera image while in reverse can reduce the driver's rear visibility, increasing the risk of a crash.","The accessory protocol interface module (APIM) software will be updated through an over-the-air (OTA) update or by a dealer, free of charge.  Owner notification letters were mailed on March 28, 2025.  Owners may contact Ford customer service at 1-866-436-7332.  Ford's number for this recall is 24C34.","Owners may also contact the National Highway Traffic Safety Administration Vehicle Safety Hotline at 1-888-327-4236 (TTY 1-800-424-9153) or go to nhtsa.gov.","2025","FORD","EXPLORER"
"Ford Motor Company","24V852000",0,0,0,,"08/11/2024","EQUIPMENT:OTHER:LABELS","Ford Motor Company (Ford) is recalling certain 2020-2025 Explorer, Lincoln Aviator, 2020-2024 Escape, Lincoln Corsair, 2018-2024 F-150, Expedition and Lincoln Navigator vehicles.  The air bag warning label may be missing from the dashboard.  As such, these vehicles fail to comply with the requirement Federal Motor Vehicle Safety Standard number 208, ""Occupant Crash Protection.""","Without a label that shows the proper restraint usage guidelines, the occupants may have an increased risk of injury in the event of a crash.","Ford will mail owners the warning labels, free of charge.  Owner notification letters were mailed December 19, 2024.  Owners may call Ford customer service at 1-866-436-7332.  Ford's number for this recall is 24C39.","Owners may also contact the National Highway Traffic Safety Administration Vehicle Safety Hotline at 1-888-327-4236 (TTY 1-800-424-9153) or go to nhtsa.gov.","2025","FORD","EXPLORER"
"Ford Motor Company","25V020000",0,0,0,,"17/01/2025","POWER TRAIN:AUTOMATIC TRANSMISSION","Ford Motor Company (Ford) is recalling certain 2025 Ford Explorer and Lincoln Aviator vehicles.  The transmission may be improperly secured due to loose cross member bolts.","An improperly secured transmission can result in a loss of drive power, increasing the risk of a crash.","Dealers will inspect and replace the transmission cross member bolts as necessary, free of charge.  If the cross member bolts are missing, dealers will replace the cross member and install new bolts, free of charge.  Owner notification letters were mailed January 29, 2025.  Owners may contact Ford customer service at 1-866-436-7332.  Ford's number for this recall is 25S03.","Owners may also contact the National Highway Traffic Safety Administration Vehicle Safety Hotline at 1-888-327-4236 (TTY 1-800-424-9153) or go to nhtsa.gov.","2025","FORD","EXPLORER"
"Ford Motor Company","25V164000",0,0,0,,"14/03/2025","POWER TRAIN:AUTOMATIC TRANSMISSION:FLUID/LUBRICANT:VALVES/VALVE BODY","Ford Motor Company (Ford) is recalling certain 2024-2025 F-150, Bronco, 2024 Ranger, 2025 Mustang, Explorer, and Aviator vehicles.  The transmission valve body may have been machined incorrectly, which can cause reverse gear failure, or unexpected forward movement in reverse or neutral gear.","Unexpected vehicle movement increases the risk of a crash.","Dealers will replace the transmission main control valve body, free of charge.  Owner notification letters were mailed April 11, 2025.  Owners may contact Ford customer service at 1-866-436-7332.  Ford's number for this recall is 25S19.","Owners may also contact the National Highway Traffic Safety Administration Vehicle Safety Hotline at 888-327-4236 (TTY 888-275-9171) or go to nhtsa.gov.","2025","FORD","EXPLORER"
"Ford Motor Company","25V239000",0,0,0,,"11/04/2025","POWER TRAIN:AUTOMATIC TRANSMISSION:CONTROL MODULE:SOFTWARE","Ford Motor Company (Ford) is recalling certain 2025 Explorer vehicles.  The powertrain control module (PCM) may reset while driving, which can damage the park system or cause an engine stall.","A damaged park system can result in a vehicle rollaway when the vehicle is placed in park without the parking brake applied.  An engine stall while driving can result in a sudden loss of drive power.  Either of these scenarios can increase the risk of a crash.","Dealers will update the powertrain control module software, free of charge.  Owner notification letters were mailed June 6, 2025. Owners may contact Ford customer service at 1-866-436-7332.  Ford's number for this recall is 25S35.","Owners may also contact the National Highway Traffic Safety Administration Vehicle Safety Hotline at 888-327-4236 (TTY 888-275-9171) or go to nhtsa.gov.","2025","FORD","EXPLORER"
"Ford Motor Company","25V316000",0,0,0,,"09/05/2025","STRUCTURE:FRAME AND MEMBERS","Ford Motor Company (Ford) is recalling certain 2025 Explorer and Aviator vehicles. A mounting bolt for the front subframe may have been tightened improperly.","A loose subframe bolt may reduce the vehicle's performance in a crash, increasing the risk of injury.","Dealers will inspect and tighten the subframe bolts as necessary, free of charge. Owners may contact Ford Customer Service at 1-866-436-7332. Owner notification letters were mailed May 21, 2025. Ford's number for this recall is 25S43.","Owners may also contact the National Highway Traffic Safety Administration Vehicle Safety Hotline at 888-327-4236 (TTY 888-275-9171) or go to nhtsa.gov.","2025","FORD","EXPLORER"
"Ford Motor Company","25V344000",0,0,0,,"13/06/2025","ENGINE AND ENGINE COOLING:ENGINE:HARD PARTS INTERNAL/MECHANICAL","Ford Motor Company (Ford) is recalling certain 2025 Transit, F-150, and Explorer vehicles. The connecting rod and rod bearing components may have manufacturing defects that can lead to engine damage and engine failure.","A damaged engine can result in engine failure and a stall, increasing the risk of a crash.","Dealers will inspect the connecting rods and replace the engine long block assembly as necessary, free of charge. Owner notification letters were mailed August 15, 2025. Owners may contact Ford customer service at 1-866-436-7332. Ford's number for this recall is 25S55.",,"2025","FORD","EXPLORER"
"Ford Motor Company","25V371000",0,0,0,,"03/06/2025","SERVICE BRAKES, HYDRAULIC:FOUNDATION COMPONENTS:DISC:CALIPER","Ford Motor Company (Ford) is recalling certain 2025 Explorer vehicles. The bolts securing the front brake caliper may not be tightened properly, which can result in a loss of front brake function and possible wheel damage.","Loss of brake function and wheel damage can increase the risk of a crash.","Dealers will inspect and tighten the bolts as necessary.  If bolts are missing, the brake caliper and pads will be replaced. Repairs will be performed free of charge. Owner notification letters were mailed June 19, 2025. Owners may contact Ford customer service at 1-866-436-7332. Ford's number for this recall is 25S60.",,"2025","FORD","EXPLORER"
"Ford Motor Company","25V393000",0,0,0,,"13/06/2025","SEATS:MID/REAR ASSEMBLY","Ford Motor Company (Ford) is recalling certain 2020-2025 Aviator, and Explorer vehicles. The switch for the easy-entry second-row outer seats may bind or stick, resulting in the seats unlatching, folding, or sliding unexpectedly while driving.","A seat that moves unexpectedly may not properly restrain an occupant during a crash, increasing their risk of injury.","Dealers will inspect the second-row seat switch, and replace the bezel around the switch as necessary, free of charge. Owner notification letters were mailed August 7, 2025. Owners may contact Ford customer service at 1-866-436-7332. Ford's number for this recall is 25S67.",,"2025","FORD","EXPLORER"
"Ford Motor Company","25V543000",0,0,0,,"22/08/2025","EXTERIOR LIGHTING:TAIL LIGHTS","Ford Motor Company (Ford) is recalling certain 2025 Explorer and Aviator vehicles. When towing a trailer, the tail lights on the trailer may fail to illuminate due to an improperly manufactured body control module. As such, these vehicles fail to comply with the requirements of Federal Motor Vehicle Safety Standard number 108, "" Lamps, Reflective Devices, and Associated Equipment.""","Trailer tail lights that do not illuminate as intended can reduce visibility to other drivers, increasing the risk of a crash.","Dealers will replace the body control module C on vehicles with less than 9,000 miles. For vehicles over 9,000 miles, dealers will perform a functional check on the body control module C and replace it as necessary. Repairs will be performed free of charge. Aviator 2025 owner notification letters were mailed October 13, 2025. Explorer 2025 owner letters were mailed November 25, 2025. Owners may contact Ford customer service at 1-866-436-7332. Ford's number for this recall is 25C42.",,"2025","FORD","EXPLORER"
"Ford Motor Company","25V687000",0,0,0,,"10/10/2025","TRAILER HITCHES","Ford Motor Company (Ford) is recalling certain 2024-2026 Explorer and 2024-2026 Lincoln Aviator vehicles. The trailer hitch assembly bolts may be loose.","While towing a trailer, loose trailer hitch bolts can cause a loss of vehicle handling and control, or cause the trailer to detach. Either of these conditions can increase the risk of a crash.","Dealers will inspect and tighten the trailer hitch bolts, or replace them as necessary, free of charge. Owner notification letters were mailed October 29, 2025. Owners may contact Ford customer service at 1-866-436-7332. Ford's number for this recall is 25SA3. Vehicle Identification Numbers (VINs) involved in this recall became searchable on NHTSA.gov on October 15, 2025.",,"2025","FORD","EXPLORER"
"Ford Motor Company","25V730000",0,0,0,,"24/10/2025","VISIBILITY:WINDSHIELD","Ford Motor Company (Ford) is recalling certain 2025-2026 Lincoln Corsair, Lincoln Aviator, and Explorer vehicles. The windshield glass may have visible air bubbles, which can obscure the driver's visibility. As such, these vehicles fail to comply with the requirements of Federal Motor Vehicle Safety Standard number 205, ""Glazing Materials.""","Reduced visibility while driving can increase the risk of a crash.","Dealers will inspect and replace the windshield as necessary, free of charge. Owner notification letters were mailed November 6, 2025. Owners may contact Ford customer service at 1-866-436-7332. Ford's number for this recall is 25C60. Vehicle Identification Numbers (VINs) involved in this recall become searchable on NHTSA.gov beginning October 27, 2025.",,"2025","FORD","EXPLORER"
"Ford Motor Company","26V121000",0,0,0,,"03/03/2026","EXTERIOR LIGHTING:HEADLIGHTS","Ford Motor Company (Ford) is recalling certain 2025-2026 Explorer vehicles. The Dynamic Bending Light (DBL) system software may cause the passenger-side headlight to turn in the wrong direction when driving through curves in the road. As such, these vehicles fail to comply with the requirements of Federal Motor Vehicle Safety Standard number 108, "" Lamps, Reflective Devices, and Associated Equipment.""","A headlight that turns incorrectly can result in increased glare to other road users, increasing the risk of a crash.","The headlight control module software will be updated by a dealer, or through an over-the-air (OTA) update, free of charge. Owner notification letters are expected to be mailed March 23, 2026. Owners may contact Ford customer service at 1-866-436-7332. Ford's number for this recall is 26C12. Vehicle Identification Numbers (VINs) involved in this recall became searchable on NHTSA.gov on March 5, 2026.",,"2025","FORD","EXPLORER"
"Ford Motor Company","26V122000",0,0,0,,"03/03/2026","ENGINE AND ENGINE COOLING:EXHAUST SYSTEM:EMISSION CONTROL:GAS RECIRCULATION VALVE (EGR VALVE)","Ford Motor Company (Ford) is recalling certain 2025 Ranger, Lincoln Nautilus, Mustang, Maverick, Explorer, Escape, Lincoln Corsair, Bronco Sport, and Bronco vehicles. The exhaust gas recirculation (EGR) valve may fail, resulting in an unexpected loss of drive power.","An unexpected loss of drive power increases the risk of a crash.","The remedy is currently under development. Interim letters, notifying owners of the safety risk, were mailed March 20, 2026. Additional letters will be sent once the final remedy is available, anticipated in September 2026. Owners may contact Ford customer service at 1-866-436-7332. Ford's number for this recall is 26S10. Vehicle Identification Numbers (VINs) involved in this recall became searchable on NHTSA.gov on March 4, 2026.",,"2025","FORD","EXPLORER"
"Ford Motor Company","26V159000",0,0,0,,"17/03/2026","SEAT BELTS","Ford Motor Company (Ford) is recalling certain 2020-2026 Explorer and Lincoln Aviator vehicles. The seat belt anchor bolts at the second-row outer seating positions may be improperly secured.","A loose seat belt buckle may not properly restrain an occupant during a crash, increasing the risk of injury.","Dealers will inspect the second-row outer seat belt lower anchor bolts and replace or repair them as necessary, free of charge. Owner notification letters are expected to be mailed March 23, 2026. Owners may contact Ford customer service at 1-866-436-7332. Ford's number for this recall is 26C18. Vehicle Identification Numbers (VINs) involved in this recall became searchable on NHTSA.gov on March 19, 2026.",,"2025","FORD","EXPLORER"
"Ford Motor Company","26V165000",0,0,0,,"19/03/2026","BACK OVER PREVENTION:SOFTWARE","Ford Motor Company (Ford) is recalling certain 2022-2025 Lincoln Navigator, 2024-2025 Lincoln Nautilus, 2025 Lincoln Aviator and Explorer vehicles. The Image Processing Module A (IPMA) may unexpectedly reset, resulting in loss of the rearview camera image and advanced driver assistance (ADAS) features, including pre-collision assist, lane-keeping assist, and blind-spot monitoring.","Loss of the rearview camera image and certain driver assistance features, can reduce the driver’s ability to detect hazards, increasing the risk of a crash.","The Image Processing Module A software will be updated by a dealer, or through an over-the-air (OTA) update, free of charge. Owner notification letters are expected to be mailed March 30, 2026. Owners may contact Ford customer service at 1-866-436-7332. Ford's number for this recall is 26S21. Vehicle Identification Numbers (VINs) involved in this recall will be searchable on NHTSA.gov beginning March 25, 2026.",,"2025","FORD","EXPLORER"
"Ford Motor Company","25V199000",0,0,0,,"28/03/2025","ELECTRICAL SYSTEM:PROPULSION SYSTEM:FUSES, RELAYS, CONTACTS, AND SHUNTS","Ford Motor Company (Ford) is recalling certain 2025 F-150 full hybrid electric (FHEV) vehicles.  The high voltage battery junction box may contain an incorrect fuse, which can fail and result in a sudden loss of drive power.","A sudden loss of drive power increases the risk of a crash.","Dealers will replace the incorrect 60-amp fuse with a 150-amp fuse, free of charge.  Owner notification letters were mailed April 11, 2025.  Owners may contact Ford customer service at 1-866-436-7332.  Ford's number for this recall is 25S29.","Owners may also contact the National Highway Traffic Safety Administration Vehicle Safety Hotline at 888-327-4236 (TTY 888-275-9171) or go to nhtsa.gov.","2025","FORD","F-150 HYBRID"
"Ford Motor Company","25V163000",0,0,0,,"14/03/2025","POWER TRAIN:AUTOMATIC TRANSMISSION:GEAR POSITION INDICATION (PRNDL)","Ford Motor Company (Ford) is recalling certain 2025 Super Duty F-250, F-350, and F-450 vehicles.  The steering column shifter may have been improperly welded and detach from the steering column.","A detached shifter will prevent the driver from shifting into park, which can result in a vehicle rollaway and increase the risk of a crash.","Dealers will inspect the steering column serial numbers and replace the steering column as necessary, free of charge.  Owner notification letters were mailed April 28, 2025.  Owners may contact Ford customer service at 1-866-436-7332.  Ford's number for this recall is 25S20.","Owners may also contact the National Highway Traffic Safety Administration Vehicle Safety Hotline at 1-888-327-4236 (TTY 1-800-424-9153) or go to nhtsa.gov.","2025","FORD","F-250 SD"
"Ford Motor Company","25V306000",0,0,0,,"09/05/2025","FUEL SYSTEM, DIESEL:DELIVERY:HOSES, LINES/PIPING, AND FITTINGS","Ford Motor Company (Ford) is recalling certain F-250 and F-350 vehicles.  Cracked fuel return line connectors may leak fuel into the engine compartment.","A fuel leak in the presence of an ignition source such as hot engine components, can increase the risk of a fire.","Dealers will replace the fuel return lines, free of charge. All vehicles have been repaired. Owners may contact Ford Customer Service at 1-866-436-7332.  Ford's number for this recall is 25S44.","Owners may also contact the National Highway Traffic Safety Administration Vehicle Safety Hotline at 888-327-4236 (TTY 888-275-9171) or go to nhtsa.gov.","2025","FORD","F-250 SD"
"Ford Motor Company","25V401000",1,0,0,,"13/06/2025","SERVICE BRAKES, HYDRAULIC:PEDALS AND LINKAGES","Ford Motor Company (Ford) is recalling certain 2025  F-550 SD, F-450 SD, F-350 SD, and F-250 SD vehicles. The brake booster pushrod retaining spring may not have been installed, which can allow the pushrod to disconnect from the brake pedal and cause a sudden loss of brake function. As such, these vehicles fail to comply with the requirements of Federal Motor Vehicle Safety Standard (FMVSS) numbers 135, ""Light Vehicle Brake Systems"" and 105, ""Hydraulic and electric brake systems.""","A sudden loss of brake function increases the risk of a crash.","Owners are advised not to drive their vehicles until they have been repaired. Dealers will inspect and repair the brake pedal assembly as necessary, free of charge. Owner notification letters were mailed June 20, 2025.  Owners may contact Ford Customer Service at 1-866-436-7332.  Ford's number for this recall is 25C26.",,"2025","FORD","F-250 SD"
"Ford Motor Company","25V540000",0,0,0,,"22/08/2025","ELECTRICAL SYSTEM: INSTRUMENT CLUSTER/PANEL","Ford Motor Company (Ford) is recalling certain 2025-2026 F-550 SD, F-450 SD, F-350 SD, F-250 SD, and 2025 F-150 vehicles. The Instrument Panel Cluster (IPC) may fail at startup.","An instrument panel display that does not show critical information, such as warning lights or vehicle speed, increases the risk of a crash.","The instrument panel cluster software will be updated by a dealer or through an over-the-air (OTA) update, free of charge. Owner notification letters were mailed September 5, 2025. Owners may contact Ford customer service at 1-866-436-7332. Ford's number for this recall is 25S88.",,"2025","FORD","F-250 SD"
"Ford Motor Company","26V104000",0,0,0,,"20/02/2026","ELECTRICAL SYSTEM: INTEGRATED TRAILER BRAKE CONTROL","Ford Motor Company (Ford) is recalling certain 2021-2026 F-150, 2022-2026 F-250 SD, F-350 SD, F-450 SD, F-550 SD, Maverick, 2024-2026 Ranger, 2023-2026 F-600 SD, 2022-2027 Lincoln Navigator, Expedition, and 2026 E-Transit vehicles. When towing a trailer, the integrated trailer module (ITRM) may lose communication with the vehicle, possibly causing a loss of brake and turn signal lights, or a loss of brake function. As such, these vehicles fail to comply with the requirements of Federal Motor Vehicle Safety Standard number 108, "" Lamps, Reflective Devices, and Associated Equipment.""","Trailer lights or brakes that do not function can reduce the driver’s ability to control the trailer and decrease the trailers visibility to other road users, increasing the risk of a crash.","The integrated trailer module software will be updated by a dealer, or through an over-the-air (OTA) update, free of charge. Owner notification letters are expected to be mailed March 17, 2026. Owners may contact Ford customer service at 1-866-436-7332. Ford's number for this recall is 26C10. Vehicle Identification Numbers (VINs) involved in this recall will be searchable on NHTSA.gov beginning March 17, 2026.",,"2025","FORD","F-250 SD"
"Ford Motor Company","26V119000",0,0,0,,"03/03/2026","POWER TRAIN:AXLE ASSEMBLY:AXLE SHAFT","Ford Motor Company (Ford) is recalling certain 2026-2025 F-250 SD and F-350 SD vehicles. The driveshaft friction weld may fail, resulting in rear driveshaft separation and a sudden loss of drive power.","A loss of drive power can increase the risk of a crash.","Dealers will inspect the driveshaft serial number and replace the driveshaft as necessary, free of charge. Interim letters, notifying owners of the safety risk, were mailed March 13, 2026. Additional letters will be sent once the final remedy is available, anticipated in late March 2026. Owners may contact Ford customer service at 1-866-436-7332. Ford's number for this recall is 26S13. Vehicle Identification Numbers (VINs) involved in this recall became searchable on NHTSA.gov on March 4, 2026.",,"2025","FORD","F-250 SD"
"Ford Motor Company","25V163000",0,0,0,,"14/03/2025","POWER TRAIN:AUTOMATIC TRANSMISSION:GEAR POSITION INDICATION (PRNDL)","Ford Motor Company (Ford) is recalling certain 2025 Super Duty F-250, F-350, and F-450 vehicles.  The steering column shifter may have been improperly welded and detach from the steering column.","A detached shifter will prevent the driver from shifting into park, which can result in a vehicle rollaway and increase the risk of a crash.","Dealers will inspect the steering column serial numbers and replace the steering column as necessary, free of charge.  Owner notification letters were mailed April 28, 2025.  Owners may contact Ford customer service at 1-866-436-7332.  Ford's number for this recall is 25S20.","Owners may also contact the National Highway Traffic Safety Administration Vehicle Safety Hotline at 1-888-327-4236 (TTY 1-800-424-9153) or go to nhtsa.gov.","2025","FORD","F-350 SD"
"Ford Motor Company","25V306000",0,0,0,,"09/05/2025","FUEL SYSTEM, DIESEL:DELIVERY:HOSES, LINES/PIPING, AND FITTINGS","Ford Motor Company (Ford) is recalling certain F-250 and F-350 vehicles.  Cracked fuel return line connectors may leak fuel into the engine compartment.","A fuel leak in the presence of an ignition source such as hot engine components, can increase the risk of a fire.","Dealers will replace the fuel return lines, free of charge. All vehicles have been repaired. Owners may contact Ford Customer Service at 1-866-436-7332.  Ford's number for this recall is 25S44.","Owners may also contact the National Highway Traffic Safety Administration Vehicle Safety Hotline at 888-327-4236 (TTY 888-275-9171) or go to nhtsa.gov.","2025","FORD","F-350 SD"
"Ford Motor Company","25V401000",1,0,0,,"13/06/2025","SERVICE BRAKES, HYDRAULIC:PEDALS AND LINKAGES","Ford Motor Company (Ford) is recalling certain 2025  F-550 SD, F-450 SD, F-350 SD, and F-250 SD vehicles. The brake booster pushrod retaining spring may not have been installed, which can allow the pushrod to disconnect from the brake pedal and cause a sudden loss of brake function. As such, these vehicles fail to comply with the requirements of Federal Motor Vehicle Safety Standard (FMVSS) numbers 135, ""Light Vehicle Brake Systems"" and 105, ""Hydraulic and electric brake systems.""","A sudden loss of brake function increases the risk of a crash.","Owners are advised not to drive their vehicles until they have been repaired. Dealers will inspect and repair the brake pedal assembly as necessary, free of charge. Owner notification letters were mailed June 20, 2025.  Owners may contact Ford Customer Service at 1-866-436-7332.  Ford's number for this recall is 25C26.",,"2025","FORD","F-350 SD"
"Ford Motor Company","25V540000",0,0,0,,"22/08/2025","ELECTRICAL SYSTEM: INSTRUMENT CLUSTER/PANEL","Ford Motor Company (Ford) is recalling certain 2025-2026 F-550 SD, F-450 SD, F-350 SD, F-250 SD, and 2025 F-150 vehicles. The Instrument Panel Cluster (IPC) may fail at startup.","An instrument panel display that does not show critical information, such as warning lights or vehicle speed, increases the risk of a crash.","The instrument panel cluster software will be updated by a dealer or through an over-the-air (OTA) update, free of charge. Owner notification letters were mailed September 5, 2025. Owners may contact Ford customer service at 1-866-436-7332. Ford's number for this recall is 25S88.",,"2025","FORD","F-350 SD"
"Ford Motor Company","26V104000",0,0,0,,"20/02/2026","ELECTRICAL SYSTEM: INTEGRATED TRAILER BRAKE CONTROL","Ford Motor Company (Ford) is recalling certain 2021-2026 F-150, 2022-2026 F-250 SD, F-350 SD, F-450 SD, F-550 SD, Maverick, 2024-2026 Ranger, 2023-2026 F-600 SD, 2022-2027 Lincoln Navigator, Expedition, and 2026 E-Transit vehicles. When towing a trailer, the integrated trailer module (ITRM) may lose communication with the vehicle, possibly causing a loss of brake and turn signal lights, or a loss of brake function. As such, these vehicles fail to comply with the requirements of Federal Motor Vehicle Safety Standard number 108, "" Lamps, Reflective Devices, and Associated Equipment.""","Trailer lights or brakes that do not function can reduce the driver’s ability to control the trailer and decrease the trailers visibility to other road users, increasing the risk of a crash.","The integrated trailer module software will be updated by a dealer, or through an over-the-air (OTA) update, free of charge. Owner notification letters are expected to be mailed March 17, 2026. Owners may contact Ford customer service at 1-866-436-7332. Ford's number for this recall is 26C10. Vehicle Identification Numbers (VINs) involved in this recall will be searchable on NHTSA.gov beginning March 17, 2026.",,"2025","FORD","F-350 SD"
"Ford Motor Company","26V119000",0,0,0,,"03/03/2026","POWER TRAIN:AXLE ASSEMBLY:AXLE SHAFT","Ford Motor Company (Ford) is recalling certain 2026-2025 F-250 SD and F-350 SD vehicles. The driveshaft friction weld may fail, resulting in rear driveshaft separation and a sudden loss of drive power.","A loss of drive power can increase the risk of a crash.","Dealers will inspect the driveshaft serial number and replace the driveshaft as necessary, free of charge. Interim letters, notifying owners of the safety risk, were mailed March 13, 2026. Additional letters will be sent once the final remedy is available, anticipated in late March 2026. Owners may contact Ford customer service at 1-866-436-7332. Ford's number for this recall is 26S13. Vehicle Identification Numbers (VINs) involved in this recall became searchable on NHTSA.gov on March 4, 2026.",,"2025","FORD","F-350 SD"
"Ford Motor Company","25V163000",0,0,0,,"14/03/2025","POWER TRAIN:AUTOMATIC TRANSMISSION:GEAR POSITION INDICATION (PRNDL)","Ford Motor Company (Ford) is recalling certain 2025 Super Duty F-250, F-350, and F-450 vehicles.  The steering column shifter may have been improperly welded and detach from the steering column.","A detached shifter will prevent the driver from shifting into park, which can result in a vehicle rollaway and increase the risk of a crash.","Dealers will inspect the steering column serial numbers and replace the steering column as necessary, free of charge.  Owner notification letters were mailed April 28, 2025.  Owners may contact Ford customer service at 1-866-436-7332.  Ford's number for this recall is 25S20.","Owners may also contact the National Highway Traffic Safety Administration Vehicle Safety Hotline at 1-888-327-4236 (TTY 1-800-424-9153) or go to nhtsa.gov.","2025","FORD","F-450 SD"
"Ford Motor Company","25V401000",1,0,0,,"13/06/2025","SERVICE BRAKES, HYDRAULIC:PEDALS AND LINKAGES","Ford Motor Company (Ford) is recalling certain 2025  F-550 SD, F-450 SD, F-350 SD, and F-250 SD vehicles. The brake booster pushrod retaining spring may not have been installed, which can allow the pushrod to disconnect from the brake pedal and cause a sudden loss of brake function. As such, these vehicles fail to comply with the requirements of Federal Motor Vehicle Safety Standard (FMVSS) numbers 135, ""Light Vehicle Brake Systems"" and 105, ""Hydraulic and electric brake systems.""","A sudden loss of brake function increases the risk of a crash.","Owners are advised not to drive their vehicles until they have been repaired. Dealers will inspect and repair the brake pedal assembly as necessary, free of charge. Owner notification letters were mailed June 20, 2025.  Owners may contact Ford Customer Service at 1-866-436-7332.  Ford's number for this recall is 25C26.",,"2025","FORD","F-450 SD"
"Ford Motor Company","25V540000",0,0,0,,"22/08/2025","ELECTRICAL SYSTEM: INSTRUMENT CLUSTER/PANEL","Ford Motor Company (Ford) is recalling certain 2025-2026 F-550 SD, F-450 SD, F-350 SD, F-250 SD, and 2025 F-150 vehicles. The Instrument Panel Cluster (IPC) may fail at startup.","An instrument panel display that does not show critical information, such as warning lights or vehicle speed, increases the risk of a crash.","The instrument panel cluster software will be updated by a dealer or through an over-the-air (OTA) update, free of charge. Owner notification letters were mailed September 5, 2025. Owners may contact Ford customer service at 1-866-436-7332. Ford's number for this recall is 25S88.",,"2025","FORD","F-450 SD"
"Ford Motor Company","26V104000",0,0,0,,"20/02/2026","ELECTRICAL SYSTEM: INTEGRATED TRAILER BRAKE CONTROL","Ford Motor Company (Ford) is recalling certain 2021-2026 F-150, 2022-2026 F-250 SD, F-350 SD, F-450 SD, F-550 SD, Maverick, 2024-2026 Ranger, 2023-2026 F-600 SD, 2022-2027 Lincoln Navigator, Expedition, and 2026 E-Transit vehicles. When towing a trailer, the integrated trailer module (ITRM) may lose communication with the vehicle, possibly causing a loss of brake and turn signal lights, or a loss of brake function. As such, these vehicles fail to comply with the requirements of Federal Motor Vehicle Safety Standard number 108, "" Lamps, Reflective Devices, and Associated Equipment.""","Trailer lights or brakes that do not function can reduce the driver’s ability to control the trailer and decrease the trailers visibility to other road users, increasing the risk of a crash.","The integrated trailer module software will be updated by a dealer, or through an over-the-air (OTA) update, free of charge. Owner notification letters are expected to be mailed March 17, 2026. Owners may contact Ford customer service at 1-866-436-7332. Ford's number for this recall is 26C10. Vehicle Identification Numbers (VINs) involved in this recall will be searchable on NHTSA.gov beginning March 17, 2026.",,"2025","FORD","F-450 SD"
"Ford Motor Company","26V104000",0,0,0,,"20/02/2026","ELECTRICAL SYSTEM: INTEGRATED TRAILER BRAKE CONTROL","Ford Motor Company (Ford) is recalling certain 2021-2026 F-150, 2022-2026 F-250 SD, F-350 SD, F-450 SD, F-550 SD, Maverick, 2024-2026 Ranger, 2023-2026 F-600 SD, 2022-2027 Lincoln Navigator, Expedition, and 2026 E-Transit vehicles. When towing a trailer, the integrated trailer module (ITRM) may lose communication with the vehicle, possibly causing a loss of brake and turn signal lights, or a loss of brake function. As such, these vehicles fail to comply with the requirements of Federal Motor Vehicle Safety Standard number 108, "" Lamps, Reflective Devices, and Associated Equipment.""","Trailer lights or brakes that do not function can reduce the driver’s ability to control the trailer and decrease the trailers visibility to other road users, increasing the risk of a crash.","The integrated trailer module software will be updated by a dealer, or through an over-the-air (OTA) update, free of charge. Owner notification letters are expected to be mailed March 17, 2026. Owners may contact Ford customer service at 1-866-436-7332. Ford's number for this recall is 26C10. Vehicle Identification Numbers (VINs) involved in this recall will be searchable on NHTSA.gov beginning March 17, 2026.",,"2025","FORD","F-600 SD"
"Ford Motor Company","23V625000",0,0,0,,"08/09/2023","POWER TRAIN:AUTOMATIC TRANSMISSION:INTERNAL:PARK PAWL","Ford Motor Company (Ford) is recalling certain 2024-2025 Ford E-350, F-650, and F-750 vehicles.  The park pawl may not fully engage the park gear due to a casting defect in the transmission.","A vehicle which does not have the park pawl fully engaged may result in a vehicle rollaway, increasing the risk of a crash.","Dealers will inspect and replace the transmission, or the valve body and extension housing, as necessary, free of charge.  Owner notification letters were mailed January 16, 2024.  Owners may contact Ford's customer service at 1-866-436-7332.  Ford Motor Company's number for this recall is 23S54.","Owners may also contact the National Highway Traffic Safety Administration Vehicle Safety Hotline at 1-888-327-4236 (TTY 1-800-424-9153), or go to www.nhtsa.gov.","2025","FORD","F-650 SD"
"Ford Motor Company","24V494000",0,0,0,,"28/06/2024","STEERING:LINKAGES:TIE ROD ASSEMBLY","Ford Motor Company (Ford) is recalling certain 2025 F-Super Duty F-650 and F-750 vehicles.  The front axle tie rod assemblies may contain ball studs that have been incorrectly heat-treated, which can cause them to break, and possibly result in tie rod failure.","Tie rod failure can cause a loss of vehicle steering control and increase the risk of a crash.","Dealers will inspect and replace the front axle tie rod assembly as necessary, free of charge.  Owner notification letters were mailed August 14, 2024, and October 31, 2024.  Owners may contact Ford customer service at 1-866-436-7332.  Ford's number for this recall is 24S42.","Owners may also contact the National Highway Traffic Safety Administration Vehicle Safety Hotline at 1-888-327-4236 (TTY 1-800-424-9153), or go to www.nhtsa.gov.","2025","FORD","F-650 SD"
"Ford Motor Company","25V164000",0,0,0,,"14/03/2025","POWER TRAIN:AUTOMATIC TRANSMISSION:FLUID/LUBRICANT:VALVES/VALVE BODY","Ford Motor Company (Ford) is recalling certain 2024-2025 F-150, Bronco, 2024 Ranger, 2025 Mustang, Explorer, and Aviator vehicles.  The transmission valve body may have been machined incorrectly, which can cause reverse gear failure, or unexpected forward movement in reverse or neutral gear.","Unexpected vehicle movement increases the risk of a crash.","Dealers will replace the transmission main control valve body, free of charge.  Owner notification letters were mailed April 11, 2025.  Owners may contact Ford customer service at 1-866-436-7332.  Ford's number for this recall is 25S19.","Owners may also contact the National Highway Traffic Safety Administration Vehicle Safety Hotline at 888-327-4236 (TTY 888-275-9171) or go to nhtsa.gov.","2025","FORD","MUSTANG"
"Ford Motor Company","25V519000",0,0,0,,"08/08/2025","EXTERIOR LIGHTING:LIGHTING CONTROL MODULE","Ford Motor Company (Ford) is recalling certain 2025 Lincoln Nautilus, Mustang Mach E, and Mustang vehicles. The LED Driver Modules may contain a burnt diode, which can cause the low-beam and high-beam headlights, daytime running lights, front position lights, and front turn signals to fail in the affected headlight. On Nautilus vehicles only, this condition may also cause the rear tail light, rear turn signal, and rear position light to fail. As such, these vehicles fail to comply with the requirements of Federal Motor Vehicle Safety Standard number 108, ""Lamps, Reflective Devices, and Associated Equipment.""","Exterior lighting failure can reduce visibility for the driver and other road users, increasing the risk of a crash.","Dealers will inspect and replace the LED Driver Modules, as necessary, free of charge. Owner notification letters were mailed September 22, 2025. Owners may contact Ford customer service at 1-866-436-7332. Ford's number for this recall is 25C39.",,"2025","FORD","MUSTANG"
"Ford Motor Company","25V546000",0,0,0,,"22/08/2025","EXTERIOR LIGHTING","Ford Motor Company (Ford) is recalling certain 2024-2025 Mustang, and  Mustang GTD vehicles. Water may enter the body control module and cause a loss of communication with the exterior lighting, including the license plate light, side marker, and tail lights. As such, these vehicles fail to comply with the requirements of Federal Motor Vehicle Safety Standard number 108, ""Lamps, Reflective Devices, and Associated Equipment.""","License plate, side marker, and tail lights that fail to illuminate as intended can reduce visibility to other drivers, increasing the risk of a crash.","Dealers will inspect and seal the body seams as necessary. Dealers will also inspect the body control module for corrosion and replace it, if necessary. Repairs will be performed free of charge. Owner notification letters were mailed October 10, 2025. Owners may contact Ford customer service at 1-866-436-7332. Ford's number for this recall is 25C43.",,"2025","FORD","MUSTANG"
"Ford Motor Company","26V122000",0,0,0,,"03/03/2026","ENGINE AND ENGINE COOLING:EXHAUST SYSTEM:EMISSION CONTROL:GAS RECIRCULATION VALVE (EGR VALVE)","Ford Motor Company (Ford) is recalling certain 2025 Ranger, Lincoln Nautilus, Mustang, Maverick, Explorer, Escape, Lincoln Corsair, Bronco Sport, and Bronco vehicles. The exhaust gas recirculation (EGR) valve may fail, resulting in an unexpected loss of drive power.","An unexpected loss of drive power increases the risk of a crash.","The remedy is currently under development. Interim letters, notifying owners of the safety risk, were mailed March 20, 2026. Additional letters will be sent once the final remedy is available, anticipated in September 2026. Owners may contact Ford customer service at 1-866-436-7332. Ford's number for this recall is 26S10. Vehicle Identification Numbers (VINs) involved in this recall became searchable on NHTSA.gov on March 4, 2026.",,"2025","FORD","MUSTANG"
"Forest River, Inc.","25V111000",0,0,0,,"21/02/2025","EQUIPMENT:OTHER:LABELS","Forest River, Inc. (Forest River) is recalling certain 2017-2025 Coachmen Catalina, 2020-2025 Aurora, and 2025 Puma travel trailers.  The Gross Vehicle Weight Rating (GVWR) on the Federal placard may exceed the safety chain rating.  As such, these vehicles fail to comply with the requirements of Federal Motor Vehicle Safety Standard (FMVSS) numbers 110, ""Tire Selection and Rims"" and 120, ""Wheels and Rims - Other Than Passenger Cars.""","An incorrect weight rating may lead to unintentionally overloading the vehicle, increasing the risk of a crash.","Forest River will mail owners a corrected Federal Placard with application instructions, free of charge.  Owner notification letters were mailed March 24, 2025.  Owners may contact Forest River customer service at 5745-825-4995, and Puma customer service at 1-574-642-0588.  Forest River's number for this recall is 51-1895.","Owners may also contact the National Highway Traffic Safety Administration Vehicle Safety Hotline at 888-327-4236 (TTY 888-275-9171) or go to nhtsa.gov.","2025","FOREST RIVER","AURORA"
"Forest River, Inc.","25V149000",0,0,0,,"07/03/2025","EQUIPMENT:RECREATIONAL VEHICLE/TRAILER:120/240 VAC ELECTRICAL SYSTEM:WIRING","Forest River, Inc. (Forest River) is recalling certain 2025 Aurora ART26BHS travel trailers.  The electrical connector for the air conditioner may have strands of wiring exposed, which can cause electrical arcing.","Electrical arcing increases the risk of a fire.","Dealers will replace the electrical connector, free of charge.  Owner notification letters were mailed March 24, 2025.  Owners may contact Forest River customer service at 1-541-995-3447.  Forest River's number for this recall is 64-1902.","Owners may also contact the National Highway Traffic Safety Administration Vehicle Safety Hotline at 1-888-327-4236 (TTY 1- 888-275-9171), or go to www.safercar.gov.","2025","FOREST RIVER","AURORA"
"Forest River, Inc.","25V245000",0,0,0,,"14/04/2025","STRUCTURE:BODY:STEP/LADDER","Forest River, Inc. (Forest River) is recalling certain 2024-2025 Coachmen Catalina, Forest River Aurora, Cascade, Cedar Creek, Cherokee, Sandpiper, Sierra, 2025 Campsite Reserve, Impression, Pause, Puma, Sabre, Salem, Vengeance, and Wildwood fifth wheel and travel trailers, equipped with a removable step assembly.  The clip-on bracket mounting bolts may come loose, allowing the steps to detach.","Steps that detach while in use increase the risk of injury.","Dealers will inspect and repair or replace the clip-on bracket as necessary, free of charge.  Owner notification letters were mailed April 28, 2025.  Owners may contact customer service at Aurora & Catalina (1-574-825-4995), Campsite Reserve, Cascade, Cherokee, Sabre, Vengeance (1-260-499-2100), Cedar Creek (1-260-593-4000), Impression (1-574-327-2716), Pause (1-574-327-2681), Puma (1-574-642-0588), Sierra & Sandpiper (1-574-534-4574), and Salem & Wildwood (1-574-534-3167).  Forest River's number for this recall is 51-1915.","Owners may also contact the National Highway Traffic Safety Administration Vehicle Safety Hotline at 1-888-327-4236 (TTY 1- 888-275-9171), or go to www.safercar.gov.","2025","FOREST RIVER","AURORA"
"Forest River, Inc.","25V264000",0,0,0,,"18/04/2025","ELECTRICAL SYSTEM:WIRING","Forest River, Inc. (Forest River) is recalling certain 2024-2025 Forest River Aurora and Coachmen Catalina travel trailers.  Please see the 573 report for the complete list of model numbers.  The front exterior accent lights, awning, and auto-leveling system may be incorrectly wired and not have proper over current circuit protection.","Wiring without circuit protection may become damaged and short circuit, increasing the risk of a fire.","Dealers will add circuit protection to the accent lights, awning, and auto leveling system, free of charge.  Owner notification letters were mailed April 29, 2025.  Owners may contact Forest River customer service at 1-574-825-4995.  Forest River's number for this recall is 300-1922.","Owners may also contact the National Highway Traffic Safety Administration Vehicle Safety Hotline at 1-888-327-4236 (TTY 1- 888-275-9171), or go to www.safercar.gov.","2025","FOREST RIVER","AURORA"
"Forest River, Inc.","25V682000",0,0,0,,"10/10/2025","ELECTRICAL SYSTEM:WIRING","Forest River, Inc. (Forest River) is recalling certain 2025-2026 Forest River Aurora, Coachmen Catalina, 2026 Coachmen Viking, Coachmen Clipper, 2016-2026 Wildwood, and Salem recreational trailers. The distribution panel wire may be connected to the battery without over current protection.","Unprotected wiring can increase the risk of a fire.","Dealers will relocate the distribution panel wire to the correct side of the breaker, free of charge. Owner notification letters were mailed November 18, 2025. Owners may contact Forest River customer service at 1-574-825-4995. Forest River's number for this recall is 205-1987.",,"2025","FOREST RIVER","AURORA"
"Forest River, Inc.","25V245000",0,0,0,,"14/04/2025","STRUCTURE:BODY:STEP/LADDER","Forest River, Inc. (Forest River) is recalling certain 2024-2025 Coachmen Catalina, Forest River Aurora, Cascade, Cedar Creek, Cherokee, Sandpiper, Sierra, 2025 Campsite Reserve, Impression, Pause, Puma, Sabre, Salem, Vengeance, and Wildwood fifth wheel and travel trailers, equipped with a removable step assembly.  The clip-on bracket mounting bolts may come loose, allowing the steps to detach.","Steps that detach while in use increase the risk of injury.","Dealers will inspect and repair or replace the clip-on bracket as necessary, free of charge.  Owner notification letters were mailed April 28, 2025.  Owners may contact customer service at Aurora & Catalina (1-574-825-4995), Campsite Reserve, Cascade, Cherokee, Sabre, Vengeance (1-260-499-2100), Cedar Creek (1-260-593-4000), Impression (1-574-327-2716), Pause (1-574-327-2681), Puma (1-574-642-0588), Sierra & Sandpiper (1-574-534-4574), and Salem & Wildwood (1-574-534-3167).  Forest River's number for this recall is 51-1915.","Owners may also contact the National Highway Traffic Safety Administration Vehicle Safety Hotline at 1-888-327-4236 (TTY 1- 888-275-9171), or go to www.safercar.gov.","2025","FOREST RIVER","CAMPSITE RESERVE"
"Forest River, Inc.","25V287000",0,0,0,,"02/05/2025","ELECTRICAL SYSTEM:WIRING","Forest River, Inc. (Forest River) is recalling certain 2025 Campsite Reserve travel trailers.  The solar controller may be wired incorrectly without over current circuit protection.","Wiring without circuit protection may become damaged and short circuit, increasing the risk of a fire.","Dealers will rewire the solar controller power wire, free of charge.  Owner notification letters were mailed May 15, 2025.  Owners may contact Forest River customer service at 1-260-499-2100.  Forest River's number for this recall is 99-1926.","Owners may also contact the National Highway Traffic Safety Administration Vehicle Safety Hotline at 1-888-327-4236 (TTY 1- 888-275-9171) or go to www.safercar.gov.","2025","FOREST RIVER","CAMPSITE RESERVE"
"Forest River, Inc.","24V771000",0,0,0,,"08/11/2024","EQUIPMENT:APPLIANCE:AIR CONDITIONER","Forest River, Inc. (Forest River) is recalling certain 2024 Ahara, Entrada, 2022-2025 FR3, Georgetown, 2021-2023 Dynamax Isata, 2021-2025 Encore, Mirada, Pursuit, 2025 Sportscoach, V-Cruise, V-Sport, V-Tour, 2023 Sunseeker, and 2024-2025 V-RV motorhomes, equipped with General Electric air conditioners with a soft start device with part number ICM870-16A-BH5400.  The air conditioner soft start device may fail and overheat.","An air conditioner soft start device that overheats increases the risk of a fire.","Dealers will replace the soft start, free of charge.  Owner notification letters were mailed July 1, 2025.  Owners may contact Encore, Mirada, Pursuit and Sportscoach customer service at 1-574-825-8212, Isata customer service at 574-262-3474, Georgetown, FR3, and Sunseeker customer service at 574-206-7600, Ahara and Entrada customer service at 574-264-6664, and V-Cruise, V-RV, V-Sport, and V-Tour customer service at 574-617-6408.  Forest River's number for this recall is 51-1839.","Owners may also contact the National Highway Traffic Safety Administration Vehicle Safety Hotline at 1-888-327-4236 (TTY 1-800-424-9153) or go to nhtsa.gov.","2025","FOREST RIVER","GEORGETOWN"
"Forest River, Inc.","25V550000",0,0,0,,"26/08/2025","SERVICE BRAKES, HYDRAULIC:FOUNDATION COMPONENTS:HOSES, LINES/PIPING, AND FITTINGS","Forest River, Inc. (Forest River) is recalling certain 2018-2026 Riverstone fifth wheel trailers. The steel hydraulic brake lines may fail and leak brake fluid.","A brake fluid leak can cause a loss of brake function, increasing the risk of a crash.","Dealers will inspect and replace the brake lines, as necessary, free of charge. Owner notification letters were mailed September 19, 2025. Owners may contact Forest River Customer Service at 260-593-2425. Forest River's number for this recall is 70-1957.",,"2025","FOREST RIVER","RIVERSTONE"
"Forest River, Inc.","26V020000",0,0,0,,"19/01/2026","EQUIPMENT:RECREATIONAL VEHICLE/TRAILER","Forest River, Inc. (Forest River) is recalling certain 2023-2026 Forest River Work and Play, 2024-2026 East to West Takoda, Coachmen Chaparral, 2025-2026 Shasta Phoenix, 2023-2025 Forest River Riverstone, 2022-2026 Coachmen Adrenaline, and 2025 Forest River Cedar Creek fifth wheel travel trailers. The ramp door may break away from the door frame while loading or unloading vehicles.","A ramp door that breaks during use increases the risk of injury.","Dealers will install additional support brackets, free of charge. Owner notification letters were mailed February 18, 2026. Owners may contact Coachmen Adrenaline & Work and Play customer service at 1-574-825-6302, Riverstone customer service at 1-260-593-4028, East to West Takoda customer service at 1-574-264-6664, Cedar Creek customer service at 1-260-593-4000, Coachmen Chapparal and Shasta Pheonix customer service at 1-574-825-7101. Forest River's number for this recall is 51-2017.",,"2025","FOREST RIVER","RIVERSTONE"
"Forest River, Inc.","25V069000",0,0,0,,"07/02/2025","EQUIPMENT:MECHANICAL:CARRIER/RACK","Forest River, Inc. (Forest River) is recalling certain 2024-2025 Rockport work trucks.  The incorrect fasteners may have been used to install the optional E-Track Cargo Tie Down system.","The fasteners can fail, causing the system to detach from the wall and increasing the risk of injury.","Dealers will install the correct fasteners, free of charge.  Owner notification letters were mailed February 17, 2025.  Owners may contact Forest River customer service at 1-574-522-7599.  Forest River's number for this recall is 65-1894.","Owners may also contact the National Highway Traffic Safety Administration Vehicle Safety Hotline at 1-888-327-4236 (TTY 1-800-424-9153) or go to nhtsa.gov.","2025","FOREST RIVER","ROCKPORT"
"Forest River, Inc.","24V490000",0,0,0,,"28/06/2024","STRUCTURE:EMERGENCY:ESCAPE/EGRESS/EXIT","Forest River, Inc. (Forest River) is recalling certain 2024-2025 Salem, and Wildwood travel trailers.  The affected vehicles may not have a secondary emergency exit installed.","In the event of an emergency, passengers may not be able to exit the vehicle, increasing the risk of injury.","Dealers will install an emergency exit window, free of charge.  Owner notification letters were mailed July 26, 2024.  Owners may contact Forest River customer service at 574-534-3167.  Forest River's number for this recall is 72-1805.","Owners may also contact the National Highway Traffic Safety Administration Vehicle Safety Hotline at 1-888-327-4236 (TTY 1-800-424-9153), or go to www.nhtsa.gov.","2025","FOREST RIVER","SALEM"
"Forest River, Inc.","24V629000",0,0,0,,"22/08/2024","STRUCTURE:FRAME AND MEMBERS","Forest River, Inc. (Forest River) is recalling certain 2024-2025 Salem SBF325RL, and Wildwood WBF325RL travel trailers.  The tires may contact chassis components, causing the tires to fail.","Tire failure can cause a loss of vehicle control, increasing the risk of a crash.","Dealers will install a riser kit, free of charge.  Owner notification letters were mailed September 18, 2024.  Owners may contact Forest River customer service at 1-574-534-3167.  Forest River's number for this recall is 69-1833.","Owners may also contact the National Highway Traffic Safety Administration Vehicle Safety Hotline at 1-888-327-4236 (TTY 1-800-424-9153), or go to www.safercar.gov.","2025","FOREST RIVER","SALEM"
"Forest River, Inc.","25V245000",0,0,0,,"14/04/2025","STRUCTURE:BODY:STEP/LADDER","Forest River, Inc. (Forest River) is recalling certain 2024-2025 Coachmen Catalina, Forest River Aurora, Cascade, Cedar Creek, Cherokee, Sandpiper, Sierra, 2025 Campsite Reserve, Impression, Pause, Puma, Sabre, Salem, Vengeance, and Wildwood fifth wheel and travel trailers, equipped with a removable step assembly.  The clip-on bracket mounting bolts may come loose, allowing the steps to detach.","Steps that detach while in use increase the risk of injury.","Dealers will inspect and repair or replace the clip-on bracket as necessary, free of charge.  Owner notification letters were mailed April 28, 2025.  Owners may contact customer service at Aurora & Catalina (1-574-825-4995), Campsite Reserve, Cascade, Cherokee, Sabre, Vengeance (1-260-499-2100), Cedar Creek (1-260-593-4000), Impression (1-574-327-2716), Pause (1-574-327-2681), Puma (1-574-642-0588), Sierra & Sandpiper (1-574-534-4574), and Salem & Wildwood (1-574-534-3167).  Forest River's number for this recall is 51-1915.","Owners may also contact the National Highway Traffic Safety Administration Vehicle Safety Hotline at 1-888-327-4236 (TTY 1- 888-275-9171), or go to www.safercar.gov.","2025","FOREST RIVER","SALEM"
"Forest River, Inc.","25V364000",0,0,0,,"10/06/2025","LATCHES/LOCKS/LINKAGES","Forest River, Inc. (Forest River) is recalling certain 2025 Salem and Wildwood travel trailers. The side entry gate latch may become unlocked, allowing the strut to open the gate during transit.","An open gate can striking other road users and increases the risk of injury.","Dealers will install a warning label and tethered pin and remove the strut, free of chare. Owner notification letters were mailed July 2, 2025. Owner may contact Forest River customer service at 1-574-534-3167. Forest River's number for this recall is 51-1935.",,"2025","FOREST RIVER","SALEM"
"Forest River, Inc.","25V425000",0,0,0,,"20/06/2025","STRUCTURE:EMERGENCY:ESCAPE/EGRESS/EXIT:LATCHING/RELEASE SYSTEM","Forest River, Inc. (Forest River) is recalling certain 2025-2026 Wildwood and Salem travel trailer recreational trailers. The exterior transit latch on the rear patio door cannot be unlocked from inside the vehicle.","A door that remains locked can prevent or delay occupants from evacuating during an emergency, increasing the risk of injury.","Dealers will remove the exterior transit latch, free of charge. Owner notification letters were mailed July 22, 2025. Owners may contact Forest River customer service at 1-574-534-3167. Forest River's number for this recall is 69-1945.",,"2025","FOREST RIVER","SALEM"
"Forest River, Inc.","25V707000",0,0,0,,"17/10/2025","EQUIPMENT:OTHER:LABELS","Forest River, Inc. (Forest River) is recalling certain 2025 Stealth EVO, RPOD, 2025-2026 Wildwood, and Salem recreational trailers. The tire information label may list the incorrect tire inflation information.","A tire can be overinflated after referencing the incorrect information, increasing the risk of a crash.","Dealers will replace the label, free of charge. Owner notification letters were mailed October 29, 2025. Owners of Salem, Wildwood, and Stealth EVO may contact Forest River customer service at 1-503-831-5410. Owner of RPOD may contact Forest River customer service at 1-574-642-3112. Forest River's number for this recall is 51-1991.",,"2025","FOREST RIVER","SALEM"
"Forest River, Inc.","25V682000",0,0,0,,"10/10/2025","ELECTRICAL SYSTEM:WIRING","Forest River, Inc. (Forest River) is recalling certain 2025-2026 Forest River Aurora, Coachmen Catalina, 2026 Coachmen Viking, Coachmen Clipper, 2016-2026 Wildwood, and Salem recreational trailers. The distribution panel wire may be connected to the battery without over current protection.","Unprotected wiring can increase the risk of a fire.","Dealers will relocate the distribution panel wire to the correct side of the breaker, free of charge. Owner notification letters were mailed November 18, 2025. Owners may contact Forest River customer service at 1-574-825-4995. Forest River's number for this recall is 205-1987.",,"2025","FOREST RIVER","SALEM"
"Daimler Trucks North America, LLC","24V335000",0,0,0,,"14/05/2024","PARKING BRAKE","Daimler Trucks North America, LLC (DTNA) is recalling certain 2024-2025 Freightliner Business Class M2 vehicles.  The rubber ball seal in the Intellipark Park Valve Modules (PVM) may fracture and cause a leak, which can result in park brake failure or unexpected park brake engagement while driving.","Park brake failure or unexpected park brake engagement while driving increases the risk of a crash.","Dealers will replace the Intellipark PVM, free of charge.  Owner notification letters were mailed August 2, 2024.  Owners may contact DTNA customer service at 1-800-547-0712.  DTNA's number for this recall is F1000.","Owners may also contact the National Highway Traffic Safety Administration Vehicle Safety Hotline at 1-888-327-4236 (TTY 1-800-424-9153), or go to www.nhtsa.gov.","2025","FREIGHTLINER","BUSINESS CLASS M2"
"Daimler Trucks North America, LLC","24V393000",0,0,0,,"03/06/2024","WHEELS:HUB","Daimler Trucks North America, LLC (DTNA) is recalling certain 2025 Freightliner Custom Chassis MC, MT45, MT45G, MT55, S2C 106, S2RV 106, XBS, XCM, XCP, XCR, XCS, Freightliner 108SD, 114SD, Business Class M2, Western Star 47X, 49X, 57X, and Thomas Built Buses Saf-T-Liner C2 transit buses, cabs, and chassis.  The wheel hub fasteners may loosen and cause the wheel to detach, which can result in a loss of vehicle control.","A loss of vehicle control increases the risk of a crash.","Dealers will inspect and replace the hub nut retaining system, wheel end, and axle components, as necessary free of charge.  Owner notification letters were mailed July 18, 2024.  Owners may contact DTNA customer service at 800-745-8000.  DTNA's number for this recall is F1002.","Owners may also contact the National Highway Traffic Safety Administration Vehicle Safety Hotline at 1-888-327-4236 (TTY 1-800-424-9153), or go to www.nhtsa.gov.","2025","FREIGHTLINER","BUSINESS CLASS M2"
"Daimler Trucks North America, LLC","24V402000",0,0,0,,"04/06/2024","STEERING:LINKAGES:TIE ROD ASSEMBLY","Daimler Trucks North America, LLC (DTNA) is recalling certain 2025 Freightliner Cascadia, 108SD, 114SD, Business Class M2, Western Star 47X, 49X, Freightliner Custom Chassis S2RV 106, and S2C 106 transit buses, cabs, and chassis.  The front axle tie rod ball joint studs may crack and break, which can result in tie rod separation.","Tie rod separation can cause a sudden loss of steering control and increase the risk of a crash.","Dealers will replace the tie rod assembly, free of charge.  Owner notification letters were mailed July 25, 2024.  Owners may contact DTNA customer service at 800-745-8000.  DTNA's number for this recall is D24R6.","Owners may also contact the National Highway Traffic Safety Administration Vehicle Safety Hotline at 1-888-327-4236 (TTY 1-800-424-9153), or go to www.nhtsa.gov.","2025","FREIGHTLINER","BUSINESS CLASS M2"
"Daimler Trucks North America, LLC","24V571000",0,0,0,,"01/08/2024","STEERING:LINKAGES:TIE ROD ASSEMBLY","Daimler Trucks North America, LLC (DTNA) is recalling certain 2025 Freightliner 108SD, 114SD, Business Class M2, Cascadia and Western Star 47X vehicles.  The tie rod in the front axle may contain ball studs that have been incorrectly heat-treated, which can cause them to break, and result in tie rod failure.","Tie rod failure can cause a loss of vehicle steering control and increase the risk of a crash.","Dealers will inspect and replace the tie rod assembly, as necessary free of charge.  Owner notification letters were mailed September 27, 2024.  Owners may contact DTNA customer service at 800-745-8000.  DTNA's number for this recall is F1007.","Owners may also contact the National Highway Traffic Safety Administration Vehicle Safety Hotline at 1-888-327-4236 (TTY 1-800-424-9153), or go to www.safercar.gov.","2025","FREIGHTLINER","BUSINESS CLASS M2"
"Daimler Trucks North America, LLC","24V668000",0,0,0,,"10/09/2024","FORWARD COLLISION AVOIDANCE: AUTOMATIC EMERGENCY BRAKING","Daimler Trucks North America, LLC (DTNA) is recalling certain 2024-2025 Freightliner 108SD, 2022-2025 Freightliner 114SD, Freightliner Business Class M2, 2025 Freightliner eM2, 2020-2025 Western Star 49X, 2021-2025 Western Star 47X, and 2022-2025 Western Star 57X vehicles that may be upfitted with a body lighting interface controller and replacement brake lights.  The brake lights may not illuminate when the brakes are automatically applied during an active brake assist (ABA) event.","Brake lights that fail to illuminate can fail to indicate to other drivers that the vehicle is slowing down, increasing the risk of a crash.","Dealers will update the ABA software, free of charge.  Owner notification letters were mailed October 24, 2024.  Owners may contact DTNA customer service at 800-745-8000.  DTNA's number for this recall is F1009.","Owners may also contact the National Highway Traffic Safety Administration Vehicle Safety Hotline at 1-888-327-4236 (TTY 1-800-424-9153), or go to www.safercar.gov.","2025","FREIGHTLINER","BUSINESS CLASS M2"
"Daimler Trucks North America, LLC","25V187000",0,0,0,,"25/03/2025","EXTERIOR LIGHTING:BRAKE LIGHTS","Daimler Trucks North America, LLC (DTNA) is recalling certain 2026 Freightliner eM2, Freightliner 108SD, Freightliner 114SD, Freightliner Cascadia, 2025-2026 Freightliner Business Class M2, Western Star 47X, and Western Star 49X vehicles.  A software error in the advanced signal and actuator module for the automatic emergency braking system may cause the brake lights to fail to illuminate.","Brake lights that fail increase the risk of a crash.","Dealers will update the automatic emergency braking system software, free of charge.  Owner notification letters were mailed May 15, 2025.  Owners may contact DTNA customer service at 1-800-547-0712.  DTNA's number for this recall is F1018.","Owners may also contact the National Highway Traffic Safety Administration Vehicle Safety Hotline at 1-888-327-4236 (TTY 1-800-424-9153) or go to nhtsa.gov.","2025","FREIGHTLINER","BUSINESS CLASS M2"
"Daimler Trucks North America, LLC","25V295000",0,0,0,,"07/05/2025","SERVICE BRAKES, AIR:SUPPLY:RESERVOIR/TANK","Daimler Trucks North America, LLC (DTNA) is recalling certain 2025 Freightliner 114SD, Business Class M2, Cascadia, and Western Star 49X vehicles.  The air tank capacity may be too small, resulting in reduced braking performance.  As such, these vehicles fail to comply with the requirements of Federal Motor Vehicle Safety Standard number 121, ""Air Brake Systems.""","Reduced brake performance can extend the distance required to stop, increasing the risk of a crash.","Dealers will inspect and replace the air tank or install an additional air tank, as necessary, free of charge. Owner notification letters were mailed July 1, 2025. Owners may contact DTNA customer service at 1-800-547-0712.  DTNA's number for this recall is F1019.","Owners may also contact the National Highway Traffic Safety Administration Vehicle Safety Hotline at 1-888-327-4236 (TTY 1-800-424-9153) or go to nhtsa.gov.","2025","FREIGHTLINER","BUSINESS CLASS M2"
"Daimler Trucks North America, LLC","25V601000",0,0,0,,"12/09/2025","SERVICE BRAKES, AIR:DISC:CALIPER","Daimler Trucks North America, LLC (DTNA) is recalling certain 2025 FCCC XCR, FCCC XBS, FCCC MT45, Western Star 57X, 2025-2026 Freightliner Business Class M2, Freightliner Cascadia, Freightliner 114SD, Freightliner 108SD, FCCC MT55G, FCCC MT45G, FCCC XCP, FCCC XCM, Western Star 49X, Western Star 47X, 2026 Freightliner Cascadia 5th Gen, FCCC MT55, and FCCC MT50E vehicles. The brake caliper mounting bolts may loosen and detach, which can cause a loss of brake function and damage the tire and/or wheel.","A loss of brake function can increase the risk of a crash. In addition, a damaged wheel or tire can lead to a loss of vehicle control, increasing the risk of a crash.","Dealers will inspect and replace or tighten the brake caliper mounting bolts, as necessary, free of charge. Owner notification letters were mailed November 10, 2025. Owners may contact DTNA customer service at 1-800-547-0712. DTNA's number for this recall is F1023.",,"2025","FREIGHTLINER","BUSINESS CLASS M2"
"Daimler Trucks North America, LLC","25V603000",0,0,0,,"12/09/2025","STEERING:LINKAGES:TIE ROD ASSEMBLY","Daimler Trucks North America, LLC (DTNA) is recalling certain 2024-2026 Western Star 47X, Freightliner Business Class M2, FCCC MT55G, 2025-2026 Western Star 49X, Freightliner Cascadia, Freightliner 114SD, FCCC MT45G, FCCC S2RV106, 2026 Thomas Built Buses Saf-T-Liner C2, Freightliner eCascadia, FCCC S2C106, and Freightliner 108SD vehicles. The tie rod castle nut and cotter pin may not be installed properly, which can result in a loss of vehicle steering control.","A loss of vehicle steering control increases the risk of a crash.","Dealers will inspect and replace the tie rod assembly, as necessary, free of charge. Owner notification letters were mailed November 10, 2025. Owners may contact DTNA customer service at 1-800-547-0712. DTNA's number for this recall is D25R2.",,"2025","FREIGHTLINER","BUSINESS CLASS M2"
"Daimler Trucks North America, LLC","25V760000",0,0,0,,"05/11/2025","SUSPENSION:CRITICAL FASTENERS","Daimler Trucks North America, LLC (DTNA) is recalling certain 2020-2026 Western Star 49X, Freightliner Business Class M2, Freightliner 114SD, Freightliner 108SD, 2021-2026 Western Star 47X, 2021-2023 Freightliner 122SD, 2022 Western Star 48X, and 2023 Western Star 4700 vehicles. The axle clamp fasteners may be loose, which can result in a loss of vehicle control.","A loss of vehicle control increases the risk of a crash.","Dealers will inspect and tighten the fasteners, as necessary, free of charge. Owner notification letters were mailed December 29, 2025. Owners may contact DTNA customer service at 1-800-547-0712. DTNA's number for this recall is F1027.",,"2025","FREIGHTLINER","BUSINESS CLASS M2"
"FONTAINE MODIFICATION CO.","26V066000",0,0,0,,"04/02/2026","STEERING:GEAR BOX (OTHER THAN RACK AND PINION)","Fontaine Modification Company (Fontaine Modification) is recalling certain 2024-2025 Freightliner Business Class M2 vehicles. The steering gearbox assembly may have been assembled with insufficient oil.","A lack of lubrication may cause binding gears and difficulty steering, increasing the risk of a crash.","Fontaine Modification will inspect and replace the steering gearbox as necessary, free of charge. Owner notification letters were mailed February 26, 2026. Owners may contact Fontaine Modification customer service at 1-800-366-8246.",,"2025","FREIGHTLINER","BUSINESS CLASS M2"
"Daimler Trucks North America, LLC","24V058000",0,0,0,,"31/01/2024","ELECTRONIC STABILITY CONTROL (ESC)","Daimler Trucks North America, LLC (DTNA) is recalling certain 2024-2025 Western Star 49X and 2025 Freightliner Cascadia vehicles.  The Electronic Stability Control (ESC) software has incorrect axle spacing parameters.  As such, these vehicles fail to comply with the requirements of Federal Motor Vehicle Safety Standard number 136, ""Electronic Stability Control Systems on Heavy Vehicles.""","Incorrect parameters can decrease vehicle stability or braking performance, increasing the risk of crash.","Dealers will update the ESC software, free of charge.  Owner notification letters were mailed March 22, 2024.  Owners may contact DTNA customer service at 1-800-547-0712.  DTNA's number for this recall is FL993.","Owners may also contact the National Highway Traffic Safety Administration Vehicle Safety Hotline at 1-888-327-4236 (TTY 1-800-424-9153), or go to www.nhtsa.gov.","2025","FREIGHTLINER","CASCADIA"
"Daimler Trucks North America, LLC","24V402000",0,0,0,,"04/06/2024","STEERING:LINKAGES:TIE ROD ASSEMBLY","Daimler Trucks North America, LLC (DTNA) is recalling certain 2025 Freightliner Cascadia, 108SD, 114SD, Business Class M2, Western Star 47X, 49X, Freightliner Custom Chassis S2RV 106, and S2C 106 transit buses, cabs, and chassis.  The front axle tie rod ball joint studs may crack and break, which can result in tie rod separation.","Tie rod separation can cause a sudden loss of steering control and increase the risk of a crash.","Dealers will replace the tie rod assembly, free of charge.  Owner notification letters were mailed July 25, 2024.  Owners may contact DTNA customer service at 800-745-8000.  DTNA's number for this recall is D24R6.","Owners may also contact the National Highway Traffic Safety Administration Vehicle Safety Hotline at 1-888-327-4236 (TTY 1-800-424-9153), or go to www.nhtsa.gov.","2025","FREIGHTLINER","CASCADIA"
"Daimler Trucks North America, LLC","24V509000",0,0,0,,"03/07/2024","STEERING:LINKAGES:TIE ROD ASSEMBLY","Daimler Trucks North America, LLC (DTNA) is recalling certain 2025 Freightliner Cascadia, 114SD, Western Star 47X, and 49X transit buses equipped with Composolite EXS20 steerable lift axle suspension assemblies.  The tie rod assembly ball stud could have been improperly heat treated and can fail.","The ball stud can separate from the vehicle becoming a road hazard, increasing the risk of a crash.","Dealers will replace the tie rod assembly, free of charge.  Owner notification letters were mailed August 26, 2024.  Owners may contact DTNA customer service at 800-745-8000.  DTNA's number for this recall is F1005.","Owners may also contact the National Highway Traffic Safety Administration Vehicle Safety Hotline at 1-888-327-4236 (TTY 1-800-424-9153), or go to www.safercar.gov.","2025","FREIGHTLINER","CASCADIA"
"Daimler Trucks North America, LLC","24V571000",0,0,0,,"01/08/2024","STEERING:LINKAGES:TIE ROD ASSEMBLY","Daimler Trucks North America, LLC (DTNA) is recalling certain 2025 Freightliner 108SD, 114SD, Business Class M2, Cascadia and Western Star 47X vehicles.  The tie rod in the front axle may contain ball studs that have been incorrectly heat-treated, which can cause them to break, and result in tie rod failure.","Tie rod failure can cause a loss of vehicle steering control and increase the risk of a crash.","Dealers will inspect and replace the tie rod assembly, as necessary free of charge.  Owner notification letters were mailed September 27, 2024.  Owners may contact DTNA customer service at 800-745-8000.  DTNA's number for this recall is F1007.","Owners may also contact the National Highway Traffic Safety Administration Vehicle Safety Hotline at 1-888-327-4236 (TTY 1-800-424-9153), or go to www.safercar.gov.","2025","FREIGHTLINER","CASCADIA"
"Daimler Trucks North America, LLC","24V736000",0,0,0,,"02/10/2024","FUEL SYSTEM, DIESEL:DELIVERY:FUEL PUMP","Daimler Trucks North America, LLC (DTNA) is recalling certain 2025 Freightliner Cascadia, Western Star 49X, Freightliner Custom Chassis XCM and Freightliner Custom Chassis XCP vehicles equipped with certain Cummins fuel pumps.  The fuel pump barrels may fracture and cause a fuel leak, which can result in an engine stall.","An engine stall increases the risk of a crash.","Cummins will replace the fuel pump barrels, free of charge.  Owner notification letters were mailed November 14, 2024.  Owners may contact DTNA Customer Service at 1-800-745-8000.  DTNA's number for this recall is F1010.  Owners may also contact Cummins Customer Service at 812-377-5000.","Owners may also contact the National Highway Traffic Safety Administration Vehicle Safety Hotline at 1-888-327-4236 (TTY 1-800-424-9153) or go to nhtsa.gov.","2025","FREIGHTLINER","CASCADIA"
"Daimler Trucks North America, LLC","25V295000",0,0,0,,"07/05/2025","SERVICE BRAKES, AIR:SUPPLY:RESERVOIR/TANK","Daimler Trucks North America, LLC (DTNA) is recalling certain 2025 Freightliner 114SD, Business Class M2, Cascadia, and Western Star 49X vehicles.  The air tank capacity may be too small, resulting in reduced braking performance.  As such, these vehicles fail to comply with the requirements of Federal Motor Vehicle Safety Standard number 121, ""Air Brake Systems.""","Reduced brake performance can extend the distance required to stop, increasing the risk of a crash.","Dealers will inspect and replace the air tank or install an additional air tank, as necessary, free of charge. Owner notification letters were mailed July 1, 2025. Owners may contact DTNA customer service at 1-800-547-0712.  DTNA's number for this recall is F1019.","Owners may also contact the National Highway Traffic Safety Administration Vehicle Safety Hotline at 1-888-327-4236 (TTY 1-800-424-9153) or go to nhtsa.gov.","2025","FREIGHTLINER","CASCADIA"
"Daimler Trucks North America, LLC","25V601000",0,0,0,,"12/09/2025","SERVICE BRAKES, AIR:DISC:CALIPER","Daimler Trucks North America, LLC (DTNA) is recalling certain 2025 FCCC XCR, FCCC XBS, FCCC MT45, Western Star 57X, 2025-2026 Freightliner Business Class M2, Freightliner Cascadia, Freightliner 114SD, Freightliner 108SD, FCCC MT55G, FCCC MT45G, FCCC XCP, FCCC XCM, Western Star 49X, Western Star 47X, 2026 Freightliner Cascadia 5th Gen, FCCC MT55, and FCCC MT50E vehicles. The brake caliper mounting bolts may loosen and detach, which can cause a loss of brake function and damage the tire and/or wheel.","A loss of brake function can increase the risk of a crash. In addition, a damaged wheel or tire can lead to a loss of vehicle control, increasing the risk of a crash.","Dealers will inspect and replace or tighten the brake caliper mounting bolts, as necessary, free of charge. Owner notification letters were mailed November 10, 2025. Owners may contact DTNA customer service at 1-800-547-0712. DTNA's number for this recall is F1023.",,"2025","FREIGHTLINER","CASCADIA"
"Daimler Trucks North America, LLC","25V603000",0,0,0,,"12/09/2025","STEERING:LINKAGES:TIE ROD ASSEMBLY","Daimler Trucks North America, LLC (DTNA) is recalling certain 2024-2026 Western Star 47X, Freightliner Business Class M2, FCCC MT55G, 2025-2026 Western Star 49X, Freightliner Cascadia, Freightliner 114SD, FCCC MT45G, FCCC S2RV106, 2026 Thomas Built Buses Saf-T-Liner C2, Freightliner eCascadia, FCCC S2C106, and Freightliner 108SD vehicles. The tie rod castle nut and cotter pin may not be installed properly, which can result in a loss of vehicle steering control.","A loss of vehicle steering control increases the risk of a crash.","Dealers will inspect and replace the tie rod assembly, as necessary, free of charge. Owner notification letters were mailed November 10, 2025. Owners may contact DTNA customer service at 1-800-547-0712. DTNA's number for this recall is D25R2.",,"2025","FREIGHTLINER","CASCADIA"
"Hyundai Motor America","26V019000",0,0,0,,"16/01/2026","ELECTRICAL SYSTEM: INSTRUMENT CLUSTER/PANEL","Hyundai Motor America (Hyundai) is recalling certain Genesis 2025-2026 G80, GV80, 2026 G80 ""Electrified,"" GV60, GV70 ""Electrified"" and GV70 vehicles. Due to a software error, the instrument panel display may fail. As such, these vehicles fail to comply with the requirements of Federal Motor Vehicle Safety Standard (FMVSS) number 101, ""Controls and Displays.""","An instrument panel display that fails to show critical safety information, such as the speedometer or fuel gauge, increases the risk of a crash.","Owners are advised to disable the high definition (HD) radio feature until the recall remedy has been performed. The audio video navigation software will be updated over-the-air (OTA) or inspected and updated by a dealer, free of charge. Owner notification letters were mailed beginning February 17, 2026. Owners may contact Genesis customer service at 844-340-9741. Hyundai's number for this recall is 031G.  Vehicle Identification Numbers (VINs) involved in this recall became searchable on NHTSA.gov beginning January 17, 2026.",,"2025","GENESIS","G80"
"Hyundai Motor America","25V474000",0,0,0,,"17/07/2025","ELECTRICAL SYSTEM: INSTRUMENT CLUSTER/PANEL","Hyundai Motor America (Hyundai) is recalling certain Genesis 2023-2025 G90 and GV60 vehicles. Due to a software error, the instrument panel display may fail. As such, these vehicles fail to comply with the requirements of Federal Motor Vehicle Safety Standard (FMVSS) number 101, ""Controls and Displays.""","An instrument panel display that fails to show critical safety information, such as the speedometer or warning lights, increases the risk of a crash.","The instrument panel display software will be updated over-the-air (OTA) or by a dealer, free of charge. Owner notification letters were mailed August 22, 2025. Owners may contact Genesis customer service at 844-340-9741. Hyundai's number for this recall is 027G.",,"2025","GENESIS","G90"
"Hyundai Motor America","25V833000",0,0,0,,"02/12/2025","ELECTRICAL SYSTEM:ADAS","Hyundai Motor America (Hyundai) is recalling certain 2023-2026 Genesis G90 vehicles. The Highway Drive Assist (HDA) corner radar may falsely detect another vehicle, which can result in sudden, unintended braking while driving.","Sudden, unintended braking increases the risk of a crash.","Owners are advised not to use the Highway Drive Assist feature until the remedy has been performed. Dealers will replace the front bumper beam, free of charge. Owner notification letters were mailed January 26, 2026. Owners may contact Genesis customer service at 844-340-9741. Hyundai's number for this recall is 030G. Vehicle Identification Numbers (VINs) involved in this recall became searchable on NHTSA.gov on December 3, 2025.",,"2025","GENESIS","G90"
"Hyundai Motor America","24V584000",0,0,0,,"07/08/2024","BACK OVER PREVENTION: SENSING SYSTEM: CAMERA","Hyundai Motor America (Hyundai) is recalling certain Genesis 2024-2025 GV60 hybrid and 2025 GV80 vehicles.  The rearview camera display may shut off when the vehicle is driven in reverse.  As such, these vehicles fail to comply with the requirements of Federal Motor Vehicle Safety Standard number 111, ""Rear Visibility.""","A rearview camera image that does not display decreases the driver's visibility, increasing the risk of a crash.","Dealers will update the rearview camera software, free of charge.  Owner notification letters were mailed September 11, 2024.  Owners may contact Genesis Customer service at 1-844-340-9741.  Hyundai's number for this recall is 024G.","Owners may also contact the National Highway Traffic Safety Administration Vehicle Safety Hotline at 1-888-327-4236 (TTY 1-800-424-9153), or go to www.nhtsa.gov.","2025","GENESIS","GV60"
"Hyundai Motor America","24V868000",0,0,0,,"18/11/2024","ELECTRICAL SYSTEM:12V/24V/48V BATTERY","Hyundai Motor America (Hyundai) is recalling certain 2022-2024 IONIQ 5, 2023-2025 IONIQ 6, Genesis GV60, Genesis GV70 ""Electrified,"" and Genesis G80 ""Electrified"" vehicles.  The Integrated Charging Control Unit (ICCU) may become damaged and stop charging the 12-volt battery, which can result in a loss of drive power.","A loss of drive power increases the risk of a crash.","Dealers will inspect and replace the ICCU and its fuse, as necessary.  In addition, dealers will update the ICCU software.  All repairs will be performed free of charge.  Owner notification letters were mailed December 20, 2024.  Owners may contact Hyundai customer service at 1-855-371-9460 or Genesis customer service at 1-844-340-9741.  Hyundai's numbers for this recall are 272 (Hyundai) and 025G (Genesis).  This recall expands and replaces previous recall number 24V-204. Vehicles previously repaired under recall 24V-204 will need to have the new remedy completed.","Owners may also contact the National Highway Traffic Safety Administration Vehicle Safety Hotline at 1-888-327-4236 (TTY 1-800-424-9153) or go to nhtsa.gov.","2025","GENESIS","GV60"
"Hyundai Motor America","25V474000",0,0,0,,"17/07/2025","ELECTRICAL SYSTEM: INSTRUMENT CLUSTER/PANEL","Hyundai Motor America (Hyundai) is recalling certain Genesis 2023-2025 G90 and GV60 vehicles. Due to a software error, the instrument panel display may fail. As such, these vehicles fail to comply with the requirements of Federal Motor Vehicle Safety Standard (FMVSS) number 101, ""Controls and Displays.""","An instrument panel display that fails to show critical safety information, such as the speedometer or warning lights, increases the risk of a crash.","The instrument panel display software will be updated over-the-air (OTA) or by a dealer, free of charge. Owner notification letters were mailed August 22, 2025. Owners may contact Genesis customer service at 844-340-9741. Hyundai's number for this recall is 027G.",,"2025","GENESIS","GV60"
"Hyundai Motor America","25V624000",0,0,0,,"19/09/2025","STRUCTURE:EXTERIOR TRIM","Hyundai Motor America (Hyundai) is recalling certain 2023-2025 Genesis GV60 electric vehicles. The stainless-steel molding at the top of the windshield assembly may detach.","Detached molding can create a road hazard for other vehicles, increasing the risk of a crash.","Dealers will replace the windshield molding, free of charge. Owner notification letters are expected to be mailed beginning October 30, 2025. Owners may contact Genesis customer service at 844-340-9741. Hyundai's number for this recall is 028G. Vehicle Identification Numbers (VINs) involved in this recall became searchable on NHTSA.gov on September 20, 2025.",,"2025","GENESIS","GV60"
"Hyundai Motor America","24V868000",0,0,0,,"18/11/2024","ELECTRICAL SYSTEM:12V/24V/48V BATTERY","Hyundai Motor America (Hyundai) is recalling certain 2022-2024 IONIQ 5, 2023-2025 IONIQ 6, Genesis GV60, Genesis GV70 ""Electrified,"" and Genesis G80 ""Electrified"" vehicles.  The Integrated Charging Control Unit (ICCU) may become damaged and stop charging the 12-volt battery, which can result in a loss of drive power.","A loss of drive power increases the risk of a crash.","Dealers will inspect and replace the ICCU and its fuse, as necessary.  In addition, dealers will update the ICCU software.  All repairs will be performed free of charge.  Owner notification letters were mailed December 20, 2024.  Owners may contact Hyundai customer service at 1-855-371-9460 or Genesis customer service at 1-844-340-9741.  Hyundai's numbers for this recall are 272 (Hyundai) and 025G (Genesis).  This recall expands and replaces previous recall number 24V-204. Vehicles previously repaired under recall 24V-204 will need to have the new remedy completed.","Owners may also contact the National Highway Traffic Safety Administration Vehicle Safety Hotline at 1-888-327-4236 (TTY 1-800-424-9153) or go to nhtsa.gov.","2025","GENESIS","GV70"
"Hyundai Motor America","25V105000",0,0,0,,"20/02/2025","ELECTRICAL SYSTEM: INSTRUMENT CLUSTER/PANEL","Hyundai Motor America (Hyundai) is recalling certain Genesis 2023-2024 G80, GV80, 2025 GV70 and 2023-2025 GV70 ""Electrified"" vehicles.  Due to a software error, the instrument panel display may fail.  As such, these vehicles fail to comply with the requirements of Federal Motor Vehicle Safety Standard (FMVSS) number 101, ""Controls and Displays.""","An instrument panel display that fails to show critical safety information, such as the speedometer or warning lights, increases the risk of a crash.","Dealers will inspect and update the instrument panel display software, as necessary, free of charge.  Owner notification letters were mailed March 26, 2025.  Owners may contact Genesis customer service at 844-340-9741.  Hyundai's number for this recall is 026G.","Owners may also contact the National Highway Traffic Safety Administration Vehicle Safety Hotline at 888-327-4236 (TTY 888-275-9171) or go to nhtsa.gov.","2025","GENESIS","GV70"
"Hyundai Motor America","24V584000",0,0,0,,"07/08/2024","BACK OVER PREVENTION: SENSING SYSTEM: CAMERA","Hyundai Motor America (Hyundai) is recalling certain Genesis 2024-2025 GV60 hybrid and 2025 GV80 vehicles.  The rearview camera display may shut off when the vehicle is driven in reverse.  As such, these vehicles fail to comply with the requirements of Federal Motor Vehicle Safety Standard number 111, ""Rear Visibility.""","A rearview camera image that does not display decreases the driver's visibility, increasing the risk of a crash.","Dealers will update the rearview camera software, free of charge.  Owner notification letters were mailed September 11, 2024.  Owners may contact Genesis Customer service at 1-844-340-9741.  Hyundai's number for this recall is 024G.","Owners may also contact the National Highway Traffic Safety Administration Vehicle Safety Hotline at 1-888-327-4236 (TTY 1-800-424-9153), or go to www.nhtsa.gov.","2025","GENESIS","GV80"
"Hyundai Motor America","26V019000",0,0,0,,"16/01/2026","ELECTRICAL SYSTEM: INSTRUMENT CLUSTER/PANEL","Hyundai Motor America (Hyundai) is recalling certain Genesis 2025-2026 G80, GV80, 2026 G80 ""Electrified,"" GV60, GV70 ""Electrified"" and GV70 vehicles. Due to a software error, the instrument panel display may fail. As such, these vehicles fail to comply with the requirements of Federal Motor Vehicle Safety Standard (FMVSS) number 101, ""Controls and Displays.""","An instrument panel display that fails to show critical safety information, such as the speedometer or fuel gauge, increases the risk of a crash.","Owners are advised to disable the high definition (HD) radio feature until the recall remedy has been performed. The audio video navigation software will be updated over-the-air (OTA) or inspected and updated by a dealer, free of charge. Owner notification letters were mailed beginning February 17, 2026. Owners may contact Genesis customer service at 844-340-9741. Hyundai's number for this recall is 031G.  Vehicle Identification Numbers (VINs) involved in this recall became searchable on NHTSA.gov beginning January 17, 2026.",,"2025","GENESIS","GV80"
"General Motors, LLC","25V856000",0,0,0,,"11/12/2025","AIR BAGS:FRONTAL:PASSENGER SIDE:INFLATOR MODULE","General Motors, LLC (GM) is recalling certain 2024–2026 GMC Canyon AT4X AEV vehicles. Incorrect sensing and diagnostic module (SDM) software may cause a second stage passenger air bag deployment when only a first stage is intended. As such, these vehicles fail to conform to Federal Motor Vehicle Safety Standard (FMVSS) number 208, “Occupant Crash Protection.""","An air bag that deploys improperly increases the risk of injury in a crash.","Dealers will update the SDM software, free of charge. Owner notification letters were mailed January 30, 2026. Owners may contact GMC customer service at 1-800-462-8782. GM's number for this recall is N252533510. Vehicle Identification Numbers (VINs) involved in this recall became searchable on NHTSA.gov on December 11, 2025.",,"2025","GMC","CANYON"
"General Motors, LLC","26V114000",0,0,0,,"26/02/2026","EQUIPMENT:OTHER:OWNERS/SERVICE/OTHER MANUAL","General Motors has decided that certain 2027 Chevrolet Bolt EV, 2025-2026 Cadillac OPTIQ, Chevrolet Colorado, Equinox EV, GMC Canyon, 2026 Buick Enclave, Envision, Cadillac CT5, Escalade, Escalade ESV, Escalade IQ, Escalade IQL, LYRIQ, VISTIQ, Chevrolet Blazer EV, Corvette Convertible, Corvette Coupe, Corvette Convertible E-Ray, Equinox, Silverado 1500, 2500, 3500, Silverado EV, Suburban 1500, Tahoe, Traverse, GMC Acadia, Hummer EV Pickup, Hummer EV SUV, Sierra 1500, 2500, 3500, Sierra EV, Terrain, Yukon, and Yukon XL vehicles. The radio may not have been set to the correct status to download the electronic owner's manual during production. As such, these vehicles fail to comply with the requirements of Federal Motor Vehicle Safety Standard number 208, “Occupant  Protection.”","Without an owner's manual to consult, owners may not know how to safely use and operate the vehicle, increasing the risk of injury in a crash.","Dealers will reset the vehicle radio, which will facilitate automatic download of the electronic owner’s manual, free of charge. Owner notification letters are expected to be mailed April 13, 2026. Owners may contact GM customer service at 1-866-467-9700, Chevrolet customer service at 1-800-222-1020 or Cadillac customer service at 1-800-333-4223. The manufacturer's number for this recall is N252540430. Vehicle Identification Numbers (VINs) involved in this recall became searchable on NHTSA.gov on February 26, 2026.",,"2025","GMC","CANYON"
"Rollx Vans","25V876000",0,0,0,,"17/12/2025","EQUIPMENT ADAPTIVE/MOBILITY:WHEELCHAIR RESTRAINTS/SECUREMENT:LATCH/ANCHOR:","Rollx Vans (Rollx) is recalling certain GMC Yukon, Sierra, Chevrolet Express 2500, Ford Transit, E-250, Toyota Sienna, Sienna Hybrid, Honda Odyssey, Chrysler Town and Country, Voyager, Pacifica, Dodge Grand Caravan, and Ram Promaster vehicles equipped with QRT-Deluxe and QRT-Max wheelchair restraints. Please refer to Rollx's recall report for specific model year information. The retractors may not lock, preventing the wheelchair from being properly secured.","An unsecured wheelchair can move during transit, increasing the risk of injury.","Rollx will work with Q'Straint to inspect and replace the retractors as necessary, free of charge. Owner notification letters were mailed February 5, 2026. Owners may contact Rollx's customer service at 1-800-956-6668.",,"2025","GMC","SIERRA 1500"
"General Motors, LLC","25V015000",0,0,0,,"16/01/2025","SEAT BELTS:REAR/OTHER:ANCHORAGE","General Motors, LLC (GM) is recalling certain 2024 Chevrolet Silverado EV and 2024-2025 GMC Sierra EV pickup trucks.  The bolt that secures the rear center seat belt assembly to the seat structure may not have been properly tightened.","An improperly secured seat belt assembly may not restrain an occupant as intended, increasing the risk of injury in a crash.","GM will tighten the bolt that attaches the center seat belt assembly to the rear seat structure, free of charge.  All affected vehicles are still in dealer inventory and, therefore, no owner letters will be mailed.  Owners may contact GM customer service at 1-888-988-7267, or Chevrolet customer service at 1-800-222-1020.  GM's number for this recall is N242489901.","Owners may also contact the National Highway Traffic Safety Administration Vehicle Safety Hotline at 1-888-327-4236 (TTY 1-800-424-9153) or go to nhtsa.gov.","2025","GMC","SIERRA EV"
"Rollx Vans","25V876000",0,0,0,,"17/12/2025","EQUIPMENT ADAPTIVE/MOBILITY:WHEELCHAIR RESTRAINTS/SECUREMENT:LATCH/ANCHOR:","Rollx Vans (Rollx) is recalling certain GMC Yukon, Sierra, Chevrolet Express 2500, Ford Transit, E-250, Toyota Sienna, Sienna Hybrid, Honda Odyssey, Chrysler Town and Country, Voyager, Pacifica, Dodge Grand Caravan, and Ram Promaster vehicles equipped with QRT-Deluxe and QRT-Max wheelchair restraints. Please refer to Rollx's recall report for specific model year information. The retractors may not lock, preventing the wheelchair from being properly secured.","An unsecured wheelchair can move during transit, increasing the risk of injury.","Rollx will work with Q'Straint to inspect and replace the retractors as necessary, free of charge. Owner notification letters were mailed February 5, 2026. Owners may contact Rollx's customer service at 1-800-956-6668.",,"2025","GMC","YUKON"
"Grand Design RV, LLC","24V863000",0,0,0,,"15/11/2024","EQUIPMENT:ELECTRICAL:ENGINE BLOCK HEATER","Grand Design RV, LLC (Grand Design) is recalling certain 2025 Lineage 25FW motorhomes.  The battery warming pad was installed incorrectly, which can damage internal wiring and cause an electrical short.","An electrical short increases the risk of a fire.","Dealers will replace the battery warming pad, free of charge.  Owner notification letters were mailed December 6, 2024.  Owners may contact Grand Design customer service at 1-574-825-9679.  Grand Design's number for this recall is 910046.","Owners may also contact the National Highway Traffic Safety Administration Vehicle Safety Hotline at 1-888-327-4236 (TTY 1-800-424-9153) or go to nhtsa.gov.","2025","GRAND DESIGN","LINEAGE"
"Grand Design RV, LLC","25V473000",0,0,0,,"17/07/2025","EQUIPMENT:RECREATIONAL VEHICLE/TRAILER","Grand Design RV, LLC (Grand Design) is recalling certain 2025-2026 Lineage recreational trailers, equipped with Lippert Modularia entrance doors. The door latch mechanism may fail.","Door latch failure may prevent occupants from exiting the vehicle in an emergency, increasing the risk of injury.","Dealers will install a new retainer clip and install a secondary retainer to the tension rod, free of charge. Owner notification letters were mailed September 12, 2025. Owners may contact Grand Design customer service at 1-574-825-9679. Grand Design's number for this recall is M910051.",,"2025","GRAND DESIGN","LINEAGE"
"Grand Design RV, LLC","26V042000",0,0,0,,"23/01/2026","ELECTRICAL SYSTEM:PROPULSION SYSTEM:CRITICAL FASTENERS","Grand Design RV, LLC (Grand Design) is recalling certain 2025-2026 Lineage recreational vehicles. The adhesive securing the solar panels to the roof may fail, allowing the solar panel to detach.","A detached solar panel can become a road hazard for other vehicles, increasing the risk of a crash.","Dealers will properly secure the solar panels, free of charge. Owner notification letters were mailed March 4, 2026. Owners may contact Grand Design customer service at 1-574-825-9679. Grand Design's number for this recall is M910053.",,"2025","GRAND DESIGN","LINEAGE"
"Grand Design RV, LLC","26V058000",0,0,0,,"30/01/2026","SEATS","Grand Design RV, LLC (Grand Design) is recalling certain 2025-2026 Lineage motorhomes. The seat base on the driver and front passenger seat may have been improperly tightened, causing the base to become loose.  As such, these vehicles fail to comply with the requirements of Federal Motor Vehicle Safety Standard (FMVSS) number 207, “Seating Systems.”","A loose seat base increases the risk of injury in the event of a crash.","Dealers will inspect and tighten the seat base, as necessary, free of charge. Owner notification letters were mailed March 4, 2026. Owners may contact Grand Design customer service at 1-574-825-9679. Grand Design's number for this recall is M910057.",,"2025","GRAND DESIGN","LINEAGE"
"Grand Design RV, LLC","26V174000",0,0,0,,"20/03/2026","STRUCTURE:BODY:STEP/LADDER","Grand Design RV, LLC (Grand Design) is recalling certain 2025-2026 Lineage motorhomes. The entry door position switch may not make adequate contact to read that the door is closed, which allows the steps to deploy unexpectedly.","Steps extending while in transit increase the risk of a crash.","Dealers will replace the door position switch, free of charge. Owner notification letters are expected to be mailed May 11, 2026. Owners may contact Grand Design customer service at 1-574-825-9679. Grand Design's number for this recall is M910058.",,"2025","GRAND DESIGN","LINEAGE"
"Grand Design RV, LLC","24V916000",0,0,0,,"10/12/2024","STRUCTURE:BODY:STEP/LADDER","Grand Design RV, LLC (Grand Design) is recalling certain 2023-2025 Momentum fifth wheel trailers.  The interior step base does not adequately support the step tread.","The tread may detach from the step, increasing the risk of a trip and fall injury.","Dealers will replace the step riser and step treads, free of charge.  Owner notification letters were mailed January 16, 2025.  Owners may contact Grand Design customer service at 1-574-825-9679.  Grand Design's number for this recall is 910047.","Owners may also contact the National Highway Traffic Safety Administration Vehicle Safety Hotline at 1-888-327-4236 (TTY 1-800-424-9153) or go to nhtsa.gov.","2025","GRAND DESIGN","MOMENTUM"
"Grand Design RV, LLC","25V281000",0,0,0,,"06/05/2025","STRUCTURE:BODY:STEP/LADDER","Grand Design RV, LLC (Grand Design) is recalling certain 2024-2025 Momentum 320G, 325G, 344M, 250G, 351MS, 381MS, 392M, 395MS, 397THS, 398M, 399TH, 410TH, 414M, and 415G toy haulers, equipped with a removable step assembly.  The clip-on bracket mounting bolts may come loose, allowing the steps to detach.","Steps that detach while in use increase the risk of injury.","Dealers will inspect the clip-on bracket and make repairs as necessary, free of charge.  Owner notification letters were mailed May 15, 2025.  Owners may contact Grand Design customer service at 1-574-825-9679.  Grand Design's number for this recall is 910050.","Owners may also contact the National Highway Traffic Safety Administration Vehicle Safety Hotline at 1-888-327-4236 (TTY 1- 888-275-9171), or go to www.safercar.gov.","2025","GRAND DESIGN","MOMENTUM"
"REV Recreation Group","25V121000",0,0,0,,"27/02/2025","ENGINE AND ENGINE COOLING:EXHAUST SYSTEM","REV Recreation Group (REV) is recalling certain 2022-2025 Fleetwood Bounder, Flair, Fortis, Holiday Rambler Admiral, Invicta, Vacationer, 2023-2025 Fleetwood Flex, Holiday Rambler Eclipse, and 2022-2023 Fleetwood Southwind motorhomes.  The engine exhaust tip may detach, allowing exhaust fumes to enter the cabin.","Exhaust fumes inside the cabin increases the risk of injury or death from carbon monoxide poisoning.  In addition, a detached exhaust tip can become a road hazard for other road users, increasing the risk of a crash.","Dealers will install a clamp to the exhaust tip, free of charge.  Owner notification letters are expected to be mailed April 26, 2025.  Owners may contact REV customer service at 1-800-509-3417.  REV's number for this recall is 250221REV.","Owners may also contact the National Highway Traffic Safety Administration Vehicle Safety Hotline at 1-888-327-4236 (TTY 1-888-275-9171), or go to www.safercar.gov.","2025","HOLIDAY RAMBLER","VACATIONER"
"Honda (American Honda Motor Co.)","25V785000",0,0,0,,"13/11/2025","ELECTRICAL SYSTEM:PROPULSION SYSTEM:HYBRID MANAGEMENT:POWER CONTROL UNIT/MODULE (HPCU):SOFTWARE","Honda (American Honda Motor Co.) is recalling certain 2023-2025 Honda Accord Hybrid vehicles. Due to a software error, the integrated control module (ICM) central processing unit (CPU) may reset while driving, causing a loss of drive power.","A loss of drive power increases the risk of a crash or injury.","Dealers will reprogram the ICM CPU software, free of charge. Owner notification letters were mailed January 6, 2026. Owners may contact Honda's customer service at 1-888-234-2138. Honda's number for this recall is TN2. Vehicle Identification Numbers (VINs) involved in this recall will be searchable on NHTSA.gov beginning November 18, 2025.",,"2025","HONDA","ACCORD HYBRID"
"Honda (American Honda Motor Co.)","25V195000",0,0,0,,"27/03/2025","ENGINE AND ENGINE COOLING:ENGINE:OIL/LUBRICATION:PUMP","Honda (American Honda Motor Co.) is recalling certain 2024-2025 ADV160 scooters.  The oil pump driven gear may fail, resulting in a loss of drive power.","Loss of drive power increases the risk of a crash or injury.","Dealers will replace the oil pump driven gear, free of charge. Owner letters were mailed August 6, 2025. Owners may contact Honda's customer service at 866-784-1870.  Honda's number for this recall is KR9.","Owners may also contact the National Highway Traffic Safety Administration Vehicle Safety Hotline at 888-327-4236 (TTY 888-275-9171) or go to nhtsa.gov.","2025","HONDA","ADV160"
"Honda (American Honda Motor Co.)","25V723000",0,0,0,,"23/10/2025","POWER TRAIN:CLUTCH ASSEMBLY:PEDAL/HAND LEVER(MOTORCYCLE)","Honda (American Honda Motor Co.) is recalling certain 2025 CB1000SP Hornet SP motorcycles. The pivot bolt on the gearshift pedal may loosen and detach, resulting in the inability to shift gears. As such, these motorcycles fail to comply with the requirements of Federal Motor Vehicle Safety Standard (FMVSS) number 123, ""Motorcycle Controls and Displays.""","The inability to shift gears while riding increases the risk of a crash or injury.","Dealers will replace the pivot bolt, free of charge. Owner notification letters were mailed December 1, 2025. Owners may contact Honda's customer service at 1-866-784-1870. Honda's number for this recall is KT2. Vehicle Identification Numbers (VINs) involved in this recall will be searchable on NHTSA.gov beginning October 28, 2025.",,"2025","HONDA","CB1000SP"
"Honda (American Honda Motor Co.)","25V892000",0,0,0,,"18/12/2025","ENGINE AND ENGINE COOLING:ENGINE:HARD PARTS INTERNAL/MECHANICAL","Honda (American Honda Motor Co.) is recalling certain 2025 CB1000SP motorcycles. The pistons and piston rings may have been improperly manufactured, which can lead to rod bearing failure, possibly resulting in rear wheel lock up or oil leaking onto the rear tire.","Rear wheel lockup increases the risk of a crash or injury. Engine oil that leaks onto hot exhaust components increases the risk of a fire.","Dealers will inspect and repair the engine assembly as necessary, free of charge. Interim letters notifying owners of the safety risk were mailed February 9, 2026. Additional letters will be sent once the remedy is available, anticipated in August 2026. Owners may contact Honda's customer service at 1-866-784-1870. Honda's number for this recall is KT6. Vehicle Identification Numbers (VINs) involved in this recall will be searchable on NHTSA.gov beginning January 7, 2026.",,"2025","HONDA","CB1000SP"
"Honda (American Honda Motor Co.)","24V744000",0,0,0,"EA23003","03/10/2024","STEERING","Honda (American Honda Motor Co.) is recalling certain 2023-2025 Acura Integra, Civic Type R, CR-V Hybrid, CR-V, HR-V, 2022-2025 Civic, Civic Hatchback, 2024-2025 Acura Integra Type S, 2025 CR-V Fuel Cell EV, Civic Hybrid, and Civic Hatchback Hybrid vehicles.  The steering gearbox assembly may have been manufactured incorrectly, which can cause excessive internal friction and lead to difficulty steering the vehicle.","Difficulty steering can increase the risk of a crash.","Dealers will replace the worm gear spring and redistribute or add grease as necessary, free of charge.  Owner notification letters were mailed November 18, 2024.  Owners may contact Honda Customer Service at 1-888-234-2138.   Honda's numbers for this recall are SJS, MJU, QJT and VJV.","Owners may also contact the National Highway Traffic Safety Administration Vehicle Safety Hotline at 1-888-327-4236 (TTY 1-800-424-9153) or go to nhtsa.gov.","2025","HONDA","CIVIC HATCHBACK"
"Honda (American Honda Motor Co.)","24V744000",0,0,0,"EA23003","03/10/2024","STEERING","Honda (American Honda Motor Co.) is recalling certain 2023-2025 Acura Integra, Civic Type R, CR-V Hybrid, CR-V, HR-V, 2022-2025 Civic, Civic Hatchback, 2024-2025 Acura Integra Type S, 2025 CR-V Fuel Cell EV, Civic Hybrid, and Civic Hatchback Hybrid vehicles.  The steering gearbox assembly may have been manufactured incorrectly, which can cause excessive internal friction and lead to difficulty steering the vehicle.","Difficulty steering can increase the risk of a crash.","Dealers will replace the worm gear spring and redistribute or add grease as necessary, free of charge.  Owner notification letters were mailed November 18, 2024.  Owners may contact Honda Customer Service at 1-888-234-2138.   Honda's numbers for this recall are SJS, MJU, QJT and VJV.","Owners may also contact the National Highway Traffic Safety Administration Vehicle Safety Hotline at 1-888-327-4236 (TTY 1-800-424-9153) or go to nhtsa.gov.","2025","HONDA","CIVIC HATCHBACK HYBRID"
"Honda (American Honda Motor Co.)","24V744000",0,0,0,"EA23003","03/10/2024","STEERING","Honda (American Honda Motor Co.) is recalling certain 2023-2025 Acura Integra, Civic Type R, CR-V Hybrid, CR-V, HR-V, 2022-2025 Civic, Civic Hatchback, 2024-2025 Acura Integra Type S, 2025 CR-V Fuel Cell EV, Civic Hybrid, and Civic Hatchback Hybrid vehicles.  The steering gearbox assembly may have been manufactured incorrectly, which can cause excessive internal friction and lead to difficulty steering the vehicle.","Difficulty steering can increase the risk of a crash.","Dealers will replace the worm gear spring and redistribute or add grease as necessary, free of charge.  Owner notification letters were mailed November 18, 2024.  Owners may contact Honda Customer Service at 1-888-234-2138.   Honda's numbers for this recall are SJS, MJU, QJT and VJV.","Owners may also contact the National Highway Traffic Safety Administration Vehicle Safety Hotline at 1-888-327-4236 (TTY 1-800-424-9153) or go to nhtsa.gov.","2025","HONDA","CIVIC HYBRID"
"Honda (American Honda Motor Co.)","24V763000",0,0,0,,"14/10/2024","FUEL SYSTEM, GASOLINE:DELIVERY:FUEL PUMP","Honda (American Honda Motor Co.) is recalling certain 2023-2024 Honda Accord, Accord Hybrid, 2023-2025 Honda CR-V Hybrid, and 2025 Honda Civic and Civic Hybrid vehicles.  The high-pressure fuel pump may crack and leak fuel.","A fuel leak in the presence of an ignition source can increase the risk of a fire.","Dealers will inspect and replace the high-pressure fuel pump as necessary, free of charge.  Owner letters were mailed February 20, 2025.  Owners may contact Honda customer service at 1-888-234-2138.  Honda's number for this recall is PJW.","Owners may also contact the National Highway Traffic Safety Administration Vehicle Safety Hotline at 1-888-327-4236 (TTY 1-800-424-9153) or go to nhtsa.gov.","2025","HONDA","CIVIC HYBRID"
"Honda (American Honda Motor Co.)","25V358000",0,0,0,,"29/05/2025","ENGINE AND ENGINE COOLING:ENGINE:OIL/LUBRICATION","Honda (American Honda Motor Co.) is recalling certain 2024 XL750, 2025 CMX1100, and CRF1100 motorcycles. The crankcase sealing bolt may have been improperly manufactured, which can cause the engine to leak oil onto the rear tire.","Oil on the rear tire may cause a loss of control, increasing the risk of a crash or injury.","Dealers will replace the crankcase sealing bolt, free of charge. Owner notification letters were mailed July 15, 2025. Owners may contact Honda's customer service at 1-866-784-1870.  Honda's number for this recall is KS2.",,"2025","HONDA","CMX1100"
"Honda (American Honda Motor Co.)","24V744000",0,0,0,"EA23003","03/10/2024","STEERING","Honda (American Honda Motor Co.) is recalling certain 2023-2025 Acura Integra, Civic Type R, CR-V Hybrid, CR-V, HR-V, 2022-2025 Civic, Civic Hatchback, 2024-2025 Acura Integra Type S, 2025 CR-V Fuel Cell EV, Civic Hybrid, and Civic Hatchback Hybrid vehicles.  The steering gearbox assembly may have been manufactured incorrectly, which can cause excessive internal friction and lead to difficulty steering the vehicle.","Difficulty steering can increase the risk of a crash.","Dealers will replace the worm gear spring and redistribute or add grease as necessary, free of charge.  Owner notification letters were mailed November 18, 2024.  Owners may contact Honda Customer Service at 1-888-234-2138.   Honda's numbers for this recall are SJS, MJU, QJT and VJV.","Owners may also contact the National Highway Traffic Safety Administration Vehicle Safety Hotline at 1-888-327-4236 (TTY 1-800-424-9153) or go to nhtsa.gov.","2025","HONDA","CR-V"
"Honda (American Honda Motor Co.)","24V744000",0,0,0,"EA23003","03/10/2024","STEERING","Honda (American Honda Motor Co.) is recalling certain 2023-2025 Acura Integra, Civic Type R, CR-V Hybrid, CR-V, HR-V, 2022-2025 Civic, Civic Hatchback, 2024-2025 Acura Integra Type S, 2025 CR-V Fuel Cell EV, Civic Hybrid, and Civic Hatchback Hybrid vehicles.  The steering gearbox assembly may have been manufactured incorrectly, which can cause excessive internal friction and lead to difficulty steering the vehicle.","Difficulty steering can increase the risk of a crash.","Dealers will replace the worm gear spring and redistribute or add grease as necessary, free of charge.  Owner notification letters were mailed November 18, 2024.  Owners may contact Honda Customer Service at 1-888-234-2138.   Honda's numbers for this recall are SJS, MJU, QJT and VJV.","Owners may also contact the National Highway Traffic Safety Administration Vehicle Safety Hotline at 1-888-327-4236 (TTY 1-800-424-9153) or go to nhtsa.gov.","2025","HONDA","CR-V HYBRID"
"Honda (American Honda Motor Co.)","24V763000",0,0,0,,"14/10/2024","FUEL SYSTEM, GASOLINE:DELIVERY:FUEL PUMP","Honda (American Honda Motor Co.) is recalling certain 2023-2024 Honda Accord, Accord Hybrid, 2023-2025 Honda CR-V Hybrid, and 2025 Honda Civic and Civic Hybrid vehicles.  The high-pressure fuel pump may crack and leak fuel.","A fuel leak in the presence of an ignition source can increase the risk of a fire.","Dealers will inspect and replace the high-pressure fuel pump as necessary, free of charge.  Owner letters were mailed February 20, 2025.  Owners may contact Honda customer service at 1-888-234-2138.  Honda's number for this recall is PJW.","Owners may also contact the National Highway Traffic Safety Administration Vehicle Safety Hotline at 1-888-327-4236 (TTY 1-800-424-9153) or go to nhtsa.gov.","2025","HONDA","CR-V HYBRID"
"Honda (American Honda Motor Co.)","25V378000",0,0,0,,"30/06/2025","FUEL SYSTEM, GASOLINE:DELIVERY:HOSES, LINES/PIPING, AND FITTINGS","Honda (American Honda Motor Co.) is recalling certain 2025 Honda CR-V Hybrid vehicles. The fuel feed hose may have been improperly installed, allowing fuel to leak. As such, these vehicles fail to comply with the requirements of Federal Motor Vehicle Safety Standard number 301, ""Fuel System Integrity.""","A fuel leak in the presence of an ignition source increases the risk of a fire.","Dealers will install a new fuel feed hose and connector cover, free of charge. Owners may contact Honda's customer service at 1-888-234-2138. Honda's number for this recall is TLS.",,"2025","HONDA","CR-V HYBRID"
"Honda (American Honda Motor Co.)","24V744000",0,0,0,"EA23003","03/10/2024","STEERING","Honda (American Honda Motor Co.) is recalling certain 2023-2025 Acura Integra, Civic Type R, CR-V Hybrid, CR-V, HR-V, 2022-2025 Civic, Civic Hatchback, 2024-2025 Acura Integra Type S, 2025 CR-V Fuel Cell EV, Civic Hybrid, and Civic Hatchback Hybrid vehicles.  The steering gearbox assembly may have been manufactured incorrectly, which can cause excessive internal friction and lead to difficulty steering the vehicle.","Difficulty steering can increase the risk of a crash.","Dealers will replace the worm gear spring and redistribute or add grease as necessary, free of charge.  Owner notification letters were mailed November 18, 2024.  Owners may contact Honda Customer Service at 1-888-234-2138.   Honda's numbers for this recall are SJS, MJU, QJT and VJV.","Owners may also contact the National Highway Traffic Safety Administration Vehicle Safety Hotline at 1-888-327-4236 (TTY 1-800-424-9153) or go to nhtsa.gov.","2025","HONDA","HR-V"
"Vantage Mobility","25V877000",0,0,0,,"17/12/2025","EQUIPMENT ADAPTIVE/MOBILITY:WHEELCHAIR RESTRAINTS/SECUREMENT:LATCH/ANCHOR:","Vantage Mobility, LLC (VM) is recalling certain 2021-2026 Honda Odyssey, 2021-2025 Chrysler Pacifica, and Toyota Sienna vehicles equipped with QRT-Deluxe and QRT-Max wheelchair restraints. The retractors may not lock, preventing the wheelchair from being properly secured.","An unsecured wheelchair can move during transit, increasing the risk of injury.","Dealers will inspect and replace the retractors, free of charge. Owner notification letters was mailed January 27, 2026. Owners may contact Vantage Mobility customer service at 1-800-488-9082.",,"2025","HONDA","ODYSSEY"
"Honda (American Honda Motor Co.)","24V900000",0,0,0,,"27/11/2024","FUEL SYSTEM, GASOLINE:STORAGE:TANK ASSEMBLY:FILLER PIPE AND CAP","Honda (American Honda Motor Co.) is recalling certain 2023-2024 Passport and 2023-2025 Pilot vehicles.  The fuel filler neck tube and fuel filler pipe may separate, allowing fuel to leak.","A fuel leak in the presence of an ignition source increases the risk of a fire.","Dealers will inspect and repair the fuel filler neck tube and pipe as necessary, free of charge.  Owner notification letters were mailed January 7, 2025.  Owners may contact Honda customer service at 1-888-234-2138.  Honda's number for this recall is OKM.","Owners may also contact the National Highway Traffic Safety Administration Vehicle Safety Hotline at 1-888-327-4236 (TTY 1-800-424-9153) or go to nhtsa.gov.","2025","HONDA","PILOT"
"Honda (American Honda Motor Co.)","25V031000",0,0,0,,"23/01/2025","FUEL SYSTEM, GASOLINE:FUEL INJECTION SYSTEM","Honda (American Honda Motor Co.) is recalling certain 2022-2025 Acura MDX Type-S, 2023-2025 Honda Pilot, and 2021-2025 Acura TLX Type-S vehicles.  A software error in the fuel injection electronic control unit (FI-ECU) may cause an engine stall or a loss of power.","An engine stall or loss of power can increase the risk of a crash or injury.","Dealers will reprogram the FI-ECU software, free of charge.  Owner notification letters were mailed March 17, 2025.  Owners may contact Honda's customer service at 1-888-234-2138.  Honda's numbers for this recall are EL1 and AL0.","Owners may also contact the National Highway Traffic Safety Administration Vehicle Safety Hotline at 1-888-327-4236 (TTY 1-800-424-9153) or go to nhtsa.gov.","2025","HONDA","PILOT"
"Honda (American Honda Motor Co.)","25V056000",0,0,0,,"05/02/2025","SEAT BELTS:REAR/OTHER","Honda (American Honda Motor Co.) is recalling certain 2025 Honda Pilot vehicles.  The third-row passenger seat belt assembly may not function, due to incorrect routing that traps the seat belt behind the passenger side panel.  As such, these vehicles fail to comply with the requirements of Federal Motor Vehicle Safety Standard (FMVSS) number 208, ""Occupant Crash Protection.""","A non-functioning seat belt cannot properly restrain the seat occupant, increasing the risk of injury during a crash.","Dealers will inspect and repair the seat belt routing as necessary, free of charge.  Owner notification letters were mailed March 24, 2025.  Owners may contact Honda's customer service at 1-888-234-2138.  Honda's number for this recall is ZL4.","Owners may also contact the National Highway Traffic Safety Administration Vehicle Safety Hotline at 1-888-327-4236 (TTY 1-800-424-9153) or go to nhtsa.gov.","2025","HONDA","PILOT"
"Honda (American Honda Motor Co.)","25V391000",0,0,0,,"12/06/2025","SERVICE BRAKES, HYDRAULIC:PEDALS AND LINKAGES","Honda (American Honda Motor Co.) is recalling certain 2021-2025 Acura TLX, 2023-2025 Acura MDX, and 2023-2025 Honda Pilot vehicles. The brake pedal pivot pin was not secured properly, which can cause the pedal to shift out of position. As such, these vehicles fail to comply with Federal Motor Vehicle Safety Standard numbers 108, ""Lamps, Reflective Devices, and Associated Equipment"" and 135, ""Light Vehicle Brake Systems.""","A brake pedal that shifts out of position can prevent the driver from applying the brakes as intended, increasing the risk of a crash or injury.","Dealers will inspect and replace the brake pedal assembly as necessary, free of charge. Owner notification letters were mailed July 29, 2025. Owners may contact Honda's customer service at 1-888-234-2138. Honda's numbers for this recall are FLX and XLY.",,"2025","HONDA","PILOT"
"Honda (American Honda Motor Co.)","24V321000",0,0,0,"PE24004","09/05/2024","BACK OVER PREVENTION: SENSING SYSTEM: CAMERA","Honda (America Honda Motor Co) is recalling certain 2020-2024 Ridgeline vehicles.  The rearview camera (RVC) tailgate wire harness may fatigue and break, which can prevent the rearview camera image from displaying.","A rearview camera that does not display an image can reduce the driver's rear view, increasing the risk of a crash.","Dealers will replace the RVC tailgate wire harness, free of charge.  Owner letters were mailed November 8, 2024.  Owners may contact Honda service at 1-888-234-2138.  Honda's number for this recall is YI7.","Owners may also contact the National Highway Traffic Safety Administration Vehicle Safety Hotline at 1-888-327-4236 (TTY 1-800-424-9153), or go to www.nhtsa.gov.","2025","HONDA","RIDGELINE"
"Hyundai Motor America","25V064000",0,0,0,,"06/02/2025","ELECTRICAL SYSTEM:WIRING","Hyundai Motor America (Hyundai) is recalling certain 2025 IONIQ 5 EV vehicles.  The rear floor wiring harness may contain an open circuit, which can result in the rear side air bag not deploying as intended.","A rear side air bag that does not deploy as intended can increase the risk of injury in a crash.","Dealers will inspect and replace the rear floor wiring harness, as necessary, free of charge.  Owner notification letters were mailed March 12, 2025.  Owners may contact Hyundai customer service at 1-855-371-9460.  Hyundai's number for this recall is 274.","Owners may also contact the National Highway Traffic Safety Administration Vehicle Safety Hotline at 1-888-327-4236 (TTY 1-800-424-9153) or go to nhtsa.gov.","2025","HYUNDAI","IONIQ 5"
"Hyundai Motor America","25V065000",0,0,0,,"06/02/2025","SERVICE BRAKES, HYDRAULIC:POWER ASSIST:ELECTRIC:CONTROL MODULE:SOFTWARE","Hyundai Motor America (Hyundai) is recalling certain 2025 Hyundai IONIQ 5 ""N"" vehicles equipped with a left-foot braking (LFB) feature.  The integrated electronic brake (IEB) and vehicle control unit (VCU) software may cause reduced braking performance when LFB is activated.","Reduced braking performance can increase the distance required to stop the vehicle, increasing the risk of a crash.","Owners who have not received the recall remedy are advised not to use the LFB feature until the updated remedy has been performed.  Additionally, owners who have received the recall remedy are advised not to use the 'N' E-shift feature until the updated remedy has been performed.  Dealers will update the IEB and VCU software, free of charge.  Owner notification letters were mailed March 12, 2025.  This recall is replaced by NHTSA recall number 25V-235.  Vehicles already repaired under this recall will need to have the new remedy completed. Owners may contact Hyundai customer service at 1-855-371-9460.  Hyundai's number for this recall is 275.","Owners may also contact the National Highway Traffic Safety Administration Vehicle Safety Hotline at 1-888-327-4236 (TTY 1-800-424-9153) or go to nhtsa.gov.","2025","HYUNDAI","IONIQ 5"
"Hyundai Motor America","25V235000",0,0,1,,"11/04/2025","SERVICE BRAKES, HYDRAULIC:POWER ASSIST:ELECTRIC:CONTROL MODULE:SOFTWARE","Hyundai Motor America (Hyundai) is recalling certain 2025 Hyundai IONIQ 5 ""N"" vehicles equipped with left-foot braking (LFB) and N e-shift features.  The integrated electronic brake (IEB) and vehicle control unit (VCU) software may cause reduced braking performance when LFB is activated.  Additionally, the vehicle may continue to accelerate after the pedal is released and the vehicle's N e-shift feature is engaged.","Reduced braking performance and unexpected, continued acceleration increase the risk of a crash.","Owners are advised not to use the LFB or N e-Shift features until the remedy has been performed.  The IEB and VCU software will be updated over-the-air (OTA) or by a dealer, free of charge.  Owner notification letters were mailed April 25, 2025.  This recall replaces NHTSA recall number 25V-065.  Vehicles repaired under the previous recall will need to have the new remedy completed.  Owners may contact Hyundai customer service at 1-855-371-9460.  Hyundai's number for this recall is 277.","Owners may also contact the National Highway Traffic Safety Administration Vehicle Safety Hotline at 1-888-327-4236 (TTY 1- 888-275-9171) or go to www.safercar.gov.","2025","HYUNDAI","IONIQ 5"
"Hyundai Motor America","25V373000",0,0,0,,"03/06/2025","EXTERIOR LIGHTING:HEADLIGHTS","Hyundai Motor America (Hyundai) is recalling certain 2025 Hyundai IONIQ 5 vehicles. The right-side headlight may have an incorrect headlight aim label, which can result in improperly aimed headlights. As such, these vehicles fail to comply with the requirements of Federal Motor Vehicle Safety Standard number 108, ""Lamps, Reflective Devices, and Associated Equipment.""","Improperly aimed headlights can result in insufficient illumination of the road, decreasing the driver's visibility and increasing the risk of a crash.","Hyundai will mail owners a corrected label with inspection and installation instructions. Owners may bring their vehicle to a dealer for the repair, free of charge. Owner notification letters were mailed July 15, 2025. Owners may contact Hyundai customer service at 1-855-371-9460. Hyundai's number for this recall is 279.",,"2025","HYUNDAI","IONIQ 5"
"Hyundai Motor America","25V482000",0,1,0,,"24/07/2025","ELECTRICAL SYSTEM:PROPULSION SYSTEM:TRACTION BATTERY","Hyundai Motor America (Hyundai) is recalling certain 2025 IONIQ 5 vehicles. The high voltage battery system may contain an improperly tightened bus bar, which can cause a short-circuit.","An electrical short in the high voltage battery system increases the risk of a fire.","Owners are advised to park their vehicles outside and away from structures until the recall remedy is complete. Dealers will inspect and repair the high voltage battery system, as necessary, free of charge. Owner notification letters were mailed August 25, 2025. Owners may contact Hyundai customer service at 1-855-371-9460. Hyundai's number for this recall is 280.",,"2025","HYUNDAI","IONIQ 5"
"Hyundai Motor America","25V605000",0,0,0,,"12/09/2025","SUSPENSION:CRITICAL FASTENERS","Hyundai Motor America (Hyundai) is recalling certain 2025 IONIQ 5 electric vehicles. Certain rear suspension alignment adjustment bolts may have been improperly tightened, which can cause a loss of vehicle stability control.","A loss of vehicle stability control increases the risk of a crash.","Dealers will replace the adjustment bolts, align the wheels, and replace tires if necessary, free of charge. Owner notification letters were mailed October 10, 2025. Owners may contact Hyundai customer service at 1-855-371-9460. Hyundai's number for this recall is 284. Vehicle Identification Numbers (VINs) involved in this recall became searchable on NHTSA.gov on September 13, 2025.",,"2025","HYUNDAI","IONIQ 5"
"Hyundai Motor America","25V797000",0,0,0,,"18/11/2025","SEAT BELTS:FRONT:RETRACTOR","Hyundai Motor America (Hyundai) is recalling certain 2025 IONIQ 5 vehicles. The seat belt retractors for the driver and front passenger seats may not be securely fastened.","An improperly secured seat belt retractor may not function properly in a crash, increasing the risk of injury.","Dealers will inspect and secure the seat belt retractors, as necessary, free of charge. Owner notification letters were mailed December 30, 2025. Owners may contact Hyundai customer service at 1-855-371-9460. Hyundai's number for this recall is 287. Vehicle Identification Numbers (VINs) involved in this recall became searchable on NHTSA.gov on November 19, 2025.",,"2025","HYUNDAI","IONIQ 5"
"Hyundai Motor America","26V068000",0,0,0,,"06/02/2026","ELECTRICAL SYSTEM:PROPULSION SYSTEM:TRACTION BATTERY","Hyundai Motor America (Hyundai) is recalling certain 2025-2026 IONIQ 5 and 2026 IONIQ 9 vehicles. The high voltage battery system may contain an improperly tightened bus bar, which can cause a short-circuit.","An electrical short in the high voltage battery system increases the risk of a fire.","Dealers will inspect and tighten the bus bar retention bolts and replace the battery system assembly, as necessary, free of charge. Owner notification letters are expected to be mailed April 6, 2026. Owners may contact Hyundai customer service at 1-855-371-9460. Hyundai's number for this recall is 294.  Vehicle Identification Numbers (VINs) involved in this recall became searchable on NHTSA.gov on February 7, 2026.",,"2025","HYUNDAI","IONIQ 5"
"Hyundai Motor America","24V868000",0,0,0,,"18/11/2024","ELECTRICAL SYSTEM:12V/24V/48V BATTERY","Hyundai Motor America (Hyundai) is recalling certain 2022-2024 IONIQ 5, 2023-2025 IONIQ 6, Genesis GV60, Genesis GV70 ""Electrified,"" and Genesis G80 ""Electrified"" vehicles.  The Integrated Charging Control Unit (ICCU) may become damaged and stop charging the 12-volt battery, which can result in a loss of drive power.","A loss of drive power increases the risk of a crash.","Dealers will inspect and replace the ICCU and its fuse, as necessary.  In addition, dealers will update the ICCU software.  All repairs will be performed free of charge.  Owner notification letters were mailed December 20, 2024.  Owners may contact Hyundai customer service at 1-855-371-9460 or Genesis customer service at 1-844-340-9741.  Hyundai's numbers for this recall are 272 (Hyundai) and 025G (Genesis).  This recall expands and replaces previous recall number 24V-204. Vehicles previously repaired under recall 24V-204 will need to have the new remedy completed.","Owners may also contact the National Highway Traffic Safety Administration Vehicle Safety Hotline at 1-888-327-4236 (TTY 1-800-424-9153) or go to nhtsa.gov.","2025","HYUNDAI","IONIQ 6"
"Hyundai Motor America","25V606000",0,0,0,,"12/09/2025","ELECTRICAL SYSTEM:PROPULSION SYSTEM:CHARGING:PORT","Hyundai Motor America (Hyundai) is recalling certain 2023-2025 IONIQ 6 electric vehicles. The charging port door panel may detach.","A detached charging port door panel can create a road hazard for other vehicles, increasing the risk of a crash.","Dealers will apply an adhesive on the charging port door assembly, free of charge. Owner notification letters were mailed beginning October 10, 2025. Owners may contact Hyundai customer service at 1-855-371-9460. Hyundai's number for this recall is 282. Vehicle Identification Numbers (VINs) involved in this recall became searchable on NHTSA.gov on September 13, 2025.",,"2025","HYUNDAI","IONIQ 6"
"Hyundai Motor America","25V291000",0,1,0,,"06/05/2025","POWER TRAIN:AUTOMATIC TRANSMISSION:FLUID/LUBRICANT:PUMP","Hyundai Motor America (Hyundai) is recalling certain 2025 Hyundai Palisade vehicles.  An insufficient seal on the controller for the electric oil pump may allow moisture to accumulate in the printed circuit board, which can cause an electrical short and result in a fire.","A fire while parked or driving can increase the risk of injury.","Owners are advised to park their vehicles outside and away from structures until the recall remedy is completed.  Dealers will replace the electric oil pump controller, free of charge.  Owner notification letters were mailed June 11, 2025.  Owners may contact Hyundai customer service at 1-855-371-9460.  Hyundai's number for this recall is 278.","Owners may also contact the National Highway Traffic Safety Administration Vehicle Safety Hotline at 1-888-327-4236 (TTY 1- 888-275-9171) or go to www.safercar.gov.","2025","HYUNDAI","PALISADE"
"Hyundai Motor America","25V607000",0,0,0,,"12/09/2025","SEAT BELTS: REAR/OTHER:BUCKLE ASSEMBLY","Hyundai Motor America (Hyundai) is recalling certain 2020-2025 Palisade vehicles. The seat belt buckles in the driver, passenger, and second-row window seats may fail to latch.","Seat belt buckles that fail to latch may not properly restrain occupants in a crash, increasing the risk of injury.","Passengers are advised to insert the belt firmly into the buckle with a quick and direct motion, pulling on the belt to confirm the seat belt is fully secured, until the recall remedy is performed. Dealers will replace the seat belt buckle assemblies, free of charge. Interim notification letters, notifying owners of the safety risk, were mailed beginning October 23, 2025. Additional letters will be sent once the final remedy is available, anticipated February 2026. Owners may contact Hyundai customer service at 1-855-371-9460. Hyundai's number for this recall is 283.  Vehicle Identification Numbers (VINs) involved in this recall became searchable on NHTSA.gov on September 13, 2025.",,"2025","HYUNDAI","PALISADE"
"Hyundai Motor America","26V034000",0,0,0,,"23/01/2026","AIR BAGS:SIDE/WINDOW:CURTAIN","Hyundai Motor America (Hyundai) is recalling certain 2020-2025 Palisade vehicles. The side curtain air bags for third-row occupants may deploy improperly in a crash. As such, these vehicles fail to comply with the requirements of Federal Motor Vehicle Safety Standard (FMVSS) number 226, ""Ejection Mitigation.""","Improper side curtain air bag deployment increases the risk of injury during a crash.","The remedy is currently under development. Interim notification letters, notifying owners of the safety risk, were mailed March 13, 2026. Additional letters will be sent once the final remedy is available. Owners may contact Hyundai customer service at 1-855-371-9460. Hyundai's number for this recall is 292. Vehicle Identification Numbers (VINs) involved in this recall became searchable on NHTSA.gov on January 24, 2026.",,"2025","HYUNDAI","PALISADE"
"Hyundai Motor America","24V877000",0,0,0,,"20/11/2024","ELECTRICAL SYSTEM:WIRING","Hyundai Motor America (Hyundai) is recalling certain 2025 Tucson and Santa Cruz vehicles.  The console extension wiring assembly may be routed improperly, allowing the transmission to be shifted out of Park without applying the brake pedal.","A transmission that can shift out of Park without applying the brake pedal can result in a vehicle roll away, increasing the risk of a crash.","Owners are advised to use the parking brake when parking the vehicle.  Dealers will reroute the console extension wiring assembly, free of charge.  Owner notification letters were mailed December 17, 2024.  Owners may contact Hyundai customer service at 1-855-371-9460.  Hyundai's number for this recall is 273.","Owners may also contact the National Highway Traffic Safety Administration Vehicle Safety Hotline at 1-888-327-4236 (TTY 1-800-424-9153) or go to nhtsa.gov.","2025","HYUNDAI","SANTA CRUZ"
"Hyundai Motor America","25V809000",0,0,0,,"21/11/2025","AIR BAGS:SIDE/WINDOW:CURTAIN","Hyundai Motor America (Hyundai) is recalling certain 2025 Tucson, 2025-2026 Santa Cruz, Santa Fe, Santa Fe Hybrid, and 2026 Genesis GV70 vehicles. The side curtain air bags may not have been installed properly, which can cause the air bags not to deploy as intended.","Side curtain air bags that do not deploy as intended increase the risk of injury in a crash.","Dealers will reinstall the side curtain air bags, free of charge. Owner notification letters were mailed beginning December 29, 2025. Owners may contact Hyundai customer service at 1-855-371-9460. Hyundai's numbers for this recall are 289 and 029G. Vehicle Identification Numbers (VINs) involved in this recall became searchable on NHTSA.gov on November 22, 2025.",,"2025","HYUNDAI","SANTA CRUZ"
"Hyundai Motor America","25V549000",0,0,0,,"26/08/2025","ENGINE AND ENGINE COOLING:CRITICAL FASTENERS","Hyundai Motor America (Hyundai) is recalling certain 2025-2026 Tucson and Santa Fe vehicles. The connecting rod bolts in the engine may have been improperly tightened, which can cause a loss of drive power and engine damage, possibly resulting in an oil leak.","A loss of drive power increases the risk of a crash. An oil leak in the presence of hot engine components can increase the risk of an engine compartment fire.","Dealers will replace the engine, free of charge. Owner notification letters were mailed October 23, 2025. Owners may contact Hyundai customer service at 1-855-371-9460. Hyundai's number for this recall is 281.",,"2025","HYUNDAI","SANTA FE"
"Hyundai Motor America","25V659000",0,0,0,,"02/10/2025","ELECTRICAL SYSTEM:STARTER ASSEMBLY","Hyundai Motor America (Hyundai) is recalling certain 2024-2025 Santa Fe vehicles. The B+ positive terminal cover on the starter motor assembly may be improperly installed, which can cause an electrical short during a crash.","An electrical short increases the risk of a fire.","Dealers will inspect and reinstall the starter motor terminal cover, as necessary, free of charge. Owner notification letters were mailed beginning October 22, 2025. Owners may contact Hyundai customer service at 1-855-371-9460. Hyundai's number for this recall is 285. Vehicle Identification Numbers (VINs) involved in this recall became searchable on NHTSA.gov on October 4, 2025.",,"2025","HYUNDAI","SANTA FE"
"Hyundai Motor America","25V808000",0,0,0,,"21/11/2025","BACK OVER PREVENTION:DISPLAY FUNCTION","Hyundai Motor America (Hyundai) is recalling certain 2024-2025 Santa Fe and Santa Fe Hybrid vehicles. The rearview camera may not have been installed properly, which can damage the wiring harness and cause the rearview camera image not to display. As such, these vehicles fail to comply with the requirements of Federal Motor Vehicle Safety Standard (FMVSS) number 111, ""Rear Visibility.""","A rearview image that does not display reduces the driver's view behind the vehicle, increasing the risk of a crash.","Dealers will replace the camera wiring harness, free of charge. Owner notification letters were mailed beginning January 15, 2026. Owners may contact Hyundai customer service at 1-855-371-9460. Hyundai's number for this recall is 288. Vehicle Identification Numbers (VINs) involved in this recall became searchable on NHTSA.gov on November 22, 2025.",,"2025","HYUNDAI","SANTA FE"
"Hyundai Motor America","25V809000",0,0,0,,"21/11/2025","AIR BAGS:SIDE/WINDOW:CURTAIN","Hyundai Motor America (Hyundai) is recalling certain 2025 Tucson, 2025-2026 Santa Cruz, Santa Fe, Santa Fe Hybrid, and 2026 Genesis GV70 vehicles. The side curtain air bags may not have been installed properly, which can cause the air bags not to deploy as intended.","Side curtain air bags that do not deploy as intended increase the risk of injury in a crash.","Dealers will reinstall the side curtain air bags, free of charge. Owner notification letters were mailed beginning December 29, 2025. Owners may contact Hyundai customer service at 1-855-371-9460. Hyundai's numbers for this recall are 289 and 029G. Vehicle Identification Numbers (VINs) involved in this recall became searchable on NHTSA.gov on November 22, 2025.",,"2025","HYUNDAI","SANTA FE"
"Hyundai Motor America","25V808000",0,0,0,,"21/11/2025","BACK OVER PREVENTION:DISPLAY FUNCTION","Hyundai Motor America (Hyundai) is recalling certain 2024-2025 Santa Fe and Santa Fe Hybrid vehicles. The rearview camera may not have been installed properly, which can damage the wiring harness and cause the rearview camera image not to display. As such, these vehicles fail to comply with the requirements of Federal Motor Vehicle Safety Standard (FMVSS) number 111, ""Rear Visibility.""","A rearview image that does not display reduces the driver's view behind the vehicle, increasing the risk of a crash.","Dealers will replace the camera wiring harness, free of charge. Owner notification letters were mailed beginning January 15, 2026. Owners may contact Hyundai customer service at 1-855-371-9460. Hyundai's number for this recall is 288. Vehicle Identification Numbers (VINs) involved in this recall became searchable on NHTSA.gov on November 22, 2025.",,"2025","HYUNDAI","SANTA FE HYBRID"
"Hyundai Motor America","25V809000",0,0,0,,"21/11/2025","AIR BAGS:SIDE/WINDOW:CURTAIN","Hyundai Motor America (Hyundai) is recalling certain 2025 Tucson, 2025-2026 Santa Cruz, Santa Fe, Santa Fe Hybrid, and 2026 Genesis GV70 vehicles. The side curtain air bags may not have been installed properly, which can cause the air bags not to deploy as intended.","Side curtain air bags that do not deploy as intended increase the risk of injury in a crash.","Dealers will reinstall the side curtain air bags, free of charge. Owner notification letters were mailed beginning December 29, 2025. Owners may contact Hyundai customer service at 1-855-371-9460. Hyundai's numbers for this recall are 289 and 029G. Vehicle Identification Numbers (VINs) involved in this recall became searchable on NHTSA.gov on November 22, 2025.",,"2025","HYUNDAI","SANTA FE HYBRID"
"Hyundai Motor America","24V691000",0,0,0,,"13/09/2024","EQUIPMENT:OTHER:LABELS","Hyundai Motor America (Hyundai) is recalling certain 2025 Tucson vehicles.  The glove box air bag warning label may be missing.  As such, these vehicles fail to comply with the requirements of Federal Motor Vehicle Safety Standard number 208, ""Occupant Crash Protection.""","Without the glove box label, operators may be unaware of the increased risks that an air bag poses to an infant or child in the front seat, increasing the risk of injury to occupants.","Hyundai will mail owners the warning labels, free of charge.  Owner notification letters were mailed October 4, 2024.  Owners may contact Hyundai Customer service at 1-855-371-9460.  Hyundai's number for this recall is 268.","Owners may also contact the National Highway Traffic Safety Administration Vehicle Safety Hotline at 1-888-327-4236 (TTY 1-800-424-9153), or go to www.nhtsa.gov.","2025","HYUNDAI","TUCSON"
"Hyundai Motor America","24V877000",0,0,0,,"20/11/2024","ELECTRICAL SYSTEM:WIRING","Hyundai Motor America (Hyundai) is recalling certain 2025 Tucson and Santa Cruz vehicles.  The console extension wiring assembly may be routed improperly, allowing the transmission to be shifted out of Park without applying the brake pedal.","A transmission that can shift out of Park without applying the brake pedal can result in a vehicle roll away, increasing the risk of a crash.","Owners are advised to use the parking brake when parking the vehicle.  Dealers will reroute the console extension wiring assembly, free of charge.  Owner notification letters were mailed December 17, 2024.  Owners may contact Hyundai customer service at 1-855-371-9460.  Hyundai's number for this recall is 273.","Owners may also contact the National Highway Traffic Safety Administration Vehicle Safety Hotline at 1-888-327-4236 (TTY 1-800-424-9153) or go to nhtsa.gov.","2025","HYUNDAI","TUCSON"
"Hyundai Motor America","25V549000",0,0,0,,"26/08/2025","ENGINE AND ENGINE COOLING:CRITICAL FASTENERS","Hyundai Motor America (Hyundai) is recalling certain 2025-2026 Tucson and Santa Fe vehicles. The connecting rod bolts in the engine may have been improperly tightened, which can cause a loss of drive power and engine damage, possibly resulting in an oil leak.","A loss of drive power increases the risk of a crash. An oil leak in the presence of hot engine components can increase the risk of an engine compartment fire.","Dealers will replace the engine, free of charge. Owner notification letters were mailed October 23, 2025. Owners may contact Hyundai customer service at 1-855-371-9460. Hyundai's number for this recall is 281.",,"2025","HYUNDAI","TUCSON"
"Hyundai Motor America","25V809000",0,0,0,,"21/11/2025","AIR BAGS:SIDE/WINDOW:CURTAIN","Hyundai Motor America (Hyundai) is recalling certain 2025 Tucson, 2025-2026 Santa Cruz, Santa Fe, Santa Fe Hybrid, and 2026 Genesis GV70 vehicles. The side curtain air bags may not have been installed properly, which can cause the air bags not to deploy as intended.","Side curtain air bags that do not deploy as intended increase the risk of injury in a crash.","Dealers will reinstall the side curtain air bags, free of charge. Owner notification letters were mailed beginning December 29, 2025. Owners may contact Hyundai customer service at 1-855-371-9460. Hyundai's numbers for this recall are 289 and 029G. Vehicle Identification Numbers (VINs) involved in this recall became searchable on NHTSA.gov on November 22, 2025.",,"2025","HYUNDAI","TUCSON"
"Hyundai Motor America","26V047000",0,0,0,,"27/01/2026","ELECTRICAL SYSTEM: INSTRUMENT CLUSTER/PANEL","Hyundai Motor America (Hyundai) is recalling certain 2025-2026 Tucson Hybrid, Tucson Plug-In Hybrid Electric (PHEV), 2026 IONIQ 5, Santa Cruz, Kona, Palisade, Palisade Hybrid, Santa Fe, Santa Fe Hybrid, Sonata, Sonata Hybrid, and Tucson vehicles. Due to a software error, the instrument panel display may fail. As such, these vehicles fail to comply with the requirements of Federal Motor Vehicle Safety Standard (FMVSS) number 101, ""Controls and Displays.""","An instrument panel display that fails to show critical safety information, such as the speedometer or warning lights, increases the risk of a crash.","The instrument panel display software will be updated over-the-air (OTA) or by a dealer, free of charge. Owner notification letters are expected to be mailed March 27, 2026. Owners may contact Hyundai's customer service at 855-371-9460. Hyundai's number for this recall is 293. Vehicle Identification Numbers (VINs) involved in this recall became searchable on NHTSA.gov on January 28, 2026.",,"2025","HYUNDAI","TUCSON HYBRID"
"Hyundai Motor America","26V047000",0,0,0,,"27/01/2026","ELECTRICAL SYSTEM: INSTRUMENT CLUSTER/PANEL","Hyundai Motor America (Hyundai) is recalling certain 2025-2026 Tucson Hybrid, Tucson Plug-In Hybrid Electric (PHEV), 2026 IONIQ 5, Santa Cruz, Kona, Palisade, Palisade Hybrid, Santa Fe, Santa Fe Hybrid, Sonata, Sonata Hybrid, and Tucson vehicles. Due to a software error, the instrument panel display may fail. As such, these vehicles fail to comply with the requirements of Federal Motor Vehicle Safety Standard (FMVSS) number 101, ""Controls and Displays.""","An instrument panel display that fails to show critical safety information, such as the speedometer or warning lights, increases the risk of a crash.","The instrument panel display software will be updated over-the-air (OTA) or by a dealer, free of charge. Owner notification letters are expected to be mailed March 27, 2026. Owners may contact Hyundai's customer service at 855-371-9460. Hyundai's number for this recall is 293. Vehicle Identification Numbers (VINs) involved in this recall became searchable on NHTSA.gov on January 28, 2026.",,"2025","HYUNDAI","TUCSON PLUG-IN HYBRID"
"Navistar, Inc.","24V750000",0,0,0,,"02/10/2024","SERVICE BRAKES, AIR:DISC:CALIPER","Navistar, Inc. (Navistar) is recalling certain 2024-2025 IC Bus EVSB and 2024-2025 CESB school buses.  The brake caliper mounting bolts may not have been properly tightened, allowing the brake caliper to detach from the anchor plate.","A detached brake caliper can cause a loss of braking ability, increasing the risk of a crash.","Navistar will inspect, tighten, and replace any missing bolts as necessary, free of charge.  Owner notification letters were mailed November 4, 2024.  Owners may contact Navistar Customer Service at 800-448-7825.  Navistar's number for this recall is 24513.","Owners may also contact the National Highway Traffic Safety Administration Vehicle Safety Hotline at 1-888-327-4236 (TTY 1-800-424-9153) or go to nhtsa.gov.","2025","IC BUS","CESB"
"International Motors, LLC","25V176000",0,0,0,,"20/03/2025","EXTERIOR LIGHTING:HEADLIGHTS","International Motors, LLC (International) is recalling certain 2025-2026 IC Bus CESB school buses equipped with halogen headlights.  When the high beams are activated, the low beams turn off.  As such, these vehicles fail to comply with the requirements of Federal Motor Vehicle Safety Standard (FMVSS) number 108, ""Lamps, Reflective Devices, and Associated Equipment.""","Headlight low beam failure can reduce visibility, increasing the risk of a crash.","Dealers will update the body control module (BCM) software, free of charge.  Owner notification letters were mailed April 28, 2025.  Owners may contact International customer service at 1-800-448-7825.  International's number for this recall is 25502.","Owners may also contact the National Highway Traffic Safety Administration Vehicle Safety Hotline at 888-327-4236 (TTY 888-275-9171) or go to nhtsa.gov.","2025","IC BUS","CESB"
"International Motors, LLC","25V266000",0,0,0,,"22/04/2025","SEAT BELTS:CRITICAL FASTENERS","International Motors, LLC (International) is recalling certain 2025-2026 IC CESB and 2025 EVSB school buses.  The driver's seat belt anchor bolt may come loose.","A loose seat belt may not properly restrain the driver in a crash, increasing the risk of injury.","Dealers will install spacers and tighten the seat belt anchor bolts, free of charge.  Owner notification letters were mailed June 2, 2025.  Owners may contact International customer service at 1-800-448-7825.  International's number for this recall is 25504.","Owners may also contact the National Highway Traffic Safety Administration Vehicle Safety Hotline at 888-327-4236 (TTY 888-275-9171) or go to nhtsa.gov.","2025","IC BUS","CESB"
"International Motors, LLC","25V323000",0,0,0,,"15/05/2025","EQUIPMENT ADAPTIVE/MOBILITY:WHEELCHAIR LIFT/RAMP","International Motors, LLC (International) is recalling certain 2025-2026 IC Bus CESB school buses. The parking brake can be released when the wheelchair platform lift is deployed. As such, these vehicles fail to comply with the requirements of Federal Motor Vehicle Safety Standard number 403, ""Platform Lift Systems.""","A bus that moves while the platform lift is in operation increases the risk of injury.","Dealers will replace the dash electronic control unit (DECU) module, free of charge. Owner notification letters were mailed June 16, 2025. Owners may contact International customer service at 1-800-448-7825.  International's number for this recall is 25506.",,"2025","IC BUS","CESB"
"International Motors, LLC","25V522000",0,0,0,,"12/08/2025","PARKING BRAKE","International Motors, LLC (International) is recalling certain 2024-2026 IC Bus CESB and 2025 EVSB school buses. The tension spring may corrode and break, disengaging the barking brake.","A parking brake that is not engaged as expected when the driver releases the brakes may allow the vehicle to rollaway, increasing the risk of crash.","Dealers will replace the parking brake cable and adjust the parking brake, free of charge. Owner notification letters were mailed October 6, 2025. Owners may contact International customer service at 1-800-448-7825. International's number for this recall is 25511.",,"2025","IC BUS","CESB"
"International Motors, LLC","25V580000",0,0,0,,"04/09/2025","STRUCTURE:BODY","International Motors, LLC (International) is recalling certain 2016-2026 IC Bus CESB and 2016-2021 RESB school buses. The underfloor reinforcement may not have been installed, compromising the structural integrity of the buses. As such, these vehicles fail to comply with the requirements of Federal Motor Vehicle Safety Standard (FMVSS) numbers 210, ""Seat Belt Assembly Anchorages"" and 222, ""School Bus Passenger Seating and Crash Protection.""","Reduced structural integrity may increase the risk of injury in a crash.","Dealers will inspect and install a reinforcement channel as necessary, free of charge. Owner notification letters were mailed December 8, 2025. Owners may contact International customer service at 1-800-448-7825. International's number for this recall is 25514.",,"2025","IC BUS","CESB"
"International Motors, LLC","25V646000",0,0,0,,"25/09/2025","PARKING BRAKE:CONVENTIONAL:AIR","International Motors, LLC (International) is recalling certain 2024-2026 IC Bus CESB school buses. A tire may contact and damage the air dryer discharge line, causing an air leak and the unintentional activation of the parking brake.","Unintended activation of the parking brake while driving increases the risk of a crash.","Dealers will inspect, replace, and reroute the lines as necessary, free of charge. Owner notification letters were mailed November 17, 2025. Owners may contact International customer service at 1-800-448-7825. International's number for this recall is 25517.",,"2025","IC BUS","CESB"
"International Motors, LLC","25V783000",0,0,0,,"13/11/2025","EQUIPMENT:OTHER:LABELS","International Motors, LLC (International) is recalling certain 2023-2027 IC Bus CESB school buses. While carrying the maximum number of occupants, the bus may exceed Gross Vehicle Weight Rating (GVWR) when the fuel tank and fluid reservoirs are full.","An incorrect GVWR may lead to unintentionally overloading the bus, increasing the risk of a crash.","Dealers will inspect and repair suspension as necessary, free of charge. Interim owner notification letters explaining the safety risk were mailed by December 22, 2025. Owners will receive another notice once remedy becomes available, anticipated late May 2026. Owners may contact International customer service at 1-800-448-7825. International's number for this recall is 25523.",,"2025","IC BUS","CESB"
"International Motors, LLC","26V111000",0,0,0,,"26/02/2026","SERVICE BRAKES, HYDRAULIC:FOUNDATION COMPONENTS:HOSES, LINES/PIPING, AND FITTINGS","International Motors, LLC (International) is recalling certain 2023-2027 IC Bus CESB school buses. The brake lines may have been installed with incorrect hardware, which can result in brake line damage and cause a leak.","A brake fluid leak can extend the distance required to stop, increasing the risk of a crash.","Dealers will inspect and replace the brake lines and brake line retainers as necessary, free of charge. Owner notification letters are expected to be mailed April 27, 2026. Owners may contact International's customer service at 1-800-448-7825. International's number for this recall is 26502. Vehicle Identification Numbers (VINs) involved in this recall will be searchable on NHTSA.gov beginning April 20, 2026.",,"2025","IC BUS","CESB"
"International Motors, LLC","26V168000",0,0,0,,"19/03/2026","STRUCTURE:BODY","International Motors, LLC (International) is recalling certain 2023-2027 IC Bus CESB and 2025-2027 IC Bus EVSB school buses. The body panel joint may have been attached without sufficient epoxy coverage. As such these vehicle fail to comply with the requirements of Federal Motor Vehicle Safety Standard (FMVSS) No. 221, ""School Bus Body Joint Strength.""","The body panels may separate during a crash, reducing structural integrity and increasing the risk of injury.","Dealers will inspect and repair the interior vertical joint as necessary, free of charge. Owner notification letters are expected to be mailed May 18, 2026. Owners may contact International's customer service at 1-800-448-7825. International's number for this recall is 26504. Vehicle Identification Numbers (VINs) involved in this recall will be searchable on NHTSA.gov beginning May 11, 2026.",,"2025","IC BUS","CESB"
"Indian Motorcycle Company","24V970000",0,0,0,,"23/12/2024","ENGINE AND ENGINE COOLING:ENGINE:ENGINE CONTROL MODULE (ECU/ECM):SOFTWARE","Indian Motorcycle Company (Indian) is recalling certain 2025 Scout and Scout Sixty motorcycles.  Please see the recall report for a complete list of affected trims.  The gear position display may falsely show that the motorcycle is in neutral.  As such, these vehicles fail to comply with the requirements of Federal Motor Vehicle Safety Standard (FMVSS) number 123, ""Motorcycle Controls and Displays.""","The motorcycle may move unexpectedly when the transmission is actually in gear, increasing the risk of a crash.","Dealers will update the Engine Control Module (ECM) software, free of charge.  Owner notification letters were mailed January 29, 2025.  Owners may contact Indian customer service at 1-877-204-3697.  Indian's number for this recall is I-24-11.","Owners may also contact the National Highway Traffic Safety Administration Vehicle Safety Hotline at 1-888-327-4236 (TTY 1-800-424-9153) or go to www.nhtsa.gov.","2025","INDIAN","SCOUT"
"Nissan North America, Inc.","25V173000",0,0,0,,"19/03/2025","SERVICE BRAKES, HYDRAULIC:FOUNDATION COMPONENTS:DISC:CALIPER","Nissan North America, Inc. (Nissan) is recalling certain 2025 Murano, Pathfinder, and INFINITI QX60 vehicles.  One or both front brake caliper assemblies may have reduced strength and could break.  As such, these vehicles fail to comply with the requirements of Federal Motor Vehicle Safety Standard number 135, ""Light Vehicle Brake Systems.""","A broken front brake caliper can cause a loss of front brake function, increasing the risk of a crash.","Dealers will inspect and replace the front brake caliper assemblies as necessary, free of charge.  Owner notification letters were mailed May 9, 2025.  Owners may contact Nissan's customer service at 800-647-7261 or INFINITI's customer service at 1-800-662-6200.  Nissan's numbers for this recall are PD137 and PD138.","Owners may also contact the National Highway Traffic Safety Administration Vehicle Safety Hotline at 888-327-4236 (TTY 888-275-9171) or go to nhtsa.gov.","2025","INFINITI","QX60"
"Nissan North America, Inc.","24V748000",0,0,1,,"03/10/2024","BACK OVER PREVENTION","Nissan North America, Inc. (Nissan) is recalling certain 2024-2025 Rogue and 2025 INFINITI QX80 vehicles.  A software error may cause the rearview camera to display a blank screen when the vehicle is in reverse.  As such, these vehicles fail to comply with the requirements of Federal Motor Vehicle Safety Standard number 111, ""Rear Visibility.""","The loss of the rearview camera image while in reverse can reduce the driver's rear visibility, increasing the risk of a crash.","The in-vehicle infotainment software will be updated by an over-the-air (OTA) software update or by a dealer, free of charge.  Owner notification letters were mailed December 2, 2024.  Owners may contact Nissan's customer service at 800-647-7261 or INFINITI's customer service at 1-800-662-6200.  Nissan's numbers for this recall are R24B3 and R24B4.","Owners may also contact the National Highway Traffic Safety Administration Vehicle Safety Hotline at 1-888-327-4236 (TTY 1-800-424-9153) or go to nhtsa.gov.","2025","INFINITI","QX80"
"Nissan North America, Inc.","24V747000",0,0,0,,"03/10/2024","BACK OVER PREVENTION:SOFTWARE","Nissan North America, Inc. (Nissan) is recalling certain 2025 INFINITI QX80 vehicles equipped with an Around View Monitor (AVM).  A software error may cause the rearview camera to freeze and display a blank screen when the vehicle is in reverse.  As such, these vehicles fail to comply with the requirements of Federal Motor Vehicle Safety Standard number 111, ""Rear Visibility.""","The loss of the rearview camera image while in reverse can reduce the driver's rear visibility, increasing the risk of a crash.","Dealers will reprogram the AVM software, free of charge.  Owner notification letters were mailed December 2, 2024.  Owners may contact INFINITI's customer service at 1-800-662-6200.  Nissan's numbers for this recall are R24B5 and R24C2.","Owners may also contact the National Highway Traffic Safety Administration Vehicle Safety Hotline at 1-888-327-4236 (TTY 1-800-424-9153) or go to nhtsa.gov.","2025","INFINITI","QX80"
"Nissan North America, Inc.","25V821000",0,0,0,,"26/11/2025","BACK OVER PREVENTION:SOFTWARE","Nissan North America, Inc. (Nissan) is recalling certain 2025 Murano, 2025-2026 Armada, and Infiniti QX80 vehicles. A software error may occur in the In-Vehicle Infotainment (IVI) system at vehicle startup, resulting in the rearview camera image not displaying when the vehicle is shifted into reverse. As such, these vehicles fail to comply with the requirements of Federal Motor Vehicle Safety Standard (FMVSS) number 111, ""Rear Visibility.""","A rearview image that does not display reduces the driver's view behind the vehicle, increasing the risk of a crash.","The IVI system software will be updated by a dealer, or through an over-the-air (OTA) update, free of charge. Owner notification letters were mailed February 2, 2026. Owners may contact Nissan's customer service at 800-647-7261 or Infiniti's customer service at 1-800-662-6200. Nissan's numbers for this recall are R25D6, R25D5, and R25D7. Vehicle Identification Numbers (VINs) involved in this recall will become searchable on NHTSA.gov beginning December 12, 2025.",,"2025","INFINITI","QX80"
"Navistar, Inc.","24V164000",0,0,0,,"29/02/2024","STEERING:GEAR BOX:SHAFT SECTOR","Navistar, Inc. (Navistar) is recalling certain 2025 International HV, HX, LT, and MV vehicles.  The steering gear sector shaft may have been improperly heat-treated, which can cause the gear teeth to crack or fracture.","Fractured steering gear teeth can cause a loss of steering control, increasing the risk of a crash.","Dealers will replace the steering gears, free of charge.  Owner notification letters were mailed September 30, 2024.  Owners may contact Navistar customer service at 1-800-448-7825.  Navistar's number for this recall is 24505.","Owners may also contact the National Highway Traffic Safety Administration Vehicle Safety Hotline at 1-888-327-4236 (TTY 1-800-424-9153), or go to www.nhtsa.gov.","2025","INTERNATIONAL","LT"
"Navistar, Inc.","24V180000",0,0,0,,"07/03/2024","EXTERIOR LIGHTING:TURN SIGNAL","Navistar, Inc. (Navistar) is recalling certain 2025 International LT vehicles.  Two wires in the taillight jumper harness may be reversed, causing the turn signal to activate in the opposite direction of what the driver intended.  As such, these vehicles fail to comply with the requirements of Federal Motor Vehicle Safety Standard number 108, ""Lamps, Reflective Devices, and Associated Equipment.""","Turn signals that do not function as intended may confuse other road users, increasing the risk of a crash.","Dealers will replace the taillight jumper harness, free of charge.  Owner notification letters were mailed April 15, 2024.  Owners may contact Navistar customer service at 1-800-448-7825.  Navistar's number for this recall is 24506.","Owners may also contact the National Highway Traffic Safety Administration Vehicle Safety Hotline at 1-888-327-4236 (TTY 1-800-424-9153), or go to www.nhtsa.gov.","2025","INTERNATIONAL","LT"
"Navistar, Inc.","24V462000",0,0,0,,"20/06/2024","STEERING:LINKAGES:TIE ROD ASSEMBLY","Navistar, Inc. (Navistar) is recalling certain 2025 International HV, LT, MV, and RH trucks.  Tie rod assemblies may contain ball studs that may have been incorrectly heat-treated, which can cause them to break, and possibly result in tie rod failure.","Tie rod failure can cause a loss of vehicle steering control and increase the risk of a crash.","Dealers will replace the tie rod ends and realign the front axle, free of charge.  Owner notification letters were mailed July 29, 2024.  Owners may contact Navistar customer service at 1-800-448-7825.  Navistar's number for this recall is 24509.","Owners may also contact the National Highway Traffic Safety Administration Vehicle Safety Hotline at 1-888-327-4236 (TTY 1-800-424-9153), or go to www.safercar.gov.","2025","INTERNATIONAL","LT"
"Navistar, Inc.","24V556000",0,0,0,,"25/07/2024","STEERING:LINKAGES:TIE ROD ASSEMBLY","Navistar, Inc. (Navistar) is recalling certain 2025 International HV, HX, LT, MV, and RH vehicles.  The tie rod assemblies may contain ball studs that have been incorrectly heat-treated, which can cause them to break, and possibly result in tie rod failure.","Tie rod failure can cause a loss of vehicle steering control and increase the risk of a crash.","Dealers will replace the tie rod end and re-align the front axle, free of charge.  Owner notification letters were mailed September 9, 2024.  Owners may contact Navistar customer service at 1-800-448-7825.  Navistar's number for this recall is 24511.","Owners may also contact the National Highway Traffic Safety Administration Vehicle Safety Hotline at 1-888-327-4236 (TTY 1-800-424-9153), or go to www.safercar.gov.","2025","INTERNATIONAL","LT"
"Navistar, Inc.","24V734000",0,0,0,,"01/10/2024","FUEL SYSTEM, DIESEL:DELIVERY:FUEL PUMP","Navistar, Inc. (Navistar) is recalling certain 2025 International HX and International LT vehicles equipped with Cummins X15 diesel engines.  The fuel pump barrels may fracture and cause a fuel leak, resulting in an engine stall.","An engine stall increases the risk of a crash.","Navistar will work with the equipment manufacturer, Cummins, to replace the fuel pump barrels, free of charge.  Owner notification letters are expected to be mailed November 22, 2024.  Owners may contact Navistar Customer Service at 331-332-1590 or Cummins Customer Service at 812-377-5000.  Cummins' number for the recall is C7083.","Owners may also contact the National Highway Traffic Safety Administration Vehicle Safety Hotline at 1-888-327-4236 (TTY 1-800-424-9153) or go to nhtsa.gov.","2025","INTERNATIONAL","LT"
"International Motors, LLC","24V818000",0,0,0,,"31/10/2024","ELECTRICAL SYSTEM:SOFTWARE","International Motors, LLC (International) is recalling certain 2021-2024 Lonestar, 2021-2025 RH, HV, MV, LT, HX, and 2022 PROSTAR vehicles, equipped with Bendix EC80 Advanced Electronic Control Units (ECU).  Electrical noise and low signal to the power line carrier may cause the ECU to incorrectly process commands or stop working.","Safety systems that depend on the ECU (Automatic Traction Control, ABS, Electronic Stability Control, Active Cruise Control, and Collison Mitigation System) may have diminished or lost functionality, increasing the risk of a crash.","International will work with Bendix to reprogram the ECU software, free of charge.  Owner notification letters were mailed December 16, 2024.  Owners may contact International customer service at 1-800-448-7825.  International's number for this recall is 24515.","Owners may also contact the National Highway Traffic Safety Administration Vehicle Safety Hotline at 1-888-327-4236 (TTY 1-800-424-9153) or go to nhtsa.gov.","2025","INTERNATIONAL","LT"
"International Motors, LLC","25V276000",0,0,0,,"24/04/2025","VISIBILITY:WINDSHIELD WIPER/WASHER:LINKAGES","International Motors, LLC (International) is recalling certain 2025-2026 HV, HX, LT, MV, RH, and 2025 EMV vehicles.  The linkage that connects the right-side wiper arm to the motor may separate, causing the wipers to fail.","Windshield wiper failure can reduce driver visibility, increasing the risk of a crash.","Dealers will replace the wiper module, free of charge.  Owner notification letters were mailed June 2, 2025.  Owners may contact International customer service at 1-800-448-7825.  International's number for this recall is 25505.","Owners may also contact the National Highway Traffic Safety Administration Vehicle Safety Hotline at 888-327-4236 (TTY 888-275-9171) or go to nhtsa.gov.","2025","INTERNATIONAL","LT"
"International Motors, LLC","25V501000",0,0,0,,"05/08/2025","SERVICE BRAKES, AIR","International Motors, LLC (International) is recalling certain 2024-2026 LT and 2025 RH trucks. The Hill Start Assist (HSA) exhaust port may become clogged, delaying or preventing the release of the service brakes.","Brakes that are still engaged while driving increase the risk of crash.","Dealers will relocate the HSA valve exhaust, free of charge. Owner notification letters were mailed September 22, 2025. Owners may contact International customer service at 1-800-448-7825. International's number for this recall is 25508.",,"2025","INTERNATIONAL","LT"
"International Motors, LLC","25V781000",0,0,0,,"13/11/2025","SERVICE BRAKES, AIR","International Motors, LLC (International) is recalling certain 2023-2026 LT and 2024-2025 RH trucks. The Hill Start Assist (HSA) exhaust port may become clogged, delaying or preventing the release of the service brakes.","Brakes that are still engaged while driving increase the risk of crash.","Dealers will relocate the HSA valve exhaust, free of charge. Owner notification letters were mailed December 15, 2025. Owners may contact International customer service at 1-800-448-7825. International's number for this recall is 25522.",,"2025","INTERNATIONAL","LT"
"International Motors, LLC","25V806000",0,0,0,,"20/11/2025","SERVICE BRAKES, AIR:SUPPLY:QUICK RELEASE VALVE","International Motors, LLC (International) is recalling certain 2023-2026 LT and RH vehicles. The auto neutral function may not recognize that the parking brake has been applied, failing to shift the transmission into neutral.","The transmission remaining in gear may allow the vehicle to move unexpectedly, increasing the risk of a crash.","Dealers will replace the quick release valve on the rear axle, free of charge. Owner notification letters are expected to be mailed March 9, 2026. Owners will receive another notice once remedy becomes available. Owners may contact International's customer service at 1-800-448-7825. International's number for this recall is 25524. Vehicle Identification Numbers (VINs) involved in this recall will be searchable on NHTSA.gov beginning January 12, 2026.",,"2025","INTERNATIONAL","LT"
"Navistar, Inc.","24V088000",0,0,0,,"08/02/2024","STEERING","Navistar, Inc. (Navistar) is recalling certain 2024 International HX, LT, RH and 2024-2025 International HV, MV trucks and 2024 IC Bus CE commercial buses.  The steering gear assemblies may have been assembled incorrectly with fewer recirculating balls than are required, which may result in a loss of steering control.","A loss of steering control increases the risk of a crash.","Dealers will inspect and replace the defective gears, free of charge.  Owner notification letters were mailed September 30, 2024.  Owners may contact Navistar's customer service at 1-800-448-7825.  Navistar's number for this recall is 24503.","Owners may also contact the National Highway Traffic Safety Administration Vehicle Safety Hotline at 1-888-327-4236 (TTY 1-800-424-9153), or go to www.nhtsa.gov.","2025","INTERNATIONAL","MV"
"Navistar, Inc.","24V164000",0,0,0,,"29/02/2024","STEERING:GEAR BOX:SHAFT SECTOR","Navistar, Inc. (Navistar) is recalling certain 2025 International HV, HX, LT, and MV vehicles.  The steering gear sector shaft may have been improperly heat-treated, which can cause the gear teeth to crack or fracture.","Fractured steering gear teeth can cause a loss of steering control, increasing the risk of a crash.","Dealers will replace the steering gears, free of charge.  Owner notification letters were mailed September 30, 2024.  Owners may contact Navistar customer service at 1-800-448-7825.  Navistar's number for this recall is 24505.","Owners may also contact the National Highway Traffic Safety Administration Vehicle Safety Hotline at 1-888-327-4236 (TTY 1-800-424-9153), or go to www.nhtsa.gov.","2025","INTERNATIONAL","MV"
"Navistar, Inc.","24V462000",0,0,0,,"20/06/2024","STEERING:LINKAGES:TIE ROD ASSEMBLY","Navistar, Inc. (Navistar) is recalling certain 2025 International HV, LT, MV, and RH trucks.  Tie rod assemblies may contain ball studs that may have been incorrectly heat-treated, which can cause them to break, and possibly result in tie rod failure.","Tie rod failure can cause a loss of vehicle steering control and increase the risk of a crash.","Dealers will replace the tie rod ends and realign the front axle, free of charge.  Owner notification letters were mailed July 29, 2024.  Owners may contact Navistar customer service at 1-800-448-7825.  Navistar's number for this recall is 24509.","Owners may also contact the National Highway Traffic Safety Administration Vehicle Safety Hotline at 1-888-327-4236 (TTY 1-800-424-9153), or go to www.safercar.gov.","2025","INTERNATIONAL","MV"
"Navistar, Inc.","24V556000",0,0,0,,"25/07/2024","STEERING:LINKAGES:TIE ROD ASSEMBLY","Navistar, Inc. (Navistar) is recalling certain 2025 International HV, HX, LT, MV, and RH vehicles.  The tie rod assemblies may contain ball studs that have been incorrectly heat-treated, which can cause them to break, and possibly result in tie rod failure.","Tie rod failure can cause a loss of vehicle steering control and increase the risk of a crash.","Dealers will replace the tie rod end and re-align the front axle, free of charge.  Owner notification letters were mailed September 9, 2024.  Owners may contact Navistar customer service at 1-800-448-7825.  Navistar's number for this recall is 24511.","Owners may also contact the National Highway Traffic Safety Administration Vehicle Safety Hotline at 1-888-327-4236 (TTY 1-800-424-9153), or go to www.safercar.gov.","2025","INTERNATIONAL","MV"
"International Motors, LLC","24V818000",0,0,0,,"31/10/2024","ELECTRICAL SYSTEM:SOFTWARE","International Motors, LLC (International) is recalling certain 2021-2024 Lonestar, 2021-2025 RH, HV, MV, LT, HX, and 2022 PROSTAR vehicles, equipped with Bendix EC80 Advanced Electronic Control Units (ECU).  Electrical noise and low signal to the power line carrier may cause the ECU to incorrectly process commands or stop working.","Safety systems that depend on the ECU (Automatic Traction Control, ABS, Electronic Stability Control, Active Cruise Control, and Collison Mitigation System) may have diminished or lost functionality, increasing the risk of a crash.","International will work with Bendix to reprogram the ECU software, free of charge.  Owner notification letters were mailed December 16, 2024.  Owners may contact International customer service at 1-800-448-7825.  International's number for this recall is 24515.","Owners may also contact the National Highway Traffic Safety Administration Vehicle Safety Hotline at 1-888-327-4236 (TTY 1-800-424-9153) or go to nhtsa.gov.","2025","INTERNATIONAL","MV"
"International Motors, LLC","25V178000",0,0,0,,"21/03/2025","SERVICE BRAKES, AIR:DISC:CALIPER","International Motors, LLC (International) is recalling certain 2024 HV, 2020-2025 MV, and 2019 Workstar 7400 trucks.  The caliper may contact a suspension spring or axle U-bolt and prevent the outer brake pad from functioning.","A loss of outer brake pad function can extend the vehicle's stopping distance, increasing the risk of a crash.","Dealers will switch the left and right rear air disc brake calipers, replace the rear brake torque plates, and replace the brake pads, free of charge.  Owner notification letters were mailed May 12, 2025.  Owners may contact International customer service at 1-800-448-7825.  International's number for this recall is 25501.","Owners may also contact the National Highway Traffic Safety Administration Vehicle Safety Hotline at 888-327-4236 (TTY 888-275-9171) or go to nhtsa.gov.","2025","INTERNATIONAL","MV"
"International Motors, LLC","25V276000",0,0,0,,"24/04/2025","VISIBILITY:WINDSHIELD WIPER/WASHER:LINKAGES","International Motors, LLC (International) is recalling certain 2025-2026 HV, HX, LT, MV, RH, and 2025 EMV vehicles.  The linkage that connects the right-side wiper arm to the motor may separate, causing the wipers to fail.","Windshield wiper failure can reduce driver visibility, increasing the risk of a crash.","Dealers will replace the wiper module, free of charge.  Owner notification letters were mailed June 2, 2025.  Owners may contact International customer service at 1-800-448-7825.  International's number for this recall is 25505.","Owners may also contact the National Highway Traffic Safety Administration Vehicle Safety Hotline at 888-327-4236 (TTY 888-275-9171) or go to nhtsa.gov.","2025","INTERNATIONAL","MV"
"International Motors, LLC","25V502000",0,1,0,,"06/08/2025","SERVICE BRAKES, HYDRAULIC:FLUID","International Motors, LLC (International) is recalling certain 2018 International 4000 Series 4300, 2017-2025 MV, 2018-2024 1300 FBC, 2018-2025 IC Bus TC, and 2024-2025 IC Bus CECB vehicles. The brake pressure switch assembly may leak brake fluid into the brake pressure switch's electrical components and cause an electrical short-circuit.","An electrical short in the brake pressure switch can overheat the circuit and increase the risk of a fire while driving or parked.","Owners are advised to park outside and away from structures until the recall repair is complete. Dealers will install a silicone black jumper harness, free of charge. Owner notification letters are expected to be mailed December 15, 2025. Owners may contact International customer service at 1-800-448-7825. International's number for this recall is 25509. Vehicles previously repaired under 23V397 will need to have the new remedy completed.",,"2025","INTERNATIONAL","MV"
"International Motors, LLC","25V817000",0,0,0,,"25/11/2025","ELECTRICAL SYSTEM:SOFTWARE","International Motors, LLC (International) is recalling certain 2016 7600, 2016-2023 Lonestar, 2018 8600, 2018-2023 LT, 2021-2026 MV, 2022-2023 RH, 2023-2026 HX, and 2025-2026 HV vehicles. Electrical noise and low signal to the power line carrier may cause the ECU to incorrectly process commands or stop working.","Safety systems that depend on the ECU, such as Automatic Traction Control, ABS, Electronic Stability Control, Active Cruise Control, and Collison Mitigation System, may have diminished or lost functionality, increasing the risk of a crash.","International will work with Bendix to reprogram the ECU, free of charge. Owner notification letters were mailed January 19, 2026. Owners may contact International's customer service at 1-800-448-7825. International's number for this recall is 25525. Vehicle Identification Numbers (VINs) involved in this recall will be searchable on NHTSA.gov beginning January 12, 2026.",,"2025","INTERNATIONAL","MV"
"Jayco, Inc.","24V641000",0,0,1,,"27/08/2024","BACK OVER PREVENTION: SENSING SYSTEM: CAMERA","Jayco Inc. (Jayco) is recalling certain 2023-2025 Entegra Ethos, Ethos LI, Arc, Jayco Swift, Swift LI, and Comet motorhomes.  The radio software may prevent the rearview image from displaying.  As such, these vehicles fail to comply with the requirements of Federal Motor Vehicle Safety Standard number 111, ""Rear Visibility.""","A rearview camera image that does not display decreases the driver's visibility, increasing the risk of a crash.","The radio software will be updated through an over-the-air (OTA) update or by a dealer, free of charge.  Owner notification letters are expected to be mailed September 27, 2024.  Owners may contact Jayco customer service at 1-800-283-8267 or FCA customer service at 1-800-853-1403.  Jayco's number for this recall is FCA 24V-436.","Owners may also contact the National Highway Traffic Safety Administration Vehicle Safety Hotline at 1-888-327-4236 (TTY 1-800-424-9153), or go to www.nhtsa.gov.","2025","JAYCO","COMET"
"Jayco, Inc.","25V736000",0,0,0,,"28/10/2025","EQUIPMENT:OTHER:LABELS","Jayco, Inc. (Jayco) is recalling certain 2025-2026 Entegra Condor and Jayco Granite Ridge motorhomes. The Certification Label may have the front and rear axle information reversed. As such, these vehicles fail to comply with the requirements of 49 CFR Part 567, ""Certification.""","A tire can be over or under inflated after referencing the incorrect information, increasing the risk of a crash.","Jayco will mail correct labels to owners, free of charge. Owner notification letters were mailed November 7, 2025. Owners may contact Jayco customer service at 1-800-283-8267. Jayco's number for this recall is 9903641.",,"2025","JAYCO","GRANITE RIDGE"
"Chrysler (FCA US, LLC)","25V576000",0,0,0,,"04/09/2025","ELECTRICAL SYSTEM:PROPULSION SYSTEM","Chrysler (FCA US, LLC) is recalling certain 2022-2026 Jeep Grand Cherokee Plug-In Hybrid Electric (PHEV) vehicles. A software error within the hybrid control processor may result in a loss of drive power.","A loss of drive power increases the risk of a crash.","Dealers will update the hybrid control processer software, free of charge. Owner notification letters were mailed October 14, 2025. Owners may contact Chrysler customer service at 800-853-1403. Chrysler's number for this recall is 73C. Vehicle Identification Numbers (VINs) involved in this recall will be searchable on NHTSA.gov beginning September 11, 2025.",,"2025","JEEP","GRAND CHEROKEE"
"Chrysler (FCA US, LLC)","25V741000",0,1,0,,"30/10/2025","ELECTRICAL SYSTEM:PROPULSION SYSTEM:TRACTION BATTERY","Chrysler (FCA US, LLC) is recalling certain 2020-2025 Jeep Wrangler 4Xe and 2022-2026 Grand Cherokee 4Xe vehicles. The high voltage battery may fail internally and lead to a vehicle fire while parked or driving.","A vehicle fire can increase the risk of injury.","Owners are advised to park outside and away from structures and not to charge their vehicles until the remedy is completed. Dealers will update the high voltage battery software, and replace the high voltage battery, as necessary, free of charge. Some owner notification letters were mailed beginning December 17, 2025. The remaining owner notification letters will be mailed at a later date.  Owners may contact Chrysler customer service at 800-853-1403. Chrysler's number for this recall is 68C. Vehicle Identification Numbers (VINs) involved in this recall will be searchable on NHTSA.gov beginning November 6, 2025. Vehicles that were previously recalled for the same issue under NHTSA Recalls 24V720 and 23V787 will need to have the new remedy performed.",,"2025","JEEP","GRAND CHEROKEE"
"Chrysler (FCA US, LLC)","25V766000",0,0,0,,"06/11/2025","ENGINE","Chrysler (FCA US, LLC) is recalling certain 2023-2025 Jeep Grand Cherokee 4XE and 2024-2025 Jeep Wrangler 4XE Plug-In Hybrid Electric (PHEV) vehicles. Debris inside the engine may cause engine failure, which can result in a loss of drive power and/or an engine compartment fire.","A loss of drive power increases the risk of a crash, and a vehicle fire can increase the risk of injury.","The remedy is currently under development. Interim notification letters explaining the safety risk were mailed beginning December 29, 2025. Additional letters will be sent once the final remedy is available. Owners may contact Chrysler customer service at 800-853-1403. Chrysler's number for this recall is 78C. Vehicle Identification Numbers (VINs) involved in this recall became searchable on NHTSA.gov beginning November 13, 2025.",,"2025","JEEP","GRAND CHEROKEE 4XE"
"Chrysler (FCA US, LLC)","25V593000",0,0,0,,"11/09/2025","STRUCTURE:EXTERIOR TRIM","Chrysler (FCA US, LLC) is recalling certain  2022-2025 Jeep Wagoneer and Jeep Grand Wagoneer vehicles. The trim on the driver and passenger doors may not have been installed properly, which can allow it to detach.","Detached trim pieces can create a road hazard for other vehicles, increasing the risk of a crash.","Dealers will inspect and replace the door trim, as necessary, free of charge. Owner notification letters were mailed September 25, 2025. Owners may contact FCA customer service at 1-800-853-1403. FCA's number for this recall is 77C. Vehicle Identification Numbers (VINs) involved in this recall will be searchable on NHTSA.gov beginning September 18, 2025.",,"2025","JEEP","GRAND WAGONEER"
"Chrysler (FCA US, LLC)","25V593000",0,0,0,,"11/09/2025","STRUCTURE:EXTERIOR TRIM","Chrysler (FCA US, LLC) is recalling certain  2022-2025 Jeep Wagoneer and Jeep Grand Wagoneer vehicles. The trim on the driver and passenger doors may not have been installed properly, which can allow it to detach.","Detached trim pieces can create a road hazard for other vehicles, increasing the risk of a crash.","Dealers will inspect and replace the door trim, as necessary, free of charge. Owner notification letters were mailed September 25, 2025. Owners may contact FCA customer service at 1-800-853-1403. FCA's number for this recall is 77C. Vehicle Identification Numbers (VINs) involved in this recall will be searchable on NHTSA.gov beginning September 18, 2025.",,"2025","JEEP","WAGONEER"
"Chrysler (FCA US, LLC)","25V174000",0,0,0,,"20/03/2025","EXTERIOR LIGHTING:HEADLIGHTS","Chrysler (FCA US, LLC) is recalling certain 2024-2025 Jeep Wagoneer S battery electric (BEV) vehicles.  The headlight vertical aim adjustment is not accessible, and the horizontal aim adjustment is not covered as intended.  As a result, the headlights may not be able to be adjusted properly.  As such, these vehicles fail to comply with the requirements of Federal Motor Vehicle Safety Standard (FMVSS) number 108, ""Lamps, Reflective Devices, and Associated Equipment.""","Incorrectly adjusted headlights can reduce driver visibility or create a glare for oncoming traffic, increasing the risk of a crash.","Dealers will remove the plugs from the vertical aim and install plugs on the horizontal aim, as necessary free of charge.  Owner notification letters were mailed April 3, 2025.  Owners may contact Chrysler customer service at 800-853-1403.  Chrysler's number for this recall is 23C.","Owners may also contact the National Highway Traffic Safety Administration Vehicle Safety Hotline at 888-327-4236 (TTY 888-275-9171) or go to nhtsa.gov.","2025","JEEP","WAGONEER S"
"Chrysler (FCA US, LLC)","25V574000",0,0,0,,"04/09/2025","POWER TRAIN:AUTOMATIC TRANSMISSION:INTERNAL:PARK PAWL","Chrysler (FCA US, LLC) is recalling certain 2024-2025 Dodge Charger and Jeep Wagoneer S electric vehicles. An incorrectly installed spring may cause the loss of the park function when the vehicle’s gear selector is placed in the park (P) position, which can result in a vehicle rollaway. As such, these vehicles fail to comply with the requirements of Federal Motor Vehicle Safety Standard (FMVSS) number 114, ""Theft Protection and Rollaway Prevention.""","A vehicle rollaway increases the risk of a crash.","Dealers will replace the electric drive module, free of charge. Owner notification letters were mailed September 25, 2025. Owners may contact Chrysler customer service at 800-853-1403. Chrysler's number for this recall is 63C. Vehicle Identification Numbers (VINs) involved in this recall will be searchable on NHTSA.gov beginning September 11, 2025.",,"2025","JEEP","WAGONEER S"
"Chrysler (FCA US, LLC)","25V575000",0,0,0,,"04/09/2025","STRUCTURE:BODY","Chrysler (FCA US, LLC) is recalling certain 2025 Jeep Wagoneer S vehicles. The vehicles are equipped with an incorrect cross car beam in the instrument panel. As such, these vehicles fail to comply with the requirements of Federal Motor Vehicle Safety Standard number 208, ""Occupant Crash Protection.""","An incorrect cross beam may not adequately protect occupants in a crash, increasing the risk of injury.","Dealers will replace the cross beam, free of charge. Owner notification letters were mailed October 16, 2025. Owners may contact Chrysler customer service at 800-853-1403. Chrysler's number for this recall is 71C. Vehicle Identification Numbers (VINs) involved in this recall will be searchable on NHTSA.gov beginning September 11, 2025.",,"2025","JEEP","WAGONEER S"
"Chrysler (FCA US, LLC)","26V059000",0,0,0,,"02/02/2026","EXTERIOR LIGHTING:BRAKE LIGHTS","Chrysler (FCA US, LLC) is recalling certain 2024-2026 Jeep Wagoneer S, 2025-2026 Ram 1500 Pickup, Ram 2500 Pickup, Ram 3500 Pickup, Ram 3500 Cab Chassis, Ram 4500 Cab Chassis, Ram 5500 Cab Chassis, and 2026 Jeep Cherokee vehicles. Due to an improperly designed trailer tow module, the trailer lights may fail to illuminate and the trailer brakes may fail.","Trailer brake lights and turn signals that do not illuminate reduce visibility to other drivers, increasing the risk of a crash. Additionally, trailer brakes that fail increase the risk of a crash.","Dealers will replace the trailer tow module, free of charge. Owner notification letters were mailed beginning March 17, 2026. Owners may contact FCA US, LLC customer service at 1-800-853-1403. FCA US, LLC's number for this recall is 03D. Vehicle Identification Numbers (VINs) involved in this recall became searchable on NHTSA.gov on February 10, 2026.",,"2025","JEEP","WAGONEER S"
"Chrysler (FCA US, LLC)","26V141000",0,0,0,,"12/03/2026","STRUCTURE:BODY:HATCHBACK/LIFTGATE:HINGE AND ATTACHMENTS","Chrysler (FCA US, LLC) is recalling certain 2024-2026 Jeep Wagoneer S vehicles. The liftgate hinge cover may not be properly clipped into position and may detach from the vehicle.","A detached hinge cover can become a road hazard for other vehicles, increasing the risk of a crash.","Dealer will inspect, repair, or replace the hinge cover as necessary, free of charge. Owner notification letters are expected to be mailed May 1, 2026. Owners may contact FCA US, LLC customer service at 1-800-853-1403. FCA US, LLC's number for this recall is 26D. Vehicle Identification Numbers (VINs) involved in this recall will become searchable on NHTSA.gov on March 19, 2026.",,"2025","JEEP","WAGONEER S"
"Kawasaki Motors Corp., U.S.A.","25V376000",1,0,0,,"07/07/2025","ENGINE AND ENGINE COOLING:ENGINE:HARD PARTS INTERNAL/MECHANICAL","Kawasaki Motors Corp., U.S.A. (Kawasaki) is recalling certain 2024-2025 Ninja ZX-6R motorcycles. The motorcycles may lose engine power during operation due to seizure of a metal crankshaft bushing.","An engine stall increases the risk of a crash.","Owners are advised not to ride their motorcycles until the repair has been completed. The #5 metal crankshaft bushing must be inspected on all eligible units already in operation. If there is no abnormality with or damage to the bushing, the bolts holding the crankshaft together in the crank case must be re-tightened with proper torque. If there is any abnormality with or damage to the bushing, the parts must be replaced and the crankshaft properly tightened, or the engine must be otherwise repaired or replaced. The manufacturer has not yet provided a schedule for recall notification. Owners may contact KMC customer service at 1-866-802-9381.  This recall was replaced by 25V798.",,"2025","KAWASAKI","NINJA ZX-6R"
"Kawasaki Motors Corp., U.S.A.","25V798000",1,0,0,,"18/11/2025","ENGINE AND ENGINE COOLING:ENGINE:HARD PARTS INTERNAL/MECHANICAL","Kawasaki Motors Corp., U.S.A. (Kawasaki) is recalling certain 2024-2026 Ninja ZX-6R, ZX-6R KRT Edition, ZX-6R KRT 40th Anniversary Edition ABS, ZX-6R ABS, and ZX-6R KRT Edition ABS motorcycles. The motorcycles may lose engine power during operation due to seizure of a metal crankshaft bushing.","An engine stall increases the risk of a crash.","Owners are advised not to ride their motorcycles until the repair has been completed. Dealers will re-tighten the metal crankshaft bushing, free of charge.  Owner notification letters were mailed December 15, 2025. Motorcycles in this recall that were previously repaired under recall 25V376 will need to have the new remedy performed, once available. Owners may contact Kawasaki customer service at (855) 878-4217.",,"2025","KAWASAKI","NINJA ZX-6R"
"PACCAR Incorporated","24V044000",0,0,0,,"25/01/2024","STEERING","PACCAR Incorporated (PACCAR) is recalling certain 2024-2025 Kenworth T280, T380, T480, T680, T880, L770, W990, and 2024-2025 Peterbilt 389, 520, 535, 536, 537, 548, 567, 579, 589 trucks.  The steering gear assemblies may have been assembled incorrectly with fewer recirculating balls than are required, which may result in a loss of steering control.","A loss of steering control increases the risk of a crash.","Dealers will inspect and replace the steering gears as necessary, free of charge.  Owner notification letters were mailed March 20, 2024.  Owners may contact Peterbilt customer service at 1-940-591-4220 and/or Kenworth customer service at 1-425-828-5888.  PACCAR's numbers for this recall are 24PBC and 24KWC.","Owners may also contact the National Highway Traffic Safety Administration Vehicle Safety Hotline at 1-888-327-4236 (TTY 1-800-424-9153), or go to www.nhtsa.gov.","2025","KENWORTH","T380"
"PACCAR Incorporated","24V233000",0,0,0,,"27/03/2024","STEERING:GEAR BOX:SHAFT SECTOR","PACCAR Incorporated (PACCAR) is recalling certain 2025 Peterbilt 536, 548, 567, 579, and Kenworth T280, T380, T480, T680, T880, and W990 vehicles.  The steering gear sector shaft may have been improperly heat-treated, which can cause the gear teeth to crack or fracture.","Fractured steering gear teeth can cause a loss of steering control, increasing the risk of a crash.","Dealers will inspect the serial numbers, and replace the steering gears as necessary, free of charge.  Owner notification letters were mailed August 7, 2024.  Owners may contact Kenworth customer service at 1-425-828-5888 and Peterbilt customer service at 1-940-591-4220.  PACCAR's numbers for this recall are 24PBF and 24KWF.","Owners may also contact the National Highway Traffic Safety Administration Vehicle Safety Hotline at 1-888-327-4236 (TTY 1-800-424-9153), or go to www.nhtsa.gov.","2025","KENWORTH","T380"
"PACCAR Incorporated","24V433000",1,0,0,,"12/06/2024","STEERING:LINKAGES:TIE ROD ASSEMBLY","PACCAR Incorporated (PACCAR) is recalling certain 2025 Kenworth K270, K370, L770, T280, T380, T480, T680, T880, W900, W990, 2025 Peterbilt 220, 520, 536, 537, 548, 567, 579, and 589 trucks.  The tie rod or drag link assembly may contain an improperly heat-treated ball stud, causing the ball stud to break.","A broken ball stud can cause a complete loss of steering control, increasing the risk of a crash.","Owners are advised not to drive their vehicles until the remedy has been completed.  Dealers will inspect and replace the tie rod and drag link assemblies as necessary, free of charge.  Owner notification letters were mailed August 6, 2024.  Owners may contact Kenworth customer service at 1-425-828-5888 and Peterbilt customer service at 1-940-591-4220.  PACCAR's numbers for this recall are 24KWG and 24PBG.","Owners may also contact the National Highway Traffic Safety Administration Vehicle Safety Hotline at 1-888-327-4236 (TTY 1-800-424-9153), or go to www.nhtsa.gov.","2025","KENWORTH","T380"
"PACCAR Incorporated","24V903000",0,0,0,,"02/12/2024","POWER TRAIN:AXLE HUBS","PACCAR Incorporated (PACCAR) is recalling certain 2024 Peterbilt 537, 2024-2025 Kenworth T380, T480, Peterbilt 548, and 2025 Peterbilt 536 trucks, equipped with certain Meritor 10-16K and 18-23K front steer drive axles.  The front steer drive axles may have insufficient wheel bearing lubricant.","Insufficient lubrication may cause the wheel hub to overheat, increasing the risk of a fire, or result in a loss of vehicle control, increasing the risk of a crash.","Dealers will inspect and repair the wheel end with new parts and lubricate the bearings as necessary, free of charge. Owner letters were mailed July 21, 2025.  Owners may contact Kenworth's customer service at 1-425-828-5888 or Peterbilt's customer service at 1-940-591-4220.  PACCAR's numbers for this recall are 24KWJ and 24PBJ.","Owners may also contact the National Highway Traffic Safety Administration Vehicle Safety Hotline at 1-888-327-4236 (TTY 1-800-424-9153) or go to nhtsa.gov.","2025","KENWORTH","T380"
"PACCAR Incorporated","24V915000",0,0,0,,"09/12/2024","SERVICE BRAKES, HYDRAULIC:ANTILOCK/TRACTION CONTROL/ELECTRONIC LIMITED SLIP:CONTROL UNIT/MODULE","PACCAR Incorporated (PACCAR) is recalling certain 2021-2025 Peterbilt and Kenworth vehicles, equipped with Bendix EC80 Advanced Electronic Control Units (ECU).  Please see the recall report for a complete list of models.  Electrical noise and low signal to the power line carrier may cause the ECU to incorrectly process commands or stop functioning.","Safety systems that depend on the ECU (Automatic Traction Control, ABS, Electronic Stability Control, Active Cruise Control, and Collison Mitigation System) may not function properly or at all, increasing the risk of a crash.","Dealers will reprogram the ECU software, free of charge.  Owner notification letters were mailed February 3, 2025.  Owners may contact Kenworth's customer service at 1-425-828-5888 and Peterbilt's customer service at 1-940-591-4220.  PACCAR's numbers for this recall are 24KWL and 24PBL.","Owners may also contact the National Highway Traffic Safety Administration Vehicle Safety Hotline at 1-888-327-4236 (TTY 1-800-424-9153) or go to nhtsa.gov.","2025","KENWORTH","T380"
"PACCAR Incorporated","25V041000",0,0,0,,"30/01/2025","EXTERIOR LIGHTING:HAZARD FLASHING WARNING LIGHTS:SWITCH","PACCAR Incorporated (PACCAR) is recalling certain 2025 Kenworth T180, Peterbilt 535, 567, 2025-2026 Kenworth T280, 2023-2026 Kenworth T380, 2024-2026 Kenworth T480, 2024-2026 Peterbilt 536, 537, and 548 trucks.  The exterior lighting switch may fail, resulting in the hazard lights and the instrument display back-light brightness adjustment not functioning.  As such, these vehicles fail to comply with the requirements of Federal Motor Vehicle Safety Standard (FMVSS) numbers 101, ""Control and Displays"" and 108, ""Lamps, Reflective Devices and Associated Equipment.""","Inoperative hazard lights cannot alert other drivers as intended.  In addition, the inability to adjust the brightness on the instrument panel display can make it difficult to see critical safety information or distract the driver.  Both scenarios can increase the risk of a crash.","Dealers will update the vehicle cab controller unit (VECU) software, free of charge.  Owners are advised that a non-responsive switch can be temporarily reset by a key cycle.  Owner notification letters were mailed March 26, 2025.  Owners may contact Kenworth's customer service at 1-425-828-5888 and Peterbilt's customer service at 1-940-591-4220.  PACCAR's numbers for this recall are 25KWB and 25PBB.","Owners may also contact the National Highway Traffic Safety Administration Vehicle Safety Hotline at 1-888-327-4236 (TTY 1-800-424-9153) or go to nhtsa.gov.","2025","KENWORTH","T380"
"PACCAR Incorporated","25V436000",0,0,0,,"26/06/2025","EXTERIOR LIGHTING:LIGHTING CONTROL MODULE:SOFTWARE","PACCAR Incorporated (PACCAR) is recalling certain 2024-2026 Kenworth T480, T680, T880, W990, Peterbilt 520, 536, 537, 548, 567, 579, 589, 2025 Kenworth T180, Peterbilt 535, 2025-2026 Kenworth T280, T380 and L770 vehicles. The tail brake light, upper and lower beam headlights, reverse light, and turn signal may not illuminate as intended. In addition, the lift axles, if lowered, may revert to a raised position, or oscillate up and down when the signal warning lights are activated. As such, these vehicles fail to comply with the requirements of Federal Motor Vehicle Safety Standard (FMVSS) number 108, ""Lamps, Reflective Devices and Associated Equipment.""","Delayed and unsteady headlights can result in insufficient illumination of the road, decreasing the driver's visibility and increasing the risk of a crash. In addition, an unexpected position change of the lift axles may increase the risk of injury.","Dealers will update the VCU software, free of charge. Owner letters were mailed August 19, 2025. Owners may contact Kenworth's customer service at 1-425-828-5888 and Peterbilt's customer service at 1-940-591-4220. PACCAR's number for this recall is 25PACF.",,"2025","KENWORTH","T380"
"PACCAR Incorporated","24V190000",0,0,0,,"20/03/2024","POWER TRAIN:AUTOMATIC TRANSMISSION:LEVER AND LINKAGE:COLUMN SHIFT","PACCAR Incorporated (PACCAR) is recalling certain 2021-2024 Peterbilt 365, 367, 389, 535, 536, 537, 548, 567, 579, and 2021-2025 Kenworth T180, T280, T380, T480, T680, T880 and W990 trucks.  The right-hand gear shifter stalk connectors may have been improperly crimped, resulting in a loss of communication.","A loss of communication between the gear shifter and the transmission may result in the vehicle becoming disabled after coming to a stop, increasing the risk of a crash.","Dealers will inspect and replace the gear shifter assembly as necessary, free of charge. Owner letters were mailed December 15, 2025, then phased after that.  Owners may contact Kenworth customer service at 1-425-828-5888 or Peterbilt customer service at 1-940-591-4220.  PACCAR's numbers for this recall are 24PBE and 24KWE.","Owners may also contact the National Highway Traffic Safety Administration Vehicle Safety Hotline at 1-888-327-4236 (TTY 1-800-424-9153), or go to www.nhtsa.gov.","2025","KENWORTH","T380"
"Keystone RV Company","25V151000",0,0,0,,"11/03/2025","EQUIPMENT:RECREATIONAL VEHICLE/TRAILER:120/240 VAC ELECTRICAL SYSTEM:WIRING","Keystone RV Company (Keystone) is recalling certain 2025 Keystone Kodiak, Colorado 260RBC, 270BHC, 280BHC, and Sunset travel trailers.  The 7-way cord and 12-volt distribution box were wired incorrectly, resulting in wiring with insufficient surge protection.","Unprotected electrical wiring can overheat and increase the risk of a fire.","Dealers will repair the wiring, free of charge.  Owner notification letters were mailed March 25, 2025.  Owners may contact Keystone customer service at 866-425-4369.  Keystone's number for this recall is 25-463.","Owners may also contact the National Highway Traffic Safety Administration Vehicle Safety Hotline at 888-327-4236 (TTY 888-275-9171) or go to nhtsa.gov.","2025","KEYSTONE","KODIAK"
"Keystone RV Company","25V183000",0,0,0,,"25/03/2025","EQUIPMENT:RECREATIONAL VEHICLE/TRAILER","Keystone RV Company (Keystone) is recalling certain 2025 Kodiak 2900FKSP and 308BHSL travel trailers.  The patio travel latch screws may become loose, causing the patio latch to detach during transit.","An unlatched patio can drop suddenly, increasing the risk of injury.","Dealers will replace the latch screws with bolts, free of charge.  Owner notification letters were mailed April 22, 2025.  Owners may contact Keystone customer service at 1-866-425-4369.  Keystone's number for this recall is 25-464.","Owners may also contact the National Highway Traffic Safety Administration Vehicle Safety Hotline at 888-327-4236 (TTY 888-275-9171) or go to nhtsa.gov.","2025","KEYSTONE","KODIAK"
"Keystone RV Company","25V283000",0,0,0,,"01/05/2025","STRUCTURE:FRAME AND MEMBERS","Keystone RV Company (Keystone) is recalling certain 2025 Kodiak 2900FKSP and 308BHSL travel trailers.  The struts may not support enough of the fold-down patio's weight while being raised or lowered.","The operator may be unable to handle the patio's weight, increasing the risk of injury.","Dealers will affix a warning label, install bolts, and replace the struts, free of charge.  Owner notification letters were mailed May 16, 2025.  Owners may contact Keystone customer service at 1-866-425-4369.  Keystone's number for this recall is 25-465.","Owners may also contact the National Highway Traffic Safety Administration Vehicle Safety Hotline at 1-888-327-4236 (TTY 1-800-424-9153), or go to www.nhtsa.gov.","2025","KEYSTONE","KODIAK"
"Keystone RV Company","25V151000",0,0,0,,"11/03/2025","EQUIPMENT:RECREATIONAL VEHICLE/TRAILER:120/240 VAC ELECTRICAL SYSTEM:WIRING","Keystone RV Company (Keystone) is recalling certain 2025 Keystone Kodiak, Colorado 260RBC, 270BHC, 280BHC, and Sunset travel trailers.  The 7-way cord and 12-volt distribution box were wired incorrectly, resulting in wiring with insufficient surge protection.","Unprotected electrical wiring can overheat and increase the risk of a fire.","Dealers will repair the wiring, free of charge.  Owner notification letters were mailed March 25, 2025.  Owners may contact Keystone customer service at 866-425-4369.  Keystone's number for this recall is 25-463.","Owners may also contact the National Highway Traffic Safety Administration Vehicle Safety Hotline at 888-327-4236 (TTY 888-275-9171) or go to nhtsa.gov.","2025","KEYSTONE","SUNSET TRAIL"
"Kia America, Inc.","24V757000",0,0,1,,"10/10/2024","ELECTRICAL SYSTEM: INSTRUMENT CLUSTER/PANEL","Kia America, Inc. (Kia) is recalling certain 2024-2025 EV9 vehicles.  Due to a software error, the instrument panel screen may fail.  As such, these vehicles fail to comply with the requirements of Federal Motor Vehicle Safety Standard number 101, ""Controls and Displays.""","An instrument panel screen that fails to display critical safety information, such as the speedometer or warning lights, can increase the risk of a crash.","The instrument cluster software will be updated by a dealer or through an over-the-air (OTA) update, free of charge.  Owner notification letters were mailed October 25, 2024.  Owners may contact Kia Customer Service at 1-800-333-4542.  Kia's number for this recall is SC326.","Owners may also contact the National Highway Traffic Safety Administration Vehicle Safety Hotline at 1-888-327-4236 (TTY 1-800-424-9153) or go to nhtsa.gov.","2025","KIA","EV9"
"Kia America, Inc.","24V962000",0,0,0,,"20/12/2024","SEATS:CRITICAL FASTENERS","Kia America, Inc. (Kia) is recalling certain 2024-2025 EV9 vehicles.  The second- and third-row seat mounting bolts may be missing.","Seats without mounting bolts may not properly restrain an occupant, increasing the risk of injury.","Dealers will inspect and install mounting bolts as necessary free of charge.  Owner notification letters were mailed January 24, 2025.  Owners may contact Kia customer service at 1-800-333-4542.  Kia's number for this recall is SC329.","Owners may also contact the National Highway Traffic Safety Administration Vehicle Safety Hotline at 1-888-327-4236 (TTY 1-800-424-9153) or go to nhtsa.gov.","2025","KIA","EV9"
"Kia America, Inc.","25V115000",0,0,0,,"24/02/2025","ELECTRICAL SYSTEM:PROPULSION SYSTEM","Kia America, Inc. (Kia) is recalling certain 2025 EV9 vehicles.  The rear gear drive unit (GDU) motor shaft may have been improperly welded and become damaged, causing a loss of drive power.","A loss of drive power increases the risk of a crash.","Dealers will replace the rear GDU, free of charge.  Owner notification letters were mailed March 7, 2025.  Owners may contact Kia customer service at 800-333-4542.  Kia's number for this recall is SC337.","Owners may also contact the National Highway Traffic Safety Administration Vehicle Safety Hotline at 888-327-4236 (TTY 888-275-9171) or go to nhtsa.gov.","2025","KIA","EV9"
"Kia America, Inc.","25V548000",0,0,0,,"25/08/2025","ENGINE AND ENGINE COOLING:CRITICAL FASTENERS","Kia America, Inc. (Kia) is recalling certain 2025 K4 and Sorento vehicles. The connecting rod bolts in the engine may have been improperly tightened, which can cause a loss of drive power.","A loss of drive power increases the risk of a crash.","Dealers will replace the sub engine assembly, free of charge. Owner notification letters are expected to be mailed September 12, 2025. Owners may contact Kia customer service at 800-333-4542. Kia's number for this recall is SC349.",,"2025","KIA","K4"
"Kia America, Inc.","26V046000",0,0,0,,"27/01/2026","ELECTRICAL SYSTEM: INSTRUMENT CLUSTER/PANEL","Kia America, Inc. (Kia) is recalling certain 2025 Kia K4, 2025-2026 Sorento, Sorento Hybrid, Sorento Plug-In Hybrid Electric (PHEV), 2026 Sportage, Sportage Hybrid, Sportage PHEV,  K5, EV9, Carnival, and Carnival Hybrid vehicles. Due to a software error, the instrument panel display may fail. As such, these vehicles fail to comply with the requirements of Federal Motor Vehicle Safety Standard (FMVSS) numbers 101, ""Controls and Displays"" and 138, ""Tire Pressure Monitoring System.""","An instrument panel display that fails to show critical safety information, such as the speedometer, tire pressure, or warning lights, increases the risk of a crash.","The instrument panel display software will be updated over-the-air (OTA) or by a dealer, free of charge. Owner notification letters are expected to be mailed March 26, 2026. Owners may contact Kia Customer Service at 1-800-333-4542. Kia's number for this recall is SC361. Vehicle Identification Numbers (VINs) involved in this recall will become searchable on NHTSA.gov on February 9, 2026.",,"2025","KIA","K4"
"Kia America, Inc.","25V351000",0,0,0,,"27/05/2025","EXTERIOR LIGHTING:LIGHTING CONTROL MODULE:SOFTWARE","Kia America, Inc. (Kia) is recalling certain 2025 K5 vehicles. A software error in the Power-net Domain Controller (PDC) may cause the parking lights to flicker. As such, these vehicles fail to comply with the requirements of Federal Motor Vehicle Safety Standard (FMVSS) 108, ""Lamps, Reflective Devices, and Associated Equipment.""","Parking lights that fail to illuminate properly can reduce visibility, increasing the risk of a crash.","The PDC software will be updated by a dealer or through an over-the-air (OTA) update, free of charge. Owner notification letters were mailed June 24, 2025. Owners may contact Kia customer service at 1-800-333-4542. Kia's number for this recall is SC341.",,"2025","KIA","K5"
"Kia America, Inc.","25V493000",0,0,0,,"28/07/2025","STRUCTURE:BODY:ROOF AND PILLARS","Kia America, Inc. (Kia) is recalling certain 2023-2025 K5 vehicles. The left and right rear window trim pieces may loosen and detach.","Detached trim pieces can create a road hazard for other vehicles, increasing the risk of a crash.","Dealers will inspect and replace the C-pillar trim assemblies, as necessary, free of charge. Owner notification letters were mailed November 19, 2025. Owners may contact Kia customer service at 800-333-4542. Kia's number for this recall is SC346.",,"2025","KIA","K5"
"Kia America, Inc.","25V024000",0,0,0,,"17/01/2025","SEATS","Kia America, Inc. (Kia) is recalling certain 2023-2025 Niro EV, Plug-in Hybrid (PHEV), and Hybrid vehicles.  The floor wiring assembly beneath the front passenger seat may become damaged, which can prevent the front air bags and seat belts from deploying properly or cause an unintended side curtain air bag deployment.","Air bags and seat belts that deploy improperly or an air bag deploying unintentionally can increase the risk of injury in a crash.","Dealers will inspect, replace and reroute the floor wiring assembly, as necessary, free of charge.  In addition, dealers will install wiring covers.  Owner notification letters were mailed February 27, 2025.  Owners may contact Kia customer service at 1-800-333-4542.  Kia's number for this recall is SC332.","Owners may also contact the National Highway Traffic Safety Administration Vehicle Safety Hotline at 1-888-327-4236 (TTY 1-800-424-9153) or go to nhtsa.gov.","2025","KIA","NIRO"
"Kia America, Inc.","25V006000",0,0,0,,"13/01/2025","ELECTRICAL SYSTEM:BODY CONTROL MODULE:SOFTWARE","Kia America, Inc. (Kia) is recalling certain 2024-2025 Sorento, 2025 Sorento Hybrid, and 2025 Sorento Plug-In Hybrid vehicles.  A software error in the Body Domain Control Unit (BDC) may cause a loss of low beam headlights and taillights.  As such, these vehicles fail to comply with the requirements of Federal Motor Vehicle Safety Standard (FMVSS) 108, ""Lamps, Reflective Devices, and Associated Equipment.""","A loss of headlights and taillights can reduce visibility, increasing the risk of a crash.","Dealers will update the BDC software, free of charge.  Owner notification letters were mailed February 21, 2025.  Owners may contact Kia customer service at 1-800-333-4542.  Kia's number for this recall is SC331.","Owners may also contact the National Highway Traffic Safety Administration Vehicle Safety Hotline at 1-888-327-4236 (TTY 1-800-424-9153) or go to nhtsa.gov.","2025","KIA","SORENTO"
"Kia America, Inc.","25V548000",0,0,0,,"25/08/2025","ENGINE AND ENGINE COOLING:CRITICAL FASTENERS","Kia America, Inc. (Kia) is recalling certain 2025 K4 and Sorento vehicles. The connecting rod bolts in the engine may have been improperly tightened, which can cause a loss of drive power.","A loss of drive power increases the risk of a crash.","Dealers will replace the sub engine assembly, free of charge. Owner notification letters are expected to be mailed September 12, 2025. Owners may contact Kia customer service at 800-333-4542. Kia's number for this recall is SC349.",,"2025","KIA","SORENTO"
"Kia America, Inc.","26V046000",0,0,0,,"27/01/2026","ELECTRICAL SYSTEM: INSTRUMENT CLUSTER/PANEL","Kia America, Inc. (Kia) is recalling certain 2025 Kia K4, 2025-2026 Sorento, Sorento Hybrid, Sorento Plug-In Hybrid Electric (PHEV), 2026 Sportage, Sportage Hybrid, Sportage PHEV,  K5, EV9, Carnival, and Carnival Hybrid vehicles. Due to a software error, the instrument panel display may fail. As such, these vehicles fail to comply with the requirements of Federal Motor Vehicle Safety Standard (FMVSS) numbers 101, ""Controls and Displays"" and 138, ""Tire Pressure Monitoring System.""","An instrument panel display that fails to show critical safety information, such as the speedometer, tire pressure, or warning lights, increases the risk of a crash.","The instrument panel display software will be updated over-the-air (OTA) or by a dealer, free of charge. Owner notification letters are expected to be mailed March 26, 2026. Owners may contact Kia Customer Service at 1-800-333-4542. Kia's number for this recall is SC361. Vehicle Identification Numbers (VINs) involved in this recall will become searchable on NHTSA.gov on February 9, 2026.",,"2025","KIA","SORENTO"
"Kia America, Inc.","25V006000",0,0,0,,"13/01/2025","ELECTRICAL SYSTEM:BODY CONTROL MODULE:SOFTWARE","Kia America, Inc. (Kia) is recalling certain 2024-2025 Sorento, 2025 Sorento Hybrid, and 2025 Sorento Plug-In Hybrid vehicles.  A software error in the Body Domain Control Unit (BDC) may cause a loss of low beam headlights and taillights.  As such, these vehicles fail to comply with the requirements of Federal Motor Vehicle Safety Standard (FMVSS) 108, ""Lamps, Reflective Devices, and Associated Equipment.""","A loss of headlights and taillights can reduce visibility, increasing the risk of a crash.","Dealers will update the BDC software, free of charge.  Owner notification letters were mailed February 21, 2025.  Owners may contact Kia customer service at 1-800-333-4542.  Kia's number for this recall is SC331.","Owners may also contact the National Highway Traffic Safety Administration Vehicle Safety Hotline at 1-888-327-4236 (TTY 1-800-424-9153) or go to nhtsa.gov.","2025","KIA","SORENTO HYBRID"
"Kia America, Inc.","26V046000",0,0,0,,"27/01/2026","ELECTRICAL SYSTEM: INSTRUMENT CLUSTER/PANEL","Kia America, Inc. (Kia) is recalling certain 2025 Kia K4, 2025-2026 Sorento, Sorento Hybrid, Sorento Plug-In Hybrid Electric (PHEV), 2026 Sportage, Sportage Hybrid, Sportage PHEV,  K5, EV9, Carnival, and Carnival Hybrid vehicles. Due to a software error, the instrument panel display may fail. As such, these vehicles fail to comply with the requirements of Federal Motor Vehicle Safety Standard (FMVSS) numbers 101, ""Controls and Displays"" and 138, ""Tire Pressure Monitoring System.""","An instrument panel display that fails to show critical safety information, such as the speedometer, tire pressure, or warning lights, increases the risk of a crash.","The instrument panel display software will be updated over-the-air (OTA) or by a dealer, free of charge. Owner notification letters are expected to be mailed March 26, 2026. Owners may contact Kia Customer Service at 1-800-333-4542. Kia's number for this recall is SC361. Vehicle Identification Numbers (VINs) involved in this recall will become searchable on NHTSA.gov on February 9, 2026.",,"2025","KIA","SORENTO HYBRID"
"Kia America, Inc.","24V920000",0,0,0,,"10/12/2024","FUEL SYSTEM, GASOLINE:DELIVERY:HOSES, LINES/PIPING, AND FITTINGS","Kia America, Inc. (Kia) is recalling certain 2025 Sorento Plug-In Hybrid vehicles.  During a crash, the steering rack may damage the fuel line, which can result in a fuel leak.","A fuel leak in the presence of an ignition source can increase the risk of a fire.","Dealers will install a cover around the fuel line, free of charge.  Owner notification letters were mailed January 10, 2025.  Owners may contact Kia customer service at 1-800-333-4542.  Kia's number for this recall is SC328.","Owners may also contact the National Highway Traffic Safety Administration Vehicle Safety Hotline at 1-888-327-4236 (TTY 1-800-424-9153) or go to nhtsa.gov.","2025","KIA","SORENTO PHEV"
"Kia America, Inc.","25V006000",0,0,0,,"13/01/2025","ELECTRICAL SYSTEM:BODY CONTROL MODULE:SOFTWARE","Kia America, Inc. (Kia) is recalling certain 2024-2025 Sorento, 2025 Sorento Hybrid, and 2025 Sorento Plug-In Hybrid vehicles.  A software error in the Body Domain Control Unit (BDC) may cause a loss of low beam headlights and taillights.  As such, these vehicles fail to comply with the requirements of Federal Motor Vehicle Safety Standard (FMVSS) 108, ""Lamps, Reflective Devices, and Associated Equipment.""","A loss of headlights and taillights can reduce visibility, increasing the risk of a crash.","Dealers will update the BDC software, free of charge.  Owner notification letters were mailed February 21, 2025.  Owners may contact Kia customer service at 1-800-333-4542.  Kia's number for this recall is SC331.","Owners may also contact the National Highway Traffic Safety Administration Vehicle Safety Hotline at 1-888-327-4236 (TTY 1-800-424-9153) or go to nhtsa.gov.","2025","KIA","SORENTO PHEV"
"Kia America, Inc.","25V874000",0,0,0,,"17/12/2025","TRAILER HITCHES","Kia America, Inc. (Kia) is recalling certain 2023-2025 Sportage Plug-In Hybrid Electric (PHEV) and 2024-2025 Sportage vehicles equipped with a 4.2"" screen and a Genuine Kia tow hitch harness accessory. Due to a software error, the instrument panel screen may fail. As such, these vehicles fail to comply with the requirements of Federal Motor Vehicle Safety Standard number 101, ""Controls and Displays.""","An instrument panel screen that fails to display critical safety information, such as the speedometer or warning lights, can increase the risk of a crash.","Dealers will replace the tow hitch harness control module, free of charge. Owner notification letters were mailed February 13, 2026. Owners may contact Kia Customer Service at 1-800-333-4542.  Kia's number for this recall is SC359. Vehicle Identification Numbers (VINs) involved in this recall will be searchable on NHTSA.gov beginning December 31, 2025.",,"2025","KIA","SPORTAGE"
"Kia America, Inc.","25V494000",0,0,0,,"28/07/2025","STRUCTURE:EXTERIOR TRIM","Kia America, Inc. (Kia) is recalling certain 2023-2025 Telluride vehicles. The door belt molding trim can delaminate and detach from the vehicle.","A detached trim piece can become a road hazard for other vehicles, increasing the risk of a crash.","Dealers will inspect and replace the belt molding trim assemblies as necessary, free of charge. Owner notification letters were mailed November 19, 2025. Owners may contact Kia customer service at 800-333-4542. Kia's number for this recall is SC347.",,"2025","KIA","TELLURIDE"
"Kia America, Inc.","25V745000",0,0,0,,"31/10/2025","TIRES:TEMPORARY/EMERGENCY SPARE TIRE","Kia Motors America (Kia) is recalling certain 2025 Telluride and 2026 Sorento vehicles. The vehicles are equipped with an incorrect spare tire which, when installed, can impair the anti-lock braking system (ABS) and the traction control system (TCS). As such, these vehicles fail to comply with the requirements of Federal Motor Vehicle Safety Standard number 110, ""Tire Selection and Rims.""","Anti-lock braking or traction control systems that do not function properly can increase the risk of a crash.","Dealers will replace the spare wheel and tire assembly, free of charge. Owner notification letters were mailed December 3, 2025. Owners may contact Kia customer service at 1-800-333-4542. Kia's number for this recall is SC355. Vehicle Identification Numbers (VINs) involved in this recall will be searchable on NHTSA.gov beginning November 13, 2025.",,"2025","KIA","TELLURIDE"
"Kia America, Inc.","26V105000",0,0,0,,"23/02/2026","SEATS:FRONT ASSEMBLY:RECLINER","Kia America, Inc. (Kia) is recalling certain 2025 Telluride vehicles, equipped with power front seat(s). Due to a manufacturing error, the driver and passenger seat back frame assemblies may fail to properly restrain occupants in a crash.","A seat back frame that fails to properly restrain an occupant during a crash increases the risk of injury.","Dealers will inspect and replace the front seat back frame assemblies, as necessary, free of charge. Owner notification letters are expected to be mailed April 24, 2026. Owners may contact Kia Customer Service at 1-800-333-4542. Kia's number for this recall is SC362. Vehicle Identification Numbers (VINs) involved in this recall will become searchable on NHTSA.gov on March 9, 2026.",,"2025","KIA","TELLURIDE"
"KTM North America, Inc.","25V825000",0,0,0,,"01/12/2025","ENGINE AND ENGINE COOLING:ENGINE:ENGINE CONTROL MODULE (ECU/ECM):SOFTWARE","KTM North America, Inc. (KTM) is recalling certain 2024 Husqvarna Vitpilen 401, Husqvarna Svartpilen 401, 2024-2025 390 Duke, 2025 390 SMC R, 390 Enduro R, 390 Adventure X, and 390 Adventure R motorcycles. The engine control software may cause the engine to stall at low rpms, resulting in a loss of power.","A loss of drive power increases the risk of a crash or injury.","KTM and Husqvarna dealers will inspect the motorcycles and update the electronic control unit engine management system (ECU EMS) software, free of charge. Owner notification letters were mailed January 23, 2026.  Owners may contact KTM customer service at 1-888-985-6090. The manufacturer's numbers for this recall are KTB2513 & HTB2508.",,"2025","KTM","390 ADVENTURE R"
"KTM North America, Inc.","25V907000",0,0,0,,"23/12/2025","STRUCTURE:MOTORCYCLE:KICKSTAND/CENTER STAND","KTM North America, Inc. (KTM) is recalling certain 2025 390 Adventure R, 390 SMC R, 390 Adventure X, and 390 Enduro R motorcycles. Engine vibrations may cause the side stand spring to break and the side stand to fall to the ground.","A motorcycle side stand that falls to the ground while riding can shut off the ignition, increasing the risk of a crash or injury.","Owners are advised to secure the side stand before riding the motorcycle until the remedy has been completed. Dealers will replace the side stand spring and install a new side stand sensor retaining plate, free of charge. Owner notification letters are expected to be mailed on February 17, 2026. Owners may contact KTM customer service at 1-888-985-6090. The manufacturer's number for this recall is KTB2514. 

The information in your report suggests that KTM North America, Inc. (KTM) may have been aware of this issue more than five business days before filing a report with NHTSA. Please be reminded that under Federal law, this agency is to be notified of all safety defect and/or noncompliance decisions within five business days. 49 CFR 573.6. Significant civil penalties can be assessed for this violation.",,"2025","KTM","390 ADVENTURE R"
"KTM North America, Inc.","25V825000",0,0,0,,"01/12/2025","ENGINE AND ENGINE COOLING:ENGINE:ENGINE CONTROL MODULE (ECU/ECM):SOFTWARE","KTM North America, Inc. (KTM) is recalling certain 2024 Husqvarna Vitpilen 401, Husqvarna Svartpilen 401, 2024-2025 390 Duke, 2025 390 SMC R, 390 Enduro R, 390 Adventure X, and 390 Adventure R motorcycles. The engine control software may cause the engine to stall at low rpms, resulting in a loss of power.","A loss of drive power increases the risk of a crash or injury.","KTM and Husqvarna dealers will inspect the motorcycles and update the electronic control unit engine management system (ECU EMS) software, free of charge. Owner notification letters were mailed January 23, 2026.  Owners may contact KTM customer service at 1-888-985-6090. The manufacturer's numbers for this recall are KTB2513 & HTB2508.",,"2025","KTM","390 ENDURO R"
"KTM North America, Inc.","25V907000",0,0,0,,"23/12/2025","STRUCTURE:MOTORCYCLE:KICKSTAND/CENTER STAND","KTM North America, Inc. (KTM) is recalling certain 2025 390 Adventure R, 390 SMC R, 390 Adventure X, and 390 Enduro R motorcycles. Engine vibrations may cause the side stand spring to break and the side stand to fall to the ground.","A motorcycle side stand that falls to the ground while riding can shut off the ignition, increasing the risk of a crash or injury.","Owners are advised to secure the side stand before riding the motorcycle until the remedy has been completed. Dealers will replace the side stand spring and install a new side stand sensor retaining plate, free of charge. Owner notification letters are expected to be mailed on February 17, 2026. Owners may contact KTM customer service at 1-888-985-6090. The manufacturer's number for this recall is KTB2514. 

The information in your report suggests that KTM North America, Inc. (KTM) may have been aware of this issue more than five business days before filing a report with NHTSA. Please be reminded that under Federal law, this agency is to be notified of all safety defect and/or noncompliance decisions within five business days. 49 CFR 573.6. Significant civil penalties can be assessed for this violation.",,"2025","KTM","390 ENDURO R"
"Jaguar Land Rover North America, LLC","25V454000",0,0,0,,"07/07/2025","AIR BAGS:PASSENGER SIDE FRONTAL:CUSHION","Jaguar Land Rover North America, LLC (Jaguar) is recalling certain 2020–2025 Range Rover Evoque vehicles. The passenger air bag may tear during deployment.","A torn air bag may not adequately protect an occupant in a crash, increasing the risk of injury. Additionally, a torn air bag may allow hot gases to escape, which can cause a burn injury.","Dealers will repair the passenger air bag module, free of charge. Interim letters notifying owners of the safety risk were mailed August 27, 2025.  A second letter will be sent once the remedy is available, anticipated 1st Quarter 2026. Owners may contact Land Rover's customer service at 800-637-6837. Land Rover's number for this recall is N945.",,"2025","LAND ROVER","RANGE ROVER EVOQUE"
"Jaguar Land Rover North America, LLC","25V155000",0,0,0,,"12/03/2025","SEAT BELTS: REAR/OTHER:BUCKLE ASSEMBLY","Jaguar Land Rover North America, LLC (Land Rover) is recalling certain 2025 Range Rover and Range Rover Sport vehicles.  The second-row center seat belt buckle may not latch correctly due to a manufacturing error.","An unlatched seat belt will not properly restrain an occupant, increasing the risk of injury.","Dealers will replace the center seat belt buckle and buckle retaining bolt, free of charge.  Owner notification letters were April 22, 2025.  Owners may contact Land Rover's customer service at 800-637-6837.  Land Rover's number for this recall is N989.","Owners may also contact the National Highway Traffic Safety Administration Vehicle Safety Hotline at 888-327-4236 (TTY 888-275-9171) or go to nhtsa.gov.","2025","LAND ROVER","RANGE ROVER SPORT"
"Toyota Motor Engineering & Manufacturing","25V744000",0,0,0,,"30/10/2025","BACK OVER PREVENTION:DISPLAY FUNCTION","Toyota Motor Engineering & Manufacturing (Toyota) is recalling certain 2022-2026 Toyota, Lexus, and Subaru Solterra vehicles equipped with a Panoramic View Monitor (PVM) system. Please see the recall report for a complete list of models. A software error may cause the rearview camera to freeze or display a blank screen when the vehicle is in reverse. As such, these vehicles fail to comply with the requirements of Federal Motor Vehicle Safety Standard (FMVSS) number 111, ""Rear Visibility.""","A rearview camera that fails to display an image can reduce the driver's view behind the vehicle, increasing the risk of a crash.","Dealers will update the parking assist software, free of charge. Owner letters were mailed January 2, 2026. Owners may contact Toyota's customer service at 1-800-331-4331. Toyota's numbers for this recall are 25TB13 and 25LB06. Subaru's number for this recall is WRE25.",,"2025","LEXUS","RX PLUG-IN HYBRID"
"Ford Motor Company","24V801000",0,0,1,,"25/10/2024","BACK OVER PREVENTION:SOFTWARE","Ford Motor Company (Ford) is recalling certain 2025 Explorer and Lincoln Aviator vehicles.  The rearview camera image may fail when the vehicle speed reaches 10 MPH or greater.  As such, these vehicles fail to comply with the requirements of Federal Motor Vehicle Safety Standard number 111, ""Rear Visibility.""","The loss of the rearview camera image while in reverse can reduce the driver's rear visibility, increasing the risk of a crash.","The accessory protocol interface module (APIM) software will be updated through an over-the-air (OTA) update or by a dealer, free of charge.  Owner notification letters were mailed on March 28, 2025.  Owners may contact Ford customer service at 1-866-436-7332.  Ford's number for this recall is 24C34.","Owners may also contact the National Highway Traffic Safety Administration Vehicle Safety Hotline at 1-888-327-4236 (TTY 1-800-424-9153) or go to nhtsa.gov.","2025","LINCOLN","AVIATOR"
"Ford Motor Company","24V852000",0,0,0,,"08/11/2024","EQUIPMENT:OTHER:LABELS","Ford Motor Company (Ford) is recalling certain 2020-2025 Explorer, Lincoln Aviator, 2020-2024 Escape, Lincoln Corsair, 2018-2024 F-150, Expedition and Lincoln Navigator vehicles.  The air bag warning label may be missing from the dashboard.  As such, these vehicles fail to comply with the requirement Federal Motor Vehicle Safety Standard number 208, ""Occupant Crash Protection.""","Without a label that shows the proper restraint usage guidelines, the occupants may have an increased risk of injury in the event of a crash.","Ford will mail owners the warning labels, free of charge.  Owner notification letters were mailed December 19, 2024.  Owners may call Ford customer service at 1-866-436-7332.  Ford's number for this recall is 24C39.","Owners may also contact the National Highway Traffic Safety Administration Vehicle Safety Hotline at 1-888-327-4236 (TTY 1-800-424-9153) or go to nhtsa.gov.","2025","LINCOLN","AVIATOR"
"Ford Motor Company","25V020000",0,0,0,,"17/01/2025","POWER TRAIN:AUTOMATIC TRANSMISSION","Ford Motor Company (Ford) is recalling certain 2025 Ford Explorer and Lincoln Aviator vehicles.  The transmission may be improperly secured due to loose cross member bolts.","An improperly secured transmission can result in a loss of drive power, increasing the risk of a crash.","Dealers will inspect and replace the transmission cross member bolts as necessary, free of charge.  If the cross member bolts are missing, dealers will replace the cross member and install new bolts, free of charge.  Owner notification letters were mailed January 29, 2025.  Owners may contact Ford customer service at 1-866-436-7332.  Ford's number for this recall is 25S03.","Owners may also contact the National Highway Traffic Safety Administration Vehicle Safety Hotline at 1-888-327-4236 (TTY 1-800-424-9153) or go to nhtsa.gov.","2025","LINCOLN","AVIATOR"
"Ford Motor Company","25V164000",0,0,0,,"14/03/2025","POWER TRAIN:AUTOMATIC TRANSMISSION:FLUID/LUBRICANT:VALVES/VALVE BODY","Ford Motor Company (Ford) is recalling certain 2024-2025 F-150, Bronco, 2024 Ranger, 2025 Mustang, Explorer, and Aviator vehicles.  The transmission valve body may have been machined incorrectly, which can cause reverse gear failure, or unexpected forward movement in reverse or neutral gear.","Unexpected vehicle movement increases the risk of a crash.","Dealers will replace the transmission main control valve body, free of charge.  Owner notification letters were mailed April 11, 2025.  Owners may contact Ford customer service at 1-866-436-7332.  Ford's number for this recall is 25S19.","Owners may also contact the National Highway Traffic Safety Administration Vehicle Safety Hotline at 888-327-4236 (TTY 888-275-9171) or go to nhtsa.gov.","2025","LINCOLN","AVIATOR"
"Ford Motor Company","25V316000",0,0,0,,"09/05/2025","STRUCTURE:FRAME AND MEMBERS","Ford Motor Company (Ford) is recalling certain 2025 Explorer and Aviator vehicles. A mounting bolt for the front subframe may have been tightened improperly.","A loose subframe bolt may reduce the vehicle's performance in a crash, increasing the risk of injury.","Dealers will inspect and tighten the subframe bolts as necessary, free of charge. Owners may contact Ford Customer Service at 1-866-436-7332. Owner notification letters were mailed May 21, 2025. Ford's number for this recall is 25S43.","Owners may also contact the National Highway Traffic Safety Administration Vehicle Safety Hotline at 888-327-4236 (TTY 888-275-9171) or go to nhtsa.gov.","2025","LINCOLN","AVIATOR"
"Ford Motor Company","25V393000",0,0,0,,"13/06/2025","SEATS:MID/REAR ASSEMBLY","Ford Motor Company (Ford) is recalling certain 2020-2025 Aviator, and Explorer vehicles. The switch for the easy-entry second-row outer seats may bind or stick, resulting in the seats unlatching, folding, or sliding unexpectedly while driving.","A seat that moves unexpectedly may not properly restrain an occupant during a crash, increasing their risk of injury.","Dealers will inspect the second-row seat switch, and replace the bezel around the switch as necessary, free of charge. Owner notification letters were mailed August 7, 2025. Owners may contact Ford customer service at 1-866-436-7332. Ford's number for this recall is 25S67.",,"2025","LINCOLN","AVIATOR"
"Ford Motor Company","25V407000",0,0,0,,"13/06/2025","STRUCTURE:BODY","Ford Motor Company (Ford) is recalling certain 2020-2025 Aviator vehicles. The rear door window bars and C-pillar trim may have insufficient adhesive bonding, which can allow the trim to detach from the vehicle.","Detached trim may cause a road hazard and increase the risk of a crash.","Dealers will repair or replace C-pillar appliques and window division bars, free of charge. Owner notification letters were mailed September 29, 2025. Owners may contact Ford Customer Service at 1-866-436-7332. Ford's number for this recall is 25S66.",,"2025","LINCOLN","AVIATOR"
"Ford Motor Company","25V484000",0,0,0,,"25/07/2025","VISIBILITY:POWER WINDOW DEVICES AND CONTROLS","Ford Motor Company (Ford) is recalling certain 2025 Lincoln Aviator vehicles. When closing the windows with the global closing feature, the side rear windows may exert excessive force when encountering an object, before they automatically reverse. As such, these vehicles fail to comply with the requirements of Federal Motor Vehicle Safety Standard (FMVSS) number 118, ""Power-Operated Window Systems.""","A closing window that does not reverse direction as expected can pinch a passenger before retracting, increasing the risk of injury.","Dealers will update the Body Control Module (BCM) software, free of charge. Owner notification letters were mailed October 7, 2025. Owners may contact Ford customer service at 1-866-436-7332.  Ford's number for this recall is 25C33.",,"2025","LINCOLN","AVIATOR"
"Ford Motor Company","25V543000",0,0,0,,"22/08/2025","EXTERIOR LIGHTING:TAIL LIGHTS","Ford Motor Company (Ford) is recalling certain 2025 Explorer and Aviator vehicles. When towing a trailer, the tail lights on the trailer may fail to illuminate due to an improperly manufactured body control module. As such, these vehicles fail to comply with the requirements of Federal Motor Vehicle Safety Standard number 108, "" Lamps, Reflective Devices, and Associated Equipment.""","Trailer tail lights that do not illuminate as intended can reduce visibility to other drivers, increasing the risk of a crash.","Dealers will replace the body control module C on vehicles with less than 9,000 miles. For vehicles over 9,000 miles, dealers will perform a functional check on the body control module C and replace it as necessary. Repairs will be performed free of charge. Aviator 2025 owner notification letters were mailed October 13, 2025. Explorer 2025 owner letters were mailed November 25, 2025. Owners may contact Ford customer service at 1-866-436-7332. Ford's number for this recall is 25C42.",,"2025","LINCOLN","AVIATOR"
"Ford Motor Company","25V687000",0,0,0,,"10/10/2025","TRAILER HITCHES","Ford Motor Company (Ford) is recalling certain 2024-2026 Explorer and 2024-2026 Lincoln Aviator vehicles. The trailer hitch assembly bolts may be loose.","While towing a trailer, loose trailer hitch bolts can cause a loss of vehicle handling and control, or cause the trailer to detach. Either of these conditions can increase the risk of a crash.","Dealers will inspect and tighten the trailer hitch bolts, or replace them as necessary, free of charge. Owner notification letters were mailed October 29, 2025. Owners may contact Ford customer service at 1-866-436-7332. Ford's number for this recall is 25SA3. Vehicle Identification Numbers (VINs) involved in this recall became searchable on NHTSA.gov on October 15, 2025.",,"2025","LINCOLN","AVIATOR"
"Ford Motor Company","25V730000",0,0,0,,"24/10/2025","VISIBILITY:WINDSHIELD","Ford Motor Company (Ford) is recalling certain 2025-2026 Lincoln Corsair, Lincoln Aviator, and Explorer vehicles. The windshield glass may have visible air bubbles, which can obscure the driver's visibility. As such, these vehicles fail to comply with the requirements of Federal Motor Vehicle Safety Standard number 205, ""Glazing Materials.""","Reduced visibility while driving can increase the risk of a crash.","Dealers will inspect and replace the windshield as necessary, free of charge. Owner notification letters were mailed November 6, 2025. Owners may contact Ford customer service at 1-866-436-7332. Ford's number for this recall is 25C60. Vehicle Identification Numbers (VINs) involved in this recall become searchable on NHTSA.gov beginning October 27, 2025.",,"2025","LINCOLN","AVIATOR"
"Ford Motor Company","26V159000",0,0,0,,"17/03/2026","SEAT BELTS","Ford Motor Company (Ford) is recalling certain 2020-2026 Explorer and Lincoln Aviator vehicles. The seat belt anchor bolts at the second-row outer seating positions may be improperly secured.","A loose seat belt buckle may not properly restrain an occupant during a crash, increasing the risk of injury.","Dealers will inspect the second-row outer seat belt lower anchor bolts and replace or repair them as necessary, free of charge. Owner notification letters are expected to be mailed March 23, 2026. Owners may contact Ford customer service at 1-866-436-7332. Ford's number for this recall is 26C18. Vehicle Identification Numbers (VINs) involved in this recall became searchable on NHTSA.gov on March 19, 2026.",,"2025","LINCOLN","AVIATOR"
"Ford Motor Company","26V165000",0,0,0,,"19/03/2026","BACK OVER PREVENTION:SOFTWARE","Ford Motor Company (Ford) is recalling certain 2022-2025 Lincoln Navigator, 2024-2025 Lincoln Nautilus, 2025 Lincoln Aviator and Explorer vehicles. The Image Processing Module A (IPMA) may unexpectedly reset, resulting in loss of the rearview camera image and advanced driver assistance (ADAS) features, including pre-collision assist, lane-keeping assist, and blind-spot monitoring.","Loss of the rearview camera image and certain driver assistance features, can reduce the driver’s ability to detect hazards, increasing the risk of a crash.","The Image Processing Module A software will be updated by a dealer, or through an over-the-air (OTA) update, free of charge. Owner notification letters are expected to be mailed March 30, 2026. Owners may contact Ford customer service at 1-866-436-7332. Ford's number for this recall is 26S21. Vehicle Identification Numbers (VINs) involved in this recall will be searchable on NHTSA.gov beginning March 25, 2026.",,"2025","LINCOLN","AVIATOR"
"Ford Motor Company","24V953000",0,0,0,,"20/12/2024","VISIBILITY:POWER WINDOW DEVICES AND CONTROLS","Ford Motor Company (Ford) is recalling certain 2024-2025 Lincoln Nautilus vehicles.  The window automatic reversal system may not react correctly after detecting an obstruction, and the window reversal distance does not meet the minimum requirement.  As such, these vehicles fail to comply with the requirements of Federal Motor Vehicle Safety Standard (FMVSS) number 118, ""Power-Operated Window Systems.""","A closing window may exert excessive force by pinching a driver or passenger before retracting, increasing the risk of injury.","Dealers will recalibrate the driver door module (DDM) and the passenger door module (PDM), free of charge.  Owner notification letters were mailed on February 28, 2025.  Owners may contact Ford customer service at 1-866-436-7332.  Ford's number for this recall is 24C43.","Owners may also contact the National Highway Traffic Safety Administration Vehicle Safety Hotline at 1-888-327-4236 (TTY 1-800-424-9153) or go to nhtsa.gov.","2025","LINCOLN","NAUTILUS"
"Ford Motor Company","25V343000",0,0,0,,"13/06/2025","ELECTRICAL SYSTEM","Ford Motor Company (Ford) is recalling certain 2024-2025 Lincoln Nautilus, 2023-2025 Escape, 2023 Lincoln Corsair, 2025 Lincoln Corsair, Maverick, and Bronco Sport vehicles equipped with a 1.5L or 2.0L MPC engine and an engine block heater. The engine block heater may overheat when the vehicle is parked with the block heater plugged in.","An overheated engine block heater can increase the risk of a fire.","Dealers will replace the block heater element and inspect the electrical cord, replacing it if necessary, free of charge. Owners will also have a alternative option to replace engine block heater element with a threaded blanking plug coupled, and remove the block heater electrical cord.  Interim letters, notifying owners of the safety risk, were mailed June 11, 2025.  A second notice will be sent once the final remedy is available. The parts are anticipated to be available April 2026.  Owners may contact Ford customer service at 1-866-436-7332. Ford's number for this recall is 25S52.",,"2025","LINCOLN","NAUTILUS"
"Ford Motor Company","25V519000",0,0,0,,"08/08/2025","EXTERIOR LIGHTING:LIGHTING CONTROL MODULE","Ford Motor Company (Ford) is recalling certain 2025 Lincoln Nautilus, Mustang Mach E, and Mustang vehicles. The LED Driver Modules may contain a burnt diode, which can cause the low-beam and high-beam headlights, daytime running lights, front position lights, and front turn signals to fail in the affected headlight. On Nautilus vehicles only, this condition may also cause the rear tail light, rear turn signal, and rear position light to fail. As such, these vehicles fail to comply with the requirements of Federal Motor Vehicle Safety Standard number 108, ""Lamps, Reflective Devices, and Associated Equipment.""","Exterior lighting failure can reduce visibility for the driver and other road users, increasing the risk of a crash.","Dealers will inspect and replace the LED Driver Modules, as necessary, free of charge. Owner notification letters were mailed September 22, 2025. Owners may contact Ford customer service at 1-866-436-7332. Ford's number for this recall is 25C39.",,"2025","LINCOLN","NAUTILUS"
"Ford Motor Company","25V518000",0,0,0,,"08/08/2025","VISIBILITY:POWER WINDOW DEVICES AND CONTROLS","Ford Motor Company (Ford) is recalling certain 2024-2025 Lincoln Nautilus vehicles that were repaired incorrectly under recall 24V953. The window automatic reversal system may not react correctly after detecting an obstruction. As such, these vehicles fail to comply with the requirements of Federal Motor Vehicle Safety Standard (FMVSS) number 118, ""Power-Operated Window Systems.""","A closing window may exert excessive force by pinching a driver or passenger before retracting, increasing the risk of injury.","Dealers will update the driver door module (DDM) and the passenger door module (PDM) software, free of charge. Owner notification letters were mailed on September 23, 2025. Owners may contact Ford customer service at 1-866-436-7332. Ford's number for this recall is 25C36.",,"2025","LINCOLN","NAUTILUS"
"Ford Motor Company","26V122000",0,0,0,,"03/03/2026","ENGINE AND ENGINE COOLING:EXHAUST SYSTEM:EMISSION CONTROL:GAS RECIRCULATION VALVE (EGR VALVE)","Ford Motor Company (Ford) is recalling certain 2025 Ranger, Lincoln Nautilus, Mustang, Maverick, Explorer, Escape, Lincoln Corsair, Bronco Sport, and Bronco vehicles. The exhaust gas recirculation (EGR) valve may fail, resulting in an unexpected loss of drive power.","An unexpected loss of drive power increases the risk of a crash.","The remedy is currently under development. Interim letters, notifying owners of the safety risk, were mailed March 20, 2026. Additional letters will be sent once the final remedy is available, anticipated in September 2026. Owners may contact Ford customer service at 1-866-436-7332. Ford's number for this recall is 26S10. Vehicle Identification Numbers (VINs) involved in this recall became searchable on NHTSA.gov on March 4, 2026.",,"2025","LINCOLN","NAUTILUS"
"Ford Motor Company","26V165000",0,0,0,,"19/03/2026","BACK OVER PREVENTION:SOFTWARE","Ford Motor Company (Ford) is recalling certain 2022-2025 Lincoln Navigator, 2024-2025 Lincoln Nautilus, 2025 Lincoln Aviator and Explorer vehicles. The Image Processing Module A (IPMA) may unexpectedly reset, resulting in loss of the rearview camera image and advanced driver assistance (ADAS) features, including pre-collision assist, lane-keeping assist, and blind-spot monitoring.","Loss of the rearview camera image and certain driver assistance features, can reduce the driver’s ability to detect hazards, increasing the risk of a crash.","The Image Processing Module A software will be updated by a dealer, or through an over-the-air (OTA) update, free of charge. Owner notification letters are expected to be mailed March 30, 2026. Owners may contact Ford customer service at 1-866-436-7332. Ford's number for this recall is 26S21. Vehicle Identification Numbers (VINs) involved in this recall will be searchable on NHTSA.gov beginning March 25, 2026.",,"2025","LINCOLN","NAUTILUS"
"Ford Motor Company","25V439000",0,0,0,,"27/06/2025","AIR BAGS:FRONTAL","Ford Motor Company (Ford) is recalling certain 2025 Navigator and Expedition vehicles. The passenger side air bag may have been manufactured incorrectly, which can cause the air bag to deploy with excessive force during a crash.","An air bag that deploys with excessive force can increase the risk of injury during a crash.","Dealers will replace the  passenger side air bags, free of charge. Owner notification letters were mailed August 8, 2025. Owners may contact Ford Customer Service at 1-866-436-7332. Ford's number for this recall is 25S51.",,"2025","LINCOLN","NAVIGATOR"
"Ford Motor Company","25V488000",0,0,0,,"25/07/2025","SERVICE BRAKES, HYDRAULIC:POWER ASSIST:ELECTRIC:CONTROL MODULE:SOFTWARE","Ford Motor Company (Ford) is recalling certain 2025 Lincoln Navigator, F-150, Expedition, Bronco, and Ranger vehicles. The Electronic Brake Booster (EBB) module may malfunction while driving or when the driver is utilizing an Advanced Driver Assistance System (ADAS) feature, resulting in a loss of power brake assist.","An unexpected loss of power brake assist while driving can extend stopping distance and increase the risk of a crash. Additionally, a loss of power brake assist while ADAS features are engaged can result in the vehicle not braking as expected, increasing the risk of a crash.","The EBB module software will be updated over-the-air (OTA) or by a dealer, free of charge. Owner notification letters were mailed on August 22, 2025. Owners may contact Ford customer service at 1-866-436-7332. Ford's number for this recall is 25S77.",,"2025","LINCOLN","NAVIGATOR"
"Ford Motor Company","25V831000",0,0,0,,"01/12/2025","EXTERIOR LIGHTING","Ford Motor Company (Ford) is recalling certain 2025 Lincoln Navigator vehicles. The rear lightbar may have cracks in the outer lens or weld track that allow moisture to accumulate, which can result in inoperative or flickering reverse lights. As such, these vehicles fail to comply with the requirements of Federal Motor Vehicle Safety Standard number 108, ""Lamps, Reflective Devices, and Associated Equipment.""","Inoperative or flickering reverse lights may not alert other drivers that the vehicle is reversing, increasing the risk of injury or crash.","Dealers will replace the rear lightbar, free of charge. Owner notification letters were mailed January 14, 2026. Owners may contact Ford customer service at 1-866-436-7332. Ford's number for this recall is 25C66. Vehicle Identification Numbers (VINs) involved in this recall became searchable on NHTSA.gov on December 3, 2025.",,"2025","LINCOLN","NAVIGATOR"
"Ford Motor Company","25V823000",0,0,0,,"01/12/2025","SERVICE BRAKES, HYDRAULIC:POWER ASSIST:ELECTRIC:CONTROL MODULE","Ford Motor Company (Ford) is recalling certain 2025 Lincoln Navigator, F-150, Expedition, Bronco, and Ranger vehicles. The Electronic Brake Booster (EBB) module may malfunction while driving or when the driver is utilizing an Advanced Driver Assistance System (ADAS) feature, resulting in a loss of power brake assist.","An unexpected loss of power brake assist while driving can extend stopping distance and increase the risk of a crash. Additionally, a loss of power brake assist while ADAS features are engaged can result in the vehicle not braking as expected, increasing the risk of a crash.","Dealers will replace the electronic brake booster, free of charge. Owner notification letters were mailed February 26, 2026. Owners may contact Ford customer service at 1-866-436-7332. Ford's number for this recall is 25SD4. Vehicle Identification Numbers (VINs) involved in this recall became searchable on NHTSA.gov on December 3, 2025.",,"2025","LINCOLN","NAVIGATOR"
"Ford Motor Company","26V104000",0,0,0,,"20/02/2026","ELECTRICAL SYSTEM: INTEGRATED TRAILER BRAKE CONTROL","Ford Motor Company (Ford) is recalling certain 2021-2026 F-150, 2022-2026 F-250 SD, F-350 SD, F-450 SD, F-550 SD, Maverick, 2024-2026 Ranger, 2023-2026 F-600 SD, 2022-2027 Lincoln Navigator, Expedition, and 2026 E-Transit vehicles. When towing a trailer, the integrated trailer module (ITRM) may lose communication with the vehicle, possibly causing a loss of brake and turn signal lights, or a loss of brake function. As such, these vehicles fail to comply with the requirements of Federal Motor Vehicle Safety Standard number 108, "" Lamps, Reflective Devices, and Associated Equipment.""","Trailer lights or brakes that do not function can reduce the driver’s ability to control the trailer and decrease the trailers visibility to other road users, increasing the risk of a crash.","The integrated trailer module software will be updated by a dealer, or through an over-the-air (OTA) update, free of charge. Owner notification letters are expected to be mailed March 17, 2026. Owners may contact Ford customer service at 1-866-436-7332. Ford's number for this recall is 26C10. Vehicle Identification Numbers (VINs) involved in this recall will be searchable on NHTSA.gov beginning March 17, 2026.",,"2025","LINCOLN","NAVIGATOR"
"Ford Motor Company","26V165000",0,0,0,,"19/03/2026","BACK OVER PREVENTION:SOFTWARE","Ford Motor Company (Ford) is recalling certain 2022-2025 Lincoln Navigator, 2024-2025 Lincoln Nautilus, 2025 Lincoln Aviator and Explorer vehicles. The Image Processing Module A (IPMA) may unexpectedly reset, resulting in loss of the rearview camera image and advanced driver assistance (ADAS) features, including pre-collision assist, lane-keeping assist, and blind-spot monitoring.","Loss of the rearview camera image and certain driver assistance features, can reduce the driver’s ability to detect hazards, increasing the risk of a crash.","The Image Processing Module A software will be updated by a dealer, or through an over-the-air (OTA) update, free of charge. Owner notification letters are expected to be mailed March 30, 2026. Owners may contact Ford customer service at 1-866-436-7332. Ford's number for this recall is 26S21. Vehicle Identification Numbers (VINs) involved in this recall will be searchable on NHTSA.gov beginning March 25, 2026.",,"2025","LINCOLN","NAVIGATOR"
"Lucid USA, Inc.","24V836000",0,0,0,,"05/11/2024","ELECTRICAL SYSTEM:PROPULSION SYSTEM","Lucid USA, Inc. (Lucid) is recalling certain 2024-2025 Air Pure rear wheel drive vehicles.  The rear subframe wiring harness may be too short, straining the electrical connection and causing power loss to the rear drive unit (RDU).","A loss of power to the rear drive unit can result in a complete loss of drive power, increasing the risk of a crash.","Lucid will replace the wiring harness, free of charge.  Owner notification letters were mailed December 18, 2024.  Owners may contact Lucid at 1-888-995-8243.  Lucid's number for this recall is SR-24-05-0.","Owners may also contact the National Highway Traffic Safety Administration Vehicle Safety Hotline at 1-888-327-4236 (TTY 1-800-424-9153) or go to nhtsa.gov.","2025","LUCID","AIR"
"Lucid USA, Inc.","25V669000",0,0,0,,"07/10/2025","POWER TRAIN:DRIVELINE:DRIVESHAFT","Lucid USA, Inc. (Lucid) is recalling certain 2024-2026 Air vehicles equipped with Pure Rear-Wheel Drive. Improperly secured bolts may allow the half-shaft to disconnect from the drive unit.","A disconnected half shaft can result in a loss of drive power, increasing the risk of a crash.","Lucid will remove, inspect, and install new bolts, free of charge. Owner notification letters were mailed December 3, 2025. Owners may contact Lucid at 1-888-995-8243. Lucid's number for this recall is SR-25-03-0.",,"2025","LUCID","AIR"
"Lucid USA, Inc.","25V670000",0,0,0,,"07/10/2025","BACK OVER PREVENTION:SOFTWARE","Lucid USA, Inc. (Lucid) is recalling certain 2022-2025 Air vehicles operating a software version prior to 2.8.0. The lower console display may fail to show a rearview camera image or may show a delayed, inaccurate image of what is behind the vehicle. As such, these vehicles fail to comply with the requirements of Federal Motor Vehicle Safety Standard number 111, ""Rear Visibility.""","A rearview image that does not appear or fails to accurately depict behind the vehicle increases the risk of a crash.","Lucid has released an over-the-air (OTA) software update, free of charge. Owner notification letters were mailed December 3, 2025. Owners may contact Lucid at 1-888-995-8243. Lucid's number for this recall is SR-25-04-0.

The information in your report suggests that Lucid may have been aware of this issue more than five business days before filing a report with NHTSA. Please be reminded that under Federal law, this agency is to be notified of all safety defect and/or noncompliance decisions within five business days. 49 CFR 573.6 Significant civil penalties can be assessed for this violation.",,"2025","LUCID","AIR"
"Lucid USA, Inc.","26V017000",0,0,0,,"16/01/2026","BACK OVER PREVENTION:SOFTWARE","Lucid USA, Inc. (Lucid) is recalling certain 2022-2026 Air vehicles equipped with an AD02 package and operating a software version from 2.8.0 through 2.8.16. The rearview camera image may not display when the vehicle is placed in reverse. As such, these vehicles fail to comply with the requirements of Federal Motor Vehicle Safety Standard number 111, ""Rear Visibility.""","A rearview image that does not display reduces the driver's view behind the vehicle, increasing the risk of a crash.","Lucid has released an over-the-air (OTA) software update, free of charge. Owner notification letters were mailed March 4, 2026. Owners may contact Lucid at 1-888-995-8243. Lucid's number for this recall is SR-26-01-0.",,"2025","LUCID","AIR"
"Mack Trucks, Inc.","24V333000",0,0,0,,"14/05/2024","EQUIPMENT:OTHER:LABELS","Mack Trucks, Inc. (Mack) is recalling certain 2024-2025 MD and Terrapro vehicles.  The Gross Axle Weight Rating (GAWR) listed on the vehicle certification label is incorrect, which can allow the vehicle to be overloaded.  As such, these vehicles fail to comply with the requirements of 49 CFR Part 567, ""Certification.""","An overloaded vehicle can increase the risk of a crash.","Dealers will remove and replace the label, free of charge.  Owner notification letters were mailed May 28, 2024.  Owners may contact Mack customer service at 1-800-866-1177.  Mack's number for this recall is SC0463.","Owners may also contact the National Highway Traffic Safety Administration Vehicle Safety Hotline at 1-888-327-4236 (TTY 1-800-424-9153), or go to www.nhtsa.gov.","2025","MACK","MD"
"Mack Trucks, Inc.","25V666000",0,0,0,,"06/10/2025","SEAT BELTS:FRONT:ANCHORAGE","Mack Trucks, Inc. (Mack) is recalling certain 2020-2025 Mack MD, 2019-2025 Anthem, Granite, 2024 MD Electric, and 2025 Pinnacle trucks equipped with a passenger bench seat. The seat belt anchorage bracket may be improperly welded. As such, these vehicles fail to comply with the requirements of Federal Motor Vehicle Safety Standard number 210, ""Seat Belt Assembly Anchorages.""","An improperly welded seat belt anchorage bracket can detach during a crash, increasing the risk of injury.","Dealers will install a reinforcement plate, free of charge. Owner letters were mailed January 21, 2026. Owners may contact Mack's customer service at 1-800-866-1177. Mack's number for this recall is SC0485. Vehicle Identification Numbers (VINs) involved in this recall will be searchable on NHTSA.gov beginning October 13, 2025.",,"2025","MACK","MD"
"Mazda North American Operations","25V357000",0,0,0,,"29/05/2025","AIR BAGS: AIR BAG/RESTRAINT CONTROL MODULE:SOFTWARE","Mazda North American Operations is recalling certain 2024-2025 Mazda3 and CX30 vehicles. The Sophisticated Air Bag Sensor (SAS) units may set an error code and deactivate the air bags, due to a low battery condition.","Air bags that do not deploy in the event of a crash increase the risk of injury.","Dealers will reprogram the SAS unit with improved software or replace the unit, free of charge.  Owner notification letters were mailed July 24, 2025.  Mazda's number for this recall is 7525E.",,"2025","MAZDA","CX-30"
"Mazda North American Operations","24V649000",0,0,0,,"03/09/2024","LANE DEPARTURE: SENSING SYSTEM: CAMERA","Mazda North American Operations (Mazda) is recalling certain 2024 Mazda 3, CX-30, and 2025 CX-50 vehicles.  A malfunction in the forward sensing camera (FSC) may prevent the automatic emergency braking system and the lane-keep assist system from functioning.  In addition, the headlights will not automatically adjust from high beams to low beams as intended.","Automatic braking, steering assist, and headlight control systems that do not function as intended can increase the risk of a crash.","Dealers will inspect and replace the forward sensing camera as necessary, free of charge.  Owner notification letters were mailed September 24, 2024.  Owners may contact Mazda customer service at 1-800-222-5500, Option 6.  Mazda's number for this recall is 6824H.","Owners may also contact the National Highway Traffic Safety Administration Vehicle Safety Hotline at 1-888-327-4236 (TTY 1-800-424-9153), or go to www.nhtsa.gov.","2025","MAZDA","CX-50"
"Mazda North American Operations","25V167000",0,0,0,,"14/03/2025","TRAILER HITCHES","Mazda North American Operations (Mazda) is recalling certain 2024-2025 CX-50 vehicles equipped with Mazda Genuine Accessory trailer hitches.  The trailer hitch assembly bolts may loosen and cause the assembly to separate from the vehicle body during towing or normal driving conditions.","A detached trailer hitch assembly can create a road hazard, increasing the risk of a crash.","Dealers will tighten the trailer hitch bolts, free of charge.  Owner notification letters were mailed April 4, 2025.  Mazda's number for this recall is 7225C.","Owners may also contact the National Highway Traffic Safety Administration Vehicle Safety Hotline at 888-327-4236 (TTY 888-275-9171) or go to nhtsa.gov.","2025","MAZDA","CX-50"
"Mazda North American Operations","25V413000",0,0,0,,"18/06/2025","AIR BAGS: AIR BAG/RESTRAINT CONTROL MODULE:SOFTWARE","Mazda North American Operations (Mazda) is recalling certain CX-50 Hybrid and CX-50 vehicles. Incorrectly configured module software may cause the air bag to deploy improperly.","An air bag that deploys improperly increases the risk of injury during a crash.","Dealers will update the module software, free of charge. Owner notifications will not be mailed due to all vehicles being under Mazda dealer control. Owners may contact Mazda customer service at 1-800-222-5500 Option 6. The manufacturer's number for this recall is 7625F.",,"2025","MAZDA","CX-50"
"Mazda North American Operations","25V737000",0,0,0,,"29/10/2025","SUSPENSION:CRITICAL FASTENERS","Mazda North American Operations is recalling certain 2025 CX-50 and CX-50 Hybrid vehicles. The front suspension fastener bolts may not be tightened properly, which can result in suspension component and/or wheel detachment.","Wheel or suspension component detachment can cause a loss of vehicle control and a loss of drive power, increasing the risk of a crash.","Dealers will inspect the front suspension fastener bolts and, if necessary, replace and tighten them, free of charge. Owner notification letters were mailed December 10, 2025. Owners may contact Mazda customer service at 1-800-222-5500 Option 6. The manufacturer's number for this recall is 7925J. Vehicle Identification Numbers (VINs) involved in this recall became searchable on NHTSA.gov beginning November 3, 2025.",,"2025","MAZDA","CX-50"
"Mazda North American Operations","24V814000",0,0,0,,"31/10/2024","ELECTRICAL SYSTEM:SOFTWARE","Mazda North American Operations (Mazda) is recalling certain 2024-2025 CX-90 and 2025 CX-70 vehicles equipped with a Dash Electrical Supply Unit (ESU).  During vehicle startup, the defroster, seat belt warning, 360° view monitor functions, and the PHEV high-voltage battery cooling system may not function properly.","An ESU that does not function properly, increases the risk of a crash.","Dealers will reprogram the Dash ESU with improved software, free of charge.  Owner notification letters were mailed December 18, 2024.  Owners may contact Mazda customer service at 1-800-222-5500 Option 6.  Mazda's number for this recall is 7124J.","Owners may also contact the National Highway Traffic Safety Administration Vehicle Safety Hotline at 1-888-327-4236 (TTY 1-800-424-9153) or go to www.nhtsa.gov.","2025","MAZDA","CX-70"
"Mazda North American Operations","24V815000",0,0,0,,"31/10/2024","POWER TRAIN:AUTOMATIC TRANSMISSION:CONTROL MODULE (TCM/PCM/TECM)","Mazda North American Operations (Mazda) is recalling certain 2024 CX-90 and 2025 CX-70 vehicles.  The powertrain control module (PCM) and engine control modules (ECM) software may cause malfunction indicator lights to illuminate and a loss of drive power.","Loss of drive power increases the risk of a crash.","Dealers will reprogram the PCM and ECM software, free of charge.  Owner notification letters were mailed December 19, 2024.  Owners may contact Mazda customer service at 1-800-222-5500 Option 6.  Mazda's number for this recall is 7024J.","Owners may also contact the National Highway Traffic Safety Administration Vehicle Safety Hotline at 1-888-327-4236 (TTY 1-800-424-9153) or go to www.nhtsa.gov.","2025","MAZDA","CX-70"
"Mazda North American Operations","24V817000",0,0,0,,"31/10/2024","ELECTRICAL SYSTEM:PROPULSION SYSTEM:INVERTER","Mazda North American Operations (Mazda) is recalling certain 2024 CX-90 and 2025 CX-70 plug-in hybrid electric vehicles.  Improper inverter software may cause the malfunction indicator lights to illuminate, and a loss of drive power may occur while in electric vehicle (EV) mode.","Loss of drive power increases the risk of a crash.","Dealers will install improved inverter software, free of charge.  Owner notification letters were mailed December 19, 2024.  Owners may contact Mazda customer service at 1-800-222-5500 Option 6.  Mazda's number for this recall is 7024J.","Owners may also contact the National Highway Traffic Safety Administration Vehicle Safety Hotline at 1-888-327-4236 (TTY 1-800-424-9153) or go to www.nhtsa.gov.","2025","MAZDA","CX-70"
"Mazda North American Operations","25V568000",0,0,0,,"02/09/2025","ELECTRICAL SYSTEM:BODY CONTROL MODULE:SOFTWARE","Mazda North American Operations (Mazda) is recalling certain 2024-2025 CX-90 and 2025 CX-70 mild hybrid electric vehicles (MHEV). The fuel gauge in the instrument cluster may display an inaccurate fuel reading.","An inaccurate fuel gauge may result in the vehicle unexpectedly running out of fuel and stalling, increasing the risk of a crash.","Dealers will update the body control module (BCM) software, free of charge.  Owner notification letters were mailed October 24, 2025.  Owners may contact Mazda customer service at 1-800-222-5500 Option 6. The manufacturer's number for this recall is 78251.

The information in your report suggests that Mazda may have been aware of this issue more than five business days before filing a report with NHTSA.  Please be reminded that under Federal law, this agency is to be notified of all safety defect and/or noncompliance decisions within five business days.  49 CFR 573.6 Significant civil penalties can be assessed for this violation.",,"2025","MAZDA","CX-70"
"Mazda North American Operations","24V814000",0,0,0,,"31/10/2024","ELECTRICAL SYSTEM:SOFTWARE","Mazda North American Operations (Mazda) is recalling certain 2024-2025 CX-90 and 2025 CX-70 vehicles equipped with a Dash Electrical Supply Unit (ESU).  During vehicle startup, the defroster, seat belt warning, 360° view monitor functions, and the PHEV high-voltage battery cooling system may not function properly.","An ESU that does not function properly, increases the risk of a crash.","Dealers will reprogram the Dash ESU with improved software, free of charge.  Owner notification letters were mailed December 18, 2024.  Owners may contact Mazda customer service at 1-800-222-5500 Option 6.  Mazda's number for this recall is 7124J.","Owners may also contact the National Highway Traffic Safety Administration Vehicle Safety Hotline at 1-888-327-4236 (TTY 1-800-424-9153) or go to www.nhtsa.gov.","2025","MAZDA","CX-90"
"Mazda North American Operations","25V568000",0,0,0,,"02/09/2025","ELECTRICAL SYSTEM:BODY CONTROL MODULE:SOFTWARE","Mazda North American Operations (Mazda) is recalling certain 2024-2025 CX-90 and 2025 CX-70 mild hybrid electric vehicles (MHEV). The fuel gauge in the instrument cluster may display an inaccurate fuel reading.","An inaccurate fuel gauge may result in the vehicle unexpectedly running out of fuel and stalling, increasing the risk of a crash.","Dealers will update the body control module (BCM) software, free of charge.  Owner notification letters were mailed October 24, 2025.  Owners may contact Mazda customer service at 1-800-222-5500 Option 6. The manufacturer's number for this recall is 78251.

The information in your report suggests that Mazda may have been aware of this issue more than five business days before filing a report with NHTSA.  Please be reminded that under Federal law, this agency is to be notified of all safety defect and/or noncompliance decisions within five business days.  49 CFR 573.6 Significant civil penalties can be assessed for this violation.",,"2025","MAZDA","CX-90"
"Mazda North American Operations","25V336000",0,0,0,,"04/06/2025","TRACTION CONTROL SYSTEM","Mazda North American Operations (Mazda) is recalling certain 2024-2025 Mazda MX-5 vehicles. The Traction Control System (TCS) and Dynamic Stability Control (DSC) indicator light may fail to illuminate as intended due to a software error. As such, these vehicles fail to conform to Federal Motor Vehicle Safety Standard number 126, ""Electronic Stability Control Systems.""","An indicator light that does not illuminate may fail to warn the driver of a TCS or DSC system issue, increasing the risk of a crash.","Dealers will replace the DSC unit, free of charge. Owner notification letters were mailed July 18, 2025. Owners may contact Mazda customer service at 1-800-222-5500 Option 6. Mazda's number for this recall is 7425E.",,"2025","MAZDA","MX-5"
"Mercedes-Benz USA, LLC","25V865000",0,0,0,,"12/12/2025","ELECTRICAL SYSTEM:WIRING","Mercedes-Benz USA, LLC (MBUSA) is recalling certain  AMG E 53 4MATIC+ WAGON vehicles. The transmission wiring harness may be routed too close to the front driveshaft, which can result in wiring harness damage and cause a loss of drive power.","A loss of drive power can increase the risk of a crash.","Dealers will inspect the transmission wiring harness routing and repair it, if necessary, free of charge. Owner notification letters were mailed February 6, 2026. Owners may contact MBUSA customer service at 1-800-367-6372. Vehicle Identification Numbers (VINs) involved in this recall will be searchable on NHTSA.gov beginning December 19, 2025. MBUSA's number for this recall is 2026010001.",,"2025","MERCEDES-BENZ","AMG E 53 4MATIC+ WAGON"
"Mercedes-Benz USA, LLC","25V254000",0,0,0,,"17/04/2025","ELECTRONIC STABILITY CONTROL (ESC):CONTROL MODULE:SOFTWARE","Mercedes-Benz USA, LLC (MBUSA) is recalling certain 2025 G 550, G 580, and AMG G 63 vehicles.  The vehicle's electronic stability program (ESP) may display an incorrect warning light during an ESP system failure.  As such, these vehicles fail to comply with the requirements of Federal Motor Vehicle Safety Standard number 126, ""Electronic Stability Control Systems,"" and 101, ""Control and Displays.""","An incorrectly displayed warning light can fail to alert the driver to critical safety information, increasing the risk of a crash.","Dealers will update the ESP control unit software, free of charge.  Owner notification letters are expected to be mailed June 17, 2025.  Owners may contact MBUSA customer service at 1-800-367-6372.  MBUSA's number for this recall is 2025050002.","Owners may also contact the National Highway Traffic Safety Administration Vehicle Safety Hotline at 888-327-4236 (TTY 888-275-9171) or go to nhtsa.gov.","2025","MERCEDES-BENZ","AMG G63"
"Mercedes-Benz USA, LLC","25V711000",0,0,0,,"17/10/2025","FORWARD COLLISION AVOIDANCE: SENSING SYSTEM: RADAR","Mercedes-Benz USA, LLC (MBUSA) is recalling certain 2025 AMG G63 and G 580 vehicles. The front short-range radar sensor printed circuit board may fail and result in a loss of automatic emergency braking and other driver assistance features, including the active brake assist, lane keeping assist, and Distronic cruise control.","An automatic emergency braking system that does not function as intended can increase the risk of a crash.","Dealers will replace the short-range sensor, free of charge. Owner notification letters were mailed November 26, 2025. Owners may contact MBUSA customer service at 1-800-367-6372. MBUSA's number for this recall is 2025110002. Vehicle Identification Numbers (VINs) involved in this recall will be searchable on NHTSA.gov beginning October 24, 2025.",,"2025","MERCEDES-BENZ","AMG G63"
"Mercedes-Benz USA, LLC","25V533000",0,0,0,,"20/08/2025","STEERING:CRITICAL FASTENERS","Mercedes-Benz USA, LLC (MBUSA) is recalling certain 2023-2026 EQE and GLC vehicles. Please see the recall report for a complete list of models. The steering coupling bolt may have been improperly tightened, allowing the steering coupling to loosen from the steering rack.","A loose steering coupling can cause a loss of steering control, increasing the risk of a crash.","Dealers will tighten the steering coupling bolts as necessary, free of charge. Owner notification letters were mailed October 6, 2025. Owners may contact MBUSA customer service at 1-800-367-6372.",,"2025","MERCEDES-BENZ","AMG GLC43 4MATIC COUPE"
"Mercedes-Benz USA, LLC","25V325000",0,0,0,,"30/05/2025","VISIBILITY:REARVIEW MIRRORS/DEVICES:INTERIOR","Mercedes-Benz USA, LLC (MBUSA) is recalling certain 2024 GLE 350 4MATIC, 2025  GLE 450e 4MATIC, GLE 450 4MATIC Coupe, GLE 450 4MATIC, GLS 450 4MATIC, Maybach GLS 600 4MATIC, AMG GLE 53 4MATIC, AMG GLE 53 4MATIC Coupe, AMG GLE 63 S 4MATIC Coupe, and AMG GLS 63 4MATIC vehicles. The multi-purpose camera and the rearview mirror may be insufficiently attached to the windshield and may detach.","A detached mirror can reduce visibility for the driver.  A detached camera can cause a loss of certain driving assistance systems, such as Active Lane Keeping Assist and Active Brake Assist.  Either of these situations can increase the risk of a crash.","Dealers will replace the windshield and reinstall the multi-purpose camera and rearview mirror, free of charge. Owner notification letters were mailed June 27, 2025. Owners may contact MBUSA customer service at 1-800-367-6372. MBUSA's number for this recall is 2025060001.",,"2025","MERCEDES-BENZ","AMG GLE53 4MATIC"
"Mercedes-Benz USA, LLC","25V253000",0,0,0,,"02/05/2025","SEAT BELTS:FRONT","Mercedes-Benz USA, LLC (MBUSA) is recalling certain 2022-2025 C 300, and 2023-2024 AMG C 43 vehicles.  The driver-side seat belt cover may not be properly installed on the seat belt tensioner, which can cause the seat belt anchor to come loose.","A loose seat belt may not properly restrain an occupant during a crash, increasing the risk of injury.","Dealers will inspect and repair the seat belt covers, as necessary, free of charge.  Owner notification letters were mailed May 16, 2025.  Owners may contact MBUSA customer service at 1-800-367-6372.  MBUSA's number for this recall is 2025040012.","Owners may also contact the National Highway Traffic Safety Administration Vehicle Safety Hotline at 888-327-4236 (TTY 888-275-9171) or go to nhtsa.gov.","2025","MERCEDES-BENZ","C 300"
"Mercedes-Benz USA, LLC","24V941000",1,0,0,,"18/12/2024","POWER TRAIN:AXLE ASSEMBLY","Mercedes-Benz USA, LLC (MBUSA) is recalling certain 2025 E 350, E 350 4MATIC, E 450 4MATIC, and E450 4MATIC station wagon vehicles.  The camber strut bracket may have been improperly welded onto the rear axle carrier, possibly resulting in separation of the bracket from the rear axle carrier.","Rear axle carrier failure can cause a sudden loss of vehicle handling and control, increasing the risk of a crash.","Owners are advised not to drive their vehicles until the remedy has been performed.  Dealers will replace the rear axle carrier, free of charge.  Owner notification letters were mailed January 22, 2025.  Owners may contact MBUSA customer service at 1-800-367-6372.  MBUSA's number for this recall is 2024120015.","Owners may also contact the National Highway Traffic Safety Administration Vehicle Safety Hotline at 1-888-327-4236 (TTY 1-800-424-9153) or go to nhtsa.gov.","2025","MERCEDES-BENZ","E 350"
"Mercedes-Benz USA, LLC","24V941000",1,0,0,,"18/12/2024","POWER TRAIN:AXLE ASSEMBLY","Mercedes-Benz USA, LLC (MBUSA) is recalling certain 2025 E 350, E 350 4MATIC, E 450 4MATIC, and E450 4MATIC station wagon vehicles.  The camber strut bracket may have been improperly welded onto the rear axle carrier, possibly resulting in separation of the bracket from the rear axle carrier.","Rear axle carrier failure can cause a sudden loss of vehicle handling and control, increasing the risk of a crash.","Owners are advised not to drive their vehicles until the remedy has been performed.  Dealers will replace the rear axle carrier, free of charge.  Owner notification letters were mailed January 22, 2025.  Owners may contact MBUSA customer service at 1-800-367-6372.  MBUSA's number for this recall is 2024120015.","Owners may also contact the National Highway Traffic Safety Administration Vehicle Safety Hotline at 1-888-327-4236 (TTY 1-800-424-9153) or go to nhtsa.gov.","2025","MERCEDES-BENZ","E 350 4MATIC"
"Mercedes-Benz USA, LLC","25V533000",0,0,0,,"20/08/2025","STEERING:CRITICAL FASTENERS","Mercedes-Benz USA, LLC (MBUSA) is recalling certain 2023-2026 EQE and GLC vehicles. Please see the recall report for a complete list of models. The steering coupling bolt may have been improperly tightened, allowing the steering coupling to loosen from the steering rack.","A loose steering coupling can cause a loss of steering control, increasing the risk of a crash.","Dealers will tighten the steering coupling bolts as necessary, free of charge. Owner notification letters were mailed October 6, 2025. Owners may contact MBUSA customer service at 1-800-367-6372.",,"2025","MERCEDES-BENZ","EQE 350 4MATIC"
"Mercedes-Benz USA, LLC","24V372000",0,0,0,,"28/05/2024","ELECTRICAL SYSTEM:PROPULSION SYSTEM:TRACTION BATTERY:MANAGEMENT SYSTEM/ENERGY CONTROL MODULE (BMS/BECM):SOFTWARE","Mercedes-Benz USA, LLC (MBUSA) is recalling certain 2024 EQE 350 4MATIC, EQE 350+, EQE 500 4MATIC, EQS 450 4MATIC, EQS 450+, EQS 580 4MATIC, AMG EQE 53 4MATIC, AMG EQS 53 4MATIC, 2023-2025 EQE SUV 350 4MATIC, EQE SUV 350+, EQE SUV 500 4MATIC, EQS SUV 450 4MATIC, EQS SUV 450+, EQS SUV 580 4MATIC, 2024-2025 EQS SUV 680 4MATIC, and AMG EQE SUV 53 4MATIC vehicles.  The battery management system software may cause the high-voltage battery to shut down, which can result in a sudden loss of drive power.","A sudden loss of drive power increases the risk of a crash.","Dealers will update the battery management system software, free of charge.  Owner notification letters were mailed July 5, 2024.  Owners may contact MBUSA customer service at 1-800-367-6372.  MBUSA's number for this recall is 2024060002.","Owners may also contact the National Highway Traffic Safety Administration Vehicle Safety Hotline at 1-888-327-4236 (TTY 1-800-424-9153), or go to www.safercar.gov.","2025","MERCEDES-BENZ","EQS SUV 580 4MATIC"
"Mercedes-Benz USA, LLC","25V366000",0,0,0,,"05/06/2025","BACK OVER PREVENTION:WARNINGS:EXTERNAL/PEDESTRIAN ALERT","Mercedes-Benz USA, LLC (MBUSA) is recalling certain 2022-2025 S-Class, EQE SUV, EQE, EQS SUV and EQS vehicles. Please see the recall report for a complete list of models. Software in the Acoustic Vehicle Alerting System (AVAS) may cause an incorrect external pedestrian warning sound while reversing. As such, these vehicles fail to comply with the requirements of Federal Motor Vehicle Safety Standard number 141, ""Minimum Sound Requirements for Hybrid Electric Vehicles.""","A vehicle that makes an incorrect sound may fail to alert pedestrians of a reversing vehicle, increasing the risk of crash.","Dealers will update the AVAS software, free of charge.  Owner notification letters were mailed August 1, 2025. Owners may contact MBUSA customer service at 1-800-367-6372. MBUSA's number for this recall is 2025070005.",,"2025","MERCEDES-BENZ","EQS SUV 580 4MATIC"
"Mercedes-Benz USA, LLC","25V379000",0,0,0,,"06/06/2025","STRUCTURE:BODY:ROOF AND PILLARS","Mercedes-Benz USA, LLC (MBUSA) is recalling certain 2023-2025 GLC 300, GLC 300 4MATIC, 2024-2025 AMG GLC 43 4MATIC, 2025 GLC 350E 4MATIC, and AMG GLC 63 S E vehicles equipped with a panoramic sunroof. In certain crash scenarios, where the rear occupant's head contacts the C-pillar, the pillar may not absorb an adequate amount of the impact. As such, these vehicles fail to comply with the requirements of Federal Motor Vehicle Safety Standard (FMVSS) number 201, ""Occupant Protection in Interior Impact.""","In the event of a crash, insufficient impact protection can increase the risk of injury.","Dealers will modify the roof lining and C-pillar trim, free of charge. Owner notification letters were mailed July 9, 2025. Owners may contact MBUSA customer service at 1-800-367-6372.",,"2025","MERCEDES-BENZ","GLC 300"
"Mercedes-Benz USA, LLC","25V533000",0,0,0,,"20/08/2025","STEERING:CRITICAL FASTENERS","Mercedes-Benz USA, LLC (MBUSA) is recalling certain 2023-2026 EQE and GLC vehicles. Please see the recall report for a complete list of models. The steering coupling bolt may have been improperly tightened, allowing the steering coupling to loosen from the steering rack.","A loose steering coupling can cause a loss of steering control, increasing the risk of a crash.","Dealers will tighten the steering coupling bolts as necessary, free of charge. Owner notification letters were mailed October 6, 2025. Owners may contact MBUSA customer service at 1-800-367-6372.",,"2025","MERCEDES-BENZ","GLC 300"
"Mercedes-Benz USA, LLC","25V379000",0,0,0,,"06/06/2025","STRUCTURE:BODY:ROOF AND PILLARS","Mercedes-Benz USA, LLC (MBUSA) is recalling certain 2023-2025 GLC 300, GLC 300 4MATIC, 2024-2025 AMG GLC 43 4MATIC, 2025 GLC 350E 4MATIC, and AMG GLC 63 S E vehicles equipped with a panoramic sunroof. In certain crash scenarios, where the rear occupant's head contacts the C-pillar, the pillar may not absorb an adequate amount of the impact. As such, these vehicles fail to comply with the requirements of Federal Motor Vehicle Safety Standard (FMVSS) number 201, ""Occupant Protection in Interior Impact.""","In the event of a crash, insufficient impact protection can increase the risk of injury.","Dealers will modify the roof lining and C-pillar trim, free of charge. Owner notification letters were mailed July 9, 2025. Owners may contact MBUSA customer service at 1-800-367-6372.",,"2025","MERCEDES-BENZ","GLC 300 4MATIC"
"Mercedes-Benz USA, LLC","25V533000",0,0,0,,"20/08/2025","STEERING:CRITICAL FASTENERS","Mercedes-Benz USA, LLC (MBUSA) is recalling certain 2023-2026 EQE and GLC vehicles. Please see the recall report for a complete list of models. The steering coupling bolt may have been improperly tightened, allowing the steering coupling to loosen from the steering rack.","A loose steering coupling can cause a loss of steering control, increasing the risk of a crash.","Dealers will tighten the steering coupling bolts as necessary, free of charge. Owner notification letters were mailed October 6, 2025. Owners may contact MBUSA customer service at 1-800-367-6372.",,"2025","MERCEDES-BENZ","GLC 300 4MATIC"
"Mercedes-Benz USA, LLC","25V379000",0,0,0,,"06/06/2025","STRUCTURE:BODY:ROOF AND PILLARS","Mercedes-Benz USA, LLC (MBUSA) is recalling certain 2023-2025 GLC 300, GLC 300 4MATIC, 2024-2025 AMG GLC 43 4MATIC, 2025 GLC 350E 4MATIC, and AMG GLC 63 S E vehicles equipped with a panoramic sunroof. In certain crash scenarios, where the rear occupant's head contacts the C-pillar, the pillar may not absorb an adequate amount of the impact. As such, these vehicles fail to comply with the requirements of Federal Motor Vehicle Safety Standard (FMVSS) number 201, ""Occupant Protection in Interior Impact.""","In the event of a crash, insufficient impact protection can increase the risk of injury.","Dealers will modify the roof lining and C-pillar trim, free of charge. Owner notification letters were mailed July 9, 2025. Owners may contact MBUSA customer service at 1-800-367-6372.",,"2025","MERCEDES-BENZ","GLC 350E 4MATIC"
"Mercedes-Benz USA, LLC","25V533000",0,0,0,,"20/08/2025","STEERING:CRITICAL FASTENERS","Mercedes-Benz USA, LLC (MBUSA) is recalling certain 2023-2026 EQE and GLC vehicles. Please see the recall report for a complete list of models. The steering coupling bolt may have been improperly tightened, allowing the steering coupling to loosen from the steering rack.","A loose steering coupling can cause a loss of steering control, increasing the risk of a crash.","Dealers will tighten the steering coupling bolts as necessary, free of charge. Owner notification letters were mailed October 6, 2025. Owners may contact MBUSA customer service at 1-800-367-6372.",,"2025","MERCEDES-BENZ","GLC 350E 4MATIC"
"Mercedes-Benz USA, LLC","25V864000",0,0,0,,"12/12/2025","SEAT BELTS:REAR/OTHER","Mercedes-Benz USA, LLC (MBUSA) is recalling certain 2025-2026 GLE 350 4MATIC vehicles. The center rear seat belts may have been installed without the child seat protection function and fail to lock a child restraint properly. As such, these vehicles fail to comply with the requirements of Federal Motor Vehicle Safety Standard (FMVSS) number 208, ""Occupant Crash Protection,"" and FMVSS number 209, ""Seat Belt Assemblies.""","In the event of a crash, an insufficiently restrained child has an increased risk of injury.","Dealers will replace the center rear seat belt assembly, free of charge. Owner notification letters were mailed February 6, 2026. Owners may contact MBUSA customer service at 1-800-367-6372. Vehicle Identification Numbers (VINs) involved in this recall will be searchable on NHTSA.gov beginning December 19, 2025. MBUSA's number for this recall is 2026010003.",,"2025","MERCEDES-BENZ","GLE 350 4MATIC"
"Mercedes-Benz USA, LLC","25V325000",0,0,0,,"30/05/2025","VISIBILITY:REARVIEW MIRRORS/DEVICES:INTERIOR","Mercedes-Benz USA, LLC (MBUSA) is recalling certain 2024 GLE 350 4MATIC, 2025  GLE 450e 4MATIC, GLE 450 4MATIC Coupe, GLE 450 4MATIC, GLS 450 4MATIC, Maybach GLS 600 4MATIC, AMG GLE 53 4MATIC, AMG GLE 53 4MATIC Coupe, AMG GLE 63 S 4MATIC Coupe, and AMG GLS 63 4MATIC vehicles. The multi-purpose camera and the rearview mirror may be insufficiently attached to the windshield and may detach.","A detached mirror can reduce visibility for the driver.  A detached camera can cause a loss of certain driving assistance systems, such as Active Lane Keeping Assist and Active Brake Assist.  Either of these situations can increase the risk of a crash.","Dealers will replace the windshield and reinstall the multi-purpose camera and rearview mirror, free of charge. Owner notification letters were mailed June 27, 2025. Owners may contact MBUSA customer service at 1-800-367-6372. MBUSA's number for this recall is 2025060001.",,"2025","MERCEDES-BENZ","GLE 450 4MATIC"
"Mercedes-Benz USA, LLC","25V325000",0,0,0,,"30/05/2025","VISIBILITY:REARVIEW MIRRORS/DEVICES:INTERIOR","Mercedes-Benz USA, LLC (MBUSA) is recalling certain 2024 GLE 350 4MATIC, 2025  GLE 450e 4MATIC, GLE 450 4MATIC Coupe, GLE 450 4MATIC, GLS 450 4MATIC, Maybach GLS 600 4MATIC, AMG GLE 53 4MATIC, AMG GLE 53 4MATIC Coupe, AMG GLE 63 S 4MATIC Coupe, and AMG GLS 63 4MATIC vehicles. The multi-purpose camera and the rearview mirror may be insufficiently attached to the windshield and may detach.","A detached mirror can reduce visibility for the driver.  A detached camera can cause a loss of certain driving assistance systems, such as Active Lane Keeping Assist and Active Brake Assist.  Either of these situations can increase the risk of a crash.","Dealers will replace the windshield and reinstall the multi-purpose camera and rearview mirror, free of charge. Owner notification letters were mailed June 27, 2025. Owners may contact MBUSA customer service at 1-800-367-6372. MBUSA's number for this recall is 2025060001.",,"2025","MERCEDES-BENZ","GLE 450E 4MATIC"
"Mercedes-Benz USA, LLC","25V325000",0,0,0,,"30/05/2025","VISIBILITY:REARVIEW MIRRORS/DEVICES:INTERIOR","Mercedes-Benz USA, LLC (MBUSA) is recalling certain 2024 GLE 350 4MATIC, 2025  GLE 450e 4MATIC, GLE 450 4MATIC Coupe, GLE 450 4MATIC, GLS 450 4MATIC, Maybach GLS 600 4MATIC, AMG GLE 53 4MATIC, AMG GLE 53 4MATIC Coupe, AMG GLE 63 S 4MATIC Coupe, and AMG GLS 63 4MATIC vehicles. The multi-purpose camera and the rearview mirror may be insufficiently attached to the windshield and may detach.","A detached mirror can reduce visibility for the driver.  A detached camera can cause a loss of certain driving assistance systems, such as Active Lane Keeping Assist and Active Brake Assist.  Either of these situations can increase the risk of a crash.","Dealers will replace the windshield and reinstall the multi-purpose camera and rearview mirror, free of charge. Owner notification letters were mailed June 27, 2025. Owners may contact MBUSA customer service at 1-800-367-6372. MBUSA's number for this recall is 2025060001.",,"2025","MERCEDES-BENZ","GLS 450 4MATIC"
"Daimler Vans USA, LLC","25V712000",0,0,0,,"17/10/2025","FORWARD COLLISION AVOIDANCE: SENSING SYSTEM: RADAR","Daimler Vans USA, LLC (DVUSA) is recalling certain 2025 Mercedes-Benz Sprinter 2500 vehicles. The front short-range radar sensor printed circuit board may fail and result in a loss of automatic emergency braking and other driver assistance features.","An automatic emergency braking system that does not function as intended can increase the risk of a crash.","Dealers will replace the short-range sensor, free of charge. Owner notification letters were mailed November 21, 2025. Owners may contact DVUSA customer service at 1-877-762-8267. DVUSA's number for this recall is VS3RADARS. Vehicle Identification Numbers (VINs) involved in this recall will be searchable on NHTSA.gov beginning October 24, 2025.",,"2025","MERCEDES-BENZ","SPRINTER 2500"
"BMW of North America, LLC","24V104000",0,0,0,,"12/02/2024","ELECTRONIC STABILITY CONTROL (ESC)","BMW of North America, LLC. (BMW) is recalling certain 2023-2025 BMW, MINI, and Rolls-Royce vehicles.  Please see the recall report for a complete list of models and model years.  The integrated brake (IB) system may malfunction and result in a loss of power brake assist or cause the Antilock Brake (ABS) and Dynamic Stability Control (DSC) systems to not function properly.","A loss of power brake assist can extend the distance required to stop the vehicle.  Additionally, malfunctioning ABS and/or DSC systems can cause a loss of vehicle control.  Either of these scenarios can increase the risk of a crash.","Dealers will replace the integrated brake system, free of charge.  Owner notification letters were mailed between June and December 2024.  Owners may contact BMW customer service at 1-800-525-7417 or Rolls Royce customer service at 1-877-877-3735.","Owners may also contact the National Highway Traffic Safety Administration Vehicle Safety Hotline at 1-888-327-4236 (TTY 1-800-424-9153), or go to www.nhtsa.gov.","2025","MINI","COOPER"
"BMW of North America, LLC","24V697000",0,0,0,,"18/09/2024","ELECTRONIC STABILITY CONTROL (ESC):CONTROL MODULE","BMW of North America (BMW) is recalling certain 2023-2024 X1, 2024-2025 X5, 2025 X6, 2023-2025 X7, 740i, 760i, 2024 XM, 530i, 540i, i7, 750e, X2, 2024-2025 i5, 2024 Rolls Royce Spectre, 2025 MINI Countryman S ALL4, JCW Countryman ALL4, and 2025 MINI Hardtop 2 Door (Cooper, Cooper S) vehicles.  Please refer to the recall report for the complete list of models.  The welds in the servomotor of the integrated brake control module may break, causing a loss of power brake assist and rear brake function.  In addition, the Antilock Brake System (ABS) and Dynamic Stability Control (DSC) system may not function.","A loss of brake power assist or rear brake function can result in extended stopping distance.  A loss of ABS or DSC can cause a loss of vehicle handling and control.  Either of these scenarios can increase the risk of a crash.","Dealers will replace the integrated brake system, free of charge.  Owner notification letters were mailed November 13, 2024.  Owners can contact BMW Customer Service at 1-800-525-7417.","Owner's may contact the National Highway Traffic Safety Administration Vehicle Safety Hotline at 1-888-327-4236 (TTY 1-800-424-9153) or go to nhtsa.gov.","2025","MINI","COOPER"
"BMW of North America, LLC","25V616000",0,0,0,,"17/09/2025","SEAT BELTS:FRONT:RETRACTOR","BMW of North America, LLC is recalling certain 2025-2026 X1 and X2, MINI Cooper Convertible, MINI Cooper, Mini Countryman S ALL4, and 2025 MINI Countryman SE ALL4 vehicles. The torsion bar in both front seat belt retractors may have been damaged during production.","A damaged seat belt retractor may not properly restrain an occupant during a crash, increasing the risk of injury.","Dealers will replace both front seat belt retractors, free of charge.  Owner notification letters were mailed November 13, 2025. Owners may contact BMW customer service at 1-800-525-7417. Vehicle Identification Numbers (VINs) will be searchable on NHTSA.gov on November 7, 2025.",,"2025","MINI","COOPER"
"BMW of North America, LLC","24V104000",0,0,0,,"12/02/2024","ELECTRONIC STABILITY CONTROL (ESC)","BMW of North America, LLC. (BMW) is recalling certain 2023-2025 BMW, MINI, and Rolls-Royce vehicles.  Please see the recall report for a complete list of models and model years.  The integrated brake (IB) system may malfunction and result in a loss of power brake assist or cause the Antilock Brake (ABS) and Dynamic Stability Control (DSC) systems to not function properly.","A loss of power brake assist can extend the distance required to stop the vehicle.  Additionally, malfunctioning ABS and/or DSC systems can cause a loss of vehicle control.  Either of these scenarios can increase the risk of a crash.","Dealers will replace the integrated brake system, free of charge.  Owner notification letters were mailed between June and December 2024.  Owners may contact BMW customer service at 1-800-525-7417 or Rolls Royce customer service at 1-877-877-3735.","Owners may also contact the National Highway Traffic Safety Administration Vehicle Safety Hotline at 1-888-327-4236 (TTY 1-800-424-9153), or go to www.nhtsa.gov.","2025","MINI","COOPER S"
"BMW of North America, LLC","24V697000",0,0,0,,"18/09/2024","ELECTRONIC STABILITY CONTROL (ESC):CONTROL MODULE","BMW of North America (BMW) is recalling certain 2023-2024 X1, 2024-2025 X5, 2025 X6, 2023-2025 X7, 740i, 760i, 2024 XM, 530i, 540i, i7, 750e, X2, 2024-2025 i5, 2024 Rolls Royce Spectre, 2025 MINI Countryman S ALL4, JCW Countryman ALL4, and 2025 MINI Hardtop 2 Door (Cooper, Cooper S) vehicles.  Please refer to the recall report for the complete list of models.  The welds in the servomotor of the integrated brake control module may break, causing a loss of power brake assist and rear brake function.  In addition, the Antilock Brake System (ABS) and Dynamic Stability Control (DSC) system may not function.","A loss of brake power assist or rear brake function can result in extended stopping distance.  A loss of ABS or DSC can cause a loss of vehicle handling and control.  Either of these scenarios can increase the risk of a crash.","Dealers will replace the integrated brake system, free of charge.  Owner notification letters were mailed November 13, 2024.  Owners can contact BMW Customer Service at 1-800-525-7417.","Owner's may contact the National Highway Traffic Safety Administration Vehicle Safety Hotline at 1-888-327-4236 (TTY 1-800-424-9153) or go to nhtsa.gov.","2025","MINI","COOPER S"
"BMW of North America, LLC","24V340000",0,0,0,,"15/05/2024","AIR BAGS:SIDE/WINDOW:THORAX","BMW of North America, LLC (BMW) is recalling certain 2025 MINI Countryman S ALL4 and JCW Countryman ALL4 vehicles.  The armrest support bracket on the rear side door panel may be improperly secured, allowing the armrest to detach during an air bag deployment.","A detached armrest can strike a rear seat occupant or prevent the thorax air bag from deploying properly, increasing the risk of injury.","Dealers will replace the left and right rear side door panels, free of charge.  The vehicles have not been sold from dealer inventory and therefore no owner letters will be mailed.  Owners may contact BMW customer service at 1-800-525-7417.","Owners may also contact the National Highway Traffic Safety Administration Vehicle Safety Hotline at 1-888-327-4236 (TTY 1-800-424-9153), or go to www.nhtsa.gov.","2025","MINI","COUNTRYMAN"
"BMW of North America, LLC","24V104000",0,0,0,,"12/02/2024","ELECTRONIC STABILITY CONTROL (ESC)","BMW of North America, LLC. (BMW) is recalling certain 2023-2025 BMW, MINI, and Rolls-Royce vehicles.  Please see the recall report for a complete list of models and model years.  The integrated brake (IB) system may malfunction and result in a loss of power brake assist or cause the Antilock Brake (ABS) and Dynamic Stability Control (DSC) systems to not function properly.","A loss of power brake assist can extend the distance required to stop the vehicle.  Additionally, malfunctioning ABS and/or DSC systems can cause a loss of vehicle control.  Either of these scenarios can increase the risk of a crash.","Dealers will replace the integrated brake system, free of charge.  Owner notification letters were mailed between June and December 2024.  Owners may contact BMW customer service at 1-800-525-7417 or Rolls Royce customer service at 1-877-877-3735.","Owners may also contact the National Highway Traffic Safety Administration Vehicle Safety Hotline at 1-888-327-4236 (TTY 1-800-424-9153), or go to www.nhtsa.gov.","2025","MINI","COUNTRYMAN"
"BMW of North America, LLC","24V697000",0,0,0,,"18/09/2024","ELECTRONIC STABILITY CONTROL (ESC):CONTROL MODULE","BMW of North America (BMW) is recalling certain 2023-2024 X1, 2024-2025 X5, 2025 X6, 2023-2025 X7, 740i, 760i, 2024 XM, 530i, 540i, i7, 750e, X2, 2024-2025 i5, 2024 Rolls Royce Spectre, 2025 MINI Countryman S ALL4, JCW Countryman ALL4, and 2025 MINI Hardtop 2 Door (Cooper, Cooper S) vehicles.  Please refer to the recall report for the complete list of models.  The welds in the servomotor of the integrated brake control module may break, causing a loss of power brake assist and rear brake function.  In addition, the Antilock Brake System (ABS) and Dynamic Stability Control (DSC) system may not function.","A loss of brake power assist or rear brake function can result in extended stopping distance.  A loss of ABS or DSC can cause a loss of vehicle handling and control.  Either of these scenarios can increase the risk of a crash.","Dealers will replace the integrated brake system, free of charge.  Owner notification letters were mailed November 13, 2024.  Owners can contact BMW Customer Service at 1-800-525-7417.","Owner's may contact the National Highway Traffic Safety Administration Vehicle Safety Hotline at 1-888-327-4236 (TTY 1-800-424-9153) or go to nhtsa.gov.","2025","MINI","COUNTRYMAN S ALL4"
"BMW of North America, LLC","24V711000",0,0,0,,"25/09/2024","STRUCTURE:BODY","BMW of North America, LLC (BMW) is recalling certain 2023-2024 228i, 228i xDrive, and 2025 MINI Countryman S ALL4 vehicles.  The bolts that connect the front body structure to the vehicle chassis may not have been tightened properly.","A loose front body structure may not adequately protect occupants in a crash, increasing the risk of injury.","Dealers will inspect and if necessary, tighten the front structure bolts, free of charge.  Owner notification letters were mailed November 18, 2024.  Owners may contact BMW Customer Service at 1-800-525-7417.","Owners may also contact the National Highway Traffic Safety Administration Vehicle Safety Hotline at 1-888-327-4236 (TTY 1-800-424-9153) or go to nhtsa.gov.","2025","MINI","COUNTRYMAN S ALL4"
"BMW of North America, LLC","25V616000",0,0,0,,"17/09/2025","SEAT BELTS:FRONT:RETRACTOR","BMW of North America, LLC is recalling certain 2025-2026 X1 and X2, MINI Cooper Convertible, MINI Cooper, Mini Countryman S ALL4, and 2025 MINI Countryman SE ALL4 vehicles. The torsion bar in both front seat belt retractors may have been damaged during production.","A damaged seat belt retractor may not properly restrain an occupant during a crash, increasing the risk of injury.","Dealers will replace both front seat belt retractors, free of charge.  Owner notification letters were mailed November 13, 2025. Owners may contact BMW customer service at 1-800-525-7417. Vehicle Identification Numbers (VINs) will be searchable on NHTSA.gov on November 7, 2025.",,"2025","MINI","COUNTRYMAN S ALL4"
"Mitsubishi Motors North America, Inc.","25V369000",0,0,0,,"02/06/2025","BACK OVER PREVENTION:SOFTWARE","Mitsubishi Motors North America, Inc. (Mitsubishi) is recalling certain 2022-2024 Outlander and 2023-2025 Outlander PHEV vehicles. Due to a software error in the in-vehicle infotainment system (A-IVI), the rearview camera image may freeze, or not appear on the display. As such, these vehicles fail to comply with the requirements of Federal Motor Vehicle Safety Standard (FMVSS) number 111, ""Rear Visibility.""","A rearview image that does not display properly reduces the driver's view of what is behind the vehicle, increasing the risk of a crash.","Dealers will update the A-IVI software, free of charge.  Owner notification letters are expected to be mailed June 30, 2025. Mitsubishi's number for this recall is SR-25-001. This recall replaces and expands previous NHTSA recall number 23V345. Vehicles previously repaired under recall 23V345 will need to have the new remedy completed.",,"2025","MITSUBISHI","OUTLANDER PHEV"
"Nissan North America, Inc.","26V023000",0,0,0,,"21/01/2026","LATCHES/LOCKS/LINKAGES:DOORS:LATCH","Nissan North America, Inc. (Nissan) is recalling certain 2025 Altima, Sentra, 2025-2026 Frontier, and 2026 Kicks vehicles. The door strikers may have been improperly welded and break, allowing the door to open while moving. As such, these vehicles fail to comply with the requirements of Federal Motor Vehicle Safety Standard number 206, ""Door Locks and Door Retention Components.""","A door that opens unexpectedly while the vehicle is in motion increases the risk of injury or a crash.","Dealers will replace the door strikers, free of charge. Owner notification letters were mailed March 17, 2026. Owners may contact Nissan's customer service at 800-647-7261. Nissan's numbers for this recall are PD185 and PMA61. Vehicle Identification Numbers (VINs) involved in this recall will be searchable on NHTSA.gov beginning January 28, 2026.",,"2025","NISSAN","ALTIMA"
"Nissan North America, Inc.","25V821000",0,0,0,,"26/11/2025","BACK OVER PREVENTION:SOFTWARE","Nissan North America, Inc. (Nissan) is recalling certain 2025 Murano, 2025-2026 Armada, and Infiniti QX80 vehicles. A software error may occur in the In-Vehicle Infotainment (IVI) system at vehicle startup, resulting in the rearview camera image not displaying when the vehicle is shifted into reverse. As such, these vehicles fail to comply with the requirements of Federal Motor Vehicle Safety Standard (FMVSS) number 111, ""Rear Visibility.""","A rearview image that does not display reduces the driver's view behind the vehicle, increasing the risk of a crash.","The IVI system software will be updated by a dealer, or through an over-the-air (OTA) update, free of charge. Owner notification letters were mailed February 2, 2026. Owners may contact Nissan's customer service at 800-647-7261 or Infiniti's customer service at 1-800-662-6200. Nissan's numbers for this recall are R25D6, R25D5, and R25D7. Vehicle Identification Numbers (VINs) involved in this recall will become searchable on NHTSA.gov beginning December 12, 2025.",,"2025","NISSAN","ARMADA"
"Nissan North America, Inc.","25V324000",0,0,0,,"04/06/2025","BACK OVER PREVENTION:SOFTWARE","Nissan North America, Inc. (Nissan) is recalling certain 2025 Frontier and Kicks vehicles. The center information display unit may display a blank screen when shifted into reverse. As such, these vehicles fail to comply with Federal Motor Vehicle Safety Standard (FMVSS) number 111, ""Rear Visibility.""","A rearview image that does not display can reduce the driver's view of what is behind the vehicle, increasing the risk of a crash.","Dealers will update the software on the vehicle’s center information display, free of charge. Owner notification letters were mailed July 10, 2025. The manufacturer numbers for this recall are PD152 and PMA48.",,"2025","NISSAN","FRONTIER"
"Nissan North America, Inc.","25V508000",0,0,0,,"07/08/2025","EXTERIOR LIGHTING:LIGHTING CONTROL MODULE:SOFTWARE","Nissan North America, Inc. (Nissan) is recalling certain 2025 Nissan Frontier vehicles. Due to a software logic error, the daytime running lights may dim unexpectedly when the idle start-stop feature cycles the engine from off to on. As such, these vehicles fail to comply with the requirements of Federal Motor Vehicle Safety Standard number 108, ""Lamps, Reflective Devices, and Associated Equipment.""","Daytime running lights that dim unexpectedly may cause confusion to other vehicles or pedestrians, increasing the risk of a crash.","Dealers will update the engine control module software, free of charge. Owner notification letters were mailed September 17, 2025. Owners may contact Nissan's customer service at 800-647-7261. Nissan's number for this recall is R25C3.",,"2025","NISSAN","FRONTIER"
"Nissan North America, Inc.","26V023000",0,0,0,,"21/01/2026","LATCHES/LOCKS/LINKAGES:DOORS:LATCH","Nissan North America, Inc. (Nissan) is recalling certain 2025 Altima, Sentra, 2025-2026 Frontier, and 2026 Kicks vehicles. The door strikers may have been improperly welded and break, allowing the door to open while moving. As such, these vehicles fail to comply with the requirements of Federal Motor Vehicle Safety Standard number 206, ""Door Locks and Door Retention Components.""","A door that opens unexpectedly while the vehicle is in motion increases the risk of injury or a crash.","Dealers will replace the door strikers, free of charge. Owner notification letters were mailed March 17, 2026. Owners may contact Nissan's customer service at 800-647-7261. Nissan's numbers for this recall are PD185 and PMA61. Vehicle Identification Numbers (VINs) involved in this recall will be searchable on NHTSA.gov beginning January 28, 2026.",,"2025","NISSAN","FRONTIER"
"Nissan North America, Inc.","24V969000",0,0,0,,"23/12/2024","ELECTRICAL SYSTEM:BODY CONTROL MODULE/BCM","Nissan North America, Inc. (Nissan) is recalling certain 2025 Kicks vehicles.  The ""Shift-to-Park"" warning may not activate as intended when the vehicle is shut off and still in a gear other than ""Park.""  As such, these vehicles fail to comply with the requirements of Federal Motor Vehicle Safety Standard (FMVSS) number 114, ""Theft Protection and Rollaway Prevention.""","When the vehicle is not in ""Park"" and the ignition is shut off, the vehicle could move unexpectedly, increasing the risk of a vehicle rollaway and crash.","Dealers will reconfigure the body control module (BCM) to activate the ""Shift-to-Park"" warning, free of charge.  Some owner notification letters were mailed January 29, 2025. The remaining owner notification letters will be mailed at a future date, anticipated, May 7, 2025.  Owners may contact Nissan customer service at 1-800-867-7669.  Nissan's number for this recall is PMA42.","Owners may also contact the National Highway Traffic Safety Administration Vehicle Safety Hotline at 1-888-327-4236 (TTY 1-800-424-9153) or go to nhtsa.gov.","2025","NISSAN","KICKS"
"Nissan North America, Inc.","25V188000",0,0,0,,"18/04/2025","EQUIPMENT:OTHER:LABELS","Nissan North America, Inc. (Nissan) is recalling certain 2025 Kicks vehicles.  The certification label may have been printed with the incorrect Gross Vehicle Weight Rating (GVWR) and Gross Axle Weight Rating (GAWR) values, which can result in the vehicle being overloaded.  As such, these vehicles fail to comply with the requirements of 49 CFR Part 567, ""Certification.""  Additionally, certain 2025 Nissan Kicks SR trim level vehicles equipped with an optional 19-inch wheel package may have a certification label that states an incorrect wheel size.  As such, these vehicles fail to comply with Federal Motor Vehicle Safety Standard number 110, ""Tire Selection and Rims.""","An overloaded vehicle can increase the risk of a crash.  Vehicles with incorrect wheel and tire information may lead to tires that are inflated improperly, which can also increase the risk of a crash.","Dealers will install new labels, free of charge.  Additionally, dealers will mail replacement labels to owners.  Owner notification letters were mailed May 27, 2025.  Owners may contact Nissan's customer service at 800-647-7261.  Nissan's numbers for this recall are PD136 and PMA47.","Owners may also contact the National Highway Traffic Safety Administration Vehicle Safety Hotline at 888-327-4236 (TTY 888-275-9171) or go to nhtsa.gov.","2025","NISSAN","KICKS"
"Nissan North America, Inc.","25V324000",0,0,0,,"04/06/2025","BACK OVER PREVENTION:SOFTWARE","Nissan North America, Inc. (Nissan) is recalling certain 2025 Frontier and Kicks vehicles. The center information display unit may display a blank screen when shifted into reverse. As such, these vehicles fail to comply with Federal Motor Vehicle Safety Standard (FMVSS) number 111, ""Rear Visibility.""","A rearview image that does not display can reduce the driver's view of what is behind the vehicle, increasing the risk of a crash.","Dealers will update the software on the vehicle’s center information display, free of charge. Owner notification letters were mailed July 10, 2025. The manufacturer numbers for this recall are PD152 and PMA48.",,"2025","NISSAN","KICKS"
"Nissan North America, Inc.","25V173000",0,0,0,,"19/03/2025","SERVICE BRAKES, HYDRAULIC:FOUNDATION COMPONENTS:DISC:CALIPER","Nissan North America, Inc. (Nissan) is recalling certain 2025 Murano, Pathfinder, and INFINITI QX60 vehicles.  One or both front brake caliper assemblies may have reduced strength and could break.  As such, these vehicles fail to comply with the requirements of Federal Motor Vehicle Safety Standard number 135, ""Light Vehicle Brake Systems.""","A broken front brake caliper can cause a loss of front brake function, increasing the risk of a crash.","Dealers will inspect and replace the front brake caliper assemblies as necessary, free of charge.  Owner notification letters were mailed May 9, 2025.  Owners may contact Nissan's customer service at 800-647-7261 or INFINITI's customer service at 1-800-662-6200.  Nissan's numbers for this recall are PD137 and PD138.","Owners may also contact the National Highway Traffic Safety Administration Vehicle Safety Hotline at 888-327-4236 (TTY 888-275-9171) or go to nhtsa.gov.","2025","NISSAN","MURANO"
"Nissan North America, Inc.","25V821000",0,0,0,,"26/11/2025","BACK OVER PREVENTION:SOFTWARE","Nissan North America, Inc. (Nissan) is recalling certain 2025 Murano, 2025-2026 Armada, and Infiniti QX80 vehicles. A software error may occur in the In-Vehicle Infotainment (IVI) system at vehicle startup, resulting in the rearview camera image not displaying when the vehicle is shifted into reverse. As such, these vehicles fail to comply with the requirements of Federal Motor Vehicle Safety Standard (FMVSS) number 111, ""Rear Visibility.""","A rearview image that does not display reduces the driver's view behind the vehicle, increasing the risk of a crash.","The IVI system software will be updated by a dealer, or through an over-the-air (OTA) update, free of charge. Owner notification letters were mailed February 2, 2026. Owners may contact Nissan's customer service at 800-647-7261 or Infiniti's customer service at 1-800-662-6200. Nissan's numbers for this recall are R25D6, R25D5, and R25D7. Vehicle Identification Numbers (VINs) involved in this recall will become searchable on NHTSA.gov beginning December 12, 2025.",,"2025","NISSAN","MURANO"
"Nissan North America, Inc.","25V173000",0,0,0,,"19/03/2025","SERVICE BRAKES, HYDRAULIC:FOUNDATION COMPONENTS:DISC:CALIPER","Nissan North America, Inc. (Nissan) is recalling certain 2025 Murano, Pathfinder, and INFINITI QX60 vehicles.  One or both front brake caliper assemblies may have reduced strength and could break.  As such, these vehicles fail to comply with the requirements of Federal Motor Vehicle Safety Standard number 135, ""Light Vehicle Brake Systems.""","A broken front brake caliper can cause a loss of front brake function, increasing the risk of a crash.","Dealers will inspect and replace the front brake caliper assemblies as necessary, free of charge.  Owner notification letters were mailed May 9, 2025.  Owners may contact Nissan's customer service at 800-647-7261 or INFINITI's customer service at 1-800-662-6200.  Nissan's numbers for this recall are PD137 and PD138.","Owners may also contact the National Highway Traffic Safety Administration Vehicle Safety Hotline at 888-327-4236 (TTY 888-275-9171) or go to nhtsa.gov.","2025","NISSAN","PATHFINDER"
"Nissan North America, Inc.","24V748000",0,0,1,,"03/10/2024","BACK OVER PREVENTION","Nissan North America, Inc. (Nissan) is recalling certain 2024-2025 Rogue and 2025 INFINITI QX80 vehicles.  A software error may cause the rearview camera to display a blank screen when the vehicle is in reverse.  As such, these vehicles fail to comply with the requirements of Federal Motor Vehicle Safety Standard number 111, ""Rear Visibility.""","The loss of the rearview camera image while in reverse can reduce the driver's rear visibility, increasing the risk of a crash.","The in-vehicle infotainment software will be updated by an over-the-air (OTA) software update or by a dealer, free of charge.  Owner notification letters were mailed December 2, 2024.  Owners may contact Nissan's customer service at 800-647-7261 or INFINITI's customer service at 1-800-662-6200.  Nissan's numbers for this recall are R24B3 and R24B4.","Owners may also contact the National Highway Traffic Safety Administration Vehicle Safety Hotline at 1-888-327-4236 (TTY 1-800-424-9153) or go to nhtsa.gov.","2025","NISSAN","ROGUE"
"Nissan North America, Inc.","26V080000",0,0,0,,"12/02/2026","ENGINE AND ENGINE COOLING:ENGINE:HARD PARTS INTERNAL/MECHANICAL","Nissan North America, Inc. (Nissan) is recalling certain 2023-2025 Rogue vehicles equipped with 3-cylinder 1.5L variable compression turbo (VC-Turbo) engines. Increased temperatures can break down the engine oil, which may cause the engine bearings to seize and become damaged, leading to engine failure.","Engine failure can cause a loss of drive power, increasing the risk of a crash. A bearing failure may cause a breach in the engine block, allowing hot oil to be discharged, increasing the risk of an engine fire.","Dealers will reprogram the engine control module (ECM) software, inspect for diagnostic trouble codes, and test drive the vehicle, free of charge. The dealer may also inspect the oil pan for metal debris, and replace the engine if necessary. Repairs will be performed free of charge. Owner letters are expected to be mailed March 27, 2026. Owners may contact Nissan's customer service at 800-647-7261. Nissan's numbers for this recall are R25E2 and R25E3. This recall expands previous NHTSA recall number 25V437. Vehicle Identification Numbers (VINs) involved in this recall will be searchable on NHTSA.gov beginning February 27, 2026.",,"2025","NISSAN","ROGUE"
"Nissan North America, Inc.","26V081000",0,0,0,,"12/02/2026","FUEL SYSTEM, GASOLINE:FUEL INJECTION SYSTEM:THROTTLEBODY/MANIFOLD","Nissan North America, Inc. (Nissan) is recalling certain 2024-2025 Rogue vehicles equipped with 3-cylinder 1.5L variable compression turbo (VC-Turbo) engines. The gears in the electronic throttle body assembly may break.","Broken throttle body gears can cause a loss of drive power, increasing the risk of a crash.","Dealers will reprogram the engine control module (ECM) software and inspect and replace the electronic throttle body assembly as necessary, free of charge. Owner letters are expected to be mailed March 27, 2026. Owners may contact Nissan's customer service at 800-647-7261. Nissan's numbers for this recall are R25E2, R25E3 and R25A9. Vehicle Identification Numbers (VINs) involved in this recall will be searchable on NHTSA.gov beginning February 27, 2026.",,"2025","NISSAN","ROGUE"
"Nissan North America, Inc.","25V153000",0,0,0,,"11/03/2025","SEATS","Nissan North America, Inc. (Nissan) is recalling certain 2025 Sentra vehicles.  The driver's seat frame may not be fully secured to the outer side of the seat track.  As such, these vehicles fail to comply with the requirements of Federal Motor Vehicle Safety Standard numbers 207, ""Seating Systems,"" and 210, ""Seat Belt Assembly Anchorages.""","An unsecured driver's seat may not adequately restrain the driver during a crash, increasing the risk of injury.","Dealers will inspect and replace the driver's side lower seat frame assembly as necessary, free of charge.  Owner notification letters were mailed May 1, 2025.  Owners may contact Nissan's customer service at 1-800-867-7669.  Nissan's number for this recall is PMA45.","Owners may also contact the National Highway Traffic Safety Administration Vehicle Safety Hotline at 888-327-4236 (TTY 888-275-9171) or go to nhtsa.gov.","2025","NISSAN","SENTRA"
"Nissan North America, Inc.","25V807000",0,0,0,,"21/11/2025","VISIBILITY:WINDSHIELD","Nissan North America, Inc. (Nissan) is recalling certain 2025 Sentra vehicles. The windshield glass may have visible air bubbles, which can obscure the driver's visibility. As such, these vehicles fail to comply with the requirements of Federal Motor Vehicle Safety Standard number 205, ""Glazing Materials.""","Reduced visibility while driving can increase the risk of a crash.","Dealers will inspect and replace the windshield as necessary, free of charge. Owner notification letters were mailed January 21, 2026. Owners may contact Nissan's customer service at 1-800-867-7669. Nissan's number for this recall is PMA58. Vehicle Identification Numbers (VINs) involved in this recall became searchable on NHTSA.gov beginning November 21, 2025.",,"2025","NISSAN","SENTRA"
"Nissan North America, Inc.","26V023000",0,0,0,,"21/01/2026","LATCHES/LOCKS/LINKAGES:DOORS:LATCH","Nissan North America, Inc. (Nissan) is recalling certain 2025 Altima, Sentra, 2025-2026 Frontier, and 2026 Kicks vehicles. The door strikers may have been improperly welded and break, allowing the door to open while moving. As such, these vehicles fail to comply with the requirements of Federal Motor Vehicle Safety Standard number 206, ""Door Locks and Door Retention Components.""","A door that opens unexpectedly while the vehicle is in motion increases the risk of injury or a crash.","Dealers will replace the door strikers, free of charge. Owner notification letters were mailed March 17, 2026. Owners may contact Nissan's customer service at 800-647-7261. Nissan's numbers for this recall are PD185 and PMA61. Vehicle Identification Numbers (VINs) involved in this recall will be searchable on NHTSA.gov beginning January 28, 2026.",,"2025","NISSAN","SENTRA"
"PACCAR Incorporated","24V044000",0,0,0,,"25/01/2024","STEERING","PACCAR Incorporated (PACCAR) is recalling certain 2024-2025 Kenworth T280, T380, T480, T680, T880, L770, W990, and 2024-2025 Peterbilt 389, 520, 535, 536, 537, 548, 567, 579, 589 trucks.  The steering gear assemblies may have been assembled incorrectly with fewer recirculating balls than are required, which may result in a loss of steering control.","A loss of steering control increases the risk of a crash.","Dealers will inspect and replace the steering gears as necessary, free of charge.  Owner notification letters were mailed March 20, 2024.  Owners may contact Peterbilt customer service at 1-940-591-4220 and/or Kenworth customer service at 1-425-828-5888.  PACCAR's numbers for this recall are 24PBC and 24KWC.","Owners may also contact the National Highway Traffic Safety Administration Vehicle Safety Hotline at 1-888-327-4236 (TTY 1-800-424-9153), or go to www.nhtsa.gov.","2025","PETERBILT","537"
"PACCAR Incorporated","24V433000",1,0,0,,"12/06/2024","STEERING:LINKAGES:TIE ROD ASSEMBLY","PACCAR Incorporated (PACCAR) is recalling certain 2025 Kenworth K270, K370, L770, T280, T380, T480, T680, T880, W900, W990, 2025 Peterbilt 220, 520, 536, 537, 548, 567, 579, and 589 trucks.  The tie rod or drag link assembly may contain an improperly heat-treated ball stud, causing the ball stud to break.","A broken ball stud can cause a complete loss of steering control, increasing the risk of a crash.","Owners are advised not to drive their vehicles until the remedy has been completed.  Dealers will inspect and replace the tie rod and drag link assemblies as necessary, free of charge.  Owner notification letters were mailed August 6, 2024.  Owners may contact Kenworth customer service at 1-425-828-5888 and Peterbilt customer service at 1-940-591-4220.  PACCAR's numbers for this recall are 24KWG and 24PBG.","Owners may also contact the National Highway Traffic Safety Administration Vehicle Safety Hotline at 1-888-327-4236 (TTY 1-800-424-9153), or go to www.nhtsa.gov.","2025","PETERBILT","537"
"PACCAR Incorporated","24V915000",0,0,0,,"09/12/2024","SERVICE BRAKES, HYDRAULIC:ANTILOCK/TRACTION CONTROL/ELECTRONIC LIMITED SLIP:CONTROL UNIT/MODULE","PACCAR Incorporated (PACCAR) is recalling certain 2021-2025 Peterbilt and Kenworth vehicles, equipped with Bendix EC80 Advanced Electronic Control Units (ECU).  Please see the recall report for a complete list of models.  Electrical noise and low signal to the power line carrier may cause the ECU to incorrectly process commands or stop functioning.","Safety systems that depend on the ECU (Automatic Traction Control, ABS, Electronic Stability Control, Active Cruise Control, and Collison Mitigation System) may not function properly or at all, increasing the risk of a crash.","Dealers will reprogram the ECU software, free of charge.  Owner notification letters were mailed February 3, 2025.  Owners may contact Kenworth's customer service at 1-425-828-5888 and Peterbilt's customer service at 1-940-591-4220.  PACCAR's numbers for this recall are 24KWL and 24PBL.","Owners may also contact the National Highway Traffic Safety Administration Vehicle Safety Hotline at 1-888-327-4236 (TTY 1-800-424-9153) or go to nhtsa.gov.","2025","PETERBILT","537"
"PACCAR Incorporated","25V041000",0,0,0,,"30/01/2025","EXTERIOR LIGHTING:HAZARD FLASHING WARNING LIGHTS:SWITCH","PACCAR Incorporated (PACCAR) is recalling certain 2025 Kenworth T180, Peterbilt 535, 567, 2025-2026 Kenworth T280, 2023-2026 Kenworth T380, 2024-2026 Kenworth T480, 2024-2026 Peterbilt 536, 537, and 548 trucks.  The exterior lighting switch may fail, resulting in the hazard lights and the instrument display back-light brightness adjustment not functioning.  As such, these vehicles fail to comply with the requirements of Federal Motor Vehicle Safety Standard (FMVSS) numbers 101, ""Control and Displays"" and 108, ""Lamps, Reflective Devices and Associated Equipment.""","Inoperative hazard lights cannot alert other drivers as intended.  In addition, the inability to adjust the brightness on the instrument panel display can make it difficult to see critical safety information or distract the driver.  Both scenarios can increase the risk of a crash.","Dealers will update the vehicle cab controller unit (VECU) software, free of charge.  Owners are advised that a non-responsive switch can be temporarily reset by a key cycle.  Owner notification letters were mailed March 26, 2025.  Owners may contact Kenworth's customer service at 1-425-828-5888 and Peterbilt's customer service at 1-940-591-4220.  PACCAR's numbers for this recall are 25KWB and 25PBB.","Owners may also contact the National Highway Traffic Safety Administration Vehicle Safety Hotline at 1-888-327-4236 (TTY 1-800-424-9153) or go to nhtsa.gov.","2025","PETERBILT","537"
"PACCAR Incorporated","25V436000",0,0,0,,"26/06/2025","EXTERIOR LIGHTING:LIGHTING CONTROL MODULE:SOFTWARE","PACCAR Incorporated (PACCAR) is recalling certain 2024-2026 Kenworth T480, T680, T880, W990, Peterbilt 520, 536, 537, 548, 567, 579, 589, 2025 Kenworth T180, Peterbilt 535, 2025-2026 Kenworth T280, T380 and L770 vehicles. The tail brake light, upper and lower beam headlights, reverse light, and turn signal may not illuminate as intended. In addition, the lift axles, if lowered, may revert to a raised position, or oscillate up and down when the signal warning lights are activated. As such, these vehicles fail to comply with the requirements of Federal Motor Vehicle Safety Standard (FMVSS) number 108, ""Lamps, Reflective Devices and Associated Equipment.""","Delayed and unsteady headlights can result in insufficient illumination of the road, decreasing the driver's visibility and increasing the risk of a crash. In addition, an unexpected position change of the lift axles may increase the risk of injury.","Dealers will update the VCU software, free of charge. Owner letters were mailed August 19, 2025. Owners may contact Kenworth's customer service at 1-425-828-5888 and Peterbilt's customer service at 1-940-591-4220. PACCAR's number for this recall is 25PACF.",,"2025","PETERBILT","537"
"PACCAR Incorporated","24V044000",0,0,0,,"25/01/2024","STEERING","PACCAR Incorporated (PACCAR) is recalling certain 2024-2025 Kenworth T280, T380, T480, T680, T880, L770, W990, and 2024-2025 Peterbilt 389, 520, 535, 536, 537, 548, 567, 579, 589 trucks.  The steering gear assemblies may have been assembled incorrectly with fewer recirculating balls than are required, which may result in a loss of steering control.","A loss of steering control increases the risk of a crash.","Dealers will inspect and replace the steering gears as necessary, free of charge.  Owner notification letters were mailed March 20, 2024.  Owners may contact Peterbilt customer service at 1-940-591-4220 and/or Kenworth customer service at 1-425-828-5888.  PACCAR's numbers for this recall are 24PBC and 24KWC.","Owners may also contact the National Highway Traffic Safety Administration Vehicle Safety Hotline at 1-888-327-4236 (TTY 1-800-424-9153), or go to www.nhtsa.gov.","2025","PETERBILT","567"
"PACCAR Incorporated","24V233000",0,0,0,,"27/03/2024","STEERING:GEAR BOX:SHAFT SECTOR","PACCAR Incorporated (PACCAR) is recalling certain 2025 Peterbilt 536, 548, 567, 579, and Kenworth T280, T380, T480, T680, T880, and W990 vehicles.  The steering gear sector shaft may have been improperly heat-treated, which can cause the gear teeth to crack or fracture.","Fractured steering gear teeth can cause a loss of steering control, increasing the risk of a crash.","Dealers will inspect the serial numbers, and replace the steering gears as necessary, free of charge.  Owner notification letters were mailed August 7, 2024.  Owners may contact Kenworth customer service at 1-425-828-5888 and Peterbilt customer service at 1-940-591-4220.  PACCAR's numbers for this recall are 24PBF and 24KWF.","Owners may also contact the National Highway Traffic Safety Administration Vehicle Safety Hotline at 1-888-327-4236 (TTY 1-800-424-9153), or go to www.nhtsa.gov.","2025","PETERBILT","567"
"PACCAR Incorporated","24V433000",1,0,0,,"12/06/2024","STEERING:LINKAGES:TIE ROD ASSEMBLY","PACCAR Incorporated (PACCAR) is recalling certain 2025 Kenworth K270, K370, L770, T280, T380, T480, T680, T880, W900, W990, 2025 Peterbilt 220, 520, 536, 537, 548, 567, 579, and 589 trucks.  The tie rod or drag link assembly may contain an improperly heat-treated ball stud, causing the ball stud to break.","A broken ball stud can cause a complete loss of steering control, increasing the risk of a crash.","Owners are advised not to drive their vehicles until the remedy has been completed.  Dealers will inspect and replace the tie rod and drag link assemblies as necessary, free of charge.  Owner notification letters were mailed August 6, 2024.  Owners may contact Kenworth customer service at 1-425-828-5888 and Peterbilt customer service at 1-940-591-4220.  PACCAR's numbers for this recall are 24KWG and 24PBG.","Owners may also contact the National Highway Traffic Safety Administration Vehicle Safety Hotline at 1-888-327-4236 (TTY 1-800-424-9153), or go to www.nhtsa.gov.","2025","PETERBILT","567"
"PACCAR Incorporated","24V789000",0,0,0,,"23/10/2024","FUEL SYSTEM, DIESEL:DELIVERY:FUEL PUMP","PACCAR Incorporated (PACCAR) is recalling certain 2025 Kenworth C500, T680, T800, T880, W900, W990, Peterbilt 567, 579, and 589 trucks, equipped with Cummins X15 diesel engines.  The fuel pump barrels may fracture and cause a fuel leak, which can result in an engine stall.","An engine stall increases the risk of a crash.","Dealers will replace the fuel pump barrels, free of charge.  Owner notification letters were mailed November 15, 2024.  Owners may contact Kenworth's customer service at 1-425-828-5888 and Peterbilt's customer service at 1-940-591-4220.  Owners may also contact Cummins Customer Service at 812-377-5000.  PACCAR's numbers for this recall are 24KWH and 24PBH.","Owners may also contact the National Highway Traffic Safety Administration Vehicle Safety Hotline at 1-888-327-4236 (TTY 1-800-424-9153) or go to nhtsa.gov.","2025","PETERBILT","567"
"PACCAR Incorporated","24V908000",0,0,0,,"03/12/2024","STEERING:LINKAGES:KNUCKLE:SPINDLE:ARM","PACCAR Incorporated (PACCAR) is recalling certain 2024 Peterbilt 367, 389, 548, Kenworth T480, T800, 2024-2025 Peterbilt 520, 567 and Kenworth T880 vehicles with PACCAR 20k steer axles.  The steering arm and/or tie rod bracket fasteners may fail, resulting in a loss of steering control.","A loss of steering control increases the risk of a crash.","Dealers will install new correctly torqued fasteners, free of charge.  Owner notification letters were mailed January 21, 2025.  Owners may contact Kenworth's customer service at 1-425-828-5888 or Peterbilt's customer service at 1-940-591-4220.  PACCAR's numbers for this recall are 24KWK and 24PBK.","Owners may also contact the National Highway Traffic Safety Administration Vehicle Safety Hotline at 1-888-327-4236 (TTY 1-800-424-9153) or go to nhtsa.gov.","2025","PETERBILT","567"
"PACCAR Incorporated","24V915000",0,0,0,,"09/12/2024","SERVICE BRAKES, HYDRAULIC:ANTILOCK/TRACTION CONTROL/ELECTRONIC LIMITED SLIP:CONTROL UNIT/MODULE","PACCAR Incorporated (PACCAR) is recalling certain 2021-2025 Peterbilt and Kenworth vehicles, equipped with Bendix EC80 Advanced Electronic Control Units (ECU).  Please see the recall report for a complete list of models.  Electrical noise and low signal to the power line carrier may cause the ECU to incorrectly process commands or stop functioning.","Safety systems that depend on the ECU (Automatic Traction Control, ABS, Electronic Stability Control, Active Cruise Control, and Collison Mitigation System) may not function properly or at all, increasing the risk of a crash.","Dealers will reprogram the ECU software, free of charge.  Owner notification letters were mailed February 3, 2025.  Owners may contact Kenworth's customer service at 1-425-828-5888 and Peterbilt's customer service at 1-940-591-4220.  PACCAR's numbers for this recall are 24KWL and 24PBL.","Owners may also contact the National Highway Traffic Safety Administration Vehicle Safety Hotline at 1-888-327-4236 (TTY 1-800-424-9153) or go to nhtsa.gov.","2025","PETERBILT","567"
"PACCAR Incorporated","25V041000",0,0,0,,"30/01/2025","EXTERIOR LIGHTING:HAZARD FLASHING WARNING LIGHTS:SWITCH","PACCAR Incorporated (PACCAR) is recalling certain 2025 Kenworth T180, Peterbilt 535, 567, 2025-2026 Kenworth T280, 2023-2026 Kenworth T380, 2024-2026 Kenworth T480, 2024-2026 Peterbilt 536, 537, and 548 trucks.  The exterior lighting switch may fail, resulting in the hazard lights and the instrument display back-light brightness adjustment not functioning.  As such, these vehicles fail to comply with the requirements of Federal Motor Vehicle Safety Standard (FMVSS) numbers 101, ""Control and Displays"" and 108, ""Lamps, Reflective Devices and Associated Equipment.""","Inoperative hazard lights cannot alert other drivers as intended.  In addition, the inability to adjust the brightness on the instrument panel display can make it difficult to see critical safety information or distract the driver.  Both scenarios can increase the risk of a crash.","Dealers will update the vehicle cab controller unit (VECU) software, free of charge.  Owners are advised that a non-responsive switch can be temporarily reset by a key cycle.  Owner notification letters were mailed March 26, 2025.  Owners may contact Kenworth's customer service at 1-425-828-5888 and Peterbilt's customer service at 1-940-591-4220.  PACCAR's numbers for this recall are 25KWB and 25PBB.","Owners may also contact the National Highway Traffic Safety Administration Vehicle Safety Hotline at 1-888-327-4236 (TTY 1-800-424-9153) or go to nhtsa.gov.","2025","PETERBILT","567"
"PACCAR Incorporated","25V353000",0,0,0,,"28/05/2025","SERVICE BRAKES, AIR:ANTILOCK:MODULATOR","PACCAR Incorporated (PACCAR) is recalling certain 2024 Peterbilt 367, 2026 Peterbilt 548, 589, and 2024-2026 Peterbilt 567 trucks. The rear brake piping assembly may have insufficient clearance, which can result in a loss of service brakes or anti-lock brake function.","Brake failure can increase the risk of a crash.","Dealers will install new brake hoses and correct the rear brake piping assembly, free of charge. Owner letters were mailed September 8, 2025. Owners may contact Peterbilt's customer service at 1-940-591-4220. PACCAR's number for this recall is 25PBE.",,"2025","PETERBILT","567"
"PACCAR Incorporated","25V436000",0,0,0,,"26/06/2025","EXTERIOR LIGHTING:LIGHTING CONTROL MODULE:SOFTWARE","PACCAR Incorporated (PACCAR) is recalling certain 2024-2026 Kenworth T480, T680, T880, W990, Peterbilt 520, 536, 537, 548, 567, 579, 589, 2025 Kenworth T180, Peterbilt 535, 2025-2026 Kenworth T280, T380 and L770 vehicles. The tail brake light, upper and lower beam headlights, reverse light, and turn signal may not illuminate as intended. In addition, the lift axles, if lowered, may revert to a raised position, or oscillate up and down when the signal warning lights are activated. As such, these vehicles fail to comply with the requirements of Federal Motor Vehicle Safety Standard (FMVSS) number 108, ""Lamps, Reflective Devices and Associated Equipment.""","Delayed and unsteady headlights can result in insufficient illumination of the road, decreasing the driver's visibility and increasing the risk of a crash. In addition, an unexpected position change of the lift axles may increase the risk of injury.","Dealers will update the VCU software, free of charge. Owner letters were mailed August 19, 2025. Owners may contact Kenworth's customer service at 1-425-828-5888 and Peterbilt's customer service at 1-940-591-4220. PACCAR's number for this recall is 25PACF.",,"2025","PETERBILT","567"
"Polestar Automotive USA, Inc.","25V280000",0,0,0,,"25/04/2025","BACK OVER PREVENTION:SOFTWARE","Polestar Automotive USA, Inc. (Polestar) is recalling certain 2021-2025 Polestar 2 vehicles.  The rearview camera image may not display when the vehicle is placed in reverse.  As such, these vehicles fail to comply with the requirements of Federal Motor Vehicle Safety Standard number 111, ""Rear Visibility.""","A rearview camera image that does not display reduces the driver's view of what is behind the vehicle, increasing the risk of a crash.","Dealers will update the vehicle software, free of charge.  Owner notification letters were mailed June 20, 2025.  Owners may contact Polestar's customer service at 1-800-806-2504.  Polestar's number for this recall is RP1056.  Vehicles in this recall that were previously repaired under 24V-477 will need to have the new remedy completed.","Owners may also contact the National Highway Traffic Safety Administration Vehicle Safety Hotline at 888-327-4236 (TTY 888-275-9171) or go to nhtsa.gov.","2025","POLESTAR","POLESTAR 2"
"Polestar Automotive USA, Inc.","25V615000",0,0,0,,"15/09/2025","BACK OVER PREVENTION:SOFTWARE","Polestar Automotive USA, Inc. (Polestar) is recalling certain 2021-2025 Polestar 2 vehicles. The rearview camera image may not display when the vehicle is placed in reverse.","A rearview camera image that does not display reduces the driver's view of what is behind the vehicle, increasing the risk of a crash.","Dealers will update the vehicle software, free of charge. Interim letters notifying owners of the safety risk were mailed December 1, 2025. Additional letters will be sent once the remedy is available, anticipated first or second quarter of 2026. Owners may contact Polestar's customer service at 1-800-806-2504. Polestar's number for this recall is RP1069. Vehicle Identification Numbers (VINs) involved in this recall will be searchable on NHTSA.gov beginning September 17, 2025. This recall replaces previous NHTSA recalls 24V477 and 25V280.  Vehicles previously repaired under those recalls will need to have the new remedy performed.",,"2025","POLESTAR","POLESTAR 2"
"Polestar Automotive USA, Inc.","24V940000",0,0,0,,"18/12/2024","ELECTRICAL SYSTEM:PROPULSION SYSTEM","Polestar Automotive USA, Inc. (Polestar) is recalling certain 2025 Polestar 3 hybrid electric vehicles.  Fluctuations in the 12-volt system may have damaged the High to Low Voltage Converter Module (HLCM).","A damaged HLCM reduces the system's ability to convert energy, causing a sudden loss in drive power and increasing the risk of a crash.","Dealers will replace the High to Low Voltage Converter Module (HLCM), free of charge.  Owner notification letters were mailed January 17, 2025.  Owners may contact Polestar customer service at 1-800-806-2504.  Polestar's number for this recall is RP1043.","Owners may also contact the National Highway Traffic Safety Administration Vehicle Safety Hotline at 1-888-327-4236 (TTY 1-800-424-9153) or go to nhtsa.gov.","2025","POLESTAR","POLESTAR 3"
"Polestar Automotive USA, Inc.","25V293000",0,0,1,,"07/05/2025","BACK OVER PREVENTION:SOFTWARE","Polestar Automotive USA, Inc. (Polestar) is recalling certain Polestar 3 vehicles.  The rearview camera image may not display when the vehicle is placed in reverse.  As such, these vehicles fail to comply with the requirements of Federal Motor Vehicle Safety Standard number 111, ""Rear Visibility.""","A rearview camera image that does not display reduces the driver's view of what is behind the vehicle, increasing the risk of a crash.","The software will be updated by a dealer or through an over-the-air (OTA) update, free of charge.  Owner notification letters are expected to be mailed June 24, 2025.  Owners may contact Polestar's customer service at 1-800-806-2504.  Polestar's number for this recall is RP1057.","Owners may also contact the National Highway Traffic Safety Administration Vehicle Safety Hotline at 888-327-4236 (TTY 888-275-9171) or go to nhtsa.gov.","2025","POLESTAR","POLESTAR 3"
"Polestar Automotive USA, Inc.","25V420000",0,0,0,,"14/07/2025","VISIBILITY:SUN/MOON ROOF ASSEMBLY","Polestar Automotive USA, Inc. (Polestar) is recalling certain 2025 Polestar 3 vehicles. The panoramic glass sunroof may not be properly secured and can detach.","A detached glass sunroof can become a road hazard, increasing the risk of a crash.","Polestar will replace the panoramic glass sunroof, free of charge. Owner notification letters were mailed July 28, 2025. Owners may contact Polestar's customer service at 1-800-806-2504. Polestar's number for this recall is RP1060.",,"2025","POLESTAR","POLESTAR 3"
"Polestar Automotive USA, Inc.","25V453000",0,0,0,,"07/07/2025","ELECTRICAL SYSTEM:WIRING","Polestar Automotive USA, Inc. (Polestar) is recalling certain 2025 Polestar 3 vehicles. Water may damage the electrical connectors between the engine bay and front bumper cable harnesses.","Damage to harnesses can cause various electrical malfunctions, such as a loss of power steering assist, increasing the risk of a crash or injury.","Polestar will replace the bumper harness and the inline front bumper/engine bay connector on the engine bay harness, free of charge. Owner notification letters were mailed July 31, 2025. Owners may contact Polestar's customer service at 1-800-806-2504. Polestar's number for this recall is RP1063.",,"2025","POLESTAR","POLESTAR 3"
"Polestar Automotive USA, Inc.","25V555000",0,0,0,,"26/08/2025","STRUCTURE:BODY:BUMPERS","Polestar Automotive USA, Inc. (Polestar) is recalling certain 2025 Polestar 3 vehicles. The hood wing front bumper may be missing bolts, allowing the bumper to detach.","A detached bumper can become a road hazard, increasing the risk of a crash.","Polestar will inspect the hood wing bumper for missing screws. If any screws are missing, the bumper and screws will be replaced. Repairs will be performed free of charge. Owner notification letters were mailed September 30, 2025. Owners may contact Polestar's customer service at 1-800-806-2504. Polestar's number for this recall is RP1064.",,"2025","POLESTAR","POLESTAR 3"
"Polestar Automotive USA, Inc.","26V037000",0,0,0,,"23/01/2026","SEATS:CRITICAL FASTENERS","Polestar Automotive USA, Inc. (Polestar) is recalling certain 2025 Polestar 3 vehicles. The striker brackets that secure the rear seat backrest may be loose. As such, these vehicles fail to comply with the requirements of Federal Motor Vehicle Safety Standard number 207, ""Seating Systems.""","A loose rear seat backrest may fall forward and allow cargo to enter the cabin during a crash, increasing the risk of injury.","Dealers will inspect and tighten the rear seat backrest striker bracket mounting nuts as necessary, free of charge. Owner notification letters were mailed March 4, 2026. Owners may contact Polestar's customer service at 1-800-806-2504. Polestar's number for this recall is RP1079. Vehicle Identification Numbers (VINs) involved in this recall will become searchable on NHTSA.gov beginning January 30, 2026.",,"2025","POLESTAR","POLESTAR 3"
"Porsche Cars North America, Inc.","25V415000",0,0,0,,"18/06/2025","SUSPENSION:FRONT:MACPHERSON STRUT","Porsche Cars North America, Inc. (Porsche) is recalling certain 2025  Panamera E-hybrid, Taycan, and Panamera vehicles. A retaining ring on top of the suspension strut may come loose, resulting in a dislodged strut and air loss from the strut spring.","An air suspension strut failure may cause a loss of vehicle handling and control, increasing the risk of a crash.","Dealers will inspect the retaining ring and reinstall it as necessary, free of charge. Owner notification letters notifying owners of the safety risk are expected to be mailed August 15, 2025. Second letters will be sent once the remedy is available. Owners may contact Porsche's customer service at 1-800-767-7243. Porsche's number for this recall is ASA6.",,"2025","PORSCHE","PANAMERA"
"Chrysler (FCA US, LLC)","25V297000",0,0,0,,"08/05/2025","POWER TRAIN:AUTOMATIC TRANSMISSION:GEAR POSITION INDICATION (PRNDL)","Chrysler (FCA US, LLC) is recalling certain Ram 2500 and Ram 3500 vehicles equipped with a 3.5"" cluster and column shifter.  A software error may cause the gear selection display to be inaccurate.  As such, these vehicles fail to comply with the requirements of Federal Motor Vehicle Safety Standard number 101, ""Control and Displays.""","An inaccurate gear selection display may mislead the driver as to what gear is actually selected, leading to unexpected vehicle movement and increasing the risk of a crash.","Dealers will update the cluster software, free of charge.  Owner notification letters were mailed May 22, 2025.  Owners may contact Chrysler customer service at 800-853-1403.  Chrysler's number for this recall is 36C.","Owners may also contact the National Highway Traffic Safety Administration Vehicle Safety Hotline at 888-327-4236 (TTY 888-275-9171) or go to nhtsa.gov.","2025","RAM","3500"
"Chrysler (FCA US, LLC)","25V826000",0,0,0,,"01/12/2025","ELECTRICAL SYSTEM: INSTRUMENT CLUSTER/PANEL","Chrysler (FCA US, LLC) is recalling certain 2025-2026 Ram 1500 Pickup, Ram 2500 Pickup, Ram 3500 Pickup, Ram 3500 Cab Chassis, 4500 Ram Cab Chassis, and Ram 5500 Cab Chassis vehicles. A software error may cause the instrument panel cluster display to be blank. As such, these vehicles fail to comply with the requirements of Federal Motor Vehicle Safety Standard numbers 135, ""Light Vehicle Brake Systems,"" 105, ""Hydraulic and Electric Brake Systems,"" and 102, ""Transmission shift lever sequence, starter interlock, and transmission braking effect.""","An instrument panel display that does not show critical information, such as warning lights or gear selection, increases the risk of a crash.","Dealers will inspect and update the instrument panel software or replace the instrument panel cluster, as necessary, free of charge. Owner notification letters were mailed December 18, 2025. Owners may contact Chrysler customer service at 800-853-1403. Chrysler's numbers for this recall are B4C and B8C. Vehicle Identification Numbers (VINs) involved in this recall became searchable on NHTSA.gov beginning December 4, 2025.",,"2025","RAM","3500"
"Chrysler (FCA US, LLC)","25V882000",0,0,0,,"18/12/2025","AIR BAGS: AIR BAG/RESTRAINT CONTROL MODULE","Chrysler (FCA US, LLC) is recalling certain 2025 Ram 2500 Pickup, 3500 Pickup, 3500 Cab Chassis, 4500 Cab Chassis, and 5500 Cab Chassis trucks. A software error in the occupant restraint controller module may cause the driver's side air bag and/or seat belt pretensioner not to deploy in a crash and disable the electronic stability control (ESC) system. As such, these vehicles fail to comply with the requirements of Federal Motor Vehicle Safety Standard numbers 208, ""Occupant Crash Protection"" and 126, ""Electronic Stability Control Systems.""","Driving with a disabled electronic stability control system increases the risk of a crash. Additionally, a driver's side air bag or seat belt pretensioner that does not deploy increases the risk of injury in a crash.","Dealers will update the occupant restraint controller module software, free of charge. Owner notification letters were mailed January 15, 2026. Owners may contact Chrysler customer service at 800-853-1403. Chrysler's number for this recall is C3C. Vehicle Identification Numbers (VINs) involved in this recall became searchable on NHTSA.gov on December 19, 2025.",,"2025","RAM","3500"
"Chrysler (FCA US, LLC)","26V059000",0,0,0,,"02/02/2026","EXTERIOR LIGHTING:BRAKE LIGHTS","Chrysler (FCA US, LLC) is recalling certain 2024-2026 Jeep Wagoneer S, 2025-2026 Ram 1500 Pickup, Ram 2500 Pickup, Ram 3500 Pickup, Ram 3500 Cab Chassis, Ram 4500 Cab Chassis, Ram 5500 Cab Chassis, and 2026 Jeep Cherokee vehicles. Due to an improperly designed trailer tow module, the trailer lights may fail to illuminate and the trailer brakes may fail.","Trailer brake lights and turn signals that do not illuminate reduce visibility to other drivers, increasing the risk of a crash. Additionally, trailer brakes that fail increase the risk of a crash.","Dealers will replace the trailer tow module, free of charge. Owner notification letters were mailed beginning March 17, 2026. Owners may contact FCA US, LLC customer service at 1-800-853-1403. FCA US, LLC's number for this recall is 03D. Vehicle Identification Numbers (VINs) involved in this recall became searchable on NHTSA.gov on February 10, 2026.",,"2025","RAM","3500"
"Chrysler (FCA US, LLC)","25V826000",0,0,0,,"01/12/2025","ELECTRICAL SYSTEM: INSTRUMENT CLUSTER/PANEL","Chrysler (FCA US, LLC) is recalling certain 2025-2026 Ram 1500 Pickup, Ram 2500 Pickup, Ram 3500 Pickup, Ram 3500 Cab Chassis, 4500 Ram Cab Chassis, and Ram 5500 Cab Chassis vehicles. A software error may cause the instrument panel cluster display to be blank. As such, these vehicles fail to comply with the requirements of Federal Motor Vehicle Safety Standard numbers 135, ""Light Vehicle Brake Systems,"" 105, ""Hydraulic and Electric Brake Systems,"" and 102, ""Transmission shift lever sequence, starter interlock, and transmission braking effect.""","An instrument panel display that does not show critical information, such as warning lights or gear selection, increases the risk of a crash.","Dealers will inspect and update the instrument panel software or replace the instrument panel cluster, as necessary, free of charge. Owner notification letters were mailed December 18, 2025. Owners may contact Chrysler customer service at 800-853-1403. Chrysler's numbers for this recall are B4C and B8C. Vehicle Identification Numbers (VINs) involved in this recall became searchable on NHTSA.gov beginning December 4, 2025.",,"2025","RAM","5500"
"Chrysler (FCA US, LLC)","25V882000",0,0,0,,"18/12/2025","AIR BAGS: AIR BAG/RESTRAINT CONTROL MODULE","Chrysler (FCA US, LLC) is recalling certain 2025 Ram 2500 Pickup, 3500 Pickup, 3500 Cab Chassis, 4500 Cab Chassis, and 5500 Cab Chassis trucks. A software error in the occupant restraint controller module may cause the driver's side air bag and/or seat belt pretensioner not to deploy in a crash and disable the electronic stability control (ESC) system. As such, these vehicles fail to comply with the requirements of Federal Motor Vehicle Safety Standard numbers 208, ""Occupant Crash Protection"" and 126, ""Electronic Stability Control Systems.""","Driving with a disabled electronic stability control system increases the risk of a crash. Additionally, a driver's side air bag or seat belt pretensioner that does not deploy increases the risk of injury in a crash.","Dealers will update the occupant restraint controller module software, free of charge. Owner notification letters were mailed January 15, 2026. Owners may contact Chrysler customer service at 800-853-1403. Chrysler's number for this recall is C3C. Vehicle Identification Numbers (VINs) involved in this recall became searchable on NHTSA.gov on December 19, 2025.",,"2025","RAM","5500"
"Chrysler (FCA US, LLC)","26V059000",0,0,0,,"02/02/2026","EXTERIOR LIGHTING:BRAKE LIGHTS","Chrysler (FCA US, LLC) is recalling certain 2024-2026 Jeep Wagoneer S, 2025-2026 Ram 1500 Pickup, Ram 2500 Pickup, Ram 3500 Pickup, Ram 3500 Cab Chassis, Ram 4500 Cab Chassis, Ram 5500 Cab Chassis, and 2026 Jeep Cherokee vehicles. Due to an improperly designed trailer tow module, the trailer lights may fail to illuminate and the trailer brakes may fail.","Trailer brake lights and turn signals that do not illuminate reduce visibility to other drivers, increasing the risk of a crash. Additionally, trailer brakes that fail increase the risk of a crash.","Dealers will replace the trailer tow module, free of charge. Owner notification letters were mailed beginning March 17, 2026. Owners may contact FCA US, LLC customer service at 1-800-853-1403. FCA US, LLC's number for this recall is 03D. Vehicle Identification Numbers (VINs) involved in this recall became searchable on NHTSA.gov on February 10, 2026.",,"2025","RAM","5500"
"Chrysler (FCA US, LLC)","25V330000",0,0,0,,"21/05/2025","BACK OVER PREVENTION: SENSING SYSTEM: CAMERA","Chrysler (FCA US, LLC) is recalling certain 2022-2025 Ram ProMaster vehicles. A software error in the security gateway module may cause the rearview camera image not to display. As such, these vehicles fail to comply with the requirements of Federal Motor Vehicle Safety Standard (FMVSS) number 111, ""Rear Visibility.""","A rearview image that does not display reduces the driver's view of what is behind the vehicle, increasing the risk of a crash.","Dealers will update the security gateway module software, free of charge. Owner notification letters were mailed June 12, 2025. Owners may contact Chrysler customer service at 800-853-1403. Chrysler's number for this recall is 40C.",,"2025","RAM","PROMASTER"
"Chrysler (FCA US, LLC)","25V665000",0,0,0,,"06/10/2025","ELECTRICAL SYSTEM:PROPULSION SYSTEM:TRACTION MOTOR:CONTROLLER:SOFTWARE","Chrysler (FCA US, LLC) is recalling certain 2024-2025 Ram ProMaster battery electric (BEV) vehicles. The electric drive module software may not effectively manage torque, which can result in a loss of drive power.","A loss of drive power increases the risk of a crash.","Dealers will update the software for the motor control processor, battery processor control module, integrated dual charge module, and electric vehicle control unit. Additionally, dealers will inspect and replace the electric drive module, as necessary. All repairs will be performed free of charge. Owner notification letters were mailed October 30, 2025. Owners may contact Chrysler customer service at 800-853-1403. Chrysler's number for this recall is 98C. Vehicle Identification Numbers (VINs) involved in this recall will be searchable on NHTSA.gov beginning October 16, 2025.",,"2025","RAM","PROMASTER"
"Chrysler (FCA US, LLC)","25V720000",0,0,0,,"23/10/2025","ENGINE AND ENGINE COOLING:COOLING SYSTEM:RADIATOR ASSEMBLY","Chrysler (FCA US, LLC) is recalling certain 2018-2026 Ram ProMaster vehicles. The electrical circuit for the radiator fan may overheat.","Electrical circuits that overheat increase the risk of a fire.","Dealers will replace the cooling fan module and fuse. In addition dealers will provide an addendum for the manual and label for the power distribution center. Some interim notification letters, notifying owners of the safety risk, were mailed December 11, 2025. Some owner notification letters were mailed beginning December 11, 2025. Additional owner notification letters were mailed in January and March 2026. Owners may contact Chrysler customer service at 800-853-1403. Chrysler's numbers for this recall are 67C, B3C, and C9C. Vehicle Identification Numbers (VINs) involved in this recall became searchable on NHTSA.gov beginning October 30, 2025.",,"2025","RAM","PROMASTER"
"Rollx Vans","25V876000",0,0,0,,"17/12/2025","EQUIPMENT ADAPTIVE/MOBILITY:WHEELCHAIR RESTRAINTS/SECUREMENT:LATCH/ANCHOR:","Rollx Vans (Rollx) is recalling certain GMC Yukon, Sierra, Chevrolet Express 2500, Ford Transit, E-250, Toyota Sienna, Sienna Hybrid, Honda Odyssey, Chrysler Town and Country, Voyager, Pacifica, Dodge Grand Caravan, and Ram Promaster vehicles equipped with QRT-Deluxe and QRT-Max wheelchair restraints. Please refer to Rollx's recall report for specific model year information. The retractors may not lock, preventing the wheelchair from being properly secured.","An unsecured wheelchair can move during transit, increasing the risk of injury.","Rollx will work with Q'Straint to inspect and replace the retractors as necessary, free of charge. Owner notification letters were mailed February 5, 2026. Owners may contact Rollx's customer service at 1-800-956-6668.",,"2025","RAM","PROMASTER"
"Kibbi, LLC","25V561000",0,0,0,,"29/08/2025","SUSPENSION:REAR:SPRINGS:AIR SUSPENSION SYSTEM:SPRINGS/BAGS","Kibbi, LLC (Kibbi) is recalling certain 2024-2025 Renegade Verona and Verona LE recreational vehicles. The rear leveling jack mounting bracket may contact and deflate the rear suspension air bag, lowering the rear suspension.","The lowered suspension may allow the fenders to contact and damage the rear tires, increasing the risk of a crash.","Dealers will inspect and modify the bracket, free of charge. Owner notification letters are expected to be mailed October 9, 2025. Owners may contact Kibbi customer service at 1-574-766-0196.",,"2025","RENEGADE","VERONA"
"Rivian Automotive, LLC","24V686000",0,0,0,,"13/09/2024","VEHICLE SPEED CONTROL:CRUISE CONTROL","Rivian Automotive, LLC. (Rivian) is recalling certain 2025 R1S vehicles.  The steering column control module (SCCM) may be missing cruise control markings.  As such, these vehicles fail to comply with the requirements of Federal Motor Vehicle Safety Standard number 101, ""Control and Displays.""","The driver may not know how to activate or deactivate the cruise control without the proper markings, increasing the risk of a crash.","Rivian will inspect and replace the SCCMs as necessary, free of charge.  Owner notification letters were mailed October 18, 2024.  Owners may contact Rivian customer service at 1-888-748-4264.  Rivian's number for this recall is FSAM-1532.","Owners may also contact the National Highway Traffic Safety Administration Vehicle Safety Hotline at 1-888-327-4236 (TTY 1-800-424-9153), or go to www.nhtsa.gov.","2025","RIVIAN","R1S"
"Rivian Automotive, LLC","24V827000",0,0,1,,"01/11/2024","ELECTRICAL SYSTEM:SOFTWARE","Rivian Automotive, LLC (Rivian) is recalling certain 2025 R1T and R1S vehicles.  Software version 2024.39.30 may prevent certain exterior lights from turning on when the Car Costume feature is activated.","Deactivated exterior lighting reduces the vehicle's visibility to other drivers, increasing the risk of a crash.","Rivian has released an over-the-air (OTA) software update, free of charge.  Owner notification letters were mailed December 18, 2024.  Owners may contact Rivian customer service at 1-888-748-4261.  Rivian's number for this recall is FSAM-1552.","Owners may also contact the National Highway Traffic Safety Administration Vehicle Safety Hotline at 1-888-327-4236 (TTY 1-800-424-9153) or go to nhtsa.gov.","2025","RIVIAN","R1S"
"Rivian Automotive, LLC","25V085000",0,0,0,,"13/02/2025","EXTERIOR LIGHTING:HEADLIGHTS","Rivian Automotive, LLC (Rivian) is recalling certain 2025 R1S and R1T vehicles.  The headlight low beams may fail to illuminate when starting the vehicle in cold weather.  As such, these vehicles fail to comply with the requirements of Federal Motor Vehicle Safety Standard (FMVSS) number 108, ""Lamps, Reflective Devices, and Associated Equipment.""","Headlight failure can reduce visibility, increasing the risk of a crash.","Rivian will replace the headlight control modules, free of charge.  Owner notification letters were mailed September 22, 2025.  Owners may contact Rivian customer service at 1-888-748-4261.  Rivian's number for this recall is FSAM-1612.","Owners may also contact the National Highway Traffic Safety Administration Vehicle Safety Hotline at 888-327-4236 (TTY 888-275-9171) or go to nhtsa.gov.","2025","RIVIAN","R1S"
"Rivian Automotive, LLC","25V370000",0,0,0,,"03/06/2025","SEAT BELTS:FRONT:ANCHORAGE","Rivian Automotive, LLC (Rivian) is recalling certain 2022-2025 R1T and R1S vehicles. The D-ring bolts for one or both front seat belt anchorage assemblies may not have been properly installed.","An improperly secured seat belt may not restrain an occupant as intended, increasing the risk of injury during a crash.","Rivian will inspect and properly secure the seat belt anchorage assemblies as necessary, free of charge. Owner notification letters were mailed July 8, 2025. Owners may contact Rivian customer service at 1-888-748-4261. Rivian's number for this recall is FSAM-1681.",,"2025","RIVIAN","R1S"
"Rivian Automotive, LLC","25V387000",0,0,0,,"11/06/2025","EXTERIOR LIGHTING:TURN SIGNAL","Rivian Automotive, LLC (Rivian) is recalling certain 2025 R1S and R1t vehicles. One or both front turn signals may fail to illuminate and flash. As such, these vehicles fail to comply with the requirements of Federal Motor Vehicle Safety Standard (FMVSS) number 108, ""Lamps, Reflective Devices, and Associated Equipment.""","Turn signals that do not function properly, failing to indicate the driver's intention to change direction, increase the risk of a crash.","Rivian will inspect and replace the front turn signals as necessary, free of charge. Owner notification letters were mailed September 22, 2025. Owners will receive a second notice once the remedy becomes available. Owners may contact Rivian customer service at 1-888-748-4261. Rivian's number for this recall is FSAM-1693.",,"2025","RIVIAN","R1S"
"Rivian Automotive, LLC","25V537000",0,0,0,,"21/08/2025","ELECTRICAL SYSTEM:PROPULSION SYSTEM:TRACTION BATTERY","Rivian Automotive, LLC (Rivian) is recalling certain 2025 R1S and R1T vehicles. An improperly grounded connection inside the High Voltage Distribution Box (HVDB) may cause a loss of drive power.","A loss of drive power increases the risk of a crash.","Rivian will inspect and repair the HVDB ground strap joint or replace the high voltage battery pack as necessary, free of charge. Owner notification letters were mailed October 17, 2025. Owners may contact Rivian customer service at 1-888-748-4261. Rivian's number for this recall is FSAM-1723.",,"2025","RIVIAN","R1S"
"Rivian Automotive, LLC","25V585000",0,0,0,,"08/09/2025","ELECTRICAL SYSTEM:ADAS:AUTONOMOUS/SELF DRIVING:SOFTWARE","Rivian Automotive, LLC (Rivian) is recalling certain 2025 R1S and R1T vehicles operating a software version prior to 2025.18.30. The Hands-Free Highway Assist (HWA) software may fail to correctly identify a lead vehicle.","Failure to detect another vehicle increases the risk of a crash.","Rivian has released an over-the-air (OTA) software update, free of charge. Owner notification letters were mailed October 17, 2025. Owners may contact Rivian customer service at 1-888-748-4261. Rivian's number for this recall is FSAM-1744.",,"2025","RIVIAN","R1S"
"Rivian Automotive, LLC","26V003000",0,0,0,,"05/01/2026","SUSPENSION:CRITICAL FASTENERS","Rivian Automotive, LLC (Rivian) is recalling certain 2022-2025 R1S and R1T vehicles that previously had service performed. The toe link may have been reassembled incorrectly during service procedures performed before March 10, 2025.","The toe link joint may separate, increasing the risk of a crash.","Rivian will replace the rear toe link bolts, free of charge. Owner notification letters were mailed February 17, 2026. Owners may contact Rivian customer service at 1-888-748-4261. Rivian's number for this recall is FSAM-1794. Vehicle Identification Numbers (VINs) involved in this recall will be searchable on NHTSA.gov beginning February 24, 2026.",,"2025","RIVIAN","R1S"
"Rivian Automotive, LLC","26V009000",0,0,0,,"15/01/2026","SEAT BELTS:CRITICAL FASTENERS","Rivian Automotive, LLC (Rivian) is recalling certain 2022-2025 R1T and 2022-2026 R1S vehicles. The bolts that secure the second-row driver and passenger side seat belt retractor assemblies may be improperly tightened.","An improperly secured seat belt retractor may not adequately restrain the seat occupant, increasing the risk of injury during a crash.","Rivian will inspect and tighten the bolts as necessary, free of charge. Owner notification letters were mailed March 2, 2026. Owners may contact Rivian customer service at 1-888-748-4261. Rivian's number for this recall is FSAM-1795.",,"2025","RIVIAN","R1S"
"Rivian Automotive, LLC","24V827000",0,0,1,,"01/11/2024","ELECTRICAL SYSTEM:SOFTWARE","Rivian Automotive, LLC (Rivian) is recalling certain 2025 R1T and R1S vehicles.  Software version 2024.39.30 may prevent certain exterior lights from turning on when the Car Costume feature is activated.","Deactivated exterior lighting reduces the vehicle's visibility to other drivers, increasing the risk of a crash.","Rivian has released an over-the-air (OTA) software update, free of charge.  Owner notification letters were mailed December 18, 2024.  Owners may contact Rivian customer service at 1-888-748-4261.  Rivian's number for this recall is FSAM-1552.","Owners may also contact the National Highway Traffic Safety Administration Vehicle Safety Hotline at 1-888-327-4236 (TTY 1-800-424-9153) or go to nhtsa.gov.","2025","RIVIAN","R1T"
"Rivian Automotive, LLC","25V085000",0,0,0,,"13/02/2025","EXTERIOR LIGHTING:HEADLIGHTS","Rivian Automotive, LLC (Rivian) is recalling certain 2025 R1S and R1T vehicles.  The headlight low beams may fail to illuminate when starting the vehicle in cold weather.  As such, these vehicles fail to comply with the requirements of Federal Motor Vehicle Safety Standard (FMVSS) number 108, ""Lamps, Reflective Devices, and Associated Equipment.""","Headlight failure can reduce visibility, increasing the risk of a crash.","Rivian will replace the headlight control modules, free of charge.  Interim owner notification letters explaining the safety risk were mailed March 28, 2025.  A second notice will be sent once the remedy becomes available.  Owners may contact Rivian customer service at 1-888-748-4261.  Rivian's number for this recall is FSAM-1612.","Owners may also contact the National Highway Traffic Safety Administration Vehicle Safety Hotline at 888-327-4236 (TTY 888-275-9171) or go to nhtsa.gov.","2025","RIVIAN","R1T"
"Rivian Automotive, LLC","25V370000",0,0,0,,"03/06/2025","SEAT BELTS:FRONT:ANCHORAGE","Rivian Automotive, LLC (Rivian) is recalling certain 2022-2025 R1T and R1S vehicles. The D-ring bolts for one or both front seat belt anchorage assemblies may not have been properly installed.","An improperly secured seat belt may not restrain an occupant as intended, increasing the risk of injury during a crash.","Rivian will inspect and properly secure the seat belt anchorage assemblies as necessary, free of charge. Owner notification letters were mailed July 8, 2025. Owners may contact Rivian customer service at 1-888-748-4261. Rivian's number for this recall is FSAM-1681.",,"2025","RIVIAN","R1T"
"Rivian Automotive, LLC","25V387000",0,0,0,,"11/06/2025","EXTERIOR LIGHTING:TURN SIGNAL","Rivian Automotive, LLC (Rivian) is recalling certain 2025 R1S and R1t vehicles. One or both front turn signals may fail to illuminate and flash. As such, these vehicles fail to comply with the requirements of Federal Motor Vehicle Safety Standard (FMVSS) number 108, ""Lamps, Reflective Devices, and Associated Equipment.""","Turn signals that do not function properly, failing to indicate the driver's intention to change direction, increase the risk of a crash.","Rivian will inspect and replace the front turn signals as necessary, free of charge. Owner notification letters were mailed September 22, 2025. Owners will receive a second notice once the remedy becomes available. Owners may contact Rivian customer service at 1-888-748-4261. Rivian's number for this recall is FSAM-1693.",,"2025","RIVIAN","R1T"
"Rivian Automotive, LLC","25V537000",0,0,0,,"21/08/2025","ELECTRICAL SYSTEM:PROPULSION SYSTEM:TRACTION BATTERY","Rivian Automotive, LLC (Rivian) is recalling certain 2025 R1S and R1T vehicles. An improperly grounded connection inside the High Voltage Distribution Box (HVDB) may cause a loss of drive power.","A loss of drive power increases the risk of a crash.","Rivian will inspect and repair the HVDB ground strap joint or replace the high voltage battery pack as necessary, free of charge. Owner notification letters were mailed October 17, 2025. Owners may contact Rivian customer service at 1-888-748-4261. Rivian's number for this recall is FSAM-1723.",,"2025","RIVIAN","R1T"
"Rivian Automotive, LLC","25V585000",0,0,0,,"08/09/2025","ELECTRICAL SYSTEM:ADAS:AUTONOMOUS/SELF DRIVING:SOFTWARE","Rivian Automotive, LLC (Rivian) is recalling certain 2025 R1S and R1T vehicles operating a software version prior to 2025.18.30. The Hands-Free Highway Assist (HWA) software may fail to correctly identify a lead vehicle.","Failure to detect another vehicle increases the risk of a crash.","Rivian has released an over-the-air (OTA) software update, free of charge. Owner notification letters were mailed October 17, 2025. Owners may contact Rivian customer service at 1-888-748-4261. Rivian's number for this recall is FSAM-1744.",,"2025","RIVIAN","R1T"
"Rivian Automotive, LLC","26V003000",0,0,0,,"05/01/2026","SUSPENSION:CRITICAL FASTENERS","Rivian Automotive, LLC (Rivian) is recalling certain 2022-2025 R1S and R1T vehicles that previously had service performed. The toe link may have been reassembled incorrectly during service procedures performed before March 10, 2025.","The toe link joint may separate, increasing the risk of a crash.","Rivian will replace the rear toe link bolts, free of charge. Owner notification letters were mailed February 17, 2026. Owners may contact Rivian customer service at 1-888-748-4261. Rivian's number for this recall is FSAM-1794. Vehicle Identification Numbers (VINs) involved in this recall will be searchable on NHTSA.gov beginning February 24, 2026.",,"2025","RIVIAN","R1T"
"Rivian Automotive, LLC","26V009000",0,0,0,,"15/01/2026","SEAT BELTS:CRITICAL FASTENERS","Rivian Automotive, LLC (Rivian) is recalling certain 2022-2025 R1T and 2022-2026 R1S vehicles. The bolts that secure the second-row driver and passenger side seat belt retractor assemblies may be improperly tightened.","An improperly secured seat belt retractor may not adequately restrain the seat occupant, increasing the risk of injury during a crash.","Rivian will inspect and tighten the bolts as necessary, free of charge. Owner notification letters were mailed March 2, 2026. Owners may contact Rivian customer service at 1-888-748-4261. Rivian's number for this recall is FSAM-1795.",,"2025","RIVIAN","R1T"
"Subaru of America, Inc.","25V033000",0,0,0,,"23/01/2025","WHEELS","Subaru of America, Inc. (Subaru) is recalling certain 2025 Forester vehicles equipped with 18"" aluminum alloy wheels.  The wheels may have been manufactured with an incorrectly specified lug seat surface, which can result in the wheel being improperly attached and cause a loss of vehicle stability.","A loss of vehicle stability increases the risk of a crash.","Dealers will inspect and replace the wheels, as necessary, free of charge.  Owner notification letters were mailed February 28, 2025.  Owners may contact Subaru customer service at 1-844-373-6614.  Subaru's number for this recall is WRB-25.","Owners may also contact the National Highway Traffic Safety Administration Vehicle Safety Hotline at 1-888-327-4236 (TTY 1-800-424-9153) or go to nhtsa.gov.","2025","SUBARU","FORESTER"
"Subaru of America, Inc.","25V419000",0,0,0,,"19/06/2025","CHILD SEAT","Subaru of America, Inc. (Subaru) is recalling certain 2025 Forester vehicles. The child seat anchor bolts may have been improperly tightened, allowing the bolts to come loose.","A loose child seat anchor bolt increases the risk of injury to a child during a crash.","Dealers will inspect the child seat anchor bolts and, if necessary, tighten the bolts, free of charge. Owner notification letters are expected to be mailed August 15, 2025. Owners may contact Subaru customer service at 1-844-373-6614. Subaru's number for this recall is WRC-25.",,"2025","SUBARU","FORESTER"
"Toyota Motor Engineering & Manufacturing","25V577000",0,0,0,,"04/09/2025","VISIBILITY:DEFROSTER/DEFOGGER/HVAC SYSTEM","Toyota Motor Engineering & Manufacturing (Toyota) is recalling certain 2023-2025 bZ4X, Lexus RZ, and Subaru Solterra vehicles. During certain HVAC system faults, such as electrical compressor failure, the defroster and defogger system may become inoperative.","An inoperative defroster and defogger system can decrease the driver's visibility under certain driving conditions, increasing the risk of a crash.","Dealers will update the HVAC control ECU software, free of charge. Dealers will also inspect the electrical compressor, and replace it, if necessary, free of charge. Owner notification letters were mailed October 17, 2025. Owners may contact Toyota's customer service at 1-800-331-4331. Toyota's numbers for this recall are 25TB07 and 25TA07. Lexus' numbers for this recall are 25LB04 and 25LA04. Subaru's number for this recall is WRD-25.",,"2025","SUBARU","SOLTERRA"
"Toyota Motor Engineering & Manufacturing","25V744000",0,0,0,,"30/10/2025","BACK OVER PREVENTION:DISPLAY FUNCTION","Toyota Motor Engineering & Manufacturing (Toyota) is recalling certain 2022-2026 Toyota, Lexus, and Subaru Solterra vehicles equipped with a Panoramic View Monitor (PVM) system. Please see the recall report for a complete list of models. A software error may cause the rearview camera to freeze or display a blank screen when the vehicle is in reverse. As such, these vehicles fail to comply with the requirements of Federal Motor Vehicle Safety Standard (FMVSS) number 111, ""Rear Visibility.""","A rearview camera that fails to display an image can reduce the driver's view behind the vehicle, increasing the risk of a crash.","Dealers will update the parking assist software, free of charge. Owner letters were mailed January 2, 2026. Owners may contact Toyota's customer service at 1-800-331-4331. Toyota's numbers for this recall are 25TB13 and 25LB06. Subaru's number for this recall is WRE25.",,"2025","SUBARU","SOLTERRA"
"Tesla, Inc.","24V935000",0,0,1,,"17/12/2024","TIRES:PRESSURE MONITORING AND REGULATING SYSTEMS","Tesla, Inc. (Tesla) is recalling certain 2024 Cybertruck, 2017-2025 Model 3, and 2020-2025 Model Y vehicles.  The tire pressure monitoring system (TPMS) warning light may not remain illuminated between drive cycles, failing to warn the driver of low tire pressure.  As such, these vehicles fail to comply with the requirements of Federal Motor Vehicle Safety Standard number 138, ""Tire Pressure Monitoring Systems.""","Driving with improperly inflated tires increases the risk of a crash.","Tesla released an over-the-air (OTA) software update, free of charge.  Owner notification letters were mailed February 15, 2025.  Owners may contact Tesla customer service at 1-877-798-3752.  Tesla's number for this recall is SB-24-00-018.","Owners may also contact the National Highway Traffic Safety Administration Vehicle Safety Hotline at 1-888-327-4236 (TTY 1-800-424-9153), or go to www.nhtsa.gov.","2025","TESLA","MODEL 3"
"Tesla, Inc.","25V002000",0,0,0,,"06/01/2025","BACK OVER PREVENTION:SOFTWARE","Tesla, Inc. (Tesla) is recalling certain 2024-2025 Model 3, Model S, 2023-2025 Model X, and Model Y vehicles.  The computer circuit board may short, resulting in the loss of the rearview camera image.  As such, these vehicles fail to comply with the requirements of Federal Motor Vehicle Safety Standard (FMVSS) number 111, ""Rear Visibility.""","A rearview camera that does not display an image reduces the driver's rear view, increasing the risk of a crash.","Tesla released an over-the-air (OTA) software update, free of charge. Tesla will also identify any vehicles that experienced a circuit board failure, or stress that may lead to a circuit board failure, and replace the affected computers, free of charge.  Owner notification letters were mailed March 7, 2025.  Owners may contact Tesla customer service at 1-877-798-3752.  Tesla's number for this recall is SB-25-00-001.","Owners may also contact the National Highway Traffic Safety Administration Vehicle Safety Hotline at 1-888-327-4236 (TTY 1-800-424-9153) or go to nhtsa.gov.","2025","TESLA","MODEL 3"
"Tesla, Inc.","24V967000",0,0,0,,"23/12/2024","AIR BAGS:FRONTAL:DRIVER SIDE:CUSHION","Tesla, Inc. (Tesla) is recalling certain 2021-2025 Model S and Model X vehicles.  The driver's air bag could tear during deployment.  As such, these vehicles fail to comply with the requirements of Federal Motor Vehicle Safety Standard (FMVSS) numbers 208, ""Occupant Crash Protection"" and 212, ""Windshield Mounting.""","A torn air bag may not adequately protect an occupant in a crash, increasing the risk of injury.","Tesla service will replace the air bag assembly, free of charge.  Owner notification letters were mailed February 21, 2025.  Owners may contact Tesla customer service at 1-877-798-3752.  Tesla's number for this recall is SB-24-20-001.","Owners may also contact the National Highway Traffic Safety Administration Vehicle Safety Hotline at 1-888-327-4236 (TTY 1-800-424-9153) or go to nhtsa.gov.","2025","TESLA","MODEL X"
"Tesla, Inc.","25V002000",0,0,0,,"06/01/2025","BACK OVER PREVENTION:SOFTWARE","Tesla, Inc. (Tesla) is recalling certain 2024-2025 Model 3, Model S, 2023-2025 Model X, and Model Y vehicles.  The computer circuit board may short, resulting in the loss of the rearview camera image.  As such, these vehicles fail to comply with the requirements of Federal Motor Vehicle Safety Standard (FMVSS) number 111, ""Rear Visibility.""","A rearview camera that does not display an image reduces the driver's rear view, increasing the risk of a crash.","Tesla released an over-the-air (OTA) software update, free of charge. Tesla will also identify any vehicles that experienced a circuit board failure, or stress that may lead to a circuit board failure, and replace the affected computers, free of charge.  Owner notification letters were mailed March 7, 2025.  Owners may contact Tesla customer service at 1-877-798-3752.  Tesla's number for this recall is SB-25-00-001.","Owners may also contact the National Highway Traffic Safety Administration Vehicle Safety Hotline at 1-888-327-4236 (TTY 1-800-424-9153) or go to nhtsa.gov.","2025","TESLA","MODEL X"
"Tesla, Inc.","25V172000",0,0,0,,"19/03/2025","AIR BAGS","Tesla, Inc. (Tesla) is recalling certain 2021-2024 Model S and 2021-2025 Model X vehicles.  An air bag with the incorrect horn pad may have been installed, preventing the horn from sounding.","An inoperative horn may prevent the driver from alerting other drivers, increasing the risk of a collision.","Tesla service will inspect and install an air bag with the correct horn pad as necessary, free of charge.  Owner notification letters are expected to be mailed May 20, 2025.  Owners may contact Tesla customer service at 1-877-798-3752.  Tesla's number for this recall is SB-25-20-001.","Owners may also contact the National Highway Traffic Safety Administration Vehicle Safety Hotline at 888-327-4236 (TTY 888-275-9171) or go to nhtsa.gov.","2025","TESLA","MODEL X"
"Tesla, Inc.","24V935000",0,0,1,,"17/12/2024","TIRES:PRESSURE MONITORING AND REGULATING SYSTEMS","Tesla, Inc. (Tesla) is recalling certain 2024 Cybertruck, 2017-2025 Model 3, and 2020-2025 Model Y vehicles.  The tire pressure monitoring system (TPMS) warning light may not remain illuminated between drive cycles, failing to warn the driver of low tire pressure.  As such, these vehicles fail to comply with the requirements of Federal Motor Vehicle Safety Standard number 138, ""Tire Pressure Monitoring Systems.""","Driving with improperly inflated tires increases the risk of a crash.","Tesla released an over-the-air (OTA) software update, free of charge.  Owner notification letters were mailed February 15, 2025.  Owners may contact Tesla customer service at 1-877-798-3752.  Tesla's number for this recall is SB-24-00-018.","Owners may also contact the National Highway Traffic Safety Administration Vehicle Safety Hotline at 1-888-327-4236 (TTY 1-800-424-9153), or go to www.nhtsa.gov.","2025","TESLA","MODEL Y"
"Tesla, Inc.","25V002000",0,0,0,,"07/01/2025","BACK OVER PREVENTION:SOFTWARE","Tesla, Inc. (Tesla) is recalling certain 2024-2025 Model 3, Model S, 2023-2025 Model X, and Model Y vehicles.  The computer circuit board may short, resulting in the loss of the rearview camera image.  As such, these vehicles fail to comply with the requirements of Federal Motor Vehicle Safety Standard (FMVSS) number 111, ""Rear Visibility.""","A rearview camera that does not display an image reduces the driver's rear view, increasing the risk of a crash.","Tesla released an over-the-air (OTA) software update, free of charge. Tesla will also identify any vehicles that experienced a circuit board failure, or stress that may lead to a circuit board failure, and replace the affected computers, free of charge.  Owner notification letters were mailed March 7, 2025.  Owners may contact Tesla customer service at 1-877-798-3752.  Tesla's number for this recall is SB-25-00-001.","Owners may also contact the National Highway Traffic Safety Administration Vehicle Safety Hotline at 1-888-327-4236 (TTY 1-800-424-9153) or go to nhtsa.gov.","2025","TESLA","MODEL Y"
"Thor Motor Coach","25V171000",0,0,0,,"20/03/2025","EQUIPMENT:RECREATIONAL VEHICLE/TRAILER","Thor Motor Company (TMC) is recalling certain 2023-2026 Axis, Chateau, Four Winds, 2023-2025 Coleman, Echelon, Freedom Elite, Geneva, Outlaw, Quantum, Vegas, 2025 Eddie Bauer, Freedom Traveler, Pasadena, and 2024-2025 Magnitude motorhomes.  The slide-Out room can be deployed without the parking brake engaged, allowing the room to extend while the vehicle is in motion.","A slide-Out room that extends unexpectedly increases the risk of a crash.","Dealers will replace the park brake harness, free of charge.  Owner notification letters were mailed April 28, 2025.  Owners may contact TMC customer service at 1-877-855-2867.  TMC's number for this recall is RC000325.","Owners may also contact the National Highway Traffic Safety Administration Vehicle Safety Hotline at 888-327-4236 (TTY 888-275-9171) or go to nhtsa.gov.","2025","THOR MOTOR COACH","AXIS"
"Thor Motor Coach","25V171000",0,0,0,,"20/03/2025","EQUIPMENT:RECREATIONAL VEHICLE/TRAILER","Thor Motor Company (TMC) is recalling certain 2023-2026 Axis, Chateau, Four Winds, 2023-2025 Coleman, Echelon, Freedom Elite, Geneva, Outlaw, Quantum, Vegas, 2025 Eddie Bauer, Freedom Traveler, Pasadena, and 2024-2025 Magnitude motorhomes.  The slide-Out room can be deployed without the parking brake engaged, allowing the room to extend while the vehicle is in motion.","A slide-Out room that extends unexpectedly increases the risk of a crash.","Dealers will replace the park brake harness, free of charge.  Owner notification letters were mailed April 28, 2025.  Owners may contact TMC customer service at 1-877-855-2867.  TMC's number for this recall is RC000325.","Owners may also contact the National Highway Traffic Safety Administration Vehicle Safety Hotline at 888-327-4236 (TTY 888-275-9171) or go to nhtsa.gov.","2025","THOR MOTOR COACH","GENEVA"
"Thor Motor Coach","25V171000",0,0,0,,"20/03/2025","EQUIPMENT:RECREATIONAL VEHICLE/TRAILER","Thor Motor Company (TMC) is recalling certain 2023-2026 Axis, Chateau, Four Winds, 2023-2025 Coleman, Echelon, Freedom Elite, Geneva, Outlaw, Quantum, Vegas, 2025 Eddie Bauer, Freedom Traveler, Pasadena, and 2024-2025 Magnitude motorhomes.  The slide-Out room can be deployed without the parking brake engaged, allowing the room to extend while the vehicle is in motion.","A slide-Out room that extends unexpectedly increases the risk of a crash.","Dealers will replace the park brake harness, free of charge.  Owner notification letters were mailed April 28, 2025.  Owners may contact TMC customer service at 1-877-855-2867.  TMC's number for this recall is RC000325.","Owners may also contact the National Highway Traffic Safety Administration Vehicle Safety Hotline at 888-327-4236 (TTY 888-275-9171) or go to nhtsa.gov.","2025","THOR MOTOR COACH","VEGAS"
"Toyota Motor Engineering & Manufacturing","25V595000",0,0,0,,"11/09/2025","ELECTRICAL SYSTEM: INSTRUMENT CLUSTER/PANEL","Toyota Motor Engineering & Manufacturing (Toyota) is recalling certain 2023-2024 Toyota Venza, 2023-2025 RAV4 Prime, RAV4, Highlander, GR Corolla, Crown, 2024-2025 Lexus TX, LS, Toyota Tacoma, Grand Highlander, and 2025 Lexus RX, Toyota Crown Signia, Camry, RAV 4 Plug-in Hybrid (PHEV), and 4 Runner vehicles. Due to an error in the instrument panel software at vehicle startup, the instrument panel may fail to display vehicle speed, brake system, and tire pressure warning lights.","An instrument panel display that does not show critical information can increase the risk of a crash or injury.","Dealers will update the instrument panel software for non-PHEV vehicles, free of charge. For PHEV vehicles, dealers will inspect the instrument panel assembly, and either replace it, or update the software, free of charge. Owner letters were mailed December 5, 2025. Owners may contact Toyota's customer service at 1-800-331-4331. Toyota's numbers for this recall are 25TB08 and 25TA08. Lexus' numbers for this recall are 25LB05 and 25LA05.",,"2025","TOYOTA","4RUNNER"
"Toyota Motor Engineering & Manufacturing","25V577000",0,0,0,,"04/09/2025","VISIBILITY:DEFROSTER/DEFOGGER/HVAC SYSTEM","Toyota Motor Engineering & Manufacturing (Toyota) is recalling certain 2023-2025 bZ4X, Lexus RZ, and Subaru Solterra vehicles. During certain HVAC system faults, such as electrical compressor failure, the defroster and defogger system may become inoperative.","An inoperative defroster and defogger system can decrease the driver's visibility under certain driving conditions, increasing the risk of a crash.","Dealers will update the HVAC control ECU software, free of charge. Dealers will also inspect the electrical compressor, and replace it, if necessary, free of charge. Owner notification letters were mailed October 17, 2025. Owners may contact Toyota's customer service at 1-800-331-4331. Toyota's numbers for this recall are 25TB07 and 25TA07. Lexus' numbers for this recall are 25LB04 and 25LA04. Subaru's number for this recall is WRD-25.",,"2025","TOYOTA","BZ4X"
"Toyota Motor Engineering & Manufacturing","25V744000",0,0,0,,"30/10/2025","BACK OVER PREVENTION:DISPLAY FUNCTION","Toyota Motor Engineering & Manufacturing (Toyota) is recalling certain 2022-2026 Toyota, Lexus, and Subaru Solterra vehicles equipped with a Panoramic View Monitor (PVM) system. Please see the recall report for a complete list of models. A software error may cause the rearview camera to freeze or display a blank screen when the vehicle is in reverse. As such, these vehicles fail to comply with the requirements of Federal Motor Vehicle Safety Standard (FMVSS) number 111, ""Rear Visibility.""","A rearview camera that fails to display an image can reduce the driver's view behind the vehicle, increasing the risk of a crash.","Dealers will update the parking assist software, free of charge. Owner letters were mailed January 2, 2026. Owners may contact Toyota's customer service at 1-800-331-4331. Toyota's numbers for this recall are 25TB13 and 25LB06. Subaru's number for this recall is WRE25.",,"2025","TOYOTA","BZ4X"
"Toyota Motor Engineering & Manufacturing","25V595000",0,0,0,,"11/09/2025","ELECTRICAL SYSTEM: INSTRUMENT CLUSTER/PANEL","Toyota Motor Engineering & Manufacturing (Toyota) is recalling certain 2023-2024 Toyota Venza, 2023-2025 RAV4 Prime, RAV4, Highlander, GR Corolla, Crown, 2024-2025 Lexus TX, LS, Toyota Tacoma, Grand Highlander, and 2025 Lexus RX, Toyota Crown Signia, Camry, RAV 4 Plug-in Hybrid (PHEV), and 4 Runner vehicles. Due to an error in the instrument panel software at vehicle startup, the instrument panel may fail to display vehicle speed, brake system, and tire pressure warning lights.","An instrument panel display that does not show critical information can increase the risk of a crash or injury.","Dealers will update the instrument panel software for non-PHEV vehicles, free of charge. For PHEV vehicles, dealers will inspect the instrument panel assembly, and either replace it, or update the software, free of charge. Owner letters were mailed December 5, 2025. Owners may contact Toyota's customer service at 1-800-331-4331. Toyota's numbers for this recall are 25TB08 and 25TA08. Lexus' numbers for this recall are 25LB05 and 25LA05.",,"2025","TOYOTA","CAMRY"
"Gulf States Toyota, Inc.","24V548000",0,0,0,,"23/07/2024","EQUIPMENT:OTHER:LABELS","Gulf States Toyota, Inc. (GST) is recalling certain Toyota 2023 GR Supra, 2024 4 Runner, Corolla, Grand Highlander, Grand Highlander Hybrid, Land Cruiser Hybrid, Tacoma, Tacoma Hybrid, 2023-2024 BZ4X, Corolla Cross Hybrid, GR Corolla, GR86, Highlander, Highlander Hybrid, Prius, Prius Prime, Sequoia Hybrid, Tundra, Tundra Hybrid, Venza Hybrid, 2023-2025 Crown, and 2025 Camry Hybrid vehicles equipped with GST accessories.  The load carrying capacity modification label may display inaccurate added weight values.  As such, these vehicles fail to comply with the requirements of Federal Motor Vehicle Safety Standard number 110, ""Tire Selection and Rims.""","A vehicle with an incorrect maximum capacity weight value may be overloaded, which can increase the risk of a crash.","GST will mail new labels to owners, free of charge.  Owner notification letters were mailed September 16, 2024.  Owners may contact GST customer service at 1-800-444-1074.  GST's number for this recall is 24R2.","Owners may also contact the National Highway Traffic Safety Administration Vehicle Safety Hotline at 1-888-327-4236 (TTY 1-800-424-9153), or go to www.nhtsa.gov.","2025","TOYOTA","CAMRY HYBRID"
"Toyota Motor Engineering & Manufacturing","25V059000",0,0,0,,"06/02/2025","SEAT BELTS:REAR/OTHER:WEBBING","Toyota Motor Engineering & Manufacturing (Toyota) is recalling certain 2025 Toyota Camry Hybrid, Lexus NX250, NX350, NX350 Hybrid, 2024-2025 Lexus RX350, RX350 Hybrid, and RX500 Hybrid vehicles.  The second-row center seat belt webbing may be damaged.  As such, these vehicles fail to comply with the requirements of Federal Motor Vehicle Safety Standard (FMVSS) number 209, ""Seat Belt Assemblies.""","A damaged seat belt may not adequately restrain an occupant, increasing the risk of injury during a crash.","Dealers will inspect the seat belt webbing and replace the seat belt assembly if necessary, free of charge.  Owner notification letters were mailed March 20, 2025.  Owners may contact Toyota's customer service at 1-800-331-4331.  Toyota's numbers for this recall are 25TA03 and 25LA03.","Owners may also contact the National Highway Traffic Safety Administration Vehicle Safety Hotline at 1-888-327-4236 (TTY 1-800-424-9153) or go to nhtsa.gov.","2025","TOYOTA","CAMRY HYBRID"
"Toyota Motor Engineering & Manufacturing","25V744000",0,0,0,,"30/10/2025","BACK OVER PREVENTION:DISPLAY FUNCTION","Toyota Motor Engineering & Manufacturing (Toyota) is recalling certain 2022-2026 Toyota, Lexus, and Subaru Solterra vehicles equipped with a Panoramic View Monitor (PVM) system. Please see the recall report for a complete list of models. A software error may cause the rearview camera to freeze or display a blank screen when the vehicle is in reverse. As such, these vehicles fail to comply with the requirements of Federal Motor Vehicle Safety Standard (FMVSS) number 111, ""Rear Visibility.""","A rearview camera that fails to display an image can reduce the driver's view behind the vehicle, increasing the risk of a crash.","Dealers will update the parking assist software, free of charge. Owner letters were mailed January 2, 2026. Owners may contact Toyota's customer service at 1-800-331-4331. Toyota's numbers for this recall are 25TB13 and 25LB06. Subaru's number for this recall is WRE25.",,"2025","TOYOTA","CAMRY HYBRID"
"Toyota Motor Engineering & Manufacturing","25V869000",0,0,0,,"16/12/2025","HYBRID PROPULSION SYSTEM: INVERTER","Toyota Motor Engineering & Manufacturing (Toyota) is recalling certain 2025-2026 Camry Hybrid and 2026 Corolla Cross Hybrid vehicles. A bolt inside the inverter may not have been tightened properly, causing incomplete contact at the inverter terminal.","Incomplete contact can cause a loss of motive power, increasing the risk of a crash.  In addition, a loose bolt can cause an electrical short while the vehicle is powered on, increasing the risk of a fire.","Dealers will replace the inverter assembly, free of charge. Interim owner notification letters explaining the safety risk were mailed March 11, 2026. Owners will receive another letter once the remedy becomes available, anticipated February or March 2026. Owners may contact Toyota customer service at 1-800-331-4331. Toyota's number for this recall is 25TB15/25TA15.",,"2025","TOYOTA","CAMRY HYBRID"
"Toyota Motor Engineering & Manufacturing","24V708000",0,0,0,,"20/09/2024","SERVICE BRAKES, ELECTRIC:SOFTWARE/PROGRAMMING","Toyota Motor Engineering & Manufacturing (Toyota) is recalling certain 2023-2024 Corolla Cross Hybrid and 2023-2025 Corolla Hybrid vehicles.  A software error in the skid control electronic control unit (ECU) may result in a loss of power brake assist when turning a corner.","A loss of power brake assist can extend the distance required to stop, increasing the risk of a crash.","Dealers will update the skid control ECU software, free of charge.  Owner notification letters were mailed November 19, 2024. Additionally, notifications to owners of the Corolla Hybrid vehicles were mailed January 17, 2025.  Owners may contact Toyota customer service at 1-800-331-4331.  Toyota's number for this recall is 24TA11.","Owners may also contact the National Highway Traffic Safety Administration Vehicle Safety Hotline at 1-888-327-4236 (TTY 1-800-424-9153) or go to nhtsa.gov.","2025","TOYOTA","COROLLA HYBRID"
"Toyota Motor Engineering & Manufacturing","25V595000",0,0,0,,"11/09/2025","ELECTRICAL SYSTEM: INSTRUMENT CLUSTER/PANEL","Toyota Motor Engineering & Manufacturing (Toyota) is recalling certain 2023-2024 Toyota Venza, 2023-2025 RAV4 Prime, RAV4, Highlander, GR Corolla, Crown, 2024-2025 Lexus TX, LS, Toyota Tacoma, Grand Highlander, and 2025 Lexus RX, Toyota Crown Signia, Camry, RAV 4 Plug-in Hybrid (PHEV), and 4 Runner vehicles. Due to an error in the instrument panel software at vehicle startup, the instrument panel may fail to display vehicle speed, brake system, and tire pressure warning lights.","An instrument panel display that does not show critical information can increase the risk of a crash or injury.","Dealers will update the instrument panel software for non-PHEV vehicles, free of charge. For PHEV vehicles, dealers will inspect the instrument panel assembly, and either replace it, or update the software, free of charge. Owner letters were mailed December 5, 2025. Owners may contact Toyota's customer service at 1-800-331-4331. Toyota's numbers for this recall are 25TB08 and 25TA08. Lexus' numbers for this recall are 25LB05 and 25LA05.",,"2025","TOYOTA","CROWN SIGNIA"
"Toyota Motor Engineering & Manufacturing","25V744000",0,0,0,,"30/10/2025","BACK OVER PREVENTION:DISPLAY FUNCTION","Toyota Motor Engineering & Manufacturing (Toyota) is recalling certain 2022-2026 Toyota, Lexus, and Subaru Solterra vehicles equipped with a Panoramic View Monitor (PVM) system. Please see the recall report for a complete list of models. A software error may cause the rearview camera to freeze or display a blank screen when the vehicle is in reverse. As such, these vehicles fail to comply with the requirements of Federal Motor Vehicle Safety Standard (FMVSS) number 111, ""Rear Visibility.""","A rearview camera that fails to display an image can reduce the driver's view behind the vehicle, increasing the risk of a crash.","Dealers will update the parking assist software, free of charge. Owner letters were mailed January 2, 2026. Owners may contact Toyota's customer service at 1-800-331-4331. Toyota's numbers for this recall are 25TB13 and 25LB06. Subaru's number for this recall is WRE25.",,"2025","TOYOTA","CROWN SIGNIA"
"Toyota Motor Engineering & Manufacturing","25V595000",0,0,0,,"11/09/2025","ELECTRICAL SYSTEM: INSTRUMENT CLUSTER/PANEL","Toyota Motor Engineering & Manufacturing (Toyota) is recalling certain 2023-2024 Toyota Venza, 2023-2025 RAV4 Prime, RAV4, Highlander, GR Corolla, Crown, 2024-2025 Lexus TX, LS, Toyota Tacoma, Grand Highlander, and 2025 Lexus RX, Toyota Crown Signia, Camry, RAV 4 Plug-in Hybrid (PHEV), and 4 Runner vehicles. Due to an error in the instrument panel software at vehicle startup, the instrument panel may fail to display vehicle speed, brake system, and tire pressure warning lights.","An instrument panel display that does not show critical information can increase the risk of a crash or injury.","Dealers will update the instrument panel software for non-PHEV vehicles, free of charge. For PHEV vehicles, dealers will inspect the instrument panel assembly, and either replace it, or update the software, free of charge. Owner letters were mailed December 5, 2025. Owners may contact Toyota's customer service at 1-800-331-4331. Toyota's numbers for this recall are 25TB08 and 25TA08. Lexus' numbers for this recall are 25LB05 and 25LA05.",,"2025","TOYOTA","GR COROLLA"
"Toyota Motor Engineering & Manufacturing","25V595000",0,0,0,,"11/09/2025","ELECTRICAL SYSTEM: INSTRUMENT CLUSTER/PANEL","Toyota Motor Engineering & Manufacturing (Toyota) is recalling certain 2023-2024 Toyota Venza, 2023-2025 RAV4 Prime, RAV4, Highlander, GR Corolla, Crown, 2024-2025 Lexus TX, LS, Toyota Tacoma, Grand Highlander, and 2025 Lexus RX, Toyota Crown Signia, Camry, RAV 4 Plug-in Hybrid (PHEV), and 4 Runner vehicles. Due to an error in the instrument panel software at vehicle startup, the instrument panel may fail to display vehicle speed, brake system, and tire pressure warning lights.","An instrument panel display that does not show critical information can increase the risk of a crash or injury.","Dealers will update the instrument panel software for non-PHEV vehicles, free of charge. For PHEV vehicles, dealers will inspect the instrument panel assembly, and either replace it, or update the software, free of charge. Owner letters were mailed December 5, 2025. Owners may contact Toyota's customer service at 1-800-331-4331. Toyota's numbers for this recall are 25TB08 and 25TA08. Lexus' numbers for this recall are 25LB05 and 25LA05.",,"2025","TOYOTA","GRAND HIGHLANDER"
"Toyota Motor Engineering & Manufacturing","25V744000",0,0,0,,"30/10/2025","BACK OVER PREVENTION:DISPLAY FUNCTION","Toyota Motor Engineering & Manufacturing (Toyota) is recalling certain 2022-2026 Toyota, Lexus, and Subaru Solterra vehicles equipped with a Panoramic View Monitor (PVM) system. Please see the recall report for a complete list of models. A software error may cause the rearview camera to freeze or display a blank screen when the vehicle is in reverse. As such, these vehicles fail to comply with the requirements of Federal Motor Vehicle Safety Standard (FMVSS) number 111, ""Rear Visibility.""","A rearview camera that fails to display an image can reduce the driver's view behind the vehicle, increasing the risk of a crash.","Dealers will update the parking assist software, free of charge. Owner letters were mailed January 2, 2026. Owners may contact Toyota's customer service at 1-800-331-4331. Toyota's numbers for this recall are 25TB13 and 25LB06. Subaru's number for this recall is WRE25.",,"2025","TOYOTA","GRAND HIGHLANDER"
"Toyota Motor Engineering & Manufacturing","25V595000",0,0,0,,"11/09/2025","ELECTRICAL SYSTEM: INSTRUMENT CLUSTER/PANEL","Toyota Motor Engineering & Manufacturing (Toyota) is recalling certain 2023-2024 Toyota Venza, 2023-2025 RAV4 Prime, RAV4, Highlander, GR Corolla, Crown, 2024-2025 Lexus TX, LS, Toyota Tacoma, Grand Highlander, and 2025 Lexus RX, Toyota Crown Signia, Camry, RAV 4 Plug-in Hybrid (PHEV), and 4 Runner vehicles. Due to an error in the instrument panel software at vehicle startup, the instrument panel may fail to display vehicle speed, brake system, and tire pressure warning lights.","An instrument panel display that does not show critical information can increase the risk of a crash or injury.","Dealers will update the instrument panel software for non-PHEV vehicles, free of charge. For PHEV vehicles, dealers will inspect the instrument panel assembly, and either replace it, or update the software, free of charge. Owner letters were mailed December 5, 2025. Owners may contact Toyota's customer service at 1-800-331-4331. Toyota's numbers for this recall are 25TB08 and 25TA08. Lexus' numbers for this recall are 25LB05 and 25LA05.",,"2025","TOYOTA","HIGHLANDER"
"Toyota Motor Engineering & Manufacturing","25V744000",0,0,0,,"30/10/2025","BACK OVER PREVENTION:DISPLAY FUNCTION","Toyota Motor Engineering & Manufacturing (Toyota) is recalling certain 2022-2026 Toyota, Lexus, and Subaru Solterra vehicles equipped with a Panoramic View Monitor (PVM) system. Please see the recall report for a complete list of models. A software error may cause the rearview camera to freeze or display a blank screen when the vehicle is in reverse. As such, these vehicles fail to comply with the requirements of Federal Motor Vehicle Safety Standard (FMVSS) number 111, ""Rear Visibility.""","A rearview camera that fails to display an image can reduce the driver's view behind the vehicle, increasing the risk of a crash.","Dealers will update the parking assist software, free of charge. Owner letters were mailed January 2, 2026. Owners may contact Toyota's customer service at 1-800-331-4331. Toyota's numbers for this recall are 25TB13 and 25LB06. Subaru's number for this recall is WRE25.",,"2025","TOYOTA","HIGHLANDER"
"Toyota Motor Engineering & Manufacturing","25V872000",0,0,0,,"17/12/2025","SEAT BELTS:REAR/OTHER:ANCHORAGE","Toyota Motor Engineering & Manufacturing (Toyota) is recalling certain 2024-2025 Highlander and Highlander Hybrid vehicles. The third row center seat belt roof anchor may have been installed at an incorrect angle, preventing the seat belt from properly restraining the occupant.","A seat belt that does not properly restrain an occupant increases the risk of injury during a crash.","Dealers will reinstall the seat belt anchor with a new bolt, free of charge. Owner notification letters were mailed January 27, 2026. Owners may contact Toyota customer service at 1-800-331-4331. Toyota's number for this recall is 25TA16.",,"2025","TOYOTA","HIGHLANDER"
"Toyota Motor Engineering & Manufacturing","25V744000",0,0,0,,"30/10/2025","BACK OVER PREVENTION:DISPLAY FUNCTION","Toyota Motor Engineering & Manufacturing (Toyota) is recalling certain 2022-2026 Toyota, Lexus, and Subaru Solterra vehicles equipped with a Panoramic View Monitor (PVM) system. Please see the recall report for a complete list of models. A software error may cause the rearview camera to freeze or display a blank screen when the vehicle is in reverse. As such, these vehicles fail to comply with the requirements of Federal Motor Vehicle Safety Standard (FMVSS) number 111, ""Rear Visibility.""","A rearview camera that fails to display an image can reduce the driver's view behind the vehicle, increasing the risk of a crash.","Dealers will update the parking assist software, free of charge. Interim letters notifying owners of the safety risk are expected to be mailed December 16, 2025. Additional letters will be sent once the final remedy is available. Owners may contact Toyota's customer service at 1-800-331-4331. Toyota's numbers for this recall are 25TB13 and 25LB06. Subaru's number for this recall is WRE25.",,"2025","TOYOTA","LAND CRUISER"
"Toyota Motor Engineering & Manufacturing","25V744000",0,0,0,,"30/10/2025","BACK OVER PREVENTION:DISPLAY FUNCTION","Toyota Motor Engineering & Manufacturing (Toyota) is recalling certain 2022-2026 Toyota, Lexus, and Subaru Solterra vehicles equipped with a Panoramic View Monitor (PVM) system. Please see the recall report for a complete list of models. A software error may cause the rearview camera to freeze or display a blank screen when the vehicle is in reverse. As such, these vehicles fail to comply with the requirements of Federal Motor Vehicle Safety Standard (FMVSS) number 111, ""Rear Visibility.""","A rearview camera that fails to display an image can reduce the driver's view behind the vehicle, increasing the risk of a crash.","Dealers will update the parking assist software, free of charge. Owner letters were mailed January 2, 2026. Owners may contact Toyota's customer service at 1-800-331-4331. Toyota's numbers for this recall are 25TB13 and 25LB06. Subaru's number for this recall is WRE25.",,"2025","TOYOTA","PRIUS"
"Toyota Motor Engineering & Manufacturing","26V049000",0,0,0,,"28/01/2026","ELECTRICAL SYSTEM:WIRING:SWITCHES/KNOBS/BUTTONS","Toyota Motor Engineering & Manufacturing (Toyota) is recalling certain 2023-2024 Prius Prime, 2023-2026 Prius, and 2025-2026 Prius Plug-in Hybrid vehicles. Water may enter the rear door switch and cause a short circuit, allowing an unlocked rear door to open unexpectedly.","A door that unexpectedly opens while the vehicle is moving increases the risk of injury.","Dealers will modify the rear door switch circuits, free of charge. Interim letters notifying owners of the safety risk are expected to be mailed March 15, 2026. Additional letters will be sent once the final remedy is available. Owners may contact Toyota's customer service at 1-800-331-4331. Toyota's numbers for this recall are 26TB03 and 26TA03. This recall expands and replaces NHTSA recall number 24V274. Vehicles repaired under the previous recall will need to have the new remedy performed.",,"2025","TOYOTA","PRIUS"
"Toyota Motor Engineering & Manufacturing","25V595000",0,0,0,,"11/09/2025","ELECTRICAL SYSTEM: INSTRUMENT CLUSTER/PANEL","Toyota Motor Engineering & Manufacturing (Toyota) is recalling certain 2023-2024 Toyota Venza, 2023-2025 RAV4 Prime, RAV4, Highlander, GR Corolla, Crown, 2024-2025 Lexus TX, LS, Toyota Tacoma, Grand Highlander, and 2025 Lexus RX, Toyota Crown Signia, Camry, RAV 4 Plug-in Hybrid (PHEV), and 4 Runner vehicles. Due to an error in the instrument panel software at vehicle startup, the instrument panel may fail to display vehicle speed, brake system, and tire pressure warning lights.","An instrument panel display that does not show critical information can increase the risk of a crash or injury.","Dealers will update the instrument panel software for non-PHEV vehicles, free of charge. For PHEV vehicles, dealers will inspect the instrument panel assembly, and either replace it, or update the software, free of charge. Owner letters were mailed December 5, 2025. Owners may contact Toyota's customer service at 1-800-331-4331. Toyota's numbers for this recall are 25TB08 and 25TA08. Lexus' numbers for this recall are 25LB05 and 25LA05.",,"2025","TOYOTA","RAV4"
"Toyota Motor Engineering & Manufacturing","25V744000",0,0,0,,"30/10/2025","BACK OVER PREVENTION:DISPLAY FUNCTION","Toyota Motor Engineering & Manufacturing (Toyota) is recalling certain 2022-2026 Toyota, Lexus, and Subaru Solterra vehicles equipped with a Panoramic View Monitor (PVM) system. Please see the recall report for a complete list of models. A software error may cause the rearview camera to freeze or display a blank screen when the vehicle is in reverse. As such, these vehicles fail to comply with the requirements of Federal Motor Vehicle Safety Standard (FMVSS) number 111, ""Rear Visibility.""","A rearview camera that fails to display an image can reduce the driver's view behind the vehicle, increasing the risk of a crash.","Dealers will update the parking assist software, free of charge. Owner letters were mailed January 2, 2026. Owners may contact Toyota's customer service at 1-800-331-4331. Toyota's numbers for this recall are 25TB13 and 25LB06. Subaru's number for this recall is WRE25.",,"2025","TOYOTA","RAV4"
"Toyota Motor Engineering & Manufacturing","25V744000",0,0,0,,"30/10/2025","BACK OVER PREVENTION:DISPLAY FUNCTION","Toyota Motor Engineering & Manufacturing (Toyota) is recalling certain 2022-2026 Toyota, Lexus, and Subaru Solterra vehicles equipped with a Panoramic View Monitor (PVM) system. Please see the recall report for a complete list of models. A software error may cause the rearview camera to freeze or display a blank screen when the vehicle is in reverse. As such, these vehicles fail to comply with the requirements of Federal Motor Vehicle Safety Standard (FMVSS) number 111, ""Rear Visibility.""","A rearview camera that fails to display an image can reduce the driver's view behind the vehicle, increasing the risk of a crash.","Dealers will update the parking assist software, free of charge. Owner letters were mailed January 2, 2026. Owners may contact Toyota's customer service at 1-800-331-4331. Toyota's numbers for this recall are 25TB13 and 25LB06. Subaru's number for this recall is WRE25.",,"2025","TOYOTA","RAV4 HYBRID"
"Toyota Motor Engineering & Manufacturing","25V657000",0,0,0,,"01/10/2025","BACK OVER PREVENTION:SOFTWARE","Toyota Motor Engineering & Manufacturing (Toyota) is recalling certain 2022-2025 Tundra, Tundra Hybrid, and 2023-2025 Sequoia Hybrid vehicles. A software error may cause the rearview image not to display when the vehicle is placed in reverse. As such, these vehicles fail to comply with the requirements of Federal Motor Vehicle Safety Standard (FMVSS) number 111, ""Rear Visibility.""","A rearview image that does not display reduces the driver's view behind the vehicle, increasing the risk of a crash.","Dealers will update the multimedia display software, free of charge. Owner notification letters were mailed November 19, 2025. Owners may contact Toyota's customer service at 1-800-331-4331. Toyota's numbers for this recall are 25TB10 and 25TA10.",,"2025","TOYOTA","SEQUOIA HYBRID"
"Vantage Mobility","25V877000",0,0,0,,"17/12/2025","EQUIPMENT ADAPTIVE/MOBILITY:WHEELCHAIR RESTRAINTS/SECUREMENT:LATCH/ANCHOR:","Vantage Mobility, LLC (VM) is recalling certain 2021-2026 Honda Odyssey, 2021-2025 Chrysler Pacifica, and Toyota Sienna vehicles equipped with QRT-Deluxe and QRT-Max wheelchair restraints. The retractors may not lock, preventing the wheelchair from being properly secured.","An unsecured wheelchair can move during transit, increasing the risk of injury.","Dealers will inspect and replace the retractors, free of charge. Owner notification letters was mailed January 27, 2026. Owners may contact Vantage Mobility customer service at 1-800-488-9082.",,"2025","TOYOTA","SIENNA"
"Toyota Motor Engineering & Manufacturing","25V086000",0,0,0,,"13/02/2025","SEATS:MID/REAR ASSEMBLY:RECLINER","Toyota Motor Engineering & Manufacturing (Toyota) is recalling certain 2021-2025 Sienna Hybrid vehicles.  The bolts for the seatbacks on the third-row seat assemblies may not be tightened properly.  As such, these vehicles fail to comply with the requirements of Federal Motor Vehicle Safety Standard (FMVSS) numbers 202, ""Head Restraints,"" 207, ""Seating Systems,"" and 225, ""Child Restraint Anchorage Systems.""","An improperly tightened seatback may not adequately restrain the occupant during a crash, increasing their risk of injury.","Dealers will tighten the seat assembly bolts, free of charge.  Owner notification letters were mailed April 1, 2025.  Owners may contact Toyota's customer service at 1-800-331-4331.  Toyota's number for this recall is 25TA05.","Owners may also contact the National Highway Traffic Safety Administration Vehicle Safety Hotline at 888-327-4236 (TTY 888-275-9171) or go to nhtsa.gov.","2025","TOYOTA","SIENNA HYBRID"
"Toyota Motor Engineering & Manufacturing","25V668000",0,0,0,,"07/10/2025","SEATS:MID/REAR ASSEMBLY","Toyota Motor Engineering & Manufacturing (Toyota) is recalling certain 2025 Sienna Hybrid vehicles. The second-row seat rails may be welded improperly.","Improperly welded seat rails can prevent the seat from adequately restraining an occupant during a crash, increasing the risk of injury.","Dealers will replace the second-row seat rails, free of charge. Interim letters notifying owners of the safety risk were mailed December 4, 2025. Additional letters will be sent once the final remedy is available, anticipated April/May 2026. Owners may contact Toyota's customer service at 1-800-331-4331. Toyota's numbers for this recall are 25TB12 and 25TA12.",,"2025","TOYOTA","SIENNA HYBRID"
"Toyota Motor Engineering & Manufacturing","25V744000",0,0,0,,"30/10/2025","BACK OVER PREVENTION:DISPLAY FUNCTION","Toyota Motor Engineering & Manufacturing (Toyota) is recalling certain 2022-2026 Toyota, Lexus, and Subaru Solterra vehicles equipped with a Panoramic View Monitor (PVM) system. Please see the recall report for a complete list of models. A software error may cause the rearview camera to freeze or display a blank screen when the vehicle is in reverse. As such, these vehicles fail to comply with the requirements of Federal Motor Vehicle Safety Standard (FMVSS) number 111, ""Rear Visibility.""","A rearview camera that fails to display an image can reduce the driver's view behind the vehicle, increasing the risk of a crash.","Dealers will update the parking assist software, free of charge. Owner letters were mailed January 2, 2026. Owners may contact Toyota's customer service at 1-800-331-4331. Toyota's numbers for this recall are 25TB13 and 25LB06. Subaru's number for this recall is WRE25.",,"2025","TOYOTA","SIENNA HYBRID"
"Rollx Vans","25V876000",0,0,0,,"17/12/2025","EQUIPMENT ADAPTIVE/MOBILITY:WHEELCHAIR RESTRAINTS/SECUREMENT:LATCH/ANCHOR:","Rollx Vans (Rollx) is recalling certain GMC Yukon, Sierra, Chevrolet Express 2500, Ford Transit, E-250, Toyota Sienna, Sienna Hybrid, Honda Odyssey, Chrysler Town and Country, Voyager, Pacifica, Dodge Grand Caravan, and Ram Promaster vehicles equipped with QRT-Deluxe and QRT-Max wheelchair restraints. Please refer to Rollx's recall report for specific model year information. The retractors may not lock, preventing the wheelchair from being properly secured.","An unsecured wheelchair can move during transit, increasing the risk of injury.","Rollx will work with Q'Straint to inspect and replace the retractors as necessary, free of charge. Owner notification letters were mailed February 5, 2026. Owners may contact Rollx's customer service at 1-800-956-6668.",,"2025","TOYOTA","SIENNA HYBRID"
"Toyota Motor Engineering & Manufacturing","25V058000",0,0,0,,"06/02/2025","SERVICE BRAKES, HYDRAULIC:FOUNDATION COMPONENTS:HOSES, LINES/PIPING, AND FITTINGS","Toyota Motor Engineering & Manufacturing (Toyota) is recalling certain 2024-2025 Tacoma 4-wheel drive vehicles.  The rear brake hoses can be damaged if mud and dirt builds up inside the rear wheels.  This can result in a brake fluid leak.","A brake fluid leak can reduce braking ability and increase the risk of a crash.","Dealers will replace both rear brake hoses, free of charge. Owner letters were mailed August 1, 2025. Owners may contact Toyota's customer service at 1-800-331-4331. Toyota's numbers for this recall are 25TB04 and 25TA04.","Owners may also contact the National Highway Traffic Safety Administration Vehicle Safety Hotline at 1-888-327-4236 (TTY 1-800-424-9153) or go to nhtsa.gov.","2025","TOYOTA","TACOMA"
"Toyota Motor Engineering & Manufacturing","25V595000",0,0,0,,"11/09/2025","ELECTRICAL SYSTEM: INSTRUMENT CLUSTER/PANEL","Toyota Motor Engineering & Manufacturing (Toyota) is recalling certain 2023-2024 Toyota Venza, 2023-2025 RAV4 Prime, RAV4, Highlander, GR Corolla, Crown, 2024-2025 Lexus TX, LS, Toyota Tacoma, Grand Highlander, and 2025 Lexus RX, Toyota Crown Signia, Camry, RAV 4 Plug-in Hybrid (PHEV), and 4 Runner vehicles. Due to an error in the instrument panel software at vehicle startup, the instrument panel may fail to display vehicle speed, brake system, and tire pressure warning lights.","An instrument panel display that does not show critical information can increase the risk of a crash or injury.","Dealers will update the instrument panel software for non-PHEV vehicles, free of charge. For PHEV vehicles, dealers will inspect the instrument panel assembly, and either replace it, or update the software, free of charge. Owner letters were mailed December 5, 2025. Owners may contact Toyota's customer service at 1-800-331-4331. Toyota's numbers for this recall are 25TB08 and 25TA08. Lexus' numbers for this recall are 25LB05 and 25LA05.",,"2025","TOYOTA","TACOMA"
"Toyota Motor Engineering & Manufacturing","25V656000",0,0,0,,"01/10/2025","POWER TRAIN:DRIVELINE:DRIVESHAFT","Toyota Motor Engineering & Manufacturing (Toyota) is recalling certain 2025 Tacoma and Tacoma Hybrid vehicles. The front driveshaft constant-velocity (CV) joint may deform and break.","A broken driveshaft can impair steering. Vehicles with full-time 4WD may experience a vehicle rollaway while parked without the parking brake applied. Both scenarios increase the risk of a crash.","Dealers will inspect and replace both front driveshaft assemblies as necessary, free of charge. Interim letters notifying owners of the safety risk were mailed November 14, 2025. Additional letters will be sent once the final remedy is available, anticipated March 2026. Owners may contact Toyota's customer service at 1-800-331-4331. Toyota's numbers for this recall are 25TB11 and 25TA11.",,"2025","TOYOTA","TACOMA"
"Toyota Motor Engineering & Manufacturing","25V322000",0,0,0,,"15/05/2025","EXTERIOR LIGHTING:BACK UP LIGHTS","Toyota Motor Engineering & Manufacturing (Toyota) is recalling certain 2022-2025 Toyota Tundra and Tundra Hybrid vehicles.  Moisture may enter the reverse light assemblies and cause a light failure.","Reverse light failure may reduce visibility, and not alert pedestrians and other drivers that the vehicle is backing up, increasing the risk of a crash.","Dealers will replace both reverse light assemblies and repair the wire harnesses as necessary, free of charge. Interim letters notifying owners of the safety risk were mailed in July 2025.Some owner notification letters were mailed September 11, 2025. The remaining owner notification letters will be mailed at a future date, anticipated in first quarter 2026. Owners may contact Toyota's customer service at 1-800-331-4331. Toyota's numbers for this recall are 24TB06 and 24TA06.",,"2025","TOYOTA","TUNDRA"
"Toyota Motor Engineering & Manufacturing","25V657000",0,0,0,,"01/10/2025","BACK OVER PREVENTION:SOFTWARE","Toyota Motor Engineering & Manufacturing (Toyota) is recalling certain 2022-2025 Tundra, Tundra Hybrid, and 2023-2025 Sequoia Hybrid vehicles. A software error may cause the rearview image not to display when the vehicle is placed in reverse. As such, these vehicles fail to comply with the requirements of Federal Motor Vehicle Safety Standard (FMVSS) number 111, ""Rear Visibility.""","A rearview image that does not display reduces the driver's view behind the vehicle, increasing the risk of a crash.","Dealers will update the multimedia display software, free of charge. Owner notification letters were mailed November 19, 2025. Owners may contact Toyota's customer service at 1-800-331-4331. Toyota's numbers for this recall are 25TB10 and 25TA10.",,"2025","TOYOTA","TUNDRA"
"Toyota Motor Engineering & Manufacturing","26V038000",0,0,0,,"23/01/2026","BACK OVER PREVENTION:SOFTWARE","Toyota Motor Engineering & Manufacturing (Toyota) is recalling certain 2024-2025 Toyota Tundra and Tundra Hybrid vehicles equipped with a Panoramic View Monitor (PVM) system. The rearview camera image may not display when the vehicle is placed in reverse. As such, these vehicles fail to comply with the requirements of Federal Motor Vehicle Safety Standard (FMVSS) number 111, ""Rear Visibility.""","A rearview camera image that does not display reduces the driver's view behind the vehicle, increasing the risk of a crash.","Dealers will update the parking assist ECU software, free of charge. Owner notification letters are expected to be mailed March 10, 2026. Owners may contact Toyota's customer service at 1-800-331-4331. Toyota's numbers for this recall are 26TB02 and 26TA02.",,"2025","TOYOTA","TUNDRA"
"Toyota Motor Engineering & Manufacturing","25V322000",0,0,0,,"15/05/2025","EXTERIOR LIGHTING:BACK UP LIGHTS","Toyota Motor Engineering & Manufacturing (Toyota) is recalling certain 2022-2025 Toyota Tundra and Tundra Hybrid vehicles.  Moisture may enter the reverse light assemblies and cause a light failure.","Reverse light failure may reduce visibility, and not alert pedestrians and other drivers that the vehicle is backing up, increasing the risk of a crash.","Dealers will replace both reverse light assemblies and repair the wire harnesses as necessary, free of charge. Interim letters notifying owners of the safety risk were mailed in July 2025.Some owner notification letters were mailed September 11, 2025. The remaining owner notification letters will be mailed at a future date, anticipated in first quarter 2026. Owners may contact Toyota's customer service at 1-800-331-4331. Toyota's numbers for this recall are 24TB06 and 24TA06.",,"2025","TOYOTA","TUNDRA HYBRID"
"Toyota Motor Engineering & Manufacturing","25V657000",0,0,0,,"01/10/2025","BACK OVER PREVENTION:SOFTWARE","Toyota Motor Engineering & Manufacturing (Toyota) is recalling certain 2022-2025 Tundra, Tundra Hybrid, and 2023-2025 Sequoia Hybrid vehicles. A software error may cause the rearview image not to display when the vehicle is placed in reverse. As such, these vehicles fail to comply with the requirements of Federal Motor Vehicle Safety Standard (FMVSS) number 111, ""Rear Visibility.""","A rearview image that does not display reduces the driver's view behind the vehicle, increasing the risk of a crash.","Dealers will update the multimedia display software, free of charge. Owner notification letters were mailed November 19, 2025. Owners may contact Toyota's customer service at 1-800-331-4331. Toyota's numbers for this recall are 25TB10 and 25TA10.",,"2025","TOYOTA","TUNDRA HYBRID"
"Toyota Motor Engineering & Manufacturing","26V038000",0,0,0,,"23/01/2026","BACK OVER PREVENTION:SOFTWARE","Toyota Motor Engineering & Manufacturing (Toyota) is recalling certain 2024-2025 Toyota Tundra and Tundra Hybrid vehicles equipped with a Panoramic View Monitor (PVM) system. The rearview camera image may not display when the vehicle is placed in reverse. As such, these vehicles fail to comply with the requirements of Federal Motor Vehicle Safety Standard (FMVSS) number 111, ""Rear Visibility.""","A rearview camera image that does not display reduces the driver's view behind the vehicle, increasing the risk of a crash.","Dealers will update the parking assist ECU software, free of charge. Owner notification letters are expected to be mailed March 10, 2026. Owners may contact Toyota's customer service at 1-800-331-4331. Toyota's numbers for this recall are 26TB02 and 26TA02.",,"2025","TOYOTA","TUNDRA HYBRID"
"Triumph Motorcycles America, Ltd.","25V531000",0,0,0,,"19/08/2025","ENGINE AND ENGINE COOLING:ENGINE:OIL/LUBRICATION","Triumph Motorcycles America, Ltd. (Triumph) is recalling certain 2024-2025 Daytona 660 motorcycles. The engine may fail due to internal damage from a disruption of oil flow.","Engine failure increases the risk of a crash.","Dealers will increase the engine oil capacity and install a redesigned dipstick, free of charge. Owner notification letters were mailed September 10, 2025. Owners may contact Triumph customer service at 1-678-854-2010. Triumph's number for this recall is SRAN 640.",,"2025","TRIUMPH","DAYTONA 660"
"Triumph Motorcycles America, Ltd.","25V141000",0,0,0,,"04/03/2025","EXTERIOR LIGHTING:TURN SIGNAL","Triumph Motorcycles America, Ltd. (Triumph) is recalling certain 2025 Speed Twin 1200, Speed Twin 1200 RS, and Speed Twin 900 motorcycles.  The red rear turn signals were installed too close to the rear tail light.  As such, these motorcycles fail to comply with the requirements of Federal Motor Vehicle Safety Standard number 108, ""Lamps, reflective devices, and associated Equipment.""","Rear turn signals that are too close to the tail lights can cause difficulty seeing the motorcycle's intentions, increasing the risk of a crash.","Dealers will replace the red rear turn signals with amber colored turn signals, free of charge.  Owner notification letters were mailed March 20, 2025.  Owners may contact Triumph customer service at 1-678-854-2010.  Triumph's number for this recall is SRAN 630.","Owners may also contact the National Highway Traffic Safety Administration Vehicle Safety Hotline at 888-327-4236 (TTY 888-275-9171) or go to nhtsa.gov.","2025","TRIUMPH","SPEED TWIN 900"
"VinFast Auto, LLC","25V559000",0,0,0,,"28/08/2025","LANE DEPARTURE: LANE KEEP: AUTOMATIC STEERING","VinFast Auto, LLC (VinFast) is recalling certain 2023-2025 VF8 vehicles. The Advanced Driver Assistance System (ADAS) may activate during wide turns, causing unexpected steering wheel movements that are difficult for the driver to override.","A steering wheel that moves unexpectedly may increase the risk of a crash.","VinFast will update the ADAS software, free of charge. Owner notification letters were mailed October 27, 2025. Owners may contact VinFast customer service at 1-833-503-0600.",,"2025","VINFAST","VF 8"
"VinFast Auto, LLC","24V933000",0,0,0,,"17/12/2024","AIR BAGS","VinFast Auto, LLC (VinFast) is recalling certain 2023-2025 VF8 vehicles.  The center air bag mounted in the driver's seat may deploy improperly during a side impact crash and strike the driver's arm.","An air bag that strikes the driver increases the risk of injury.","Dealers will replace the center air bag, free of charge.  Owner notification letters were mailed January 23, 2025.  Owners may contact VinFast customer service at 1-833-503-0600.","Owners may also contact the National Highway Traffic Safety Administration Vehicle Safety Hotline at 1-888-327-4236 (TTY 1-800-424-9153) or go to nhtsa.gov.","2025","VINFAST","VF8"
"Volkswagen Group of America, Inc.","25V081000",0,0,0,,"12/02/2025","POWER TRAIN:AUTOMATIC TRANSMISSION","Volkswagen Group of America, Inc. (Volkswagen) is recalling certain 2025 Atlas and Atlas Cross Sport vehicles.  The transmission may have been manufactured incorrectly, which can result in a loss of drive power.","A sudden loss of drive power can increase the risk of a crash.","Dealers will replace the transmission, free of charge.  Owner notification letters were mailed March 12, 2025.  Owners may contact Volkswagen customer service at 1-800-893-5298.  Volkswagen's number for this recall is 38CX.","Owners may also contact the National Highway Traffic Safety Administration Vehicle Safety Hotline at 1-888-327-4236 (TTY 1-888-275-9153) or go to nhtsa.gov.","2025","VOLKSWAGEN","ATLAS"
"Volkswagen Group of America, Inc.","25V100000",0,0,0,,"17/02/2025","ENGINE","Volkswagen Group of America, Inc. (Volkswagen) is recalling certain 2024-2025 Atlas and Atlas Cross Sport vehicles.  The engine cover may have been improperly installed after vehicle service, allowing it to come loose and contact hot engine surfaces.","A loose engine cover that contacts hot surfaces in the engine compartment can melt, increasing the risk of a fire.","Dealers will remove the engine cover, free of charge.  Owner notification letters were mailed March 7, 2025.  Owners may contact Volkswagen customer service at 800-893-5298.  Volkswagen's number for this recall is 10X5.","Owners may also contact the National Highway Traffic Safety Administration Vehicle Safety Hotline at 888-327-4236 (TTY 888-275-9171) or go to nhtsa.gov.","2025","VOLKSWAGEN","ATLAS"
"Volkswagen Group of America, Inc.","25V334000",0,0,0,,"21/05/2025","BACK OVER PREVENTION: SENSING SYSTEM: CAMERA","Volkswagen Group of America, Inc. (Volkswagen) is recalling certain 2024-2025 Atlas Cross Sport and Atlas vehicles. A software error may cause the rearview camera image to become distorted when the vehicle is in reverse. As such, these vehicles fail to comply with the requirements of Federal Motor Vehicle Safety Standard number 111, ""Rear Visibility.""","A distorted rearview camera image can reduce the driver's view of what is behind the vehicle, increasing the risk of a crash.","Dealers will update the camera control unit software, free of charge. Owner notification letters were mailed June 5, 2025. Owners may contact Volkswagen customer service at 1-800-893-5298. Volkswagen's number for this recall is 91SB.",,"2025","VOLKSWAGEN","ATLAS"
"Volkswagen Group of America, Inc.","25V434000",0,0,0,,"30/06/2025","SERVICE BRAKES","Volkswagen Group of America, Inc. (Volkswagen) is recalling certain 2023-2025 Atlas, Atlas Cross Sport and 2023-2024 ID.4 vehicles. Certain bolts on the chassis, brake system and/or suspension (such as bolts for certain  cross member, engine mount, control arm, subframe, rear brake carrier, etc.) of affected vehicles may not have been correctly tightened during the manufacturing process.","A loss of vehicle control increases the risk of a crash.","Dealers will replace the bolts as necessary, free of charge. Owner notification letters were mailed July 25, 2025. Owners may contact Audi customer service at 1-800-253-2834. Volkswagen's number for this recall is 42HX.",,"2025","VOLKSWAGEN","ATLAS"
"Volkswagen Group of America, Inc.","25V081000",0,0,0,,"12/02/2025","POWER TRAIN:AUTOMATIC TRANSMISSION","Volkswagen Group of America, Inc. (Volkswagen) is recalling certain 2025 Atlas and Atlas Cross Sport vehicles.  The transmission may have been manufactured incorrectly, which can result in a loss of drive power.","A sudden loss of drive power can increase the risk of a crash.","Dealers will replace the transmission, free of charge.  Owner notification letters were mailed March 12, 2025.  Owners may contact Volkswagen customer service at 1-800-893-5298.  Volkswagen's number for this recall is 38CX.","Owners may also contact the National Highway Traffic Safety Administration Vehicle Safety Hotline at 1-888-327-4236 (TTY 1-888-275-9153) or go to nhtsa.gov.","2025","VOLKSWAGEN","ATLAS CROSS SPORT"
"Volkswagen Group of America, Inc.","25V100000",0,0,0,,"17/02/2025","ENGINE","Volkswagen Group of America, Inc. (Volkswagen) is recalling certain 2024-2025 Atlas and Atlas Cross Sport vehicles.  The engine cover may have been improperly installed after vehicle service, allowing it to come loose and contact hot engine surfaces.","A loose engine cover that contacts hot surfaces in the engine compartment can melt, increasing the risk of a fire.","Dealers will remove the engine cover, free of charge.  Owner notification letters were mailed March 7, 2025.  Owners may contact Volkswagen customer service at 800-893-5298.  Volkswagen's number for this recall is 10X5.","Owners may also contact the National Highway Traffic Safety Administration Vehicle Safety Hotline at 888-327-4236 (TTY 888-275-9171) or go to nhtsa.gov.","2025","VOLKSWAGEN","ATLAS CROSS SPORT"
"Volkswagen Group of America, Inc.","25V334000",0,0,0,,"21/05/2025","BACK OVER PREVENTION: SENSING SYSTEM: CAMERA","Volkswagen Group of America, Inc. (Volkswagen) is recalling certain 2024-2025 Atlas Cross Sport and Atlas vehicles. A software error may cause the rearview camera image to become distorted when the vehicle is in reverse. As such, these vehicles fail to comply with the requirements of Federal Motor Vehicle Safety Standard number 111, ""Rear Visibility.""","A distorted rearview camera image can reduce the driver's view of what is behind the vehicle, increasing the risk of a crash.","Dealers will update the camera control unit software, free of charge. Owner notification letters were mailed June 5, 2025. Owners may contact Volkswagen customer service at 1-800-893-5298. Volkswagen's number for this recall is 91SB.",,"2025","VOLKSWAGEN","ATLAS CROSS SPORT"
"Volkswagen Group of America, Inc.","25V434000",0,0,0,,"30/06/2025","SERVICE BRAKES","Volkswagen Group of America, Inc. (Volkswagen) is recalling certain 2023-2025 Atlas, Atlas Cross Sport and 2023-2024 ID.4 vehicles. Certain bolts on the chassis, brake system and/or suspension (such as bolts for certain  cross member, engine mount, control arm, subframe, rear brake carrier, etc.) of affected vehicles may not have been correctly tightened during the manufacturing process.","A loss of vehicle control increases the risk of a crash.","Dealers will replace the bolts as necessary, free of charge. Owner notification letters were mailed July 25, 2025. Owners may contact Audi customer service at 1-800-253-2834. Volkswagen's number for this recall is 42HX.",,"2025","VOLKSWAGEN","ATLAS CROSS SPORT"
"Volkswagen Group of America, Inc.","25V233000",0,0,0,,"10/04/2025","ELECTRICAL SYSTEM: INSTRUMENT CLUSTER/PANEL","Volkswagen Group of America, Inc. (Volkswagen) is recalling certain 2025 ID. Buzz vehicles.  The brake system warning light on the instrument panel display may be the incorrect symbol and color.  As such, these vehicles fail to comply with the requirements of Federal Motor Vehicle Safety Standard numbers 135, ""Light Vehicle Brake Systems"" and 101, ""Control and Displays.""","An incorrectly displayed warning light can fail to alert the driver to critical safety information, increasing the risk of a crash.","Dealers will update the instrument panel software, free of charge.  Owner notification letters were mailed June 6, 2025.  Owners may contact Volkswagen customer service at 1-800-893-5298.  Volkswagen's number for this recall is 90A2.","Owners may also contact the National Highway Traffic Safety Administration Vehicle Safety Hotline at 1-888-327-4236 (TTY 1- 888-275-9171) or go to www.safercar.gov.","2025","VOLKSWAGEN","ID. BUZZ"
"Volkswagen Group of America, Inc.","25V269000",0,0,0,,"15/05/2025","SEATS:MID/REAR ASSEMBLY","Volkswagen Group of America, Inc. (Volkswagen) is recalling certain 2025 ID. BUZZ vehicles. The third-row rear bench is wide enough for three passengers, but is designed for two passengers and equipped with two seat belts.  As such, these vehicles fail to comply with the requirements of Federal Motor Vehicle Safety Standard number 208, ""Occupant Crash Protection.""","In the event that more than two passengers sit in the rear bench seat, there would not be enough seat belts, increasing the risk of injury during a crash.","Dealers will install trim to adjust the width of the third-row rear seats, free of charge.  Owner notification letters were mailed June 20, 2025.  Owners may contact Volkswagen customer service at 1-800-893-5298.  Volkswagen's number for this recall is 72LC.","Owners may also contact the National Highway Traffic Safety Administration Vehicle Safety Hotline at 1-888-327-4236 (TTY 1- 888-275-9171) or go to www.safercar.gov.","2025","VOLKSWAGEN","ID. BUZZ"
"Volkswagen Group of America, Inc.","26V030000",0,0,0,,"21/01/2026","ELECTRICAL SYSTEM:PROPULSION SYSTEM:TRACTION BATTERY","Volkswagen Group of America, Inc. (Volkswagen) is recalling certain 2023-2025 ID.4 vehicles. The high-voltage battery may overheat.","A high-voltage battery that overheats increases the risk of a fire.","Dealers will update the high-voltage battery software, and replace the high-voltage battery, as necessary, free of charge. Owner notification letters were mailed March 18, 2026. Owners may contact Volkswagen customer service at 1-800-893-5298. Volkswagen's number for this recall is 93EA. Vehicle Identification Numbers (VINs) involved in this recall became searchable on NHTSA.gov on January 23, 2026.",,"2025","VOLKSWAGEN","ID.4"
"Volkswagen Group of America, Inc.","26V138000",0,0,0,,"11/03/2026","ELECTRICAL SYSTEM:WIRING","Volkswagen Group of America, Inc. (Volkswagen) is recalling certain 2025-2026 Jetta vehicles. The transmission ground wire may not have been properly connected during assembly, causing an open electrical circuit.","An open circuit may draw a higher current and increase the risk of a fire.","Dealers will inspect and repair transmission ground wire as necessary, free of charge. Owner notification letters are expected to be mailed May 8, 2026. Owners may contact Volkswagen customer service at 1-800-893-5298. Volkswagen's number for this recall is 97TC. Vehicle Identification Numbers (VINs) involved in this recall became searchable on NHTSA.gov on March 13, 2026.",,"2025","VOLKSWAGEN","JETTA"
"Volkswagen Group of America, Inc.","25V526000",0,0,0,,"13/08/2025","STEERING:LINKAGES:TIE ROD ASSEMBLY","Volkswagen Group of America, Inc. (Volkswagen) is recalling certain 2025 Tiguan vehicles. A tie rod bolt on the rear axle assembly may be loose, which can lead to a loss of vehicle control.","A loss of vehicle control increases the risk of a crash.","Dealers will replace the affected tie rod bolt, free of charge. Owner notification letters were mailed September 5, 2025. Owners may contact Volkswagen customer service at 800-893-5298. Volkswagen's number for this recall is 42E7.",,"2025","VOLKSWAGEN","TIGUAN"
"Volkswagen Group of America, Inc.","25V854000",0,0,0,,"10/12/2025","AIR BAGS:SENSOR:OCCUPANT CLASSIFICATION:FRONT PASSENGER","Volkswagen Group of America, Inc. (Volkswagen) is recalling certain 2025 Tiguan vehicles. The passenger occupant detection system (PODS) may experience a fault in the wiring and deactivate the front passenger air bag when the seat is occupied.","A deactivated passenger air bag increases the risk of injury during a crash.","Owners are advised not to allow occupants to sit in the front passenger seat until the remedy is complete. Dealers will repair the affected wiring harness in the front passenger seat, free of charge. Owner notification letters were mailed February 5, 2026. Owners may contact Volkswagen's customer service at 1-800-893-5298. Volkswagen's number for this recall is 74HE. Vehicle Identification Numbers (VINs) involved in this recall became searchable on NHTSA.gov on December 12, 2025.",,"2025","VOLKSWAGEN","TIGUAN"
"Volvo Car USA, LLC","26V001000",0,1,0,,"02/01/2026","ELECTRICAL SYSTEM:PROPULSION SYSTEM:TRACTION BATTERY","Volvo Car USA, LLC (Volvo Car) is recalling certain 2025 EX30 vehicles. The high-voltage battery may experience a short circuit and overheat.","A high-voltage battery that overheats increases the risk of a fire.","Owners are advised to park outside and away from structures and limit their charge to a maximum of 70% until the recall repair is complete. The remedy is currently under development. Once the repair is available, repairs will be performed free of charge. Owner notification letters are expected to be mailed February 23, 2026. Owners may contact Volvo Car’s customer service at 1-800-458-1552. Volvo Car's number for this recall is R10355. Vehicle Identification Numbers (VINs) involved in this recall will be searchable on NHTSA.gov beginning January 26, 2026.",,"2025","VOLVO","EX30"
"Volvo Car USA, LLC","26V103000",0,0,0,,"20/02/2026","ELECTRICAL SYSTEM:PROPULSION SYSTEM:TRACTION BATTERY","Volvo Car USA, LLC (Volvo Car) is recalling certain 2025 EX30 vehicles. The high voltage battery may experience a short circuit and overheat.","A high voltage battery that overheats increases the risk of a fire.","Owners are advised to limit their charge to a maximum of 70% until the recall repair is complete. Dealers will inspect and replace the battery modules as necessary, free of charge. Interim letters notifying owners of the safety risk were mailed March 16, 2026. Additional letters will be sent once the final remedy is available. Owners may contact Volvo Car’s customer service at 1-800-458-1552. Vehicle Identification Numbers (VINs) involved in this recall became searchable on NHTSA.gov on February 23, 2026.  This recall replaces and expands previous NHTSA recall number 26V001.",,"2025","VOLVO","EX30"
"Volvo Car USA, LLC","26V136000",0,0,0,,"11/03/2026","SEAT BELTS:FRONT:WARNING LIGHT/DEVICES","Volvo Car USA, LLC (Volvo Car) is recalling certain 2025-2026 EX30 and 2026 EX30CC vehicles. The seat belt warning system may not activate the audible warning chime as intended. As such, these vehicles fail to comply with the requirements of Federal Motor Vehicle Safety Standard number 208, ""Occupant Crash Protection.""","An audible warning chime that does not properly alert of an unbelted seat belt can increase the risk of injury during a crash.","Dealers will replace the terminals at the audio module connector, free of charge. Owner notification letters are expected to be mailed April 3, 2026. Owners may contact Volvo Car’s customer service at 1-800-458-1552. Volvo Car’s number for this recall is R10365. Vehicle Identification Numbers (VINs) involved in this recall became searchable on NHTSA.gov on March 13, 2026.",,"2025","VOLVO","EX30"
"Volvo Car USA, LLC","25V282000",0,0,1,,"08/05/2025","BACK OVER PREVENTION:SOFTWARE","Volvo Car USA, LLC (Volvo Car) is recalling certain 2021-2025 XC40, 2022 V90, 2022-2025 S90, V90CC, C40, XC60, 2023-2025 S60, V60, V60CC, XC90, and 2025 EC40 and EX40 vehicles.  The rearview camera image may not display when the vehicle is placed in reverse.  As such, these vehicles fail to comply with the requirements of Federal Motor Vehicle Safety Standard number 111, ""Rear Visibility.""","A rearview camera image that does not display reduces the driver's view of what is behind the vehicle, increasing the risk of a crash.","The software will be updated by a dealer or through an over-the-air (OTA) update, free of charge.  Owner notification letters were mailed June 27, 2025.  Owners may contact Volvo Car customer service at 1-800-458-1552.  Volvo Car's number for this recall is R10320.","Owners may also contact the National Highway Traffic Safety Administration Vehicle Safety Hotline at 1-888-327-4236 (TTY 1-800-424-9153), or go to www.nhtsa.gov.","2025","VOLVO","EX40"
"Volvo Car USA, LLC","25V392000",0,0,0,,"24/06/2025","SERVICE BRAKES, HYDRAULIC:POWER ASSIST:ELECTRIC:CONTROL MODULE:SOFTWARE","Volvo Car USA, LLC (Volvo Car) is recalling certain 2023 Volvo C40 BEV, 2025 EC40, 2023-2024 XC40 BEV, 2020-2026 XC90 PHEV, 2022-2026 XC60 PHEV, 2023-2025 S60 PHEV, 2024-2025 V60 PHEV, and 2025-2026 EX40 and 2025 S90 PHEV vehicles. In certain driving scenarios while coasting down a hill and using ""B"" mode or ""One Pedal Drive,"" the vehicle may lose brake function.","A loss of brake function increases the risk of a crash.","Owners are advised not to use ""B"" Mode (for plug-in hybrid vehicles) or ""One Pedal Drive"" (for pure electric vehicles) until the repair has been completed. The brake module software will be updated over-the-air (OTA) or by a dealer, free of charge. Owner notification letters were mailed July 15, 2025. Owners may contact Volvo Car's customer service at 1-800-458-1552. Volvo Car's number for this recall is R10329.",,"2025","VOLVO","EX40"
"Volvo Car USA, LLC","25V908000",0,0,0,,"23/12/2025","BACK OVER PREVENTION:SOFTWARE","Volvo Car USA, LLC (Volvo Car) is recalling certain 2021-2025 XC40, 2022 V90, 2022-2024 C40BEV, 2022-2025 S90, V90CC, XC60, 2023-2025 S60, V60, V60CC, XC90, and 2025 EC40, and EX40 vehicles. The rearview camera image may not display when the vehicle is placed in reverse. As such, these vehicles fail to comply with the requirements of Federal Motor Vehicle Safety Standard number 111, ""Rear Visibility.""","A rearview camera image that does not display reduces the driver's view behind the vehicle, increasing the risk of a crash.","The software will be updated by a dealer or through an over-the-air (OTA) update, free of charge. Owner notification letters were mailed February 24, 2026. Owners may contact Volvo Car’s customer service at 1-800-458-1552. Volvo Car's number for this recall is R10333. Vehicle Identification Numbers (VINs) involved in this recall will be searchable on NHTSA.gov beginning February 16, 2026. This recall replaces previous NHTSA recall number 25V282. Vehicles previously repaired under recall 25V282 will need to have the new remedy performed.",,"2025","VOLVO","EX40"
"Volvo Car USA, LLC","24V869000",0,0,0,,"19/11/2024","SEATS:CRITICAL FASTENERS","Volvo Car USA, LLC (Volvo Car) is recalling certain 2025 EX90 vehicles.  The bolts for the second-row free-standing seat may not be tightened properly.","An improperly tightened seat may not adequately restrain the occupant during a crash, increasing their risk of injury.","Dealers will inspect and tighten the bolts as necessary, free of charge.  Owner notification letters were mailed January 10, 2025.  Owners may contact Volvo Car customer service at 1-800-458-1552.  Volvo's number for this recall is R10292.","Owners may also contact the National Highway Traffic Safety Administration Vehicle Safety Hotline at 1-888-327-4236 (TTY 1-800-424-9153) or go to nhtsa.gov.","2025","VOLVO","EX90"
"Volvo Car USA, LLC","25V071000",0,0,0,,"07/02/2025","EXTERIOR LIGHTING:HEADLIGHTS:CONCEALMENT DEVICES","Volvo Car USA, LLC (Volvo) is recalling certain 2025 EX90 vehicles.  Due to a software error in the low power controller (LPC), the headlight shutters may close over the high and low beams while driving.","A loss of headlight function while driving can reduce visibility and increase the risk of a crash.","The LPC software will be updated manually, free of charge.  Owner notification letters were mailed March 12, 2025.  Owners may contact Volvo's customer service at 1-800-458-1552.  Volvo's number for this recall is R10298.","Owners may also contact the National Highway Traffic Safety Administration Vehicle Safety Hotline at 1-888-327-4236 (TTY 1-888-275-9171) or go to nhtsa.gov.","2025","VOLVO","EX90"
"Volvo Car USA, LLC","25V654000",0,0,0,,"30/09/2025","STRUCTURE:BODY:HATCHBACK/LIFTGATE:SUPPORT DEVICE/STRUT","Volvo Car USA, LLC (Volvo) is recalling certain 2025 EX90 vehicles. A spindle nut may detach from the Power Operated Tailgate (POT) drive units, causing the tailgate to suddenly drop.","A tailgate that suddenly drops can hit a person, increasing the risk of injury.","Owners are advised not to use the POT function until the repair is completed. Dealers will replace both POT drive units. Owner letters were mailed November 24, 2025. Owners may contact Volvo's customer service at 1-800-458-1552. Volvo's number for this recall is R10342. Vehicle Identification Numbers (VINs) involved in this recall will be searchable on NHTSA.gov beginning October 7, 2025.",,"2025","VOLVO","EX90"
"Volvo Trucks North America","24V791000",0,0,0,,"23/10/2024","SERVICE BRAKES, HYDRAULIC:ANTILOCK/TRACTION CONTROL/ELECTRONIC LIMITED SLIP:ABS WARNING LIGHT","Volvo Trucks North America (Volvo Trucks) is recalling one 2025 New VN truck.  A software error in the instrument cluster may cause the anti-lock brake system (ABS) warning light not to illuminate.  As such, this vehicle fails to comply with the requirements of Federal Motor Vehicle Safety Standard number 121, ""Air Brake Systems.""","An ABS warning light that fails to illuminate will not alert the driver of an ABS malfunction, which could increase the risk of a crash.","A dealer will reprogram the software, free of charge.  Owners may contact Volvo Customer Service at 1-800-528-6586.  Volvo's number for this recall is RVXX2410.","Owners may also contact the National Highway Traffic Safety Administration Vehicle Safety Hotline at 1-888-327-4236 (TTY 1-800-424-9153) or go to nhtsa.gov.","2025","VOLVO","NEW VN"
"Volvo Trucks North America","25V102000",0,0,0,,"18/02/2025","SERVICE BRAKES, AIR:CONTROLS:PROPORTIONING RELAY VALVE","Volvo Trucks North America (Volvo Trucks) is recalling certain 2023-2025 New VN trucks.  The brakes may take longer than expected to activate.  As such, these vehicles fail to comply with the requirements of Federal Motor Vehicle Safety Standard (FMVSS) number 121, ""Air Brake Systems.""","Delayed brake activation can extend the distance required to stop, increasing the risk of a crash.","Dealers will install a new pneumatic circuit, free of charge.  Owner notification letters were mailed March 11, 2025.  Owners may contact Volvo Trucks' customer service at 800-528-6586.  Volvo Trucks' number for this recall is RVXX2502.","Owners may also contact the National Highway Traffic Safety Administration Vehicle Safety Hotline at 888-327-4236 (TTY 888-275-9171) or go to nhtsa.gov.","2025","VOLVO","NEW VN"
"Volvo Trucks North America","25V214000",0,0,0,,"08/04/2025","INTERIOR LIGHTING","Volvo Trucks North America (Volvo Trucks) is recalling certain 2023-2026 New VN trucks.  The hazard switch back lighting may become inoperative.  As such, these vehicles fail to comply with the requirements of Federal Motor Vehicle Safety Standard (FMVSS) number 101, ""Controls and Displays.""","A hazard switch that is not illuminated may be difficult to locate when needed, increasing the risk of a crash or injury.","Dealers will update the vehicle master control unit (VMCU) software, free of charge.  Owner notification letters were mailed April 25, 2025.  Owners may contact Volvo Trucks' customer service at 800-528-6586.  Volvo Trucks' number for this recall is RVXX2503.","Owners may also contact the National Highway Traffic Safety Administration Vehicle Safety Hotline at 888-327-4236 (TTY 888-275-9171) or go to nhtsa.gov.","2025","VOLVO","NEW VN"
"Volvo Trucks North America","25V257000",0,0,0,,"17/04/2025","ENGINE AND ENGINE COOLING:ENGINE:DIESEL","Volvo Trucks North America (Volvo Trucks) is recalling certain 2022-2025 Volvo VN and 2025 New VN trucks.  The idler gear bracket fasteners may have been improperly tightened, allowing the idler gear to detach from the engine.","A detached idler gear can damage the engine, resulting in a stall and increasing the risk of a crash or injury.","Dealers will inspect and replace the turbo compound units as necessary, free of charge.  Owner notification letters are expected to be mailed April 28, 2025.  Owners may contact Volvo Trucks' customer service at 1-800-528-6586.  Volvo Trucks' number for this recall is RVXX2504.","Owners may also contact the National Highway Traffic Safety Administration Vehicle Safety Hotline at 888-327-4236 (TTY 888-275-9171) or go to nhtsa.gov.","2025","VOLVO","NEW VN"
"Volvo Trucks North America","25V520000",0,0,0,,"11/08/2025","STEERING","Volvo Trucks North America (Volvo Trucks) is recalling certain 2025-2026 Volvo New VN trucks. The dynamic steering and oversteer guidance feature may malfunction and cause a loss of steering control.","A loss of steering control increases the risk of a crash.","The oversteer guidance feature will be disabled through an over-the-air (OTA) update or by a dealer, free of charge. Owner notification letters were mailed August 22, 2025. Owners may contact Volvo Trucks' customer service at 1-800-528-6586. Volvo Trucks' number for this recall is RVXX2506.",,"2025","VOLVO","NEW VN"
"Volvo Trucks North America","25V621000",0,0,0,,"18/09/2025","EXTERIOR LIGHTING:LIGHTING CONTROL MODULE","Volvo Trucks North America (Volvo Trucks) is recalling certain 2025-2026 New VN trucks. When towing a trailer, the trailer lights may fail to illuminate due to an improperly manufactured body control module.","Trailer tail lights and turn signals that do not illuminate as intended can reduce visibility to other drivers, increasing the risk of a crash.","Dealers will replace the trailer body input/output module, free of charge. Owner notification letters are expected to be mailed November 17, 2025. Owners may contact Volvo Trucks' customer service at 800-528-6586. Volvo Trucks' number for this recall is RVXX2507. Vehicle Identification Numbers (VINs) involved in this recall will be searchable on NHTSA.gov beginning September 25, 2025.",,"2025","VOLVO","NEW VN"
"Volvo Trucks North America","25V757000",0,0,0,,"03/11/2025","EXTERIOR LIGHTING","Volvo Trucks North America (Volvo Trucks) is recalling certain 2025-2026 New VN trucks. The roof center marker lights may fail to illuminate. As such, these vehicles fail to comply with the requirements of Federal Motor Vehicle Safety Standard number 108, ""Lamps, Reflective Devices, and Associated Equipment.""","Marker lights that fail to illuminate can reduce visibility to other drivers, increasing the risk of a crash.","Dealers will replace the center roof marker light, free of charge. Owner notification letters are expected to be mailed January 2, 2026. Owners may contact Volvo Trucks' customer service at 800-528-6586. Volvo Trucks' number for this recall is RVXX2509. Vehicle Identification Numbers (VINs) involved in this recall will be searchable on NHTSA.gov beginning November 10, 2025.",,"2025","VOLVO","NEW VN"
"Volvo Trucks North America","25V621000",0,0,0,,"18/09/2025","EXTERIOR LIGHTING:LIGHTING CONTROL MODULE","Volvo Trucks North America (Volvo Trucks) is recalling certain 2025-2026 New VN trucks. When towing a trailer, the trailer lights may fail to illuminate due to an improperly manufactured body control module.","Trailer tail lights and turn signals that do not illuminate as intended can reduce visibility to other drivers, increasing the risk of a crash.","Dealers will replace the trailer body input/output module, free of charge. Owner letters were mailed November 19, 2025. Owners may contact Volvo Trucks' customer service at 800-528-6586. Volvo Trucks' number for this recall is RVXX2507. Vehicle Identification Numbers (VINs) involved in this recall will be searchable on NHTSA.gov beginning September 25, 2025.",,"2025","VOLVO","VNL (4)"
"Volvo Trucks North America","25V102000",0,0,0,,"18/02/2025","SERVICE BRAKES, AIR:CONTROLS:PROPORTIONING RELAY VALVE","Volvo Trucks North America (Volvo Trucks) is recalling certain 2023-2025 New VN trucks.  The brakes may take longer than expected to activate.  As such, these vehicles fail to comply with the requirements of Federal Motor Vehicle Safety Standard (FMVSS) number 121, ""Air Brake Systems.""","Delayed brake activation can extend the distance required to stop, increasing the risk of a crash.","Dealers will install a new pneumatic circuit, free of charge.  Owner notification letters were mailed March 11, 2025.  Owners may contact Volvo Trucks' customer service at 800-528-6586.  Volvo Trucks' number for this recall is RVXX2502.","Owners may also contact the National Highway Traffic Safety Administration Vehicle Safety Hotline at 888-327-4236 (TTY 888-275-9171) or go to nhtsa.gov.","2025","VOLVO","VNL (4)"
"Volvo Trucks North America","25V802000",0,0,0,,"20/11/2025","EQUIPMENT:MECHANICAL","Volvo Trucks North America (Volvo Trucks) is recalling certain 2024-2026 VNL (4) vehicles. The load lock clamps, located on the back of the cab, may loosen and cause the load lock bars to become unsecured.","A loose or unsecured load lock bar can result in a loss of cargo, creating a road hazard and increasing the risk of a crash.","Dealers will replace the load lock clamps, free of charge. Owner notification letters were mailed December 18, 2025. Owners may contact Volvo Trucks' customer service at 800-528-6586. Volvo Trucks' number for this recall is RVXX2512. Vehicle Identification Numbers (VINs) involved in this recall will be searchable on NHTSA.gov beginning November 27, 2025.",,"2025","VOLVO","VNL (4)"
"Volvo Trucks North America","25V804000",0,0,0,,"20/11/2025","EXTERIOR LIGHTING:LIGHTING CONTROL MODULE:SOFTWARE","Volvo Trucks North America (Volvo Trucks) is recalling certain 2026 VNR (4) and 2024-2026 VNL (4) vehicles. The automatic high beams (AHB) may not switch to low beam headlights as intended.  As such, these vehicles fail to comply with the requirements of Federal Motor Vehicle Safety Standard number 108, ""Lamps, Reflective Devices, and Associated Equipment.""","High beam headlights that do not switch to low beam as intended can reduce visibility for oncoming traffic, increasing the risk of a crash.","As an interim action, Volvo Trucks will update the vehicle software through an over-the-air (OTA) update to disable the AHB feature, free of charge. The final remedy is under development. Interim owner notification letters were mailed January 7, 2026. Additional letters will be sent once the final remedy is available, anticipated June 1, 2026. Owners may contact Volvo Trucks' customer service at 800-528-6586. Volvo Trucks' number for this recall is RVXX2511. Vehicle Identification Numbers (VINs) involved in this recall will be searchable on NHTSA.gov beginning November 19, 2025.",,"2025","VOLVO","VNL (4)"
"Volvo Trucks North America","25V257000",0,0,0,,"17/04/2025","ENGINE AND ENGINE COOLING:ENGINE:DIESEL","Volvo Trucks North America (Volvo Trucks) is recalling certain 2022-2025 Volvo VN and 2025 New VN trucks.  The idler gear bracket fasteners may have been improperly tightened, allowing the idler gear to detach from the engine.","A detached idler gear can damage the engine, resulting in a stall and increasing the risk of a crash or injury.","Dealers will inspect and replace the turbo compound units as necessary, free of charge.  Owner notification letters were mailed April 28, 2025.  Owners may contact Volvo Trucks' customer service at 1-800-528-6586.  Volvo Trucks' number for this recall is RVXX2504.","Owners may also contact the National Highway Traffic Safety Administration Vehicle Safety Hotline at 888-327-4236 (TTY 888-275-9171) or go to nhtsa.gov.","2025","VOLVO","VNL (4)"
"Volvo Trucks North America","26V076000",0,0,0,,"10/02/2026","PARKING BRAKE","Volvo Trucks North America (Volvo Trucks) is recalling certain 2024-2027 VNL (4) vehicles that do not include auxiliary parking brakes.  If the vehicle is in weight bias mode there may not be enough weight on the parking brake axle, which could result in inadequate parking brake force.","Inadequate parking brake force can result in a rollaway, increasing the risk of a crash.","Dealers will replace the brake chambers, free of charge. Owner notification letters are expected to be mailed April 10, 2026. Owners may contact Volvo Trucks' customer service at 800-528-6586. Volvo Trucks' number for this recall is RVXX2601. Vehicle Identification Numbers (VINs) involved in this recall will be searchable on NHTSA.gov beginning Feb 17, 2026.",,"2025","VOLVO","VNL (4)"
"Daimler Trucks North America, LLC","24V393000",0,0,0,,"03/06/2024","WHEELS:HUB","Daimler Trucks North America, LLC (DTNA) is recalling certain 2025 Freightliner Custom Chassis MC, MT45, MT45G, MT55, S2C 106, S2RV 106, XBS, XCM, XCP, XCR, XCS, Freightliner 108SD, 114SD, Business Class M2, Western Star 47X, 49X, 57X, and Thomas Built Buses Saf-T-Liner C2 transit buses, cabs, and chassis.  The wheel hub fasteners may loosen and cause the wheel to detach, which can result in a loss of vehicle control.","A loss of vehicle control increases the risk of a crash.","Dealers will inspect and replace the hub nut retaining system, wheel end, and axle components, as necessary free of charge.  Owner notification letters were mailed July 18, 2024.  Owners may contact DTNA customer service at 800-745-8000.  DTNA's number for this recall is F1002.","Owners may also contact the National Highway Traffic Safety Administration Vehicle Safety Hotline at 1-888-327-4236 (TTY 1-800-424-9153), or go to www.nhtsa.gov.","2025","WESTERN STAR","47X"
"Daimler Trucks North America, LLC","24V402000",0,0,0,,"04/06/2024","STEERING:LINKAGES:TIE ROD ASSEMBLY","Daimler Trucks North America, LLC (DTNA) is recalling certain 2025 Freightliner Cascadia, 108SD, 114SD, Business Class M2, Western Star 47X, 49X, Freightliner Custom Chassis S2RV 106, and S2C 106 transit buses, cabs, and chassis.  The front axle tie rod ball joint studs may crack and break, which can result in tie rod separation.","Tie rod separation can cause a sudden loss of steering control and increase the risk of a crash.","Dealers will replace the tie rod assembly, free of charge.  Owner notification letters were mailed July 25, 2024.  Owners may contact DTNA customer service at 800-745-8000.  DTNA's number for this recall is D24R6.","Owners may also contact the National Highway Traffic Safety Administration Vehicle Safety Hotline at 1-888-327-4236 (TTY 1-800-424-9153), or go to www.nhtsa.gov.","2025","WESTERN STAR","47X"
"Daimler Trucks North America, LLC","24V509000",0,0,0,,"03/07/2024","STEERING:LINKAGES:TIE ROD ASSEMBLY","Daimler Trucks North America, LLC (DTNA) is recalling certain 2025 Freightliner Cascadia, 114SD, Western Star 47X, and 49X transit buses equipped with Composolite EXS20 steerable lift axle suspension assemblies.  The tie rod assembly ball stud could have been improperly heat treated and can fail.","The ball stud can separate from the vehicle becoming a road hazard, increasing the risk of a crash.","Dealers will replace the tie rod assembly, free of charge.  Owner notification letters were mailed August 26, 2024.  Owners may contact DTNA customer service at 800-745-8000.  DTNA's number for this recall is F1005.","Owners may also contact the National Highway Traffic Safety Administration Vehicle Safety Hotline at 1-888-327-4236 (TTY 1-800-424-9153), or go to www.safercar.gov.","2025","WESTERN STAR","47X"
"Daimler Trucks North America, LLC","24V571000",0,0,0,,"01/08/2024","STEERING:LINKAGES:TIE ROD ASSEMBLY","Daimler Trucks North America, LLC (DTNA) is recalling certain 2025 Freightliner 108SD, 114SD, Business Class M2, Cascadia and Western Star 47X vehicles.  The tie rod in the front axle may contain ball studs that have been incorrectly heat-treated, which can cause them to break, and result in tie rod failure.","Tie rod failure can cause a loss of vehicle steering control and increase the risk of a crash.","Dealers will inspect and replace the tie rod assembly, as necessary free of charge.  Owner notification letters were mailed September 27, 2024.  Owners may contact DTNA customer service at 800-745-8000.  DTNA's number for this recall is F1007.","Owners may also contact the National Highway Traffic Safety Administration Vehicle Safety Hotline at 1-888-327-4236 (TTY 1-800-424-9153), or go to www.safercar.gov.","2025","WESTERN STAR","47X"
"Daimler Trucks North America, LLC","24V668000",0,0,0,,"10/09/2024","FORWARD COLLISION AVOIDANCE: AUTOMATIC EMERGENCY BRAKING","Daimler Trucks North America, LLC (DTNA) is recalling certain 2024-2025 Freightliner 108SD, 2022-2025 Freightliner 114SD, Freightliner Business Class M2, 2025 Freightliner eM2, 2020-2025 Western Star 49X, 2021-2025 Western Star 47X, and 2022-2025 Western Star 57X vehicles that may be upfitted with a body lighting interface controller and replacement brake lights.  The brake lights may not illuminate when the brakes are automatically applied during an active brake assist (ABA) event.","Brake lights that fail to illuminate can fail to indicate to other drivers that the vehicle is slowing down, increasing the risk of a crash.","Dealers will update the ABA software, free of charge.  Owner notification letters were mailed October 24, 2024.  Owners may contact DTNA customer service at 800-745-8000.  DTNA's number for this recall is F1009.","Owners may also contact the National Highway Traffic Safety Administration Vehicle Safety Hotline at 1-888-327-4236 (TTY 1-800-424-9153), or go to www.safercar.gov.","2025","WESTERN STAR","47X"
"Daimler Trucks North America, LLC","25V187000",0,0,0,,"25/03/2025","EXTERIOR LIGHTING:BRAKE LIGHTS","Daimler Trucks North America, LLC (DTNA) is recalling certain 2026 Freightliner eM2, Freightliner 108SD, Freightliner 114SD, Freightliner Cascadia, 2025-2026 Freightliner Business Class M2, Western Star 47X, and Western Star 49X vehicles.  A software error in the advanced signal and actuator module for the automatic emergency braking system may cause the brake lights to fail to illuminate.","Brake lights that fail increase the risk of a crash.","Dealers will update the automatic emergency braking system software, free of charge.  Owner notification letters were mailed May 15, 2025.  Owners may contact DTNA customer service at 1-800-547-0712.  DTNA's number for this recall is F1018.","Owners may also contact the National Highway Traffic Safety Administration Vehicle Safety Hotline at 1-888-327-4236 (TTY 1-800-424-9153) or go to nhtsa.gov.","2025","WESTERN STAR","47X"
"Daimler Trucks North America, LLC","25V326000",0,0,0,,"23/06/2025","ELECTRICAL SYSTEM:12V/24V/48V BATTERY","Daimler Trucks North America (DTNA) is recalling certain 2020-2026 Western Star 49X and 2021-2026 Western Star 47X vehicles. A stud connecting the battery to the starter at the frame rail may have been incorrectly installed, which can cause a short circuit.","A short circuit increases the risk of a fire.","DTNA will inspect and replace damaged cables and loose hardware. In addition, DTNA will properly tighten hardware and install dielectric tape. All repairs will be performed, as necessary, free of charge. Owner notification letters were mailed July 1, 2025. Owners may contact DTNA customer service at 1-800-547-0712. DTNA's number for this recall is F1020. This recall is replaced by NHTSA recall number 26V079. Vehicles already repaired under this recall will need to have the new remedy completed.",,"2025","WESTERN STAR","47X"
"Daimler Trucks North America, LLC","25V601000",0,0,0,,"12/09/2025","SERVICE BRAKES, AIR:DISC:CALIPER","Daimler Trucks North America, LLC (DTNA) is recalling certain 2025 FCCC XCR, FCCC XBS, FCCC MT45, Western Star 57X, 2025-2026 Freightliner Business Class M2, Freightliner Cascadia, Freightliner 114SD, Freightliner 108SD, FCCC MT55G, FCCC MT45G, FCCC XCP, FCCC XCM, Western Star 49X, Western Star 47X, 2026 Freightliner Cascadia 5th Gen, FCCC MT55, and FCCC MT50E vehicles. The brake caliper mounting bolts may loosen and detach, which can cause a loss of brake function and damage the tire and/or wheel.","A loss of brake function can increase the risk of a crash. In addition, a damaged wheel or tire can lead to a loss of vehicle control, increasing the risk of a crash.","Dealers will inspect and replace or tighten the brake caliper mounting bolts, as necessary, free of charge. Owner notification letters were mailed November 10, 2025. Owners may contact DTNA customer service at 1-800-547-0712. DTNA's number for this recall is F1023.",,"2025","WESTERN STAR","47X"
"Daimler Trucks North America, LLC","25V603000",0,0,0,,"12/09/2025","STEERING:LINKAGES:TIE ROD ASSEMBLY","Daimler Trucks North America, LLC (DTNA) is recalling certain 2024-2026 Western Star 47X, Freightliner Business Class M2, FCCC MT55G, 2025-2026 Western Star 49X, Freightliner Cascadia, Freightliner 114SD, FCCC MT45G, FCCC S2RV106, 2026 Thomas Built Buses Saf-T-Liner C2, Freightliner eCascadia, FCCC S2C106, and Freightliner 108SD vehicles. The tie rod castle nut and cotter pin may not be installed properly, which can result in a loss of vehicle steering control.","A loss of vehicle steering control increases the risk of a crash.","Dealers will inspect and replace the tie rod assembly, as necessary, free of charge. Owner notification letters were mailed November 10, 2025. Owners may contact DTNA customer service at 1-800-547-0712. DTNA's number for this recall is D25R2.",,"2025","WESTERN STAR","47X"
"Daimler Trucks North America, LLC","25V760000",0,0,0,,"05/11/2025","SUSPENSION:CRITICAL FASTENERS","Daimler Trucks North America, LLC (DTNA) is recalling certain 2020-2026 Western Star 49X, Freightliner Business Class M2, Freightliner 114SD, Freightliner 108SD, 2021-2026 Western Star 47X, 2021-2023 Freightliner 122SD, 2022 Western Star 48X, and 2023 Western Star 4700 vehicles. The axle clamp fasteners may be loose, which can result in a loss of vehicle control.","A loss of vehicle control increases the risk of a crash.","Dealers will inspect and tighten the fasteners, as necessary, free of charge. Owner notification letters were mailed December 29, 2025. Owners may contact DTNA customer service at 1-800-547-0712. DTNA's number for this recall is F1027.",,"2025","WESTERN STAR","47X"
"Daimler Trucks North America, LLC","26V079000",0,0,0,,"11/02/2026","ELECTRICAL SYSTEM:12V/24V/48V BATTERY","Daimler Trucks North America (DTNA) is recalling certain 2020-2027 Western Star 49X and 2021-2027 Western Star 47X vehicles. A stud connecting the battery to the starter at the frame rail may have been incorrectly installed or may corrode, which can cause a short circuit.","A short circuit increases the risk of a fire.","The remedy is currently under development. Owner notification letters are expected to be mailed April 11, 2026. Owners may contact DTNA customer service at 1-800-547-0712. DTNA's number for this recall is F1029. This recall replaces and expands NHTSA recall number 25V326. Vehicles already repaired under the previous recall will need to have the new remedy completed.",,"2025","WESTERN STAR","47X"
"Winnebago Industries, Inc.","24V318000",0,0,0,,"07/05/2024","ELECTRICAL SYSTEM:WIRING","Winnebago Industries, Inc. (Winnebago) is recalling certain 2017-2025 Revel, 2020-2025 Navion, Porto, View, Vita, 2022-2023 Adventure Van, and 2024-2025 Ekko motorhomes.  Supplemental Restraint System (SRS) wires can be caught in the seat mechanism when the driver or passenger seats are adjusted.","Damaged wires can prevent air bags from deploying in a crash, increasing the risk of injury.","Dealers will inspect and re-route the wiring, free of charge.  Owner notification letters were mailed June 26, 2024.  Owners may contact Winnebago customer service at 1-641-585-6939 or 1-800-537-1885.  Winnebago's number for this recall is 185.","Owners may also contact the National Highway Traffic Safety Administration Vehicle Safety Hotline at 1-888-327-4236 (TTY 1-800-424-9153), or go to www.nhtsa.gov.","2025","WINNEBAGO","EKKO"
"Winnebago Industries, Inc.","24V541000",0,0,0,,"18/07/2024","EQUIPMENT:RECREATIONAL VEHICLE/TRAILER","Winnebago Industries, Inc. (Winnebago) is recalling certain 2021-2025 Ekko motorhomes.  The solar charging system was incorrectly designed without sufficient over-current protection, which can allow the circuit to overheat and melt the fuse.","A melted fuse increases the risk of a fire.","Dealers will replace the solar controller fuse and components, as necessary free of charge.  Owner notification letters were mailed October 25, 2024.   Owners may contact Winnebago customer service at 1-641-585-3535.  Winnebago's number for this recall is 186.","Owners may also contact the National Highway Traffic Safety Administration Vehicle Safety Hotline at 1-888-327-4236 (TTY 1-800-424-9153), or go to www.safercar.gov.","2025","WINNEBAGO","EKKO"
"Winnebago Industries, Inc.","24V662000",0,0,0,,"11/09/2024","EQUIPMENT:RECREATIONAL VEHICLE/TRAILER","Winnebago Industries, Inc. (Winnebago) is recalling certain 2025 Winnebago View, Navion, and 2024-2025 Ekko recreational vehicles equipped with certain GE air conditioners.  The air conditioner soft start device may fail and overheat.","An air conditioner soft start device that overheats increases the risk of a fire.","Dealers will replace the air conditioner soft start module, free of charge.  Owner notification letters were mailed February 21, 2025.  Owners may contact Winnebago customer service at 1-641-585-3535.  Winnebago's number for this recall is 188.","Owners may also contact the National Highway Traffic Safety Administration Vehicle Safety Hotline at 1-888-327-4236 (TTY 1-800-424-9153), or go to www.safercar.gov.","2025","WINNEBAGO","EKKO"
"Winnebago Industries, Inc.","24V890000",0,0,0,,"25/11/2024","TIRES:TEMPORARY/EMERGENCY SPARE TIRE","Winnebago Industries, Inc. (Winnebago) is recalling certain 2024-2025 Ekko motorhomes.  The wheel bolts for the spare tire may be missing","A spare tire that is installed without the correct bolts can detach, increasing the risk of a crash.","Winnebago will mail the wheel bolts and wrench for the spare tire, free of charge.  Owner notification letters were mailed January 23, 2025.  Owners may contact Winnebago customer service at 1-800-537-1885.  Winnebago's number for this recall is 193.","Owners may also contact the National Highway Traffic Safety Administration Vehicle Safety Hotline at 1-888-327-4236 (TTY 1-800-424-9153) or go to nhtsa.gov.","2025","WINNEBAGO","EKKO"
"Winnebago Industries, Inc.","25V478000",0,0,0,,"22/07/2025","AIR BAGS","Winnebago Industries, Inc. (Winnebago) is recalling certain 2025-2026 Revel Sport, 2024-2025 Vita, 2025 Porto, Adventure Wagon, 2024-2026 View, Revel, Navion, and Ekko motorhomes. Supplemental Restraint System (SRS) wires can be caught in the seat mechanism when the driver or passenger seats are adjusted.","Damaged wires can prevent air bags from deploying in a crash, increasing the risk of injury.","Dealers will inspect and re-route the wiring, free of charge. Owner notification letters were mailed September 19, 2025. Owners may contact Winnebago customer service at 1-641-585-6939 or 1-800-537-1885. Winnebago's number for this recall is 199.",,"2025","WINNEBAGO","EKKO"
"Winnebago Industries, Inc.","25V499000",0,0,0,,"04/08/2025","TIRES:VALVE","Winnebago Industries, Inc. (Winnebago) is recalling certain 2024-2025 Ekko recreational vehicles. The inner wheel tire valve extension may be damaged through contact with the outer wheels, causing the inner tire to lose air pressure and overload the outer tire.","Overloading may cause the outer tire to fail, increasing the risk of a crash.","Dealers will inspect and replace the valve extensions as necessary, free of charge. Owner notification letters were mailed September 23, 2025. Owners may contact Winnebago customer service at 1-641-585-6939 or 1-800-537-1885. Winnebago's number for this recall is 200.",,"2025","WINNEBAGO","EKKO"
"Winnebago Industries, Inc.","25V007000",0,0,0,,"13/01/2025","EQUIPMENT:MECHANICAL:SPARE TIRE MOUNT/RACK","Winnebago Industries, Inc. (Winnebago) is recalling certain 2025 Minnie Winnie and Spirit motorhomes.  The spare tire carrier mounting bolts may loosen, allowing the carrier to detach.","A detached spare tire carrier can become a road hazard, increasing the risk of a crash.","Dealers will inspect, replace, and correctly torque the bolts as necessary, free of charge.  Owner notification letters were mailed February 3, 2025.  Owners may contact Winnebago customer service at 1-800-537-1885.  Winnebago's number for this recall is 194.","Owners may also contact the National Highway Traffic Safety Administration Vehicle Safety Hotline at 1-888-327-4236 (TTY 1-800-424-9153) or go to nhtsa.gov.","2025","WINNEBAGO","MINNIE WINNIE"
"Winnebago Industries, Inc.","25V075000",0,0,0,,"10/02/2025","EQUIPMENT:RECREATIONAL VEHICLE/TRAILER:LPG SYSTEMS:TANK ASSEMBLY","Winnebago Industries, Inc. (Winnebago) is recalling certain 2025 Minnie Winnie, Navion, Porto, Spirit, View, and Vita recreational vehicles.  The LP tank mounting bracket fasteners may have been improperly tightened, causing the tank to detach.","A detached tank can become a road hazard, increasing the risk of a crash.","Dealers will inspect and correctly tighten the LP tank mounting assembly, free of charge.  Owner notification letters were mailed March 13, 2025.  Owners may call Winnebago customer service at 1-800-537-1885.  Winnebago's number for this recall is 195.","Owners may also contact the National Highway Traffic Safety Administration Vehicle Safety Hotline at 1-888-327-4236 (TTY 1-800-424-9153) or go to nhtsa.gov.","2025","WINNEBAGO","MINNIE WINNIE"
"Winnebago Industries, Inc.","26V016000",0,0,0,,"16/01/2026","EQUIPMENT:RECREATIONAL VEHICLE/TRAILER:PLUMBING:FREEZE PREVENTION HEATER","Winnebago Industries, Inc. (Winnebago) is recalling certain 2024-2026 Spirit, Minnie Winnie, Travato, View, Navion, and 2026-2027 Sunflyer, 2021-2026 Commercial vehicle, and 2023-2026 425 Commercial shell motorhomes equipped with a ThermaHeat Tank Pad. The water tank heating pad may experience high resistance and fail.","A heating pad failure can increase the risk of a fire.","Dealers will install a new water tank heating pad, free of charge. Owner notification letters were mailed March 16, 2026. Owners may contact Winnebago customer service at 1-641-585-6939 or 1-800-537-1885. Winnebago's number for this recall is 201.",,"2025","WINNEBAGO","MINNIE WINNIE"
"Winnebago Industries, Inc.","24V318000",0,0,0,,"07/05/2024","ELECTRICAL SYSTEM:WIRING","Winnebago Industries, Inc. (Winnebago) is recalling certain 2017-2025 Revel, 2020-2025 Navion, Porto, View, Vita, 2022-2023 Adventure Van, and 2024-2025 Ekko motorhomes.  Supplemental Restraint System (SRS) wires can be caught in the seat mechanism when the driver or passenger seats are adjusted.","Damaged wires can prevent air bags from deploying in a crash, increasing the risk of injury.","Dealers will inspect and re-route the wiring, free of charge.  Owner notification letters were mailed June 26, 2024.  Owners may contact Winnebago customer service at 1-641-585-6939 or 1-800-537-1885.  Winnebago's number for this recall is 185.","Owners may also contact the National Highway Traffic Safety Administration Vehicle Safety Hotline at 1-888-327-4236 (TTY 1-800-424-9153), or go to www.nhtsa.gov.","2025","WINNEBAGO","VIEW"
"Winnebago Industries, Inc.","24V662000",0,0,0,,"11/09/2024","EQUIPMENT:RECREATIONAL VEHICLE/TRAILER","Winnebago Industries, Inc. (Winnebago) is recalling certain 2025 Winnebago View, Navion, and 2024-2025 Ekko recreational vehicles equipped with certain GE air conditioners.  The air conditioner soft start device may fail and overheat.","An air conditioner soft start device that overheats increases the risk of a fire.","Dealers will replace the air conditioner soft start module, free of charge.  Owner notification letters were mailed February 21, 2025.  Owners may contact Winnebago customer service at 1-641-585-3535.  Winnebago's number for this recall is 188.","Owners may also contact the National Highway Traffic Safety Administration Vehicle Safety Hotline at 1-888-327-4236 (TTY 1-800-424-9153), or go to www.safercar.gov.","2025","WINNEBAGO","VIEW"
"Winnebago Industries, Inc.","24V742000",0,0,0,,"03/10/2024","SEAT BELTS:FRONT:RETRACTOR","Winnebago Industries, Inc. (Winnebago) is recalling certain 2025 View and Navion motorhomes.  A screw may contact and damage the seat belt retractor.","A damaged retractor may perform improperly, preventing the seat belt from securing the occupant and increasing the risk of injury during a crash.","Dealers will inspect driver and passenger retractors and either adjust the placement or replace the screw as necessary, free of charge.  Owner notification letters were mailed November 6, 2024.  Owners may call Winnebago Customer Service at 1-641-585-3535.  Winnebago's number for this recall is 190.","Owners may also contact the National Highway Traffic Safety Administration Vehicle Safety Hotline at 1-888-327-4236 (TTY 1-800-424-9153) or go to nhtsa.gov.","2025","WINNEBAGO","VIEW"
"Winnebago Industries, Inc.","25V075000",0,0,0,,"10/02/2025","EQUIPMENT:RECREATIONAL VEHICLE/TRAILER:LPG SYSTEMS:TANK ASSEMBLY","Winnebago Industries, Inc. (Winnebago) is recalling certain 2025 Minnie Winnie, Navion, Porto, Spirit, View, and Vita recreational vehicles.  The LP tank mounting bracket fasteners may have been improperly tightened, causing the tank to detach.","A detached tank can become a road hazard, increasing the risk of a crash.","Dealers will inspect and correctly tighten the LP tank mounting assembly, free of charge.  Owner notification letters were mailed March 13, 2025.  Owners may call Winnebago customer service at 1-800-537-1885.  Winnebago's number for this recall is 195.","Owners may also contact the National Highway Traffic Safety Administration Vehicle Safety Hotline at 1-888-327-4236 (TTY 1-800-424-9153) or go to nhtsa.gov.","2025","WINNEBAGO","VIEW"
"Winnebago Industries, Inc.","25V478000",0,0,0,,"22/07/2025","AIR BAGS","Winnebago Industries, Inc. (Winnebago) is recalling certain 2025-2026 Revel Sport, 2024-2025 Vita, 2025 Porto, Adventure Wagon, 2024-2026 View, Revel, Navion, and Ekko motorhomes. Supplemental Restraint System (SRS) wires can be caught in the seat mechanism when the driver or passenger seats are adjusted.","Damaged wires can prevent air bags from deploying in a crash, increasing the risk of injury.","Dealers will inspect and re-route the wiring, free of charge. Owner notification letters were mailed September 19, 2025. Owners may contact Winnebago customer service at 1-641-585-6939 or 1-800-537-1885. Winnebago's number for this recall is 199.",,"2025","WINNEBAGO","VIEW"
"Winnebago Industries, Inc.","26V016000",0,0,0,,"16/01/2026","EQUIPMENT:RECREATIONAL VEHICLE/TRAILER:PLUMBING:FREEZE PREVENTION HEATER","Winnebago Industries, Inc. (Winnebago) is recalling certain 2024-2026 Spirit, Minnie Winnie, Travato, View, Navion, and 2026-2027 Sunflyer, 2021-2026 Commercial vehicle, and 2023-2026 425 Commercial shell motorhomes equipped with a ThermaHeat Tank Pad. The water tank heating pad may experience high resistance and fail.","A heating pad failure can increase the risk of a fire.","Dealers will install a new water tank heating pad, free of charge. Owner notification letters were mailed March 16, 2026. Owners may contact Winnebago customer service at 1-641-585-6939 or 1-800-537-1885. Winnebago's number for this recall is 201.",,"2025","WINNEBAGO","VIEW"
"Pure Sports Distributing Inc.","25V248000",0,0,0,,"16/04/2025","VEHICLE SPEED CONTROL:THROTTLE:THROTTLE POSITION SENSOR (TPS)","Pure Sports Distributing Inc. (Yamaha of Hawaii) is recalling certain 2022 MT-09 Tracer GT, 2021-2025 MT-09 SP, 2021-2025 MT-09, 2022-2023 and 2025 MT-10 SP, 2022-2024 MT-10 and 2022-2024 XSR900 motorcycles.  The brushes inside the Throttle Position Sensor (TPS) may slide excessively due to improper ECU programming, possibly causing unstable idling or an engine stall.","Unstable idling or an engine stall can lead to loss of control of the motorcycle, increasing the risk of an injury or crash.","Dealers will reprogram the engine control unit (ECU) software and replace the TPS, free of charge.  Owner notification letters were mailed on May 6, 2025.  Owners may contact Yamaha of Hawaii customer service at 1-808-498-8248.","Owners may also contact the National Highway Traffic Safety Administration Vehicle Safety Hotline at 1-888-327-4236 (TTY 1- 888-275-9171), or go to www.nhtsa.gov.","2025","YAMAHA","MT-09"