VehicleId,ModelYear,Make,Model,VehicleDescription,VehiclePicture,OverallRating,OverallFrontCrashRating,FrontCrashDriversideRating,FrontCrashPassengersideRating,OverallSideCrashRating,SideCrashDriversideRating,SideCrashPassengersideRating,CombinedSideBarrierAndPoleRatingFront,CombinedSideBarrierAndPoleRatingRear,SideBarrierRatingOverall,RolloverRating,RolloverRating2,RolloverPossibility,RolloverPossibility2,DynamicTipResult,SidePoleCrashRating,NHTSAElectronicStabilityControl,NHTSAForwardCollisionWarning,NHTSALaneDepartureWarning,ComplaintsCount,RecallsCount,InvestigationCount,ImagePath
2419,2008,ACURA,MDX,2008 Acura MDX 4-DR. w/SAB,,Not Rated,Not Rated,5,5,Not Rated,5,5,Not Rated,Not Rated,Not Rated,4,Not Rated,0.14,0,No Tip,Not Rated,Standard,No,No,49,1,0,2008/ACURA/MDX/2008 Acura MDX 4-DR. w_SAB.png
2420,2008,ACURA,RDX,2008 Acura RDX 4-DR. w/SAB,,Not Rated,Not Rated,5,5,Not Rated,5,5,Not Rated,Not Rated,Not Rated,4,Not Rated,0.155,0,No Tip,Not Rated,Standard,No,No,33,3,0,2008/ACURA/RDX/2008 Acura RDX 4-DR. w_SAB.png
2421,2008,ACURA,RL,2008 Acura RL 4-DR. w/SAB,,Not Rated,Not Rated,5,5,Not Rated,5,5,Not Rated,Not Rated,Not Rated,5,Not Rated,0.097,0,No Tip,Not Rated,Standard,Optional,No,13,6,0,2008/ACURA/RL/2008 Acura RL 4-DR. w_SAB.png
2422,2008,ACURA,TL,2008 Acura TL 4-DR. w/SAB,,Not Rated,Not Rated,5,5,Not Rated,4,5,Not Rated,Not Rated,Not Rated,Not Rated,4,0,0.103, ,Not Rated,Standard,No,No,124,4,0,2008/ACURA/TL/2008 Acura TL 4-DR. w_SAB.png
2423,2008,ACURA,TSX,2008 Acura TSX  4-DR. w/SAB,,Not Rated,Not Rated,5,5,Not Rated,5,4,Not Rated,Not Rated,Not Rated,Not Rated,4,0,0.118, ,Not Rated,Standard,No,No,34,3,0,2008/ACURA/TSX/2008 Acura TSX  4-DR. w_SAB.png
2756,2008,AUDI,A3,2008 Audi A3 4-DR. w/SAB,,Not Rated,Not Rated,Not Rated,Not Rated,Not Rated,Not Rated,Not Rated,Not Rated,Not Rated,Not Rated,Not Rated,Not Rated,0,0, ,Not Rated,Standard,No,No,43,3,0,2008/AUDI/A3/2008 Audi A3 4-DR. w_SAB.png
2773,2008,AUDI,A4,2008 Audi A4 4-DR. w/SAB,,Not Rated,Not Rated,4,4,Not Rated,5,4,Not Rated,Not Rated,Not Rated,4,Not Rated,0.107,0,No Tip,Not Rated,Standard,No,No,191,6,0,2008/AUDI/A4/2008 Audi A4 4-DR. w_SAB.png
2768,2008,AUDI,A4 AVANT,2008 Audi A4 Avant Wagon 4-DR. w/SAB,,Not Rated,Not Rated,4,4,Not Rated,5,4,Not Rated,Not Rated,Not Rated,4,4,0.107,0.107,No Tip,Not Rated,Standard,No,No,4,3,0,2008/AUDI/A4 AVANT/2008 Audi A4 Avant Wagon 4-DR. w_SAB.png
2770,2008,AUDI,A4 CABRIOLET,2008 Audi A4 Cabriolet  w/SAB,,Not Rated,Not Rated,Not Rated,Not Rated,Not Rated,Not Rated,Not Rated,Not Rated,Not Rated,Not Rated,Not Rated,Not Rated,0,0, ,Not Rated,Standard,No,No,191,6,0,2008/AUDI/A4 CABRIOLET/2008 Audi A4 Cabriolet  w_SAB.png
2766,2008,AUDI,A5,2008 Audi A5 2-DR w/SAB,,Not Rated,Not Rated,Not Rated,Not Rated,Not Rated,Not Rated,Not Rated,Not Rated,Not Rated,Not Rated,Not Rated,Not Rated,0,0, ,Not Rated,Standard,Optional,No,5,1,0,2008/AUDI/A5/2008 Audi A5 2-DR w_SAB.png
2759,2008,AUDI,A6,2008 Audi A6  w/SAB,,Not Rated,Not Rated,Not Rated,Not Rated,Not Rated,Not Rated,Not Rated,Not Rated,Not Rated,Not Rated,Not Rated,Not Rated,0,0, ,Not Rated,Standard,No,Optional,70,4,0,2008/AUDI/A6/2008 Audi A6  w_SAB.png
2755,2008,AUDI,A6 AVANT,2008 Audi A6 Avant Wagon w/SAB,,Not Rated,Not Rated,Not Rated,Not Rated,Not Rated,Not Rated,Not Rated,Not Rated,Not Rated,Not Rated,Not Rated,Not Rated,0,0, ,Not Rated,Standard,No,Optional,70,4,0,2008/AUDI/A6 AVANT/2008 Audi A6 Avant Wagon w_SAB.png
2760,2008,AUDI,A8,2008 Audi A8 4-DR. w/SAB,,Not Rated,Not Rated,Not Rated,Not Rated,Not Rated,Not Rated,Not Rated,Not Rated,Not Rated,Not Rated,Not Rated,Not Rated,0,0, ,Not Rated,Standard,No,Optional,8,1,0,2008/AUDI/A8/2008 Audi A8 4-DR. w_SAB.png
2767,2008,AUDI,Q7,2008 Audi Q7 4-DR. w/SAB,,Not Rated,Not Rated,5,5,Not Rated,5,5,Not Rated,Not Rated,Not Rated,4,Not Rated,0.185,0,No Tip,Not Rated,Standard,Optional,Optional,32,3,0,2008/AUDI/Q7/2008 Audi Q7 4-DR. w_SAB.png
2762,2008,AUDI,R8,2008 Audi R8 2-DR w/SAB,,Not Rated,Not Rated,Not Rated,Not Rated,Not Rated,Not Rated,Not Rated,Not Rated,Not Rated,Not Rated,Not Rated,Not Rated,0,0, ,Not Rated,Standard,No,No,5,0,0,2008/AUDI/R8/2008 Audi R8 2-DR w_SAB.png
2765,2008,AUDI,RS4,2008 Audi RS4 4-DR w/SAB,,Not Rated,Not Rated,4,4,Not Rated,5,4,Not Rated,Not Rated,Not Rated,4,Not Rated,0.107,0,No Tip,Not Rated,Standard,No,No,3,3,0,2008/AUDI/RS4/2008 Audi RS4 4-DR w_SAB.png
2771,2008,AUDI,S4,2008 Audi S4 4-DR. w/SAB,,Not Rated,Not Rated,4,4,Not Rated,5,4,Not Rated,Not Rated,Not Rated,4,Not Rated,0.107,0,No Tip,Not Rated,Standard,No,No,4,2,0,2008/AUDI/S4/2008 Audi S4 4-DR. w_SAB.png
2772,2008,AUDI,S4 AVANT,2008 Audi S4 Avant Wagon 4-DR. w/SAB,,Not Rated,Not Rated,4,4,Not Rated,5,4,Not Rated,Not Rated,Not Rated,4,Not Rated,0.107,0,No Tip,Not Rated,Standard,No,No,4,2,0,2008/AUDI/S4 AVANT/2008 Audi S4 Avant Wagon 4-DR. w_SAB.png
2769,2008,AUDI,S4 CABRIOLET,2008 Audi S4 Cabriolet  w/SAB,,Not Rated,Not Rated,Not Rated,Not Rated,Not Rated,Not Rated,Not Rated,Not Rated,Not Rated,Not Rated,Not Rated,Not Rated,0,0, ,Not Rated,Standard,No,No,4,2,0,2008/AUDI/S4 CABRIOLET/2008 Audi S4 Cabriolet  w_SAB.png
2757,2008,AUDI,S5,2008 Audi S5 2-DR w/SAB,,Not Rated,Not Rated,Not Rated,Not Rated,Not Rated,Not Rated,Not Rated,Not Rated,Not Rated,Not Rated,Not Rated,Not Rated,0,0, ,Not Rated,Standard,Optional,No,3,0,0,2008/AUDI/S5/2008 Audi S5 2-DR w_SAB.png
2758,2008,AUDI,S6,2008 Audi S6  w/SAB,,Not Rated,Not Rated,Not Rated,Not Rated,Not Rated,Not Rated,Not Rated,Not Rated,Not Rated,Not Rated,Not Rated,Not Rated,0,0, ,Not Rated,Standard,No,Optional,2,2,0,2008/AUDI/S6/2008 Audi S6  w_SAB.png
2761,2008,AUDI,S8,2008 Audi S8 4-DR. w/SAB,,Not Rated,Not Rated,Not Rated,Not Rated,Not Rated,Not Rated,Not Rated,Not Rated,Not Rated,Not Rated,Not Rated,Not Rated,0,0, ,Not Rated,Standard,No,Standard,5,1,0,2008/AUDI/S8/2008 Audi S8 4-DR. w_SAB.png
2763,2008,AUDI,TT,2008 Audi TT 2-DR w/SAB,,Not Rated,Not Rated,Not Rated,Not Rated,Not Rated,Not Rated,Not Rated,Not Rated,Not Rated,Not Rated,Not Rated,Not Rated,0,0, ,Not Rated,Standard,No,No,14,2,0,2008/AUDI/TT/2008 Audi TT 2-DR w_SAB.png
2764,2008,AUDI,TT,2008 Audi TT Convertible w/SAB,,Not Rated,Not Rated,Not Rated,Not Rated,Not Rated,Not Rated,Not Rated,Not Rated,Not Rated,Not Rated,Not Rated,Not Rated,0,0, ,Not Rated,Standard,No,No,14,2,0,2008/AUDI/TT/2008 Audi TT Convertible w_SAB.png
2695,2008,BENTLEY,ARNAGE RL,2008 Bentley Arnage RL 4-DR w/SAB,,Not Rated,Not Rated,Not Rated,Not Rated,Not Rated,Not Rated,Not Rated,Not Rated,Not Rated,Not Rated,Not Rated,Not Rated,0,0, ,Not Rated,Standard,No,No,0,1,0,2008/BENTLEY/ARNAGE RL/2008 Bentley Arnage RL 4-DR w_SAB.png
2696,2008,BENTLEY,ARNAGE T/R,2008 Bentley Arnage T/R 4-DR w/SAB,,Not Rated,Not Rated,Not Rated,Not Rated,Not Rated,Not Rated,Not Rated,Not Rated,Not Rated,Not Rated,Not Rated,Not Rated,0,0, ,Not Rated,Standard,No,No,0,1,0,2008/BENTLEY/ARNAGE T/R/2008 Bentley Arnage T_R 4-DR w_SAB.png
2697,2008,BENTLEY,CONTINENTAL FLYING SPUR,2008 Bentley Continental Flying Spur 4-DR w/SAB,,Not Rated,Not Rated,Not Rated,Not Rated,Not Rated,Not Rated,Not Rated,Not Rated,Not Rated,Not Rated,Not Rated,Not Rated,0,0, ,Not Rated,Standard,No,No,0,3,0,2008/BENTLEY/CONTINENTAL FLYING SPUR/2008 Bentley Continental Flying Spur 4-DR w_SAB.png
2698,2008,BENTLEY,CONTINENTAL GT,2008 Bentley Continental GT 2-DR w/SAB,,Not Rated,Not Rated,Not Rated,Not Rated,Not Rated,Not Rated,Not Rated,Not Rated,Not Rated,Not Rated,Not Rated,Not Rated,0,0, ,Not Rated,Standard,No,No,0,2,0,2008/BENTLEY/CONTINENTAL GT/2008 Bentley Continental GT 2-DR w_SAB.png
2699,2008,BENTLEY,CONTINENTAL GTC,2008 Bentley Continental GTC Convertible w/SAB,,Not Rated,Not Rated,Not Rated,Not Rated,Not Rated,Not Rated,Not Rated,Not Rated,Not Rated,Not Rated,Not Rated,Not Rated,0,0, ,Not Rated,Standard,No,No,0,2,0,2008/BENTLEY/CONTINENTAL GTC/2008 Bentley Continental GTC Convertible w_SAB.png
2635,2008,BMW,128I/135I,2008 BMW 128i/135i w/SAB,,Not Rated,Not Rated,Not Rated,Not Rated,Not Rated,Not Rated,Not Rated,Not Rated,Not Rated,Not Rated,Not Rated,Not Rated,0,0, ,Not Rated,Standard,No,No,87,9,1,2008/BMW/128I/135I/2008 BMW 128i_135i w_SAB.png
2636,2008,BMW,128I/135I,2008 BMW 128i/135i Convertible w/SAB,,Not Rated,Not Rated,Not Rated,Not Rated,Not Rated,Not Rated,Not Rated,Not Rated,Not Rated,Not Rated,Not Rated,Not Rated,0,0, ,Not Rated,Standard,No,No,87,9,1,2008/BMW/128I/135I/2008 BMW 128i_135i Convertible w_SAB.png
2627,2008,BMW,3 SERIES,2008 BMW 3 Series 4-DR. w/SAB,,Not Rated,Not Rated,4,4,Not Rated,5,5,Not Rated,Not Rated,Not Rated,4,4,0.103,0.103,No Tip,Not Rated,Standard,No,No,690,9,1,2008/BMW/3 SERIES/2008 BMW 3 Series 4-DR. w_SAB.png
2630,2008,BMW,3 SERIES,2008 BMW 3 Series 2-DR. w/SAB,,Not Rated,Not Rated,Not Rated,Not Rated,Not Rated,Not Rated,Not Rated,Not Rated,Not Rated,Not Rated,Not Rated,Not Rated,0,0, ,Not Rated,Standard,No,No,690,9,1,2008/BMW/3 SERIES/2008 BMW 3 Series 2-DR. w_SAB.png
2637,2008,BMW,3 SERIES,2008 BMW 3 Series Convertible w/SAB,,Not Rated,Not Rated,Not Rated,Not Rated,Not Rated,Not Rated,Not Rated,Not Rated,Not Rated,Not Rated,Not Rated,Not Rated,0,0, ,Not Rated,Standard,No,No,690,9,1,2008/BMW/3 SERIES/2008 BMW 3 Series Convertible w_SAB.png
2638,2008,BMW,3 SERIES,2008 BMW 3 Series Wagon w/SAB,,Not Rated,Not Rated,4,4,Not Rated,5,5,Not Rated,Not Rated,Not Rated,4,4,0.103,0.103,No Tip,Not Rated,Standard,No,No,690,9,1,2008/BMW/3 SERIES/2008 BMW 3 Series Wagon w_SAB.png
2625,2008,BMW,5 SERIES,2008 BMW 5 Series Wagon w/SAB,,Not Rated,Not Rated,3,5,Not Rated,5,5,Not Rated,Not Rated,Not Rated,4,Not Rated,0.105,0,No Tip,Not Rated,Standard,No,Optional,432,7,0,2008/BMW/5 SERIES/2008 BMW 5 Series Wagon w_SAB.png
2632,2008,BMW,5 SERIES,2008 BMW 5 Series 4-DR w/SAB,,Not Rated,Not Rated,3,5,Not Rated,5,5,Not Rated,Not Rated,Not Rated,4,4,0.105,0.105,No Tip,Not Rated,Standard,No,Optional,432,7,0,2008/BMW/5 SERIES/2008 BMW 5 Series 4-DR w_SAB.png
2633,2008,BMW,6 SERIES,2008 BMW 6 Series Convertible w/SAB,,Not Rated,Not Rated,Not Rated,Not Rated,Not Rated,Not Rated,Not Rated,Not Rated,Not Rated,Not Rated,Not Rated,Not Rated,0,0, ,Not Rated,Standard,No,Optional,12,2,0,2008/BMW/6 SERIES/2008 BMW 6 Series Convertible w_SAB.png
2634,2008,BMW,6 SERIES,2008 BMW 6 Series 2-DR w/SAB,,Not Rated,Not Rated,Not Rated,Not Rated,Not Rated,Not Rated,Not Rated,Not Rated,Not Rated,Not Rated,Not Rated,Not Rated,0,0, ,Not Rated,Standard,No,Optional,12,2,0,2008/BMW/6 SERIES/2008 BMW 6 Series 2-DR w_SAB.png
2629,2008,BMW,7 SERIES,2008 BMW 7 Series 4-DR w/SAB,,Not Rated,Not Rated,Not Rated,Not Rated,Not Rated,Not Rated,Not Rated,Not Rated,Not Rated,Not Rated,Not Rated,Not Rated,0,0, ,Not Rated,Standard,No,No,94,3,2,2008/BMW/7 SERIES/2008 BMW 7 Series 4-DR w_SAB.png
2628,2008,BMW,X3,2008 BMW X3 4-DR w/SAB,,Not Rated,Not Rated,Not Rated,Not Rated,Not Rated,Not Rated,Not Rated,Not Rated,Not Rated,Not Rated,Not Rated,Not Rated,0,0, ,Not Rated,Standard,No,No,190,7,1,2008/BMW/X3/2008 BMW X3 4-DR w_SAB.png
2624,2008,BMW,X5,2008 BMW X5  4-DR. w/SAB,,Not Rated,Not Rated,5,4,Not Rated,5,5,Not Rated,Not Rated,Not Rated,4,Not Rated,0.174,0,No Tip,Not Rated,Standard,No,No,333,16,1,2008/BMW/X5/2008 BMW X5  4-DR. w_SAB.png
2626,2008,BMW,Z4,2008 BMW Z4 2-DR w/SAB,,Not Rated,Not Rated,4,4,Not Rated,Not Rated,Not Rated,Not Rated,Not Rated,Not Rated,Not Rated,5,0,0.082, ,Not Rated,Standard,No,No,19,2,0,2008/BMW/Z4/2008 BMW Z4 2-DR w_SAB.png
2631,2008,BMW,Z4,2008 BMW Z4 Roadster w/SAB,,Not Rated,Not Rated,4,4,Not Rated,3,Not Rated,Not Rated,Not Rated,Not Rated,Not Rated,5,0,0.082, ,Not Rated,Standard,No,No,19,2,0,2008/BMW/Z4/2008 BMW Z4 Roadster w_SAB.png
2384,2008,BUICK,ENCLAVE,2008 Buick Enclave 4-DR. w/SAB,,Not Rated,Not Rated,5,5,Not Rated,5,5,Not Rated,Not Rated,Not Rated,4,4,0.155,0.169,No Tip,Not Rated,Standard,No,No,536,6,1,2008/BUICK/ENCLAVE/2008 Buick Enclave 4-DR. w_SAB.png
2554,2008,BUICK,LACROSSE,2008 Buick LaCrosse 4-DR w/SAB,,Not Rated,Not Rated,5,5,Not Rated,3,4,Not Rated,Not Rated,Not Rated,Not Rated,4,0,0.113, ,Not Rated,Optional,No,No,250,2,1,2008/BUICK/LACROSSE/2008 Buick LaCrosse 4-DR w_SAB.png
5861,2008,BUICK,LACROSSE,2008 Buick LaCrosse 4-DR,,Not Rated,Not Rated,5,5,Not Rated,Not Rated,Not Rated,Not Rated,Not Rated,Not Rated,Not Rated,4,0,0.113, ,Not Rated,Optional,No,No,250,2,1,2008/BUICK/LACROSSE/2008 Buick LaCrosse 4-DR.png
2555,2008,BUICK,LUCERNE,2008 Buick Lucerne 4-DR. w/SAB,,Not Rated,Not Rated,5,5,Not Rated,4,4,Not Rated,Not Rated,Not Rated,Not Rated,5,0,0.101, ,Not Rated,Optional,No,Optional,218,3,1,2008/BUICK/LUCERNE/2008 Buick Lucerne 4-DR. w_SAB.png
2700,2008,CADILLAC,CTS,2008 Cadillac CTS 4-DR. w/SAB,,Not Rated,Not Rated,4,5,Not Rated,5,5,Not Rated,Not Rated,Not Rated,4,4,0.103,0.103,No Tip,Not Rated,Standard,No,No,175,2,0,2008/CADILLAC/CTS/2008 Cadillac CTS 4-DR. w_SAB.png
2556,2008,CADILLAC,DTS,2008 Cadillac DTS 4-DR w/SAB,,Not Rated,Not Rated,5,4,Not Rated,4,4,Not Rated,Not Rated,Not Rated,Not Rated,4,0,0.111, ,Not Rated,Standard,Optional,Optional,86,3,1,2008/CADILLAC/DTS/2008 Cadillac DTS 4-DR w_SAB.png
2802,2008,CADILLAC,ESCALADE,2008 Cadillac Escalade 4-DR. w/SAB,,Not Rated,Not Rated,5,5,Not Rated,5,5,Not Rated,Not Rated,Not Rated,3,3,0.228,0.246,No Tip,Not Rated,Standard,No,No,167,4,3,2008/CADILLAC/ESCALADE/2008 Cadillac Escalade 4-DR. w_SAB.png
2557,2008,CADILLAC,ESCALADE ESV,2008 Cadillac Escalade ESV 4-DR. w/SAB,,Not Rated,Not Rated,5,5,Not Rated,5,5,Not Rated,Not Rated,Not Rated,3,3,0.237,0.237,No Tip,Not Rated,Standard,No,No,167,4,3,2008/CADILLAC/ESCALADE ESV/2008 Cadillac Escalade ESV 4-DR. w_SAB.png
2558,2008,CADILLAC,ESCALADE EXT,2008 Cadillac Escalade EXT w/SAB,,Not Rated,Not Rated,5,5,Not Rated,5,5,Not Rated,Not Rated,Not Rated,3,Not Rated,0.212,0,No Tip,Not Rated,Standard,No,No,167,4,3,2008/CADILLAC/ESCALADE EXT/2008 Cadillac Escalade EXT w_SAB.png
2559,2008,CADILLAC,SRX,2008 Cadillac SRX 4-DR. w/SAB,,Not Rated,Not Rated,4,4,Not Rated,5,5,Not Rated,Not Rated,Not Rated,4,3,0.179,0.209,No Tip,Not Rated,Standard,No,No,47,0,0,2008/CADILLAC/SRX/2008 Cadillac SRX 4-DR. w_SAB.png
2560,2008,CADILLAC,STS,2008 Cadillac STS 4-DR w/SAB,,Not Rated,Not Rated,4,4,Not Rated,4,5,Not Rated,Not Rated,Not Rated,5,5,0.099,0.101,No Tip,Not Rated,Standard,Optional,Optional,50,1,0,2008/CADILLAC/STS/2008 Cadillac STS 4-DR w_SAB.png
2701,2008,CADILLAC,XLR,2008 Cadillac XLR Convertible w/SAB,,Not Rated,Not Rated,Not Rated,Not Rated,Not Rated,Not Rated,Not Rated,Not Rated,Not Rated,Not Rated,Not Rated,Not Rated,0,0, ,Not Rated,Standard,Optional,No,3,1,0,2008/CADILLAC/XLR/2008 Cadillac XLR Convertible w_SAB.png
2561,2008,CHEVROLET,AVALANCHE,2008 Chevrolet Avalanche 4-DR w/SAB,,Not Rated,Not Rated,5,5,Not Rated,5,5,Not Rated,Not Rated,Not Rated,3,3,0.212,0.228,No Tip,Not Rated,Standard,No,No,295,4,3,2008/CHEVROLET/AVALANCHE/2008 Chevrolet Avalanche 4-DR w_SAB.png
2562,2008,CHEVROLET,AVEO,2008 Chevrolet Aveo 5-DR. Hatchback w/SAB,,Not Rated,Not Rated,5,5,Not Rated,4,4,Not Rated,Not Rated,Not Rated,Not Rated,4,0,0.133, ,Not Rated,No,No,No,163,1,0,2008/CHEVROLET/AVEO/2008 Chevrolet Aveo 5-DR. Hatchback w_SAB.png
2563,2008,CHEVROLET,AVEO,2008 Chevrolet Aveo 4-DR. w/SAB,,Not Rated,Not Rated,5,4,Not Rated,4,3,Not Rated,Not Rated,Not Rated,Not Rated,4,0,0.133, ,Not Rated,No,No,No,163,1,0,2008/CHEVROLET/AVEO/2008 Chevrolet Aveo 4-DR. w_SAB.png
2564,2008,CHEVROLET,COBALT,2008 Chevrolet Cobalt 4-DR w/SAB,,Not Rated,Not Rated,4,5,Not Rated,3,5,Not Rated,Not Rated,Not Rated,Not Rated,4,0,0.111, ,Not Rated,Optional,No,No,938,5,2,2008/CHEVROLET/COBALT/2008 Chevrolet Cobalt 4-DR w_SAB.png
2565,2008,CHEVROLET,COBALT,2008 Chevrolet Cobalt 2-DR  w/SAB,,Not Rated,Not Rated,4,5,Not Rated,4,4,Not Rated,Not Rated,Not Rated,Not Rated,4,0,0.109, ,Not Rated,Optional,No,No,938,5,2,2008/CHEVROLET/COBALT/2008 Chevrolet Cobalt 2-DR  w_SAB.png
5863,2008,CHEVROLET,COBALT,2008 Chevrolet Cobalt 4-DR,,Not Rated,Not Rated,4,5,Not Rated,Not Rated,Not Rated,Not Rated,Not Rated,Not Rated,Not Rated,4,0,0.111, ,Not Rated,Optional,No,No,938,5,2,2008/CHEVROLET/COBALT/2008 Chevrolet Cobalt 4-DR.png
5864,2008,CHEVROLET,COBALT,2008 Chevrolet Cobalt 2-DR,,Not Rated,Not Rated,4,5,Not Rated,Not Rated,Not Rated,Not Rated,Not Rated,Not Rated,Not Rated,4,0,0.109, ,Not Rated,Optional,No,No,938,5,2,2008/CHEVROLET/COBALT/2008 Chevrolet Cobalt 2-DR.png
2566,2008,CHEVROLET,COLORADO,2008 Chevrolet Colorado Regular Cab,,Not Rated,Not Rated,4,4,Not Rated,4,Not Rated,Not Rated,Not Rated,Not Rated,4,4,0.179,0.185,No Tip,Not Rated,No,No,No,81,2,0,2008/CHEVROLET/COLORADO/2008 Chevrolet Colorado Regular Cab.png
2567,2008,CHEVROLET,COLORADO,2008 Chevrolet Colorado 4-DR.,,Not Rated,Not Rated,5,5,Not Rated,4,5,Not Rated,Not Rated,Not Rated,4,4,0.179,0.185,No Tip,Not Rated,No,No,No,81,2,0,2008/CHEVROLET/COLORADO/2008 Chevrolet Colorado 4-DR..png
2803,2008,CHEVROLET,COLORADO,2008 Chevrolet Colorado Extended Cab,,Not Rated,Not Rated,4,4,Not Rated,4,Not Rated,Not Rated,Not Rated,Not Rated,4,4,0.179,0.185,No Tip,Not Rated,No,No,No,81,2,0,2008/CHEVROLET/COLORADO/2008 Chevrolet Colorado Extended Cab.png
2710,2008,CHEVROLET,CORVETTE,2008 Chevrolet Corvette 2-DR,,Not Rated,Not Rated,Not Rated,Not Rated,Not Rated,Not Rated,Not Rated,Not Rated,Not Rated,Not Rated,Not Rated,Not Rated,0,0, ,Not Rated,Standard,No,No,587,0,2,2008/CHEVROLET/CORVETTE/2008 Chevrolet Corvette 2-DR.png
2711,2008,CHEVROLET,CORVETTE,2008 Chevrolet Corvette 2-DR Convertible w/SAB,,Not Rated,Not Rated,Not Rated,Not Rated,Not Rated,Not Rated,Not Rated,Not Rated,Not Rated,Not Rated,Not Rated,Not Rated,0,0, ,Not Rated,Standard,No,No,587,0,2,2008/CHEVROLET/CORVETTE/2008 Chevrolet Corvette 2-DR Convertible w_SAB.png
2702,2008,CHEVROLET,CORVETTE Z06,2008 Chevrolet Corvette Z06 2-DR,,Not Rated,Not Rated,Not Rated,Not Rated,Not Rated,Not Rated,Not Rated,Not Rated,Not Rated,Not Rated,Not Rated,Not Rated,0,0, ,Not Rated,Standard,No,No,587,0,2,2008/CHEVROLET/CORVETTE Z06/2008 Chevrolet Corvette Z06 2-DR.png
2568,2008,CHEVROLET,EQUINOX,2008 Chevrolet Equinox 4-DR.,,Not Rated,Not Rated,5,5,Not Rated,5,5,Not Rated,Not Rated,Not Rated,4,4,0.164,0.185,No Tip,Not Rated,Standard,No,No,370,0,0,2008/CHEVROLET/EQUINOX/2008 Chevrolet Equinox 4-DR..png
2840,2008,CHEVROLET,EXPRESS  2500 CARGO,2008 Chevrolet Express 2500 Cargo Van,,Not Rated,Not Rated,Not Rated,Not Rated,Not Rated,Not Rated,Not Rated,Not Rated,Not Rated,Not Rated,Not Rated,Not Rated,0,0, ,Not Rated,No,No,No,24,7,0,2008/CHEVROLET/EXPRESS  2500 CARGO/2008 Chevrolet Express 2500 Cargo Van.png
2841,2008,CHEVROLET,EXPRESS  3500 CARGO,2008 Chevrolet Express 3500 Cargo Van,,Not Rated,Not Rated,Not Rated,Not Rated,Not Rated,Not Rated,Not Rated,Not Rated,Not Rated,Not Rated,Not Rated,Not Rated,0,0, ,Not Rated,No,No,No,28,8,0,2008/CHEVROLET/EXPRESS  3500 CARGO/2008 Chevrolet Express 3500 Cargo Van.png
2570,2008,CHEVROLET,EXPRESS 1500 CARGO,2008 Chevrolet Express 1500 Cargo Van,,Not Rated,Not Rated,5,5,Not Rated,Not Rated,Not Rated,Not Rated,Not Rated,Not Rated,Not Rated,Not Rated,0,0, ,Not Rated,No,No,No,26,7,0,2008/CHEVROLET/EXPRESS 1500 CARGO/2008 Chevrolet Express 1500 Cargo Van.png
2571,2008,CHEVROLET,EXPRESS 1500 PASSENGER,2008 Chevrolet Express 1500 Passenger Van w/SAB,,Not Rated,Not Rated,5,5,Not Rated,Not Rated,Not Rated,Not Rated,Not Rated,Not Rated,3,3,0.228,0.279,No Tip,Not Rated,Standard,No,No,26,7,0,2008/CHEVROLET/EXPRESS 1500 PASSENGER/2008 Chevrolet Express 1500 Passenger Van w_SAB.png
2842,2008,CHEVROLET,EXPRESS 2500 12 PASSENGER,2008 Chevrolet Express 2500 12 Passenger Van w/SAB,,Not Rated,Not Rated,Not Rated,Not Rated,Not Rated,Not Rated,Not Rated,Not Rated,Not Rated,Not Rated,Not Rated,3,0,0.292, ,Not Rated,Standard,No,No,24,7,0,2008/CHEVROLET/EXPRESS 2500 12 PASSENGER/2008 Chevrolet Express 2500 12 Passenger Van w_SAB.png
2569,2008,CHEVROLET,EXPRESS 3500 15 PASSENGER,2008 Chevrolet Express Van 3500 15 Passenger Van w/SAB,,Not Rated,Not Rated,Not Rated,Not Rated,Not Rated,Not Rated,Not Rated,Not Rated,Not Rated,Not Rated,Not Rated,3,0,0.279, ,Not Rated,Standard,No,No,28,8,0,2008/CHEVROLET/EXPRESS 3500 15 PASSENGER/2008 Chevrolet Express Van 3500 15 Passenger Van w_SAB.png
2572,2008,CHEVROLET,HHR,2008 Chevrolet HHR 2-DR. Panel Truck,,Not Rated,Not Rated,5,5,Not Rated,5,Not Rated,Not Rated,Not Rated,Not Rated,Not Rated,Not Rated,0,0, ,Not Rated,Optional,No,No,615,5,1,2008/CHEVROLET/HHR/2008 Chevrolet HHR 2-DR. Panel Truck.png
2573,2008,CHEVROLET,HHR,2008 Chevrolet HHR 4-DR.,,Not Rated,Not Rated,5,5,Not Rated,5,5,Not Rated,Not Rated,Not Rated,Not Rated,4,0,0.143, ,Not Rated,Optional,No,No,615,5,1,2008/CHEVROLET/HHR/2008 Chevrolet HHR 4-DR..png
5268,2008,CHEVROLET,HHR,2008 Chevrolet HHR 4-DR. w/SAB,,Not Rated,Not Rated,5,5,Not Rated,5,5,Not Rated,Not Rated,Not Rated,Not Rated,4,0,0.143, ,Not Rated,Optional,No,No,615,5,1,2008/CHEVROLET/HHR/2008 Chevrolet HHR 4-DR. w_SAB.png
5269,2008,CHEVROLET,HHR,2008 Chevrolet HHR 2-DR. Panel Truck w/SAB,,Not Rated,Not Rated,5,5,Not Rated,5,Not Rated,Not Rated,Not Rated,Not Rated,Not Rated,Not Rated,0,0, ,Not Rated,Optional,No,No,615,5,1,2008/CHEVROLET/HHR/2008 Chevrolet HHR 2-DR. Panel Truck w_SAB.png
2574,2008,CHEVROLET,IMPALA,2008 Chevrolet Impala 4-DR w/SAB,,Not Rated,Not Rated,5,5,Not Rated,5,4,Not Rated,Not Rated,Not Rated,Not Rated,4,0,0.113, ,Not Rated,Optional,No,No,810,2,2,2008/CHEVROLET/IMPALA/2008 Chevrolet Impala 4-DR w_SAB.png
5869,2008,CHEVROLET,IMPALA,2008 Chevrolet Impala 4-DR,,Not Rated,Not Rated,5,5,Not Rated,Not Rated,Not Rated,Not Rated,Not Rated,Not Rated,Not Rated,4,0,0.113, ,Not Rated,Optional,No,No,810,2,2,2008/CHEVROLET/IMPALA/2008 Chevrolet Impala 4-DR.png
2703,2008,CHEVROLET,MALIBU,2008 Chevrolet Malibu 4-DR w/SAB,,Not Rated,Not Rated,5,5,Not Rated,5,5,Not Rated,Not Rated,Not Rated,Not Rated,4,0,0.109, ,Not Rated,Optional,No,No,1014,5,0,2008/CHEVROLET/MALIBU/2008 Chevrolet Malibu 4-DR w_SAB.png
2575,2008,CHEVROLET,MALIBU CLASSIC,2008 Chevrolet Malibu Classic 4-DR  w/SAB,,Not Rated,Not Rated,5,5,Not Rated,Not Rated,Not Rated,Not Rated,Not Rated,Not Rated,Not Rated,4,0,0.111, ,Not Rated,No,No,No,1007,5,0,2008/CHEVROLET/MALIBU CLASSIC/2008 Chevrolet Malibu Classic 4-DR  w_SAB.png
2704,2008,CHEVROLET,MALIBU HYBRID,2008 Chevrolet Malibu 4-DR Hybrid w/SAB,,Not Rated,Not Rated,5,5,Not Rated,5,5,Not Rated,Not Rated,Not Rated,Not Rated,4,0,0.109, ,Not Rated,Optional,No,No,993,5,0,2008/CHEVROLET/MALIBU HYBRID/2008 Chevrolet Malibu 4-DR Hybrid w_SAB.png
2576,2008,CHEVROLET,SILVERADO,2008 Chevrolet Silverado 1500 Extended Cab w/SAB,,Not Rated,Not Rated,5,5,Not Rated,5,5,Not Rated,Not Rated,Not Rated,4,4,0.185,0.191,No Tip,Not Rated,Optional,No,No,1074,5,3,2008/CHEVROLET/SILVERADO/2008 Chevrolet Silverado 1500 Extended Cab w_SAB.png
2577,2008,CHEVROLET,SILVERADO,2008 Chevrolet Silverado 1500 4-DR. w/SAB,,Not Rated,Not Rated,5,5,Not Rated,5,5,Not Rated,Not Rated,Not Rated,4,4,0.185,0.191,No Tip,Not Rated,Standard,No,No,1074,5,3,2008/CHEVROLET/SILVERADO/2008 Chevrolet Silverado 1500 4-DR. w_SAB.png
2578,2008,CHEVROLET,SILVERADO,2008 Chevrolet Silverado 1500 Regular Cab w/SAB,,Not Rated,Not Rated,5,5,Not Rated,5,Not Rated,Not Rated,Not Rated,Not Rated,4,4,0.185,0.191,No Tip,Not Rated,No,No,No,1074,5,3,2008/CHEVROLET/SILVERADO/2008 Chevrolet Silverado 1500 Regular Cab w_SAB.png
2618,2008,CHEVROLET,SILVERADO,2008 Chevrolet Silverado 1500 Regular Cab,,Not Rated,Not Rated,5,5,Not Rated,5,Not Rated,Not Rated,Not Rated,Not Rated,4,4,0.185,0.191,No Tip,Not Rated,No,No,No,1074,5,3,2008/CHEVROLET/SILVERADO/2008 Chevrolet Silverado 1500 Regular Cab.png
2619,2008,CHEVROLET,SILVERADO,2008 Chevrolet Silverado 1500 4-DR.,,Not Rated,Not Rated,5,5,Not Rated,5,5,Not Rated,Not Rated,Not Rated,4,4,0.185,0.191,No Tip,Not Rated,Standard,No,No,1074,5,3,2008/CHEVROLET/SILVERADO/2008 Chevrolet Silverado 1500 4-DR..png
2620,2008,CHEVROLET,SILVERADO,2008 Chevrolet Silverado 1500 Extended Cab,,Not Rated,Not Rated,5,5,Not Rated,5,5,Not Rated,Not Rated,Not Rated,4,4,0.185,0.191,No Tip,Not Rated,Optional,No,No,1074,5,3,2008/CHEVROLET/SILVERADO/2008 Chevrolet Silverado 1500 Extended Cab.png
2821,2008,CHEVROLET,SILVERADO,2008 Chevrolet Silverado 2500 Extended Cab,,Not Rated,Not Rated,Not Rated,Not Rated,Not Rated,Not Rated,Not Rated,Not Rated,Not Rated,Not Rated,Not Rated,Not Rated,0,0, ,Not Rated,No,No,No,353,6,3,2008/CHEVROLET/SILVERADO/2008 Chevrolet Silverado 2500 Extended Cab.png
2822,2008,CHEVROLET,SILVERADO,2008 Chevrolet Silverado 2500 Regular Cab,,Not Rated,Not Rated,Not Rated,Not Rated,Not Rated,Not Rated,Not Rated,Not Rated,Not Rated,Not Rated,Not Rated,Not Rated,0,0, ,Not Rated,No,No,No,353,6,3,2008/CHEVROLET/SILVERADO/2008 Chevrolet Silverado 2500 Regular Cab.png
2823,2008,CHEVROLET,SILVERADO,2008 Chevrolet Silverado 2500 4-DR.,,Not Rated,Not Rated,Not Rated,Not Rated,Not Rated,Not Rated,Not Rated,Not Rated,Not Rated,Not Rated,Not Rated,Not Rated,0,0, ,Not Rated,No,No,No,353,6,3,2008/CHEVROLET/SILVERADO/2008 Chevrolet Silverado 2500 4-DR..png
2824,2008,CHEVROLET,SILVERADO,2008 Chevrolet Silverado 3500 Extended Cab,,Not Rated,Not Rated,Not Rated,Not Rated,Not Rated,Not Rated,Not Rated,Not Rated,Not Rated,Not Rated,Not Rated,Not Rated,0,0, ,Not Rated,No,No,No,192,6,3,2008/CHEVROLET/SILVERADO/2008 Chevrolet Silverado 3500 Extended Cab.png
2825,2008,CHEVROLET,SILVERADO,2008 Chevrolet Silverado 3500 Regular Cab,,Not Rated,Not Rated,Not Rated,Not Rated,Not Rated,Not Rated,Not Rated,Not Rated,Not Rated,Not Rated,Not Rated,Not Rated,0,0, ,Not Rated,No,No,No,192,6,3,2008/CHEVROLET/SILVERADO/2008 Chevrolet Silverado 3500 Regular Cab.png
2826,2008,CHEVROLET,SILVERADO,2008 Chevrolet Silverado 3500 4-DR.,,Not Rated,Not Rated,Not Rated,Not Rated,Not Rated,Not Rated,Not Rated,Not Rated,Not Rated,Not Rated,Not Rated,Not Rated,0,0, ,Not Rated,No,No,No,192,6,3,2008/CHEVROLET/SILVERADO/2008 Chevrolet Silverado 3500 4-DR..png
2579,2008,CHEVROLET,SUBURBAN,2008 Chevrolet Suburban 1500 4-DR. w/SAB,,Not Rated,Not Rated,5,5,Not Rated,5,5,Not Rated,Not Rated,Not Rated,3,3,0.237,0.237,No Tip,Not Rated,Standard,No,No,314,4,3,2008/CHEVROLET/SUBURBAN/2008 Chevrolet Suburban 1500 4-DR. w_SAB.png
2820,2008,CHEVROLET,SUBURBAN,2008 Chevrolet Suburban 2500 4-DR. w/SAB,,Not Rated,Not Rated,Not Rated,Not Rated,Not Rated,Not Rated,Not Rated,Not Rated,Not Rated,Not Rated,Not Rated,Not Rated,0,0, ,Not Rated,Standard,No,No,220,4,3,2008/CHEVROLET/SUBURBAN/2008 Chevrolet Suburban 2500 4-DR. w_SAB.png
2581,2008,CHEVROLET,TAHOE,2008 Chevrolet Tahoe 4-DR. w/SAB,,Not Rated,Not Rated,5,5,Not Rated,5,5,Not Rated,Not Rated,Not Rated,3,3,0.228,0.246,No Tip,Not Rated,Standard,No,No,586,4,5,2008/CHEVROLET/TAHOE/2008 Chevrolet Tahoe 4-DR. w_SAB.png
2580,2008,CHEVROLET,TAHOE HYBRID,2008 Chevrolet Tahoe Hybrid 4-DR. w/SAB,,Not Rated,Not Rated,5,5,Not Rated,5,5,Not Rated,Not Rated,Not Rated,3,3,0.228,0.246,No Tip,Not Rated,Standard,No,No,586,4,5,2008/CHEVROLET/TAHOE HYBRID/2008 Chevrolet Tahoe Hybrid 4-DR. w_SAB.png
2582,2008,CHEVROLET,TRAILBLAZER,2008 Chevrolet Trailblazer 4-DR. w/SAB,,Not Rated,Not Rated,3,4,Not Rated,5,5,Not Rated,Not Rated,Not Rated,4,3,0.191,0.204,No Tip,Not Rated,Standard,No,No,195,0,1,2008/CHEVROLET/TRAILBLAZER/2008 Chevrolet Trailblazer 4-DR. w_SAB.png
2583,2008,CHEVROLET,UPLANDER,2008 Chevrolet Uplander w/SAB,,Not Rated,Not Rated,5,5,Not Rated,4,5,Not Rated,Not Rated,Not Rated,Not Rated,3,0,0.204, ,Not Rated,Standard,No,No,118,1,0,2008/CHEVROLET/UPLANDER/2008 Chevrolet Uplander w_SAB.png
2642,2008,CHRYSLER,300,2008 Chrysler 300 4-DR,,Not Rated,Not Rated,5,5,Not Rated,4,5,Not Rated,Not Rated,Not Rated,4,4,0,0.109, ,Not Rated,Optional,No,No,758,4,1,2008/CHRYSLER/300/2008 Chrysler 300 4-DR.png
2641,2008,CHRYSLER,ASPEN,2008 Chrysler Aspen 4-Dr. w/SAB,,Not Rated,Not Rated,5,5,Not Rated,Not Rated,Not Rated,Not Rated,Not Rated,Not Rated,4,3,0.191,0.212,No Tip,Not Rated,Standard,No,No,159,2,1,2008/CHRYSLER/ASPEN/2008 Chrysler Aspen 4-Dr. w_SAB.png
2705,2008,CHRYSLER,CROSSFIRE,2008 Chrysler Crossfire 2-DR. w/SAB,,Not Rated,Not Rated,Not Rated,Not Rated,Not Rated,5,Not Rated,Not Rated,Not Rated,Not Rated,Not Rated,5,0,0.095, ,Not Rated,Standard,No,No,39,1,2,2008/CHRYSLER/CROSSFIRE/2008 Chrysler Crossfire 2-DR. w_SAB.png
2644,2008,CHRYSLER,CROSSFIRE ROADSTER,2008 Chrysler Crossfire Roadster w/SAB,,Not Rated,Not Rated,Not Rated,Not Rated,Not Rated,Not Rated,Not Rated,Not Rated,Not Rated,Not Rated,Not Rated,5,0,0.095, ,Not Rated,Standard,No,No,39,1,2,2008/CHRYSLER/CROSSFIRE ROADSTER/2008 Chrysler Crossfire Roadster w_SAB.png
2643,2008,CHRYSLER,PACIFICA,2008 Chrysler Pacifica 4-DR w/SAB,,Not Rated,Not Rated,5,5,Not Rated,5,5,Not Rated,Not Rated,Not Rated,4,4,0.13,0.14,No Tip,Not Rated,Standard,No,No,102,0,0,2008/CHRYSLER/PACIFICA/2008 Chrysler Pacifica 4-DR w_SAB.png
2639,2008,CHRYSLER,PT CRUISER,2008 Chrysler PT Cruiser 4-DR. w/SAB,,Not Rated,Not Rated,4,4,Not Rated,4,5,Not Rated,Not Rated,Not Rated,Not Rated,4,0,0.136, ,Not Rated,No,No,No,115,0,0,2008/CHRYSLER/PT CRUISER/2008 Chrysler PT Cruiser 4-DR. w_SAB.png
2751,2008,CHRYSLER,PT CRUISER,2008 Chrysler PT Cruiser Convertible w/SAB,,Not Rated,Not Rated,Not Rated,Not Rated,Not Rated,Not Rated,Not Rated,Not Rated,Not Rated,Not Rated,Not Rated,Not Rated,0,0, ,Not Rated,No,No,No,115,0,0,2008/CHRYSLER/PT CRUISER/2008 Chrysler PT Cruiser Convertible w_SAB.png
2180,2008,CHRYSLER,SEBRING,2008 Chrysler Sebring Convertible w/SAB,,Not Rated,Not Rated,4,5,Not Rated,5,5,Not Rated,Not Rated,Not Rated,Not Rated,4,0,0.116, ,Not Rated,Optional,No,No,352,4,1,2008/CHRYSLER/SEBRING/2008 Chrysler Sebring Convertible w_SAB.png
2640,2008,CHRYSLER,SEBRING,2008 Chrysler Sebring 4-DR. w/SAB,,Not Rated,Not Rated,5,5,Not Rated,5,4,Not Rated,Not Rated,Not Rated,Not Rated,4,0,0.113, ,Not Rated,Optional,No,No,352,4,1,2008/CHRYSLER/SEBRING/2008 Chrysler Sebring 4-DR. w_SAB.png
2706,2008,CHRYSLER,TOWN & COUNTRY,2008 Chrysler Town & Country w/SAB,,Not Rated,Not Rated,5,5,Not Rated,5,5,Not Rated,Not Rated,Not Rated,Not Rated,4,0,0.164, ,Not Rated,Standard,No,No,1938,7,2,2008/CHRYSLER/TOWN & COUNTRY/2008 Chrysler Town & Country w_SAB.png
2749,2008,DODGE,AVENGER,2008 Dodge Avenger 4DR. w/SAB,,Not Rated,Not Rated,5,5,Not Rated,5,4,Not Rated,Not Rated,Not Rated,4,4,0.118,0.118,No Tip,Not Rated,Optional,No,No,844,6,1,2008/DODGE/AVENGER/2008 Dodge Avenger 4DR. w_SAB.png
2652,2008,DODGE,CALIBER,2008 Dodge Caliber 4-DR. w/SAB,,Not Rated,Not Rated,5,5,Not Rated,5,5,Not Rated,Not Rated,Not Rated,Not Rated,4,0,0.155, ,Not Rated,Optional,No,No,377,0,0,2008/DODGE/CALIBER/2008 Dodge Caliber 4-DR. w_SAB.png
2651,2008,DODGE,CHARGER,2008 Dodge Charger 4-DR.,,Not Rated,Not Rated,5,5,Not Rated,4,5,Not Rated,Not Rated,Not Rated,4,4,0.109,0.109,No Tip,Not Rated,Optional,No,No,624,5,2,2008/DODGE/CHARGER/2008 Dodge Charger 4-DR..png
2649,2008,DODGE,DAKOTA,2008 Dodge Dakota 4-DR.,,Not Rated,Not Rated,5,5,Not Rated,5,5,Not Rated,Not Rated,Not Rated,4,4,0.179,0.191,No Tip,Not Rated,No,No,No,91,2,1,2008/DODGE/DAKOTA/2008 Dodge Dakota 4-DR..png
2650,2008,DODGE,DAKOTA,2008 Dodge Dakota Extended Cab,,Not Rated,Not Rated,5,5,Not Rated,5,Not Rated,Not Rated,Not Rated,Not Rated,4,4,0.179,0.191,No Tip,Not Rated,No,No,No,91,2,1,2008/DODGE/DAKOTA/2008 Dodge Dakota Extended Cab.png
2646,2008,DODGE,DURANGO,2008 Dodge Durango 4-DR. w/SAB,,Not Rated,Not Rated,5,5,Not Rated,Not Rated,Not Rated,Not Rated,Not Rated,Not Rated,4,3,0.191,0.212,No Tip,Not Rated,Standard,No,No,97,2,1,2008/DODGE/DURANGO/2008 Dodge Durango 4-DR. w_SAB.png
2750,2008,DODGE,GRAND CARAVAN,2008 Dodge Grand Caravan w/SAB,,Not Rated,Not Rated,5,5,Not Rated,5,5,Not Rated,Not Rated,Not Rated,Not Rated,4,0,0.164, ,Not Rated,Standard,No,No,1290,8,2,2008/DODGE/GRAND CARAVAN/2008 Dodge Grand Caravan w_SAB.png
2645,2008,DODGE,MAGNUM,2008 Dodge Magnum 4-DR.,,Not Rated,Not Rated,5,5,Not Rated,4,5,Not Rated,Not Rated,Not Rated,4,4,0.109,0.109,No Tip,Not Rated,Optional,No,No,93,5,2,2008/DODGE/MAGNUM/2008 Dodge Magnum 4-DR..png
2653,2008,DODGE,NITRO,2008 Dodge Nitro 4-DR. w/SAB,,Not Rated,Not Rated,5,5,Not Rated,5,5,Not Rated,Not Rated,Not Rated,3,3,0.219,0.228,No Tip,Not Rated,Standard,No,No,392,3,1,2008/DODGE/NITRO/2008 Dodge Nitro 4-DR. w_SAB.png
2647,2008,DODGE,RAM 1500,2008 Dodge Ram 1500 Extended Cab,,Not Rated,Not Rated,5,5,Not Rated,Not Rated,Not Rated,Not Rated,Not Rated,Not Rated,4,4,0.198,0.179,No Tip,Not Rated,Optional,No,No,578,12,3,2008/DODGE/RAM 1500/2008 Dodge Ram 1500 Extended Cab.png
2648,2008,DODGE,RAM 1500,2008 Dodge Ram 1500 Regular Cab,,Not Rated,Not Rated,5,5,Not Rated,Not Rated,Not Rated,Not Rated,Not Rated,Not Rated,4,4,0.198,0.179,No Tip,Not Rated,Optional,No,No,578,12,3,2008/DODGE/RAM 1500/2008 Dodge Ram 1500 Regular Cab.png
2833,2008,DODGE,RAM 2500,2008 Dodge Ram 2500 Extended Cab w/SAB,,Not Rated,Not Rated,Not Rated,Not Rated,Not Rated,Not Rated,Not Rated,Not Rated,Not Rated,Not Rated,Not Rated,Not Rated,0,0, ,Not Rated,No,No,No,342,13,3,2008/DODGE/RAM 2500/2008 Dodge Ram 2500 Extended Cab w_SAB.png
2834,2008,DODGE,RAM 2500,2008 Dodge Ram 2500 Regular Cab w/SAB,,Not Rated,Not Rated,Not Rated,Not Rated,Not Rated,Not Rated,Not Rated,Not Rated,Not Rated,Not Rated,Not Rated,Not Rated,0,0, ,Not Rated,No,No,No,342,13,3,2008/DODGE/RAM 2500/2008 Dodge Ram 2500 Regular Cab w_SAB.png
2835,2008,DODGE,RAM 2500,2008 Dodge Ram 2500 4-DR. Mega Cab,,Not Rated,Not Rated,Not Rated,Not Rated,Not Rated,Not Rated,Not Rated,Not Rated,Not Rated,Not Rated,Not Rated,Not Rated,0,0, ,Not Rated,No,No,No,342,13,3,2008/DODGE/RAM 2500/2008 Dodge Ram 2500 4-DR. Mega Cab.png
2746,2008,DODGE,SPRINTER,2008 Dodge Sprinter 2500 12-Passenger Wagon,,Not Rated,Not Rated,Not Rated,Not Rated,Not Rated,Not Rated,Not Rated,Not Rated,Not Rated,Not Rated,Not Rated,1,0,0, ,Not Rated,Standard,No,No,74,5,0,2008/DODGE/SPRINTER/2008 Dodge Sprinter 2500 12-Passenger Wagon.png
2836,2008,DODGE,SPRINTER,2008 Dodge Sprinter 2500 Cargo Van,,Not Rated,Not Rated,Not Rated,Not Rated,Not Rated,Not Rated,Not Rated,Not Rated,Not Rated,Not Rated,Not Rated,Not Rated,0,0, ,Not Rated,Standard,No,No,74,5,0,2008/DODGE/SPRINTER/2008 Dodge Sprinter 2500 Cargo Van.png
2837,2008,DODGE,SPRINTER,2008 Dodge Sprinter 3500 Cargo Van,,Not Rated,Not Rated,Not Rated,Not Rated,Not Rated,Not Rated,Not Rated,Not Rated,Not Rated,Not Rated,Not Rated,Not Rated,0,0, ,Not Rated,Standard,No,No,39,3,0,2008/DODGE/SPRINTER/2008 Dodge Sprinter 3500 Cargo Van.png
2747,2008,DODGE,VIPER,2008 Dodge Viper 2-DR.,,Not Rated,Not Rated,Not Rated,Not Rated,Not Rated,Not Rated,Not Rated,Not Rated,Not Rated,Not Rated,Not Rated,Not Rated,0,0, ,Not Rated,No,No,No,2,0,1,2008/DODGE/VIPER/2008 Dodge Viper 2-DR..png
2748,2008,DODGE,VIPER ROADSTER,2008 Dodge Viper Roadster,,Not Rated,Not Rated,Not Rated,Not Rated,Not Rated,Not Rated,Not Rated,Not Rated,Not Rated,Not Rated,Not Rated,Not Rated,0,0, ,Not Rated,No,No,No,2,0,1,2008/DODGE/VIPER ROADSTER/2008 Dodge Viper Roadster.png
2521,2008,FORD,CROWN VICTORIA,2008 Ford Crown Victoria 4-DR.,,Not Rated,Not Rated,5,5,Not Rated,4,5,Not Rated,Not Rated,Not Rated,Not Rated,5,0,0.09, ,Not Rated,No,No,No,50,4,3,2008/FORD/CROWN VICTORIA/2008 Ford Crown Victoria 4-DR..png
2811,2008,FORD,CROWN VICTORIA,2008 Ford Crown Victoria 4-DR. 4-DR. w/SAB,,Not Rated,Not Rated,5,5,Not Rated,5,5,Not Rated,Not Rated,Not Rated,Not Rated,5,0,0.09, ,Not Rated,No,No,No,50,3,3,2008/FORD/CROWN VICTORIA/2008 Ford Crown Victoria 4-DR. 4-DR. w_SAB.png
2518,2008,FORD,E-150,2008 Ford E-150 Passenger Wagon,,Not Rated,Not Rated,Not Rated,Not Rated,Not Rated,Not Rated,Not Rated,Not Rated,Not Rated,Not Rated,Not Rated,3,0,0.279, ,Not Rated,No,No,No,266,20,1,2008/FORD/E-150/2008 Ford E-150 Passenger Wagon.png
2819,2008,FORD,E-350 12 PASSENGER,2008 Ford E-350 12 Passenger Wagon,,Not Rated,Not Rated,Not Rated,Not Rated,Not Rated,Not Rated,Not Rated,Not Rated,Not Rated,Not Rated,Not Rated,3,0,0.279, ,Not Rated,Standard,No,No,43,33,2,2008/FORD/E-350 12 PASSENGER/2008 Ford E-350 12 Passenger Wagon.png
2519,2008,FORD,E-350 15 PASSENGER,2008 Ford E-350 15 Passenger Wagon,,Not Rated,Not Rated,Not Rated,Not Rated,Not Rated,Not Rated,Not Rated,Not Rated,Not Rated,Not Rated,Not Rated,2,0,0.306, ,Not Rated,Standard,No,No,43,33,2,2008/FORD/E-350 15 PASSENGER/2008 Ford E-350 15 Passenger Wagon.png
2520,2008,FORD,EDGE,2008 Ford Edge 4-DR. w/SAB,,Not Rated,Not Rated,5,4,Not Rated,5,5,Not Rated,Not Rated,Not Rated,4,4,0.14,0.159,No Tip,Not Rated,Standard,No,No,1115,8,2,2008/FORD/EDGE/2008 Ford Edge 4-DR. w_SAB.png
2378,2008,FORD,ESCAPE,2008 Ford Escape 4-DR. w/SAB (Early release),,Not Rated,Not Rated,3,5,Not Rated,5,5,Not Rated,Not Rated,Not Rated,3,3,0.204,0.237,No Tip,Not Rated,Standard,No,No,2413,6,4,2008/FORD/ESCAPE/2008 Ford Escape 4-DR. w_SAB (Early release).png
2804,2008,FORD,ESCAPE,2008 Ford Escape 4-DR. w/SAB (Later release),,Not Rated,Not Rated,4,5,Not Rated,5,5,Not Rated,Not Rated,Not Rated,3,3,0.204,0.237,No Tip,Not Rated,Standard,No,No,2413,6,4,2008/FORD/ESCAPE/2008 Ford Escape 4-DR. w_SAB (Later release).png
2379,2008,FORD,ESCAPE HYBRID,2008 Ford Escape Hybrid 4-DR. w/SAB (Early release),,Not Rated,Not Rated,3,5,Not Rated,5,5,Not Rated,Not Rated,Not Rated,3,3,0.204,0.228,No Tip,Not Rated,No,No,No,2413,6,4,2008/FORD/ESCAPE HYBRID/2008 Ford Escape Hybrid 4-DR. w_SAB (Early release).png
2540,2008,FORD,ESCAPE HYBRID,2008 Ford Escape Hybrid 4-DR. w/SAB (Later release),,Not Rated,Not Rated,4,5,Not Rated,5,5,Not Rated,Not Rated,Not Rated,3,3,0.204,0.228,No Tip,Not Rated,No,No,No,2413,6,4,2008/FORD/ESCAPE HYBRID/2008 Ford Escape Hybrid 4-DR. w_SAB (Later release).png
2513,2008,FORD,EXPEDITION,2008 Ford Expedition 4-DR. w/SAB,,Not Rated,Not Rated,5,5,Not Rated,5,5,Not Rated,Not Rated,Not Rated,4,3,0.198,0.212,No Tip,Not Rated,Standard,No,No,146,5,1,2008/FORD/EXPEDITION/2008 Ford Expedition 4-DR. w_SAB.png
2514,2008,FORD,EXPEDITION,2008 Ford Expedition Extended 4-DR. w/SAB,,Not Rated,Not Rated,5,5,Not Rated,5,5,Not Rated,Not Rated,Not Rated,4,3,0.198,0.212,No Tip,Not Rated,Standard,No,No,146,5,1,2008/FORD/EXPEDITION/2008 Ford Expedition Extended 4-DR. w_SAB.png
2752,2008,FORD,EXPLORER,2008 Ford Explorer 4-DR. w/SAB,,Not Rated,Not Rated,5,5,Not Rated,5,5,Not Rated,Not Rated,Not Rated,3,3,0.228,0.237,No Tip,Not Rated,Standard,No,No,147,4,1,2008/FORD/EXPLORER/2008 Ford Explorer 4-DR. w_SAB.png
2753,2008,FORD,EXPLORER SPORT TRAC,2008 Ford Explorer Sport Trac 4-DR. w/SAB,,Not Rated,Not Rated,5,5,Not Rated,5,5,Not Rated,Not Rated,Not Rated,4,3,0.198,0.219,No Tip,Not Rated,Standard,No,No,23,2,1,2008/FORD/EXPLORER SPORT TRAC/2008 Ford Explorer Sport Trac 4-DR. w_SAB.png
2515,2008,FORD,F-150,2008 Ford F-150 Supercrew 4-DR.,,Not Rated,Not Rated,5,5,Not Rated,Not Rated,Not Rated,Not Rated,Not Rated,Not Rated,4,4,0.198,0.174,No Tip,Not Rated,No,No,No,368,2,1,2008/FORD/F-150/2008 Ford F-150 Supercrew 4-DR..png
2516,2008,FORD,F-150,2008 Ford F-150 Regular Cab,,Not Rated,Not Rated,5,5,Not Rated,Not Rated,Not Rated,Not Rated,Not Rated,Not Rated,4,4,0.198,0.174,No Tip,Not Rated,No,No,No,368,2,1,2008/FORD/F-150/2008 Ford F-150 Regular Cab.png
2517,2008,FORD,F-150,2008 Ford F-150 Supercab,,Not Rated,Not Rated,5,5,Not Rated,Not Rated,Not Rated,Not Rated,Not Rated,Not Rated,4,4,0.198,0.174,No Tip,Not Rated,No,No,No,368,2,1,2008/FORD/F-150/2008 Ford F-150 Supercab.png
2813,2008,FORD,F-250,2008 Ford F-250 Regular Cab,,Not Rated,Not Rated,Not Rated,Not Rated,Not Rated,Not Rated,Not Rated,Not Rated,Not Rated,Not Rated,Not Rated,Not Rated,0,0, ,Not Rated,No,No,No,337,11,1,2008/FORD/F-250/2008 Ford F-250 Regular Cab.png
2814,2008,FORD,F-250,2008 Ford F-250 Supercab,,Not Rated,Not Rated,Not Rated,Not Rated,Not Rated,Not Rated,Not Rated,Not Rated,Not Rated,Not Rated,Not Rated,Not Rated,0,0, ,Not Rated,No,No,No,337,11,1,2008/FORD/F-250/2008 Ford F-250 Supercab.png
2815,2008,FORD,F-250,2008 Ford F-250 Supercrew 4-DR.,,Not Rated,Not Rated,Not Rated,Not Rated,Not Rated,Not Rated,Not Rated,Not Rated,Not Rated,Not Rated,Not Rated,Not Rated,0,0, ,Not Rated,No,No,No,337,11,1,2008/FORD/F-250/2008 Ford F-250 Supercrew 4-DR..png
2816,2008,FORD,F-350,2008 Ford F-350 Supercrew 4-DR.,,Not Rated,Not Rated,Not Rated,Not Rated,Not Rated,Not Rated,Not Rated,Not Rated,Not Rated,Not Rated,Not Rated,Not Rated,0,0, ,Not Rated,No,No,No,233,9,1,2008/FORD/F-350/2008 Ford F-350 Supercrew 4-DR..png
2817,2008,FORD,F-350,2008 Ford F-350 Regular Cab,,Not Rated,Not Rated,Not Rated,Not Rated,Not Rated,Not Rated,Not Rated,Not Rated,Not Rated,Not Rated,Not Rated,Not Rated,0,0, ,Not Rated,No,No,No,233,9,1,2008/FORD/F-350/2008 Ford F-350 Regular Cab.png
2818,2008,FORD,F-350,2008 Ford F-350 Supercab,,Not Rated,Not Rated,Not Rated,Not Rated,Not Rated,Not Rated,Not Rated,Not Rated,Not Rated,Not Rated,Not Rated,Not Rated,0,0, ,Not Rated,No,No,No,233,9,1,2008/FORD/F-350/2008 Ford F-350 Supercab.png
2525,2008,FORD,FOCUS,2008 Ford Focus 2-DR. Hatchback w/SAB,,Not Rated,Not Rated,5,5,Not Rated,3,3,Not Rated,Not Rated,Not Rated,Not Rated,4,0,0.14, ,Not Rated,No,No,No,250,3,1,2008/FORD/FOCUS/2008 Ford Focus 2-DR. Hatchback w_SAB.png
2526,2008,FORD,FOCUS,2008 Ford Focus 4-DR. w/SAB,,Not Rated,Not Rated,4,4,Not Rated,5,4,Not Rated,Not Rated,Not Rated,Not Rated,4,0,0.13, ,Not Rated,No,No,No,250,3,1,2008/FORD/FOCUS/2008 Ford Focus 4-DR. w_SAB.png
2522,2008,FORD,FUSION,2008 Ford Fusion 4-DR. w/SAB (Early Release),,Not Rated,Not Rated,4,4,Not Rated,5,4,Not Rated,Not Rated,Not Rated,5,4,0.092,0.105,No Tip,Not Rated,No,No,No,1352,7,5,2008/FORD/FUSION/2008 Ford Fusion 4-DR. w_SAB (Early Release).png
2808,2008,FORD,FUSION,2008 Ford Fusion 4-DR. w/SAB (Later Release),,Not Rated,Not Rated,5,5,Not Rated,5,4,Not Rated,Not Rated,Not Rated,5,4,0.092,0.105,No Tip,Not Rated,No,No,No,1352,7,5,2008/FORD/FUSION/2008 Ford Fusion 4-DR. w_SAB (Later Release).png
2523,2008,FORD,MUSTANG,2008 Ford Mustang 2-DR w/SAB,,Not Rated,Not Rated,5,5,Not Rated,5,4,Not Rated,Not Rated,Not Rated,Not Rated,5,0,0.087, ,Not Rated,No,No,No,347,9,4,2008/FORD/MUSTANG/2008 Ford Mustang 2-DR w_SAB.png
2524,2008,FORD,MUSTANG,2008 Ford Mustang 2-DR Convertible w/SAB,,Not Rated,Not Rated,5,5,Not Rated,5,5,Not Rated,Not Rated,Not Rated,Not Rated,5,0,0.087, ,Not Rated,No,No,No,347,9,4,2008/FORD/MUSTANG/2008 Ford Mustang 2-DR Convertible w_SAB.png
2527,2008,FORD,RANGER,2008 Ford Ranger Regular Cab,,Not Rated,Not Rated,5,4,Not Rated,5,Not Rated,Not Rated,Not Rated,Not Rated,3,3,0.267,0.219,No Tip,Not Rated,No,No,No,324,7,1,2008/FORD/RANGER/2008 Ford Ranger Regular Cab.png
2528,2008,FORD,RANGER,2008 Ford Ranger Supercab,,Not Rated,Not Rated,5,4,Not Rated,4,Not Rated,Not Rated,Not Rated,Not Rated,3,3,0.267,0.219,No Tip,Not Rated,No,No,No,324,7,1,2008/FORD/RANGER/2008 Ford Ranger Supercab.png
2798,2008,FORD,TAURUS,2008 Ford Taurus 4-DR. w/SAB,,Not Rated,Not Rated,5,5,Not Rated,5,5,Not Rated,Not Rated,Not Rated,4,4,0.113,0.105,No Tip,Not Rated,Optional,No,No,175,2,1,2008/FORD/TAURUS/2008 Ford Taurus 4-DR. w_SAB.png
2799,2008,FORD,TAURUS X,2008 Ford Taurus X 4-DR. w/SAB,,Not Rated,Not Rated,5,5,Not Rated,5,5,Not Rated,Not Rated,Not Rated,4,4,0.133,0.143,No Tip,Not Rated,Standard,No,No,153,2,1,2008/FORD/TAURUS X/2008 Ford Taurus X 4-DR. w_SAB.png
2584,2008,GMC,ACADIA,2008 GMC Acadia 4-DR. w/SAB,,Not Rated,Not Rated,5,5,Not Rated,5,5,Not Rated,Not Rated,Not Rated,4,4,0.155,0.169,No Tip,Not Rated,Standard,No,No,857,5,2,2008/GMC/ACADIA/2008 GMC Acadia 4-DR. w_SAB.png
2585,2008,GMC,CANYON,2008 GMC Canyon Regular Cab,,Not Rated,Not Rated,4,4,Not Rated,4,Not Rated,Not Rated,Not Rated,Not Rated,4,4,0.179,0.185,No Tip,Not Rated,No,No,No,42,2,0,2008/GMC/CANYON/2008 GMC Canyon Regular Cab.png
2586,2008,GMC,CANYON,2008 GMC Canyon 4-DR.,,Not Rated,Not Rated,5,5,Not Rated,4,5,Not Rated,Not Rated,Not Rated,4,4,0.179,0.185,No Tip,Not Rated,No,No,No,42,2,0,2008/GMC/CANYON/2008 GMC Canyon 4-DR..png
2587,2008,GMC,CANYON,2008 GMC Canyon Extended Cab,,Not Rated,Not Rated,4,4,Not Rated,4,Not Rated,Not Rated,Not Rated,Not Rated,4,4,0.179,0.185,No Tip,Not Rated,No,No,No,42,2,0,2008/GMC/CANYON/2008 GMC Canyon Extended Cab.png
2588,2008,GMC,ENVOY,2008 GMC Envoy 4-DR. w/SAB,,Not Rated,Not Rated,3,4,Not Rated,5,5,Not Rated,Not Rated,Not Rated,4,3,0.191,0.204,No Tip,Not Rated,Standard,No,No,76,0,1,2008/GMC/ENVOY/2008 GMC Envoy 4-DR. w_SAB.png
5432,2008,GMC,SAVANA 2500 12 PASSENGER,2008 GMC Savana 2500 12 Passenger Van w/SAB,,Not Rated,Not Rated,Not Rated,Not Rated,Not Rated,Not Rated,Not Rated,Not Rated,Not Rated,Not Rated,Not Rated,3,0,0.292, ,Not Rated,Standard,No,No,4,7,0,2008/GMC/SAVANA 2500 12 PASSENGER/2008 GMC Savana 2500 12 Passenger Van w_SAB.png
2589,2008,GMC,SAVANA 3500 15 PASSENGER,2008 GMC Savana 3500 15 Passenger Van w/SAB,,Not Rated,Not Rated,Not Rated,Not Rated,Not Rated,Not Rated,Not Rated,Not Rated,Not Rated,Not Rated,Not Rated,3,0,0.279, ,Not Rated,Standard,No,No,3,7,0,2008/GMC/SAVANA 3500 15 PASSENGER/2008 GMC Savana 3500 15 Passenger Van w_SAB.png
2590,2008,GMC,SAVANA CARGO 1500,2008 GMC Savana Cargo 1500 Van,,Not Rated,Not Rated,5,5,Not Rated,Not Rated,Not Rated,Not Rated,Not Rated,Not Rated,Not Rated,Not Rated,0,0, ,Not Rated,No,No,No,5,7,0,2008/GMC/SAVANA CARGO 1500/2008 GMC Savana Cargo 1500 Van.png
2838,2008,GMC,SAVANA CARGO 2500,2008 GMC Savana Cargo 2500 Van w/SAB,,Not Rated,Not Rated,Not Rated,Not Rated,Not Rated,Not Rated,Not Rated,Not Rated,Not Rated,Not Rated,Not Rated,Not Rated,0,0, ,Not Rated,No,No,No,4,7,0,2008/GMC/SAVANA CARGO 2500/2008 GMC Savana Cargo 2500 Van w_SAB.png
2839,2008,GMC,SAVANA CARGO 3500,2008 GMC Savana Cargo 3500 Van w/SAB,,Not Rated,Not Rated,Not Rated,Not Rated,Not Rated,Not Rated,Not Rated,Not Rated,Not Rated,Not Rated,Not Rated,Not Rated,0,0, ,Not Rated,No,No,No,3,7,0,2008/GMC/SAVANA CARGO 3500/2008 GMC Savana Cargo 3500 Van w_SAB.png
2591,2008,GMC,SAVANA PASSENGER 1500,2008 GMC Savana Passenger 1500 Van w/SAB,,Not Rated,Not Rated,5,5,Not Rated,Not Rated,Not Rated,Not Rated,Not Rated,Not Rated,3,3,0.228,0.279,No Tip,Not Rated,Standard,No,No,5,7,0,2008/GMC/SAVANA PASSENGER 1500/2008 GMC Savana Passenger 1500 Van w_SAB.png
2592,2008,GMC,SIERRA,2008 GMC Sierra 1500 Regular Cab w/SAB,,Not Rated,Not Rated,5,5,Not Rated,5,Not Rated,Not Rated,Not Rated,Not Rated,4,4,0.185,0.191,No Tip,Not Rated,No,No,No,469,4,3,2008/GMC/SIERRA/2008 GMC Sierra 1500 Regular Cab w_SAB.png
2593,2008,GMC,SIERRA,2008 GMC Sierra 1500 Extended Cab w/SAB,,Not Rated,Not Rated,5,5,Not Rated,5,5,Not Rated,Not Rated,Not Rated,4,4,0.185,0.191,No Tip,Not Rated,Optional,No,No,469,4,3,2008/GMC/SIERRA/2008 GMC Sierra 1500 Extended Cab w_SAB.png
2594,2008,GMC,SIERRA,2008 GMC Sierra 1500 4-DR. w/SAB,,Not Rated,Not Rated,5,5,Not Rated,5,5,Not Rated,Not Rated,Not Rated,4,4,0.185,0.191,No Tip,Not Rated,Standard,No,No,469,4,3,2008/GMC/SIERRA/2008 GMC Sierra 1500 4-DR. w_SAB.png
2621,2008,GMC,SIERRA,2008 GMC Sierra 1500 Extended Cab,,Not Rated,Not Rated,5,5,Not Rated,5,5,Not Rated,Not Rated,Not Rated,4,4,0.185,0.191,No Tip,Not Rated,Optional,No,No,469,4,3,2008/GMC/SIERRA/2008 GMC Sierra 1500 Extended Cab.png
2622,2008,GMC,SIERRA,2008 GMC Sierra 1500 Regular Cab,,Not Rated,Not Rated,5,5,Not Rated,5,Not Rated,Not Rated,Not Rated,Not Rated,4,4,0.185,0.191,No Tip,Not Rated,No,No,No,469,4,3,2008/GMC/SIERRA/2008 GMC Sierra 1500 Regular Cab.png
2623,2008,GMC,SIERRA,2008 GMC Sierra 1500 4-DR.,,Not Rated,Not Rated,5,5,Not Rated,5,5,Not Rated,Not Rated,Not Rated,4,4,0.185,0.191,No Tip,Not Rated,Standard,No,No,469,4,3,2008/GMC/SIERRA/2008 GMC Sierra 1500 4-DR..png
2827,2008,GMC,SIERRA,2008 GMC Sierra 2500 4-DR.,,Not Rated,Not Rated,Not Rated,Not Rated,Not Rated,Not Rated,Not Rated,Not Rated,Not Rated,Not Rated,Not Rated,Not Rated,0,0, ,Not Rated,No,No,No,131,5,3,2008/GMC/SIERRA/2008 GMC Sierra 2500 4-DR..png
2828,2008,GMC,SIERRA,2008 GMC Sierra 2500 Regular Cab,,Not Rated,Not Rated,Not Rated,Not Rated,Not Rated,Not Rated,Not Rated,Not Rated,Not Rated,Not Rated,Not Rated,Not Rated,0,0, ,Not Rated,No,No,No,131,5,3,2008/GMC/SIERRA/2008 GMC Sierra 2500 Regular Cab.png
2829,2008,GMC,SIERRA,2008 GMC Sierra 2500 Extended Cab,,Not Rated,Not Rated,Not Rated,Not Rated,Not Rated,Not Rated,Not Rated,Not Rated,Not Rated,Not Rated,Not Rated,Not Rated,0,0, ,Not Rated,No,No,No,131,5,3,2008/GMC/SIERRA/2008 GMC Sierra 2500 Extended Cab.png
2830,2008,GMC,SIERRA,2008 GMC Sierra 3500 Extended Cab,,Not Rated,Not Rated,Not Rated,Not Rated,Not Rated,Not Rated,Not Rated,Not Rated,Not Rated,Not Rated,Not Rated,Not Rated,0,0, ,Not Rated,No,No,No,92,5,3,2008/GMC/SIERRA/2008 GMC Sierra 3500 Extended Cab.png
2831,2008,GMC,SIERRA,2008 GMC Sierra 3500 Regular Cab,,Not Rated,Not Rated,Not Rated,Not Rated,Not Rated,Not Rated,Not Rated,Not Rated,Not Rated,Not Rated,Not Rated,Not Rated,0,0, ,Not Rated,No,No,No,92,5,3,2008/GMC/SIERRA/2008 GMC Sierra 3500 Regular Cab.png
2832,2008,GMC,SIERRA,2008 GMC Sierra 3500 4-DR.,,Not Rated,Not Rated,Not Rated,Not Rated,Not Rated,Not Rated,Not Rated,Not Rated,Not Rated,Not Rated,Not Rated,Not Rated,0,0, ,Not Rated,No,No,No,92,5,3,2008/GMC/SIERRA/2008 GMC Sierra 3500 4-DR..png
2595,2008,GMC,YUKON,2008 GMC Yukon 4-DR. w/SAB,,Not Rated,Not Rated,5,5,Not Rated,5,5,Not Rated,Not Rated,Not Rated,3,3,0.228,0.246,No Tip,Not Rated,Standard,No,No,409,4,5,2008/GMC/YUKON/2008 GMC Yukon 4-DR. w_SAB.png
2596,2008,GMC,YUKON HYBRID,2008 GMC Yukon Hybrid 4-DR. w/SAB,,Not Rated,Not Rated,5,5,Not Rated,5,5,Not Rated,Not Rated,Not Rated,3,3,0.228,0.246,No Tip,Not Rated,Standard,No,No,217,4,5,2008/GMC/YUKON HYBRID/2008 GMC Yukon Hybrid 4-DR. w_SAB.png
2597,2008,GMC,YUKON XL,2008 GMC Yukon XL  4-DR. w/SAB,,Not Rated,Not Rated,5,5,Not Rated,5,5,Not Rated,Not Rated,Not Rated,3,3,0.237,0.237,No Tip,Not Rated,Standard,No,No,409,4,5,2008/GMC/YUKON XL/2008 GMC Yukon XL  4-DR. w_SAB.png
2537,2008,HONDA,ACCORD,2008 Honda Accord 2-DR. w/SAB,,Not Rated,Not Rated,5,5,Not Rated,4,5,Not Rated,Not Rated,Not Rated,Not Rated,5,0,0.097, ,Not Rated,Standard,No,No,1519,9,3,2008/HONDA/ACCORD/2008 Honda Accord 2-DR. w_SAB.png
2538,2008,HONDA,ACCORD,2008 Honda Accord 4-DR. w/SAB,,Not Rated,Not Rated,5,5,Not Rated,5,3,Not Rated,Not Rated,Not Rated,Not Rated,5,0,0.095, ,Not Rated,Standard,No,No,1519,9,3,2008/HONDA/ACCORD/2008 Honda Accord 4-DR. w_SAB.png
2413,2008,HONDA,CIVIC,2008 Honda Civic 4-DR. w/SAB,,Not Rated,Not Rated,5,5,Not Rated,4,5,Not Rated,Not Rated,Not Rated,Not Rated,4,0,0.105, ,Not Rated,Optional,No,No,914,7,0,2008/HONDA/CIVIC/2008 Honda Civic 4-DR. w_SAB.png
2414,2008,HONDA,CIVIC,2008 Honda Civic 2-DR. w/SAB,,Not Rated,Not Rated,5,5,Not Rated,4,5,Not Rated,Not Rated,Not Rated,Not Rated,4,0,0.103, ,Not Rated,Optional,No,No,914,7,0,2008/HONDA/CIVIC/2008 Honda Civic 2-DR. w_SAB.png
2416,2008,HONDA,CIVIC,2008 Honda Civic GX (CNG) 4-DR. w/SAB,,Not Rated,Not Rated,5,5,Not Rated,4,5,Not Rated,Not Rated,Not Rated,Not Rated,4,0,0.105, ,Not Rated,No,No,No,915,7,0,2008/HONDA/CIVIC/2008 Honda Civic GX (CNG) 4-DR. w_SAB.png
2415,2008,HONDA,CIVIC HYBRID,2008 Honda Civic Hybrid 4-DR. w/SAB,,Not Rated,Not Rated,5,5,Not Rated,4,5,Not Rated,Not Rated,Not Rated,Not Rated,4,0,0.105, ,Not Rated,No,No,No,978,7,1,2008/HONDA/CIVIC HYBRID/2008 Honda Civic Hybrid 4-DR. w_SAB.png
2408,2008,HONDA,CR-V,2008 Honda CR-V w/SAB,,Not Rated,Not Rated,5,5,Not Rated,5,5,Not Rated,Not Rated,Not Rated,4,4,0.155,0.174,No Tip,Not Rated,Standard,No,No,958,11,0,2008/HONDA/CR-V/2008 Honda CR-V w_SAB.png
2409,2008,HONDA,ELEMENT,2008 Honda Element 4-DR. w/SAB,,Not Rated,Not Rated,5,5,Not Rated,5,5,Not Rated,Not Rated,Not Rated,3,3,0.204,0.219,No Tip,Not Rated,Standard,No,No,110,13,4,2008/HONDA/ELEMENT/2008 Honda Element 4-DR. w_SAB.png
2418,2008,HONDA,FIT,2008 Honda Fit 4-DR. w/SAB,,Not Rated,Not Rated,5,5,Not Rated,5,3,Not Rated,Not Rated,Not Rated,Not Rated,4,0,0.133, ,Not Rated,No,No,No,217,8,1,2008/HONDA/FIT/2008 Honda Fit 4-DR. w_SAB.png
2410,2008,HONDA,ODYSSEY,2008 Honda Odyssey w/SAB,,Not Rated,Not Rated,5,5,Not Rated,5,5,Not Rated,Not Rated,Not Rated,Not Rated,4,0,0.14, ,Not Rated,Standard,No,No,499,5,5,2008/HONDA/ODYSSEY/2008 Honda Odyssey w_SAB.png
2411,2008,HONDA,PILOT,2008 Honda Pilot 4-DR. w/SAB,,Not Rated,Not Rated,5,5,Not Rated,5,5,Not Rated,Not Rated,Not Rated,4,4,0.159,0.164,No Tip,Not Rated,Standard,No,No,132,9,1,2008/HONDA/PILOT/2008 Honda Pilot 4-DR. w_SAB.png
2412,2008,HONDA,RIDGELINE,2008 Honda Ridgeline 4-DR. w/SAB,,Not Rated,Not Rated,5,5,Not Rated,5,5,Not Rated,Not Rated,Not Rated,4,Not Rated,0.143,0,No Tip,Not Rated,Standard,No,No,140,10,0,2008/HONDA/RIDGELINE/2008 Honda Ridgeline 4-DR. w_SAB.png
2417,2008,HONDA,S2000,2008 Honda S2000 Convertible,,Not Rated,Not Rated,4,4,Not Rated,5,Not Rated,Not Rated,Not Rated,Not Rated,Not Rated,5,0,0.082, ,Not Rated,Standard,No,No,3,0,0,2008/HONDA/S2000/2008 Honda S2000 Convertible.png
2707,2008,HUMMER,H2,2008 Hummer H2 4-DR Pickup w/SAB,https://static.nhtsa.gov/images/vehicles/4822_st0640_046.png,Not Rated,Not Rated,Not Rated,Not Rated,Not Rated,Not Rated,Not Rated,Not Rated,Not Rated,Not Rated,Not Rated,Not Rated,0,0, ,Not Rated,Standard,No,No,7,3,2,2008/HUMMER/H2/2008 Hummer H2 4-DR Pickup w_SAB.png
2708,2008,HUMMER,H2,2008 Hummer H2 4-DR w/SAB,https://static.nhtsa.gov/images/vehicles/4822_st0640_046.png,Not Rated,Not Rated,Not Rated,Not Rated,Not Rated,Not Rated,Not Rated,Not Rated,Not Rated,Not Rated,Not Rated,Not Rated,0,0, ,Not Rated,Standard,No,No,7,3,2,2008/HUMMER/H2/2008 Hummer H2 4-DR w_SAB.png
2707,2008,HUMMER,H2 4-DR Pickup w/SAB,2008 Hummer H2 4-DR Pickup w/SAB,,Not Rated,Not Rated,Not Rated,Not Rated,Not Rated,Not Rated,Not Rated,Not Rated,Not Rated,Not Rated,Not Rated,Not Rated,0,0, ,Not Rated,Standard,No,No,7,3,2,2008/HUMMER/H2 4-DR Pickup w/SAB/2008 Hummer H2 4-DR Pickup w_SAB.png
2708,2008,HUMMER,H2 4-DR w/SAB,2008 Hummer H2 4-DR w/SAB,,Not Rated,Not Rated,Not Rated,Not Rated,Not Rated,Not Rated,Not Rated,Not Rated,Not Rated,Not Rated,Not Rated,Not Rated,0,0, ,Not Rated,Standard,No,No,7,3,2,2008/HUMMER/H2 4-DR w/SAB/2008 Hummer H2 4-DR w_SAB.png
2598,2008,HUMMER,H3,2008 Hummer H3 4-DR w/SAB,,Not Rated,Not Rated,5,4,Not Rated,5,5,Not Rated,Not Rated,Not Rated,3,Not Rated,0.246,0,No Tip,Not Rated,Standard,No,No,113,2,0,2008/HUMMER/H3/2008 Hummer H3 4-DR w_SAB.png
2424,2008,HYUNDAI,ACCENT,2008 Hyundai Accent 4-DR. w/SAB,,Not Rated,Not Rated,5,5,Not Rated,4,3,Not Rated,Not Rated,Not Rated,Not Rated,4,0,0.124, ,Not Rated,No,No,No,101,1,0,2008/HYUNDAI/ACCENT/2008 Hyundai Accent 4-DR. w_SAB.png
2800,2008,HYUNDAI,ACCENT,2008 Hyundai Accent 2-DR. w/SAB,,Not Rated,Not Rated,Not Rated,Not Rated,Not Rated,Not Rated,Not Rated,Not Rated,Not Rated,Not Rated,Not Rated,Not Rated,0,0, ,Not Rated,No,No,No,101,1,0,2008/HYUNDAI/ACCENT/2008 Hyundai Accent 2-DR. w_SAB.png
2427,2008,HYUNDAI,AZERA,2008 Hyundai Azera 4-DR (Early Release) w/SAB,,Not Rated,Not Rated,4,4,Not Rated,5,4,Not Rated,Not Rated,Not Rated,Not Rated,4,0,0.107, ,Not Rated,Standard,No,No,69,7,1,2008/HYUNDAI/AZERA/2008 Hyundai Azera 4-DR (Early Release) w_SAB.png
5011,2008,HYUNDAI,AZERA,2008 Hyundai Azera 4-DR (Later Release) w/SAB,,Not Rated,Not Rated,4,4,Not Rated,5,5,Not Rated,Not Rated,Not Rated,Not Rated,4,0,0.107, ,Not Rated,Standard,No,No,69,7,1,2008/HYUNDAI/AZERA/2008 Hyundai Azera 4-DR (Later Release) w_SAB.png
2425,2008,HYUNDAI,ELANTRA,2008 Hyundai Elantra 4-DR. w/SAB,,Not Rated,Not Rated,5,5,Not Rated,4,4,Not Rated,Not Rated,Not Rated,Not Rated,4,0,0.107, ,Not Rated,Optional,No,No,315,7,2,2008/HYUNDAI/ELANTRA/2008 Hyundai Elantra 4-DR. w_SAB.png
2430,2008,HYUNDAI,ENTOURAGE,2008 Hyundai Entourage Van w/SAB,,Not Rated,Not Rated,5,5,Not Rated,5,5,Not Rated,Not Rated,Not Rated,Not Rated,4,0,0.136, ,Not Rated,Standard,No,No,72,4,0,2008/HYUNDAI/ENTOURAGE/2008 Hyundai Entourage Van w_SAB.png
2431,2008,HYUNDAI,SANTA FE,2008 Hyundai Santa Fe 4-DR w/SAB,,Not Rated,Not Rated,5,5,Not Rated,5,5,Not Rated,Not Rated,Not Rated,4,4,0.169,0.174,No Tip,Not Rated,Standard,No,No,541,6,1,2008/HYUNDAI/SANTA FE/2008 Hyundai Santa Fe 4-DR w_SAB.png
2396,2008,HYUNDAI,SONATA,2008 Hyundai Sonata 4-DR w/SAB,,Not Rated,Not Rated,5,5,Not Rated,5,5,Not Rated,Not Rated,Not Rated,Not Rated,4,0,0.103, ,Not Rated,Standard,No,No,425,5,4,2008/HYUNDAI/SONATA/2008 Hyundai Sonata 4-DR w_SAB.png
2426,2008,HYUNDAI,TIBURON,2008 Hyundai Tiburon 2-DR. w/SAB,,Not Rated,Not Rated,Not Rated,Not Rated,Not Rated,4,Not Rated,Not Rated,Not Rated,Not Rated,Not Rated,4,0,0.109, ,Not Rated,Optional,No,No,19,1,0,2008/HYUNDAI/TIBURON/2008 Hyundai Tiburon 2-DR. w_SAB.png
2428,2008,HYUNDAI,TUCSON,2008 Hyundai Tucson 4-DR w/SAB,,Not Rated,Not Rated,5,5,Not Rated,5,5,Not Rated,Not Rated,Not Rated,4,4,0.179,0.198,No Tip,Not Rated,Standard,No,No,43,1,0,2008/HYUNDAI/TUCSON/2008 Hyundai Tucson 4-DR w_SAB.png
2429,2008,HYUNDAI,VERACRUZ,2008 Hyundai Veracruz 4-DR. w/SAB,,Not Rated,Not Rated,5,5,Not Rated,5,5,Not Rated,Not Rated,Not Rated,4,4,0.159,0.169,No Tip,Not Rated,Standard,No,No,230,7,1,2008/HYUNDAI/VERACRUZ/2008 Hyundai Veracruz 4-DR. w_SAB.png
2736,2008,INFINITI,EX35,2008 Infiniti EX35 w/SAB,,Not Rated,Not Rated,4,4,Not Rated,5,5,Not Rated,Not Rated,Not Rated,4,4,0.13,0.13,No Tip,Not Rated,Standard,No,Optional,44,4,1,2008/INFINITI/EX35/2008 Infiniti EX35 w_SAB.png
2449,2008,INFINITI,FX35/45,2008 Infiniti FX35/45 4-DR. w/SAB,,Not Rated,Not Rated,5,5,Not Rated,5,5,Not Rated,Not Rated,Not Rated,4,4,0.151,0.159,No Tip,Not Rated,Standard,No,Optional,37,4,1,2008/INFINITI/FX35/45/2008 Infiniti FX35_45 4-DR. w_SAB.png
2738,2008,INFINITI,G35,2008 Infiniti G35 4-DR w/SAB,,Not Rated,Not Rated,5,4,Not Rated,5,5,Not Rated,Not Rated,Not Rated,5,5,0.101,0.101,No Tip,Not Rated,Standard,No,No,95,1,0,2008/INFINITI/G35/2008 Infiniti G35 4-DR w_SAB.png
2737,2008,INFINITI,G37,2008 Infiniti G37 2-DR w/SAB,,Not Rated,Not Rated,Not Rated,Not Rated,Not Rated,Not Rated,Not Rated,Not Rated,Not Rated,Not Rated,Not Rated,Not Rated,0,0, ,Not Rated,Standard,No,No,66,1,0,2008/INFINITI/G37/2008 Infiniti G37 2-DR w_SAB.png
2739,2008,INFINITI,M35/45,2008 Infiniti M35/45 4-DR. w/SAB,,Not Rated,Not Rated,Not Rated,Not Rated,Not Rated,Not Rated,Not Rated,Not Rated,Not Rated,Not Rated,Not Rated,Not Rated,0,0, ,Not Rated,Standard,No,Optional,67,6,1,2008/INFINITI/M35/45/2008 Infiniti M35_45 4-DR. w_SAB.png
2450,2008,INFINITI,QX56,2008 Infiniti QX56 4-DR w/SAB,,Not Rated,Not Rated,5,4,Not Rated,Not Rated,Not Rated,Not Rated,Not Rated,Not Rated,3,3,0.219,0.212,No Tip,Not Rated,Standard,No,No,52,4,0,2008/INFINITI/QX56/2008 Infiniti QX56 4-DR w_SAB.png
2438,2008,ISUZU,ASCENDER 5,2008 Isuzu Ascender 5 4-DR w/SAB,,Not Rated,Not Rated,3,4,Not Rated,5,5,Not Rated,Not Rated,Not Rated,4,3,0.191,0.204,No Tip,Not Rated,Standard,No,No,0,1,1,2008/ISUZU/ASCENDER 5/2008 Isuzu Ascender 5 4-DR w_SAB.png
2439,2008,ISUZU,I-290,2008 Isuzu I-290 Extended Cab,,Not Rated,Not Rated,4,4,Not Rated,4,Not Rated,Not Rated,Not Rated,Not Rated,4,4,0.179,0.185,No Tip,Not Rated,No,No,No,4,2,0,2008/ISUZU/I-290/2008 Isuzu I-290 Extended Cab.png
2440,2008,ISUZU,I-370,2008 Isuzu I-370 4-DR,,Not Rated,Not Rated,5,5,Not Rated,4,5,Not Rated,Not Rated,Not Rated,4,4,0.179,0.185,No Tip,Not Rated,No,No,No,3,2,0,2008/ISUZU/I-370/2008 Isuzu I-370 4-DR.png
2441,2008,ISUZU,I-370,2008 Isuzu I-370 Extended Cab,,Not Rated,Not Rated,4,4,Not Rated,4,Not Rated,Not Rated,Not Rated,Not Rated,4,4,0.179,0.185,No Tip,Not Rated,No,No,No,3,2,0,2008/ISUZU/I-370/2008 Isuzu I-370 Extended Cab.png
2459,2008,JAGUAR,S-TYPE,2008 Jaguar S-Type 4-DR. w/SAB,,Not Rated,Not Rated,Not Rated,Not Rated,Not Rated,4,5,Not Rated,Not Rated,Not Rated,Not Rated,5,0,0.09, ,Not Rated,Standard,No,No,13,0,0,2008/JAGUAR/S-TYPE/2008 Jaguar S-Type 4-DR. w_SAB.png
2460,2008,JAGUAR,X-TYPE,2008 Jaguar X-Type 4-DR. w/SAB,,Not Rated,Not Rated,Not Rated,Not Rated,Not Rated,4,4,Not Rated,Not Rated,Not Rated,4,Not Rated,0.105,0,No Tip,Not Rated,Standard,No,No,11,1,0,2008/JAGUAR/X-TYPE/2008 Jaguar X-Type 4-DR. w_SAB.png
2468,2008,JAGUAR,X-TYPE WAGON,2008 Jaguar X-Type 4-DR. Wagon w/SAB,,Not Rated,Not Rated,Not Rated,Not Rated,Not Rated,4,4,Not Rated,Not Rated,Not Rated,4,Not Rated,0.105,0,No Tip,Not Rated,Standard,No,No,11,1,0,2008/JAGUAR/X-TYPE WAGON/2008 Jaguar X-Type 4-DR. Wagon w_SAB.png
2469,2008,JAGUAR,XF,2008 Jaguar XF 4-DR w/SAB,,Not Rated,Not Rated,Not Rated,Not Rated,Not Rated,Not Rated,Not Rated,Not Rated,Not Rated,Not Rated,Not Rated,Not Rated,0,0, ,Not Rated,Standard,No,No,0,0,0,2008/JAGUAR/XF/2008 Jaguar XF 4-DR w_SAB.png
2465,2008,JAGUAR,XJ,2008 Jaguar XJ 4-DR w/SAB,,Not Rated,Not Rated,Not Rated,Not Rated,Not Rated,Not Rated,Not Rated,Not Rated,Not Rated,Not Rated,Not Rated,Not Rated,0,0, ,Not Rated,Standard,No,No,6,0,0,2008/JAGUAR/XJ/2008 Jaguar XJ 4-DR w_SAB.png
2466,2008,JAGUAR,XK,2008 Jaguar XK Convertible w/SAB,,Not Rated,Not Rated,Not Rated,Not Rated,Not Rated,Not Rated,Not Rated,Not Rated,Not Rated,Not Rated,Not Rated,Not Rated,0,0, ,Not Rated,Standard,No,No,5,1,0,2008/JAGUAR/XK/2008 Jaguar XK Convertible w_SAB.png
2467,2008,JAGUAR,XK,2008 Jaguar XK 2-DR w/SAB,,Not Rated,Not Rated,Not Rated,Not Rated,Not Rated,Not Rated,Not Rated,Not Rated,Not Rated,Not Rated,Not Rated,Not Rated,0,0, ,Not Rated,Standard,No,No,5,1,0,2008/JAGUAR/XK/2008 Jaguar XK 2-DR w_SAB.png
2657,2008,JEEP,COMMANDER,2008 Jeep Commander 4-DR. w/SAB,,Not Rated,Not Rated,5,5,Not Rated,Not Rated,Not Rated,Not Rated,Not Rated,Not Rated,3,3,0.279,0.279,No Tip,Not Rated,Standard,No,No,436,5,0,2008/JEEP/COMMANDER/2008 Jeep Commander 4-DR. w_SAB.png
2654,2008,JEEP,COMPASS,2008 Jeep Compass 4-DR. w/SAB,,Not Rated,Not Rated,4,4,Not Rated,5,5,Not Rated,Not Rated,Not Rated,4,4,0.164,0.185,No Tip,Not Rated,Standard,No,No,172,1,0,2008/JEEP/COMPASS/2008 Jeep Compass 4-DR. w_SAB.png
2656,2008,JEEP,GRAND CHEROKEE,2008 Jeep Grand Cherokee 4-DR. w/SAB,,Not Rated,Not Rated,5,5,Not Rated,5,5,Not Rated,Not Rated,Not Rated,4,3,0.191,0.204,No Tip,Not Rated,Standard,No,No,733,5,0,2008/JEEP/GRAND CHEROKEE/2008 Jeep Grand Cherokee 4-DR. w_SAB.png
2745,2008,JEEP,LIBERTY,2008 Jeep Liberty 4-DR. w/SAB,,Not Rated,Not Rated,5,5,Not Rated,5,5,Not Rated,Not Rated,Not Rated,3,3,0.228,0.256,No Tip,Not Rated,Standard,No,No,540,5,1,2008/JEEP/LIBERTY/2008 Jeep Liberty 4-DR. w_SAB.png
2655,2008,JEEP,PATRIOT,2008 Jeep Patriot 4-DR. w/SAB,,Not Rated,Not Rated,4,5,Not Rated,5,5,Not Rated,Not Rated,Not Rated,4,4,0.164,0.185,No Tip,Not Rated,Standard,No,No,445,1,1,2008/JEEP/PATRIOT/2008 Jeep Patriot 4-DR. w_SAB.png
2658,2008,JEEP,WRANGLER,2008 Jeep Wrangler 2-DR.,,Not Rated,Not Rated,5,5,Not Rated,Not Rated,Not Rated,Not Rated,Not Rated,Not Rated,3,4,0.279,0.198,No Tip,Not Rated,Standard,No,No,1254,9,8,2008/JEEP/WRANGLER/2008 Jeep Wrangler 2-DR..png
2659,2008,JEEP,WRANGLER,2008 Jeep Wrangler Unlimited 4-DR.,,Not Rated,Not Rated,5,5,Not Rated,Not Rated,Not Rated,Not Rated,Not Rated,Not Rated,3,4,0.279,0.198,No Tip,Not Rated,Standard,No,No,1521,9,8,2008/JEEP/WRANGLER/2008 Jeep Wrangler Unlimited 4-DR..png
2539,2008,KIA,AMANTI,2008 Kia Amanti 4-DR w/SAB,,Not Rated,Not Rated,Not Rated,Not Rated,Not Rated,Not Rated,Not Rated,Not Rated,Not Rated,Not Rated,Not Rated,Not Rated,0,0, ,Not Rated,Optional,No,No,25,1,0,2008/KIA/AMANTI/2008 Kia Amanti 4-DR w_SAB.png
2434,2008,KIA,OPTIMA,2008 Kia Optima 4-DR w/SAB,,Not Rated,Not Rated,5,5,Not Rated,5,5,Not Rated,Not Rated,Not Rated,Not Rated,4,0,0.111, ,Not Rated,Optional,No,No,143,3,3,2008/KIA/OPTIMA/2008 Kia Optima 4-DR w_SAB.png
2432,2008,KIA,RIO,2008 Kia Rio 4-DR. w/SAB,,Not Rated,Not Rated,4,5,Not Rated,4,3,Not Rated,Not Rated,Not Rated,Not Rated,4,0,0.118, ,Not Rated,No,No,No,49,1,0,2008/KIA/RIO/2008 Kia Rio 4-DR. w_SAB.png
2433,2008,KIA,RIO,2008 Kia Rio 5-DR. w/SAB,,Not Rated,Not Rated,4,5,Not Rated,4,3,Not Rated,Not Rated,Not Rated,Not Rated,4,0,0, ,Not Rated,No,No,No,49,1,0,2008/KIA/RIO/2008 Kia Rio 5-DR. w_SAB.png
2435,2008,KIA,RONDO,2008 Kia Rondo 4-DR. w/SAB,,Not Rated,Not Rated,5,5,Not Rated,5,4,Not Rated,Not Rated,Not Rated,Not Rated,4,0,0.133, ,Not Rated,Standard,No,No,97,3,1,2008/KIA/RONDO/2008 Kia Rondo 4-DR. w_SAB.png
2397,2008,KIA,SEDONA,2008 Kia Sedona Van LWB w/SAB,,Not Rated,Not Rated,5,5,Not Rated,5,5,Not Rated,Not Rated,Not Rated,Not Rated,4,0,0.136, ,Not Rated,Standard,No,No,170,5,0,2008/KIA/SEDONA/2008 Kia Sedona Van LWB w_SAB.png
2545,2008,KIA,SEDONA,2008 Kia Sedona Van SWB w/SAB,,Not Rated,Not Rated,5,5,Not Rated,5,5,Not Rated,Not Rated,Not Rated,Not Rated,4,0,0.136, ,Not Rated,Standard,No,No,170,5,0,2008/KIA/SEDONA/2008 Kia Sedona Van SWB w_SAB.png
2437,2008,KIA,SORENTO,2008 Kia Sorento 4-DR. w/SAB,,Not Rated,Not Rated,5,5,Not Rated,5,5,Not Rated,Not Rated,Not Rated,4,3,0.191,0.212,No Tip,Not Rated,Standard,No,No,215,3,3,2008/KIA/SORENTO/2008 Kia Sorento 4-DR. w_SAB.png
2398,2008,KIA,SPECTRA,2008 Kia Spectra 5-DR w/SAB,,Not Rated,Not Rated,5,5,Not Rated,4,4,Not Rated,Not Rated,Not Rated,Not Rated,4,0,0.133, ,Not Rated,No,No,No,136,0,1,2008/KIA/SPECTRA/2008 Kia Spectra 5-DR w_SAB.png
2399,2008,KIA,SPECTRA,2008 Kia Spectra 4-DR w/SAB,,Not Rated,Not Rated,5,5,Not Rated,4,4,Not Rated,Not Rated,Not Rated,Not Rated,4,0,0.133, ,Not Rated,No,No,No,136,0,1,2008/KIA/SPECTRA/2008 Kia Spectra 4-DR w_SAB.png
2436,2008,KIA,SPORTAGE,2008 Kia Sportage 4-DR w/SAB,,Not Rated,Not Rated,5,5,Not Rated,5,5,Not Rated,Not Rated,Not Rated,4,3,0.174,0.204,No Tip,Not Rated,Standard,No,No,98,3,1,2008/KIA/SPORTAGE/2008 Kia Sportage 4-DR w_SAB.png
2461,2008,LAND ROVER,LR2,2008 Land Rover LR2 4-DR w/SAB,,Not Rated,Not Rated,Not Rated,Not Rated,Not Rated,Not Rated,Not Rated,Not Rated,Not Rated,Not Rated,Not Rated,Not Rated,0,0, ,Not Rated,Standard,No,No,85,1,0,2008/LAND ROVER/LR2/2008 Land Rover LR2 4-DR w_SAB.png
2462,2008,LAND ROVER,LR3,2008 Land Rover LR3 4-DR w/SAB,,Not Rated,Not Rated,Not Rated,Not Rated,Not Rated,Not Rated,Not Rated,Not Rated,Not Rated,Not Rated,Not Rated,Not Rated,0,0, ,Not Rated,Standard,No,No,8,1,0,2008/LAND ROVER/LR3/2008 Land Rover LR3 4-DR w_SAB.png
2463,2008,LAND ROVER,RANGE ROVER,2008 Land Rover Range Rover 4-DR w/SAB,,Not Rated,Not Rated,Not Rated,Not Rated,Not Rated,Not Rated,Not Rated,Not Rated,Not Rated,Not Rated,Not Rated,Not Rated,0,0, ,Not Rated,Standard,No,No,44,4,0,2008/LAND ROVER/RANGE ROVER/2008 Land Rover Range Rover 4-DR w_SAB.png
2464,2008,LAND ROVER,RANGE ROVER SPORT,2008 Land Rover Range Rover Sport 4-DR w/SAB,,Not Rated,Not Rated,Not Rated,Not Rated,Not Rated,Not Rated,Not Rated,Not Rated,Not Rated,Not Rated,Not Rated,Not Rated,0,0, ,Not Rated,Standard,No,No,44,4,0,2008/LAND ROVER/RANGE ROVER SPORT/2008 Land Rover Range Rover Sport 4-DR w_SAB.png
2512,2008,LEXUS,ES350,2008 Lexus ES350 w/SAB,,Not Rated,Not Rated,5,5,Not Rated,5,4,Not Rated,Not Rated,Not Rated,Not Rated,4,0,0.109, ,Not Rated,Standard,Optional,No,323,5,2,2008/LEXUS/ES350/2008 Lexus ES350 w_SAB.png
2726,2008,LEXUS,GS350/460,2008 Lexus GS350/460 w/SAB,,Not Rated,Not Rated,Not Rated,Not Rated,Not Rated,Not Rated,Not Rated,Not Rated,Not Rated,Not Rated,Not Rated,Not Rated,0,0, ,Not Rated,Standard,Optional,No,45,4,1,2008/LEXUS/GS350/460/2008 Lexus GS350_460 w_SAB.png
2727,2008,LEXUS,GS450H,2008 Lexus GS450h w/SAB,,Not Rated,Not Rated,Not Rated,Not Rated,Not Rated,Not Rated,Not Rated,Not Rated,Not Rated,Not Rated,Not Rated,Not Rated,0,0, ,Not Rated,Standard,Optional,No,22,3,1,2008/LEXUS/GS450H/2008 Lexus GS450h w_SAB.png
2725,2008,LEXUS,GX470,2008 Lexus GX470 4-DR w/SAB,,Not Rated,Not Rated,Not Rated,Not Rated,Not Rated,Not Rated,Not Rated,Not Rated,Not Rated,Not Rated,Not Rated,Not Rated,0,0, ,Not Rated,Standard,No,No,15,0,0,2008/LEXUS/GX470/2008 Lexus GX470 4-DR w_SAB.png
2723,2008,LEXUS,IS F,2008 Lexus IS F 4-DR w/SAB,,Not Rated,Not Rated,Not Rated,Not Rated,Not Rated,Not Rated,Not Rated,Not Rated,Not Rated,Not Rated,Not Rated,Not Rated,0,0, ,Not Rated,Standard,Optional,No,114,8,1,2008/LEXUS/IS F/2008 Lexus IS F 4-DR w_SAB.png
2724,2008,LEXUS,IS250/350,2008 Lexus IS250/350 4-DR w/SAB,,Not Rated,Not Rated,4,4,Not Rated,5,4,Not Rated,Not Rated,Not Rated,5,5,0.101,0.101,No Tip,Not Rated,Standard,Optional,No,256,11,1,2008/LEXUS/IS250/350/2008 Lexus IS250_350 4-DR w_SAB.png
2722,2008,LEXUS,LS460/460L,2008 Lexus LS460/460L 4-DR w/SAB,,Not Rated,Not Rated,Not Rated,Not Rated,Not Rated,Not Rated,Not Rated,Not Rated,Not Rated,Not Rated,Not Rated,Not Rated,0,0, ,Not Rated,Standard,No,No,133,3,0,2008/LEXUS/LS460/460L/2008 Lexus LS460_460L 4-DR w_SAB.png
2721,2008,LEXUS,LS600HL,2008 Lexus LS600hL 4-DR w/SAB,,Not Rated,Not Rated,Not Rated,Not Rated,Not Rated,Not Rated,Not Rated,Not Rated,Not Rated,Not Rated,Not Rated,Not Rated,0,0, ,Not Rated,Standard,No,Optional,49,3,1,2008/LEXUS/LS600HL/2008 Lexus LS600hL 4-DR w_SAB.png
2720,2008,LEXUS,LX570,2008 Lexus LX570 4-DR w/SAB,,Not Rated,Not Rated,Not Rated,Not Rated,Not Rated,Not Rated,Not Rated,Not Rated,Not Rated,Not Rated,Not Rated,Not Rated,0,0, ,Not Rated,Standard,Standard,No,6,3,0,2008/LEXUS/LX570/2008 Lexus LX570 4-DR w_SAB.png
2719,2008,LEXUS,RX350,2008 Lexus RX350 w/SAB,,Not Rated,Not Rated,5,5,Not Rated,5,5,Not Rated,Not Rated,Not Rated,4,4,0.191,0.198,No Tip,Not Rated,Standard,No,No,195,0,0,2008/LEXUS/RX350/2008 Lexus RX350 w_SAB.png
2718,2008,LEXUS,RX400H,2008 Lexus RX400h 4-DR w/SAB,,Not Rated,Not Rated,5,5,Not Rated,5,5,Not Rated,Not Rated,Not Rated,Not Rated,Not Rated,0,0, ,Not Rated,Standard,No,No,126,1,1,2008/LEXUS/RX400H/2008 Lexus RX400h 4-DR w_SAB.png
2717,2008,LEXUS,SC430,2008 Lexus SC430 Convertible w/SAB,,Not Rated,Not Rated,Not Rated,Not Rated,Not Rated,Not Rated,Not Rated,Not Rated,Not Rated,Not Rated,Not Rated,Not Rated,0,0, ,Not Rated,Standard,No,No,5,3,1,2008/LEXUS/SC430/2008 Lexus SC430 Convertible w_SAB.png
2532,2008,LINCOLN,MARK LT,2008 Lincoln Mark LT 4-DR.,,Not Rated,Not Rated,5,5,Not Rated,Not Rated,Not Rated,Not Rated,Not Rated,Not Rated,4,4,0.198,0.174,No Tip,Not Rated,No,No,No,2,0,1,2008/LINCOLN/MARK LT/2008 Lincoln Mark LT 4-DR..png
2531,2008,LINCOLN,MKX,2008 Lincoln MKX 4-DR. w/SAB,,Not Rated,Not Rated,5,4,Not Rated,5,5,Not Rated,Not Rated,Not Rated,4,4,0.14,0.159,No Tip,Not Rated,Standard,No,No,253,7,2,2008/LINCOLN/MKX/2008 Lincoln MKX 4-DR. w_SAB.png
2534,2008,LINCOLN,MKZ,2008 Lincoln MKZ 4-DR. w/SAB (Early Release),,Not Rated,Not Rated,4,4,Not Rated,5,4,Not Rated,Not Rated,Not Rated,5,4,0.092,0.105,No Tip,Not Rated,No,No,No,281,5,4,2008/LINCOLN/MKZ/2008 Lincoln MKZ 4-DR. w_SAB (Early Release).png
2809,2008,LINCOLN,MKZ,2008 Lincoln MKZ 4-DR. w/SAB (Later Release),,Not Rated,Not Rated,5,5,Not Rated,5,4,Not Rated,Not Rated,Not Rated,5,4,0.092,0.105,No Tip,Not Rated,No,No,No,281,5,4,2008/LINCOLN/MKZ/2008 Lincoln MKZ 4-DR. w_SAB (Later Release).png
2529,2008,LINCOLN,NAVIGATOR,2008 Lincoln Navigator 4 DR. w/SAB,,Not Rated,Not Rated,5,5,Not Rated,5,5,Not Rated,Not Rated,Not Rated,4,3,0.191,0.212,No Tip,Not Rated,Standard,No,No,30,2,1,2008/LINCOLN/NAVIGATOR/2008 Lincoln Navigator 4 DR. w_SAB.png
2530,2008,LINCOLN,NAVIGATOR,2008 Lincoln Navigator Extended 4 DR. w/SAB,,Not Rated,Not Rated,5,5,Not Rated,5,5,Not Rated,Not Rated,Not Rated,4,3,0.191,0.212,No Tip,Not Rated,Standard,No,No,30,2,1,2008/LINCOLN/NAVIGATOR/2008 Lincoln Navigator Extended 4 DR. w_SAB.png
2533,2008,LINCOLN,TOWN CAR,2008 Lincoln Town Car 4-DR. w/SAB,,Not Rated,Not Rated,5,5,Not Rated,5,5,Not Rated,Not Rated,Not Rated,Not Rated,5,0,0.095, ,Not Rated,No,No,No,20,3,0,2008/LINCOLN/TOWN CAR/2008 Lincoln Town Car 4-DR. w_SAB.png
2457,2008,MAZDA,B-SERIES,2008 Mazda B-Series Extended Cab,,Not Rated,Not Rated,5,4,Not Rated,4,Not Rated,Not Rated,Not Rated,Not Rated,3,Not Rated,0.267,0,No Tip,Not Rated,No,No,No,11,3,0,2008/MAZDA/B-SERIES/2008 Mazda B-Series Extended Cab.png
2458,2008,MAZDA,B-SERIES,2008 Mazda B-Series 2-DR.,,Not Rated,Not Rated,5,4,Not Rated,5,Not Rated,Not Rated,Not Rated,Not Rated,Not Rated,3,0,0.219, ,Not Rated,No,No,No,11,3,0,2008/MAZDA/B-SERIES/2008 Mazda B-Series 2-DR..png
2452,2008,MAZDA,CX-7,2008 Mazda CX-7 4-DR. w/SAB,,Not Rated,Not Rated,5,5,Not Rated,5,5,Not Rated,Not Rated,Not Rated,4,4,0.147,0.147,No Tip,Not Rated,Standard,No,No,191,5,0,2008/MAZDA/CX-7/2008 Mazda CX-7 4-DR. w_SAB.png
2472,2008,MAZDA,CX-9,2008 Mazda CX-9 4-DR.w/SAB,,Not Rated,Not Rated,5,5,Not Rated,5,5,Not Rated,Not Rated,Not Rated,4,4,0.143,0.151,No Tip,Not Rated,Standard,No,No,172,6,2,2008/MAZDA/CX-9/2008 Mazda CX-9 4-DR.w_SAB.png
2453,2008,MAZDA,MAZDA3,2008 Mazda3 5-DR. Hatchback w/SAB,,Not Rated,Not Rated,4,4,Not Rated,Not Rated,Not Rated,Not Rated,Not Rated,Not Rated,Not Rated,4,0,0.105, ,Not Rated,Optional,No,No,303,3,1,2008/MAZDA/MAZDA3/2008 Mazda3 5-DR. Hatchback w_SAB.png
2454,2008,MAZDA,MAZDA3,2008 Mazda3 4-DR.,,Not Rated,Not Rated,4,4,Not Rated,3,3,Not Rated,Not Rated,Not Rated,Not Rated,4,0,0.105, ,Not Rated,Optional,No,No,303,3,1,2008/MAZDA/MAZDA3/2008 Mazda3 4-DR..png
2470,2008,MAZDA,MAZDA5,2008 Mazda5 5-DR. Hatchback w/SAB,,Not Rated,Not Rated,5,5,Not Rated,5,4,Not Rated,Not Rated,Not Rated,Not Rated,4,0,0.14, ,Not Rated,No,No,No,67,2,1,2008/MAZDA/MAZDA5/2008 Mazda5 5-DR. Hatchback w_SAB.png
2455,2008,MAZDA,MAZDA6,2008 Mazda6 5-DR. Hatchback w/SAB,,Not Rated,Not Rated,5,5,Not Rated,4,4,Not Rated,Not Rated,Not Rated,Not Rated,5,0,0.099, ,Not Rated,No,No,No,111,5,3,2008/MAZDA/MAZDA6/2008 Mazda6 5-DR. Hatchback w_SAB.png
2456,2008,MAZDA,MAZDA6,2008 Mazda6 4-DR. w/SAB,,Not Rated,Not Rated,5,5,Not Rated,4,4,Not Rated,Not Rated,Not Rated,Not Rated,5,0,0.099, ,Not Rated,No,No,No,111,5,3,2008/MAZDA/MAZDA6/2008 Mazda6 4-DR. w_SAB.png
2471,2008,MAZDA,MX-5/ MIATA,2008 Mazda MX-5/Miata Convertible w/SAB,,Not Rated,Not Rated,Not Rated,Not Rated,Not Rated,Not Rated,Not Rated,Not Rated,Not Rated,Not Rated,Not Rated,Not Rated,0,0, ,Not Rated,Optional,No,No,7,0,0,2008/MAZDA/MX-5/ MIATA/2008 Mazda MX-5_Miata Convertible w_SAB.png
2451,2008,MAZDA,RX-8,2008 Mazda RX-8 2-DR. w/SAB,,Not Rated,Not Rated,4,5,Not Rated,4,4,Not Rated,Not Rated,Not Rated,Not Rated,5,0,0, ,Not Rated,Optional,No,No,17,5,3,2008/MAZDA/RX-8/2008 Mazda RX-8 2-DR. w_SAB.png
2382,2008,MAZDA,TRIBUTE,2008 Mazda Tribute 4-DR. w/SAB (Early release),,Not Rated,Not Rated,3,5,Not Rated,5,5,Not Rated,Not Rated,Not Rated,3,3,0.204,0.237,No Tip,Not Rated,Standard,No,No,202,5,0,2008/MAZDA/TRIBUTE/2008 Mazda Tribute 4-DR. w_SAB (Early release).png
2541,2008,MAZDA,TRIBUTE,2008 Mazda Tribute 4-DR. w/SAB (Later release),,Not Rated,Not Rated,4,5,Not Rated,5,5,Not Rated,Not Rated,Not Rated,3,3,0.204,0.237,No Tip,Not Rated,Standard,No,No,202,5,0,2008/MAZDA/TRIBUTE/2008 Mazda Tribute 4-DR. w_SAB (Later release).png
2383,2008,MAZDA,TRIBUTE HYBRID,2008 Mazda Tribute Hybrid 4-DR. w/SAB (Early release),,Not Rated,Not Rated,3,5,Not Rated,5,5,Not Rated,Not Rated,Not Rated,3,3,0.204,0.228,No Tip,Not Rated,No,No,No,202,5,1,2008/MAZDA/TRIBUTE HYBRID/2008 Mazda Tribute Hybrid 4-DR. w_SAB (Early release).png
2542,2008,MAZDA,TRIBUTE HYBRID,2008 Mazda Tribute Hybrid 4-DR. w/SAB (Later release),,Not Rated,Not Rated,4,5,Not Rated,5,5,Not Rated,Not Rated,Not Rated,3,3,0.204,0.228,No Tip,Not Rated,No,No,No,202,5,1,2008/MAZDA/TRIBUTE HYBRID/2008 Mazda Tribute Hybrid 4-DR. w_SAB (Later release).png
2774,2008,MERCEDES-BENZ,C-CLASS,2008 Mercedes-Benz C-Class 4-DR. w/SAB,,Not Rated,Not Rated,4,4,Not Rated,5,5,Not Rated,Not Rated,Not Rated,4,4,0.105,0.105,No Tip,Not Rated,Standard,No,No,836,9,3,2008/MERCEDES-BENZ/C-CLASS/2008 Mercedes-Benz C-Class 4-DR. w_SAB.png
2473,2008,MERCEDES-BENZ,CL-CLASS,2008 Mercedes-Benz CL-Class 2-DR w/SAB,,Not Rated,Not Rated,Not Rated,Not Rated,Not Rated,Not Rated,Not Rated,Not Rated,Not Rated,Not Rated,Not Rated,Not Rated,0,0, ,Not Rated,Standard,Optional,No,10,3,1,2008/MERCEDES-BENZ/CL-CLASS/2008 Mercedes-Benz CL-Class 2-DR w_SAB.png
2474,2008,MERCEDES-BENZ,CLK-CLASS,2008 Mercedes-Benz CLK-Class Convertible w/SAB,,Not Rated,Not Rated,Not Rated,Not Rated,Not Rated,Not Rated,Not Rated,Not Rated,Not Rated,Not Rated,Not Rated,Not Rated,0,0, ,Not Rated,Standard,No,No,20,4,1,2008/MERCEDES-BENZ/CLK-CLASS/2008 Mercedes-Benz CLK-Class Convertible w_SAB.png
2475,2008,MERCEDES-BENZ,CLK-CLASS,2008 Mercedes-Benz CLK-Class 2-DR w/SAB,,Not Rated,Not Rated,Not Rated,Not Rated,Not Rated,Not Rated,Not Rated,Not Rated,Not Rated,Not Rated,Not Rated,Not Rated,0,0, ,Not Rated,Standard,No,No,20,4,1,2008/MERCEDES-BENZ/CLK-CLASS/2008 Mercedes-Benz CLK-Class 2-DR w_SAB.png
2476,2008,MERCEDES-BENZ,CLS-CLASS,2008 Mercedes-Benz CLS 4-DR. w/SAB,,Not Rated,Not Rated,Not Rated,Not Rated,Not Rated,Not Rated,Not Rated,Not Rated,Not Rated,Not Rated,Not Rated,Not Rated,0,0, ,Not Rated,Standard,Optional,No,22,4,1,2008/MERCEDES-BENZ/CLS-CLASS/2008 Mercedes-Benz CLS 4-DR. w_SAB.png
2442,2008,MERCEDES-BENZ,E-CLASS,2008 Mercedes-Benz E-Class Wagon 4-DR. w/SAB,,Not Rated,Not Rated,4,4,Not Rated,5,5,Not Rated,Not Rated,Not Rated,5,5,0.101,0.101,No Tip,Not Rated,Standard,Optional,No,226,6,1,2008/MERCEDES-BENZ/E-CLASS/2008 Mercedes-Benz E-Class Wagon 4-DR. w_SAB.png
2443,2008,MERCEDES-BENZ,E-CLASS,2008 Mercedes-Benz E-Class 4-DR. w/SAB,,Not Rated,Not Rated,4,4,Not Rated,5,5,Not Rated,Not Rated,Not Rated,5,5,0.101,0.101,No Tip,Not Rated,Standard,Optional,No,226,6,1,2008/MERCEDES-BENZ/E-CLASS/2008 Mercedes-Benz E-Class 4-DR. w_SAB.png
2477,2008,MERCEDES-BENZ,G-CLASS,2008 Mercedes-Benz G-Class 4-DR w/SAB,,Not Rated,Not Rated,Not Rated,Not Rated,Not Rated,Not Rated,Not Rated,Not Rated,Not Rated,Not Rated,Not Rated,Not Rated,0,0, ,Not Rated,Standard,No,No,0,1,0,2008/MERCEDES-BENZ/G-CLASS/2008 Mercedes-Benz G-Class 4-DR w_SAB.png
2478,2008,MERCEDES-BENZ,GL-CLASS,2008 Mercedes-Benz GL-Class 4-DR w/SAB,,Not Rated,Not Rated,Not Rated,Not Rated,Not Rated,Not Rated,Not Rated,Not Rated,Not Rated,Not Rated,Not Rated,Not Rated,0,0, ,Not Rated,Standard,Optional,No,87,5,0,2008/MERCEDES-BENZ/GL-CLASS/2008 Mercedes-Benz GL-Class 4-DR w_SAB.png
2479,2008,MERCEDES-BENZ,MAYBACH,2008 Mercedes-Benz Maybach 4-DR. w/SAB,,Not Rated,Not Rated,Not Rated,Not Rated,Not Rated,Not Rated,Not Rated,Not Rated,Not Rated,Not Rated,Not Rated,Not Rated,0,0, ,Not Rated,Standard,Optional,No,0,0,0,2008/MERCEDES-BENZ/MAYBACH/2008 Mercedes-Benz Maybach 4-DR. w_SAB.png
2444,2008,MERCEDES-BENZ,ML-CLASS,2008 Mercedes-Benz ML-Class 4-DR w/SAB,,Not Rated,Not Rated,5,5,Not Rated,5,5,Not Rated,Not Rated,Not Rated,4,Not Rated,0.179,0,No Tip,Not Rated,Standard,Optional,No,110,4,0,2008/MERCEDES-BENZ/ML-CLASS/2008 Mercedes-Benz ML-Class 4-DR w_SAB.png
2480,2008,MERCEDES-BENZ,R-CLASS,2008 Mercedes-Benz R-Class 4-DR. w/SAB,,Not Rated,Not Rated,Not Rated,Not Rated,Not Rated,Not Rated,Not Rated,Not Rated,Not Rated,Not Rated,Not Rated,Not Rated,0,0, ,Not Rated,Standard,Optional,No,38,5,0,2008/MERCEDES-BENZ/R-CLASS/2008 Mercedes-Benz R-Class 4-DR. w_SAB.png
2481,2008,MERCEDES-BENZ,S-CLASS,2008 Mercedes-Benz S-Class 4-DR w/SAB,,Not Rated,Not Rated,Not Rated,Not Rated,Not Rated,Not Rated,Not Rated,Not Rated,Not Rated,Not Rated,Not Rated,Not Rated,0,0, ,Not Rated,Standard,Optional,No,24,2,0,2008/MERCEDES-BENZ/S-CLASS/2008 Mercedes-Benz S-Class 4-DR w_SAB.png
2482,2008,MERCEDES-BENZ,SL-CLASS,2008 Mercedes-Benz SL-Class Convertible w/SAB,,Not Rated,Not Rated,Not Rated,Not Rated,Not Rated,Not Rated,Not Rated,Not Rated,Not Rated,Not Rated,Not Rated,Not Rated,0,0, ,Not Rated,Standard,Optional,No,4,0,0,2008/MERCEDES-BENZ/SL-CLASS/2008 Mercedes-Benz SL-Class Convertible w_SAB.png
2483,2008,MERCEDES-BENZ,SLK-CLASS,2008 Mercedes-Benz SLK-Class - Convertible w/SAB,,Not Rated,Not Rated,Not Rated,Not Rated,Not Rated,Not Rated,Not Rated,Not Rated,Not Rated,Not Rated,Not Rated,Not Rated,0,0, ,Not Rated,Standard,No,No,14,3,1,2008/MERCEDES-BENZ/SLK-CLASS/2008 Mercedes-Benz SLK-Class - Convertible w_SAB.png
2484,2008,MERCEDES-BENZ,SLR-CLASS,2008 Mercedes-Benz SLR-Class 2-DR w/SAB,,Not Rated,Not Rated,Not Rated,Not Rated,Not Rated,Not Rated,Not Rated,Not Rated,Not Rated,Not Rated,Not Rated,Not Rated,0,0, ,Not Rated,Standard,No,No,0,0,0,2008/MERCEDES-BENZ/SLR-CLASS/2008 Mercedes-Benz SLR-Class 2-DR w_SAB.png
2535,2008,MERCURY,GRAND MARQUIS,2008 Mercury Grand Marquis 4-DR. w/SAB,,Not Rated,Not Rated,5,5,Not Rated,5,5,Not Rated,Not Rated,Not Rated,Not Rated,5,0,0.09, ,Not Rated,No,No,No,78,3,1,2008/MERCURY/GRAND MARQUIS/2008 Mercury Grand Marquis 4-DR. w_SAB.png
2812,2008,MERCURY,GRAND MARQUIS,2008 Mercury Grand Marquis 4-DR.,,Not Rated,Not Rated,5,5,Not Rated,4,5,Not Rated,Not Rated,Not Rated,Not Rated,5,0,0.09, ,Not Rated,No,No,No,78,3,1,2008/MERCURY/GRAND MARQUIS/2008 Mercury Grand Marquis 4-DR..png
2380,2008,MERCURY,MARINER,2008 Mercury Mariner 4-DR. w/SAB (Early release),,Not Rated,Not Rated,3,5,Not Rated,5,5,Not Rated,Not Rated,Not Rated,3,3,0.204,0.237,No Tip,Not Rated,Standard,No,No,461,4,2,2008/MERCURY/MARINER/2008 Mercury Mariner 4-DR. w_SAB (Early release).png
2543,2008,MERCURY,MARINER,2008 Mercury Mariner 4-DR. w/SAB (Later release),,Not Rated,Not Rated,4,5,Not Rated,5,5,Not Rated,Not Rated,Not Rated,3,3,0.204,0.237,No Tip,Not Rated,Standard,No,No,461,4,2,2008/MERCURY/MARINER/2008 Mercury Mariner 4-DR. w_SAB (Later release).png
2381,2008,MERCURY,MARINER HYBRID,2008 Mercury Mariner Hybrid 4-DR. w/SAB (Early release),,Not Rated,Not Rated,3,5,Not Rated,5,5,Not Rated,Not Rated,Not Rated,3,3,0.204,0.228,No Tip,Not Rated,No,No,No,116,0,2,2008/MERCURY/MARINER HYBRID/2008 Mercury Mariner Hybrid 4-DR. w_SAB (Early release).png
2544,2008,MERCURY,MARINER HYBRID,2008 Mercury Mariner Hybrid 4-DR. w/SAB (Later release),,Not Rated,Not Rated,4,5,Not Rated,5,5,Not Rated,Not Rated,Not Rated,3,3,0.204,0.228,No Tip,Not Rated,No,No,No,116,0,2,2008/MERCURY/MARINER HYBRID/2008 Mercury Mariner Hybrid 4-DR. w_SAB (Later release).png
2536,2008,MERCURY,MILAN,2008 Mercury Milan 4-DR. w/SAB (Early Release),,Not Rated,Not Rated,4,4,Not Rated,5,4,Not Rated,Not Rated,Not Rated,5,4,0.092,0.105,No Tip,Not Rated,No,No,No,451,5,5,2008/MERCURY/MILAN/2008 Mercury Milan 4-DR. w_SAB (Early Release).png
2810,2008,MERCURY,MILAN,2008 Mercury Milan 4-DR. w/SAB (Later Release),,Not Rated,Not Rated,5,5,Not Rated,5,4,Not Rated,Not Rated,Not Rated,5,4,0.092,0.105,No Tip,Not Rated,No,No,No,451,5,5,2008/MERCURY/MILAN/2008 Mercury Milan 4-DR. w_SAB (Later Release).png
2754,2008,MERCURY,MOUNTAINEER,2008 Mercury Mountaineer 4-DR. w/SAB,,Not Rated,Not Rated,5,5,Not Rated,5,5,Not Rated,Not Rated,Not Rated,3,3,0.228,0.237,No Tip,Not Rated,Standard,No,No,96,2,1,2008/MERCURY/MOUNTAINEER/2008 Mercury Mountaineer 4-DR. w_SAB.png
2805,2008,MERCURY,SABLE,2008 Mercury Sable 4-DR. w/SAB,,Not Rated,Not Rated,5,5,Not Rated,5,5,Not Rated,Not Rated,Not Rated,4,4,0.113,0.105,No Tip,Not Rated,Optional,No,No,61,1,1,2008/MERCURY/SABLE/2008 Mercury Sable 4-DR. w_SAB.png
2665,2008,MINI,CLUBMAN,2008 MINI Clubman w/SAB,,Not Rated,Not Rated,Not Rated,Not Rated,Not Rated,Not Rated,Not Rated,Not Rated,Not Rated,Not Rated,Not Rated,Not Rated,0,0, ,Not Rated,Standard,No,No,38,3,1,2008/MINI/CLUBMAN/2008 MINI Clubman w_SAB.png
2660,2008,MINI,CLUBMAN S,2008 MINI Clubman S w/SAB,,Not Rated,Not Rated,Not Rated,Not Rated,Not Rated,Not Rated,Not Rated,Not Rated,Not Rated,Not Rated,Not Rated,Not Rated,0,0, ,Not Rated,Standard,No,No,72,3,1,2008/MINI/CLUBMAN S/2008 MINI Clubman S w_SAB.png
2662,2008,MINI,COOPER,2008 MINI Cooper w/SAB,,Not Rated,Not Rated,4,4,Not Rated,5,4,Not Rated,Not Rated,Not Rated,Not Rated,5,0,0.101, ,Not Rated,Optional,No,No,283,4,2,2008/MINI/COOPER/2008 MINI Cooper w_SAB.png
2663,2008,MINI,COOPER,2008 MINI Cooper Convertible w/SAB,,Not Rated,Not Rated,Not Rated,Not Rated,Not Rated,Not Rated,Not Rated,Not Rated,Not Rated,Not Rated,Not Rated,5,0,0.101, ,Not Rated,Optional,No,No,16,1,1,2008/MINI/COOPER/2008 MINI Cooper Convertible w_SAB.png
2661,2008,MINI,COOPER S,2008 MINI Cooper S Convertible w/SAB,,Not Rated,Not Rated,Not Rated,Not Rated,Not Rated,Not Rated,Not Rated,Not Rated,Not Rated,Not Rated,Not Rated,5,0,0.101, ,Not Rated,Optional,No,No,16,1,1,2008/MINI/COOPER S/2008 MINI Cooper S Convertible w_SAB.png
2664,2008,MINI,COOPER S,2008 MINI Cooper S w/SAB,,Not Rated,Not Rated,4,4,Not Rated,5,4,Not Rated,Not Rated,Not Rated,Not Rated,5,0,0.101, ,Not Rated,Optional,No,No,283,4,2,2008/MINI/COOPER S/2008 MINI Cooper S w_SAB.png
2487,2008,MITSUBISHI,ECLIPSE,2008 Mitsubishi Eclipse 2-DR w/SAB,,Not Rated,Not Rated,Not Rated,Not Rated,Not Rated,Not Rated,Not Rated,Not Rated,Not Rated,Not Rated,Not Rated,Not Rated,0,0, ,Not Rated,Optional,No,No,71,1,0,2008/MITSUBISHI/ECLIPSE/2008 Mitsubishi Eclipse 2-DR w_SAB.png
2485,2008,MITSUBISHI,ECLIPSE SPYDER,2008 Mitsubishi Eclipse Spyder Convertible w/SAB,,Not Rated,Not Rated,Not Rated,Not Rated,Not Rated,Not Rated,Not Rated,Not Rated,Not Rated,Not Rated,Not Rated,Not Rated,0,0, ,Not Rated,No,No,No,16,1,0,2008/MITSUBISHI/ECLIPSE SPYDER/2008 Mitsubishi Eclipse Spyder Convertible w_SAB.png
2488,2008,MITSUBISHI,ENDEAVOR,2008 Mitsubishi Endeavor 4-DR w/SAB,,Not Rated,Not Rated,Not Rated,Not Rated,Not Rated,Not Rated,Not Rated,Not Rated,Not Rated,Not Rated,Not Rated,Not Rated,0,0, ,Not Rated,Standard,No,No,14,3,1,2008/MITSUBISHI/ENDEAVOR/2008 Mitsubishi Endeavor 4-DR w_SAB.png
2402,2008,MITSUBISHI,GALANT,2008 Mitsubishi Galant 4-DR. w/SAB,,Not Rated,Not Rated,4,5,Not Rated,5,5,Not Rated,Not Rated,Not Rated,Not Rated,4,0,0.107, ,Not Rated,No,No,No,6,0,0,2008/MITSUBISHI/GALANT/2008 Mitsubishi Galant 4-DR. w_SAB.png
2250,2008,MITSUBISHI,LANCER,2008 Mitsubishi Lancer 4-DR w/SAB (Early release),,Not Rated,Not Rated,5,4,Not Rated,5,4,Not Rated,Not Rated,Not Rated,4,4,0.121,0.121,No Tip,Not Rated,Optional,No,No,91,5,0,2008/MITSUBISHI/LANCER/2008 Mitsubishi Lancer 4-DR w_SAB (Early release).png
2401,2008,MITSUBISHI,LANCER,2008 Mitsubishi Lancer 4-DR w/SAB (Later release),,Not Rated,Not Rated,5,4,Not Rated,5,4,Not Rated,Not Rated,Not Rated,4,4,0.121,0.121,No Tip,Not Rated,Optional,No,No,91,5,0,2008/MITSUBISHI/LANCER/2008 Mitsubishi Lancer 4-DR w_SAB (Later release).png
2403,2008,MITSUBISHI,LANCER EVOLUTION,2008 Mitsubishi Lancer Evolution 4-DR w/SAB,,Not Rated,Not Rated,Not Rated,Not Rated,Not Rated,Not Rated,Not Rated,Not Rated,Not Rated,Not Rated,Not Rated,Not Rated,0,0, ,Not Rated,Standard,No,No,59,4,0,2008/MITSUBISHI/LANCER EVOLUTION/2008 Mitsubishi Lancer Evolution 4-DR w_SAB.png
2486,2008,MITSUBISHI,OUTLANDER,2008 Mitsubishi Outlander 4-DR w/SAB,,Not Rated,Not Rated,5,5,Not Rated,5,5,Not Rated,Not Rated,Not Rated,4,4,0.169,0.191,No Tip,Not Rated,Standard,No,No,58,12,0,2008/MITSUBISHI/OUTLANDER/2008 Mitsubishi Outlander 4-DR w_SAB.png
2744,2008,MITSUBISHI,RAIDER CLUB,2008 Mitsubishi Raider Club,,Not Rated,Not Rated,5,5,Not Rated,5,Not Rated,Not Rated,Not Rated,Not Rated,4,4,0.179,0.191,No Tip,Not Rated,No,No,No,8,2,1,2008/MITSUBISHI/RAIDER CLUB/2008 Mitsubishi Raider Club.png
2743,2008,MITSUBISHI,RAIDER QUAD,2008 Mitsubishi Raider Quad Cab,,Not Rated,Not Rated,5,5,Not Rated,5,5,Not Rated,Not Rated,Not Rated,4,4,0.179,0.191,No Tip,Not Rated,No,No,No,8,2,1,2008/MITSUBISHI/RAIDER QUAD/2008 Mitsubishi Raider Quad Cab.png
2680,2008,NISSAN,350Z,2008 Nissan 350Z 2-DR.,,Not Rated,Not Rated,4,4,Not Rated,5,Not Rated,Not Rated,Not Rated,Not Rated,Not Rated,5,0,0.082, ,Not Rated,Optional,No,No,24,1,0,2008/NISSAN/350Z/2008 Nissan 350Z 2-DR..png
2674,2008,NISSAN,350Z ROADSTER,2008 Nissan 350Z Convertible w/SAB,,Not Rated,Not Rated,5,4,Not Rated,5,Not Rated,Not Rated,Not Rated,Not Rated,Not Rated,5,0,0.082, ,Not Rated,Optional,No,No,24,1,0,2008/NISSAN/350Z ROADSTER/2008 Nissan 350Z Convertible w_SAB.png
2668,2008,NISSAN,ALTIMA,2008 Nissan Altima 4-DR. w/SAB,,Not Rated,Not Rated,5,5,Not Rated,5,5,Not Rated,Not Rated,Not Rated,Not Rated,4,0,0.105, ,Not Rated,Optional,No,No,1028,4,1,2008/NISSAN/ALTIMA/2008 Nissan Altima 4-DR. w_SAB.png
2742,2008,NISSAN,ALTIMA,2008 Nissan Altima 2-DR. w/SAB,,Not Rated,Not Rated,4,4,Not Rated,5,5,Not Rated,Not Rated,Not Rated,Not Rated,5,0,0.093, ,Not Rated,Optional,No,No,1028,4,1,2008/NISSAN/ALTIMA/2008 Nissan Altima 2-DR. w_SAB.png
2741,2008,NISSAN,ALTIMA HYBRID,2008 Nissan Altima 4-DR Hybrid w/SAB,,Not Rated,Not Rated,5,5,Not Rated,5,5,Not Rated,Not Rated,Not Rated,Not Rated,4,0,0.107, ,Not Rated,Optional,No,No,1044,4,2,2008/NISSAN/ALTIMA HYBRID/2008 Nissan Altima 4-DR Hybrid w_SAB.png
2676,2008,NISSAN,ARMADA,2008 Nissan Armada 4-DR w/SAB,,Not Rated,Not Rated,5,4,Not Rated,Not Rated,Not Rated,Not Rated,Not Rated,Not Rated,3,3,0.219,0.212,No Tip,Not Rated,Standard,No,No,160,7,0,2008/NISSAN/ARMADA/2008 Nissan Armada 4-DR w_SAB.png
2678,2008,NISSAN,FRONTIER CREW CAB,2008 Nissan Frontier 4-DR.,,Not Rated,Not Rated,4,4,Not Rated,5,5,Not Rated,Not Rated,Not Rated,4,3,0.198,0.212,No Tip,Not Rated,Optional,No,No,136,6,1,2008/NISSAN/FRONTIER CREW CAB/2008 Nissan Frontier 4-DR..png
2673,2008,NISSAN,FRONTIER KING CAB,2008 Nissan Frontier Extended Cab,,Not Rated,Not Rated,4,5,Not Rated,5,Not Rated,Not Rated,Not Rated,Not Rated,4,3,0.198,0.212,No Tip,Not Rated,Optional,No,No,136,6,1,2008/NISSAN/FRONTIER KING CAB/2008 Nissan Frontier Extended Cab.png
2669,2008,NISSAN,MAXIMA,2008 Nissan Maxima 4-DR. w/SAB,,Not Rated,Not Rated,5,4,Not Rated,4,4,Not Rated,Not Rated,Not Rated,Not Rated,4,0,0.107, ,Not Rated,Optional,No,No,78,0,1,2008/NISSAN/MAXIMA/2008 Nissan Maxima 4-DR. w_SAB.png
2677,2008,NISSAN,PATHFINDER,2008 Nissan Pathfinder 4-DR,,Not Rated,Not Rated,4,4,Not Rated,5,5,Not Rated,Not Rated,Not Rated,3,3,0.228,0.237,No Tip,Not Rated,Standard,No,No,328,5,1,2008/NISSAN/PATHFINDER/2008 Nissan Pathfinder 4-DR.png
2670,2008,NISSAN,QUEST,2008 Nissan Quest Van w/SAB,,Not Rated,Not Rated,5,5,Not Rated,5,5,Not Rated,Not Rated,Not Rated,Not Rated,4,0,0.121, ,Not Rated,Optional,No,No,50,3,1,2008/NISSAN/QUEST/2008 Nissan Quest Van w_SAB.png
2740,2008,NISSAN,ROGUE,2008 Nissan Rogue 4-DR w/SAB,,Not Rated,Not Rated,5,4,Not Rated,5,5,Not Rated,Not Rated,Not Rated,4,4,0.179,0.198,No Tip,Not Rated,Standard,No,No,429,5,0,2008/NISSAN/ROGUE/2008 Nissan Rogue 4-DR w_SAB.png
2666,2008,NISSAN,SENTRA,2008 Nissan Sentra 4-DR.w/SAB,,Not Rated,Not Rated,5,5,Not Rated,5,4,Not Rated,Not Rated,Not Rated,Not Rated,4,0,0.116, ,Not Rated,No,No,No,167,3,1,2008/NISSAN/SENTRA/2008 Nissan Sentra 4-DR.w_SAB.png
2671,2008,NISSAN,TITAN,2008 Nissan Titan Extended Cab,,Not Rated,Not Rated,5,4,Not Rated,Not Rated,Not Rated,Not Rated,Not Rated,Not Rated,3,4,0.212,0.191,No Tip,Not Rated,Optional,No,No,133,6,0,2008/NISSAN/TITAN/2008 Nissan Titan Extended Cab.png
2672,2008,NISSAN,TITAN,2008 Nissan Titan 4-DR.,,Not Rated,Not Rated,5,4,Not Rated,Not Rated,Not Rated,Not Rated,Not Rated,Not Rated,3,4,0.212,0.191,No Tip,Not Rated,Optional,No,No,133,6,0,2008/NISSAN/TITAN/2008 Nissan Titan 4-DR..png
2675,2008,NISSAN,VERSA,2008 Nissan Versa 4-DR w/SAB,,Not Rated,Not Rated,4,4,Not Rated,4,4,Not Rated,Not Rated,Not Rated,Not Rated,4,0,0.14, ,Not Rated,No,No,No,381,8,2,2008/NISSAN/VERSA/2008 Nissan Versa 4-DR w_SAB.png
2667,2008,NISSAN,VERSA HATCHBACK,2008 Nissan Versa Hatchback w/SAB,,Not Rated,Not Rated,4,4,Not Rated,4,4,Not Rated,Not Rated,Not Rated,Not Rated,4,0,0.14, ,Not Rated,No,No,No,381,8,2,2008/NISSAN/VERSA HATCHBACK/2008 Nissan Versa Hatchback w_SAB.png
2679,2008,NISSAN,XTERRA,2008 Nissan Xterra 4-DR,,Not Rated,Not Rated,4,4,Not Rated,5,5,Not Rated,Not Rated,Not Rated,3,3,0.256,0.246,No Tip,Not Rated,Standard,No,No,119,8,1,2008/NISSAN/XTERRA/2008 Nissan Xterra 4-DR.png
2599,2008,PONTIAC,G5,2008 Pontiac G5 2-DR. w/SAB,,Not Rated,Not Rated,4,5,Not Rated,4,4,Not Rated,Not Rated,Not Rated,Not Rated,4,0,0.109, ,Not Rated,Optional,No,No,114,5,1,2008/PONTIAC/G5/2008 Pontiac G5 2-DR. w_SAB.png
2600,2008,PONTIAC,G6,2008 Pontiac G6 2-DR.w/SAB,,Not Rated,Not Rated,5,4,Not Rated,5,5,Not Rated,Not Rated,Not Rated,Not Rated,5,0,0.099, ,Not Rated,Optional,No,No,1077,5,2,2008/PONTIAC/G6/2008 Pontiac G6 2-DR.w_SAB.png
2601,2008,PONTIAC,G6,2008 Pontiac G6 4-DR w/SAB,,Not Rated,Not Rated,5,4,Not Rated,5,5,Not Rated,Not Rated,Not Rated,Not Rated,4,0,0.105, ,Not Rated,Optional,No,No,1077,5,2,2008/PONTIAC/G6/2008 Pontiac G6 4-DR w_SAB.png
2801,2008,PONTIAC,G6,2008 Pontiac G6 Convertible w/SAB,,Not Rated,Not Rated,Not Rated,Not Rated,Not Rated,Not Rated,Not Rated,Not Rated,Not Rated,Not Rated,Not Rated,5,0,0.099, ,Not Rated,Standard,No,No,1077,5,2,2008/PONTIAC/G6/2008 Pontiac G6 Convertible w_SAB.png
2709,2008,PONTIAC,G8,2008 Pontiac G8 4-DR w/SAB,,Not Rated,Not Rated,Not Rated,Not Rated,Not Rated,Not Rated,Not Rated,Not Rated,Not Rated,Not Rated,Not Rated,Not Rated,0,0, ,Not Rated,Standard,No,No,71,4,0,2008/PONTIAC/G8/2008 Pontiac G8 4-DR w_SAB.png
2602,2008,PONTIAC,GRAND PRIX,2008 Pontiac Grand Prix 4-DR.,,Not Rated,Not Rated,5,4,Not Rated,3,3,Not Rated,Not Rated,Not Rated,Not Rated,4,0,0.109, ,Not Rated,Optional,No,No,142,1,1,2008/PONTIAC/GRAND PRIX/2008 Pontiac Grand Prix 4-DR..png
2603,2008,PONTIAC,SOLSTICE,2008 Pontiac Solstice Convertible,,Not Rated,Not Rated,4,4,Not Rated,4,Not Rated,Not Rated,Not Rated,Not Rated,Not Rated,5,0,0, ,Not Rated,Optional,No,No,159,5,3,2008/PONTIAC/SOLSTICE/2008 Pontiac Solstice Convertible.png
2604,2008,PONTIAC,TORRENT,2008 Pontiac Torrent 4-DR.,,Not Rated,Not Rated,5,5,Not Rated,5,5,Not Rated,Not Rated,Not Rated,4,4,0.164,0.185,No Tip,Not Rated,Standard,No,No,125,0,0,2008/PONTIAC/TORRENT/2008 Pontiac Torrent 4-DR..png
2605,2008,PONTIAC,VIBE,2008 Pontiac Vibe 4-DR. w/SAB,,Not Rated,Not Rated,5,4,Not Rated,5,4,Not Rated,Not Rated,Not Rated,4,4,0.14,0.151,No Tip,Not Rated,Optional,No,No,63,4,2,2008/PONTIAC/VIBE/2008 Pontiac Vibe 4-DR. w_SAB.png
2617,2008,PONTIAC,VIBE,2008 Pontiac Vibe 4-DR.,,Not Rated,Not Rated,5,4,Not Rated,3,4,Not Rated,Not Rated,Not Rated,4,4,0.14,0.151,No Tip,Not Rated,Optional,No,No,63,4,2,2008/PONTIAC/VIBE/2008 Pontiac Vibe 4-DR..png
2686,2008,PORSCHE,911 CARRERA,2008 Porsche 911 Carrera 2-DR w/SAB,,Not Rated,Not Rated,Not Rated,Not Rated,Not Rated,Not Rated,Not Rated,Not Rated,Not Rated,Not Rated,Not Rated,Not Rated,0,0, ,Not Rated,Standard,No,No,4,1,0,2008/PORSCHE/911 CARRERA/2008 Porsche 911 Carrera 2-DR w_SAB.png
2689,2008,PORSCHE,911 CARRERA 4,2008 Porsche 911 Carrera 4 2-DR w/SAB,,Not Rated,Not Rated,Not Rated,Not Rated,Not Rated,Not Rated,Not Rated,Not Rated,Not Rated,Not Rated,Not Rated,Not Rated,0,0, ,Not Rated,Standard,No,No,4,1,0,2008/PORSCHE/911 CARRERA 4/2008 Porsche 911 Carrera 4 2-DR w_SAB.png
2687,2008,PORSCHE,911 CARRERA 4 CABRIOLET,2008 Porsche 911 Carrera 4 Cabriolet w/SAB,,Not Rated,Not Rated,Not Rated,Not Rated,Not Rated,Not Rated,Not Rated,Not Rated,Not Rated,Not Rated,Not Rated,Not Rated,0,0, ,Not Rated,Standard,No,No,5,2,1,2008/PORSCHE/911 CARRERA 4 CABRIOLET/2008 Porsche 911 Carrera 4 Cabriolet w_SAB.png
2685,2008,PORSCHE,911 CARRERA CABRIOLET,2008 Porsche 911 Carrera Cabriolet w/SAB,,Not Rated,Not Rated,Not Rated,Not Rated,Not Rated,Not Rated,Not Rated,Not Rated,Not Rated,Not Rated,Not Rated,Not Rated,0,0, ,Not Rated,Standard,No,No,4,1,0,2008/PORSCHE/911 CARRERA CABRIOLET/2008 Porsche 911 Carrera Cabriolet w_SAB.png
2688,2008,PORSCHE,911 GT,2008 Porsche 911 GT  2-DR w/SAB,,Not Rated,Not Rated,Not Rated,Not Rated,Not Rated,Not Rated,Not Rated,Not Rated,Not Rated,Not Rated,Not Rated,Not Rated,0,0, ,Not Rated,Standard,No,No,5,1,1,2008/PORSCHE/911 GT/2008 Porsche 911 GT  2-DR w_SAB.png
2681,2008,PORSCHE,911 TARGA,2008 Porsche 911 Targa 2-DR w/SAB,,Not Rated,Not Rated,Not Rated,Not Rated,Not Rated,Not Rated,Not Rated,Not Rated,Not Rated,Not Rated,Not Rated,Not Rated,0,0, ,Not Rated,Standard,No,No,5,1,1,2008/PORSCHE/911 TARGA/2008 Porsche 911 Targa 2-DR w_SAB.png
2691,2008,PORSCHE,911 TURBO,2008 Porsche 911 Turbo 2-DR w/SAB,,Not Rated,Not Rated,Not Rated,Not Rated,Not Rated,Not Rated,Not Rated,Not Rated,Not Rated,Not Rated,Not Rated,Not Rated,0,0, ,Not Rated,Standard,No,No,7,2,1,2008/PORSCHE/911 TURBO/2008 Porsche 911 Turbo 2-DR w_SAB.png
2683,2008,PORSCHE,911 TURBO CABRIOLET,2008 Porsche 911 Turbo Cabriolet w/SAB,,Not Rated,Not Rated,Not Rated,Not Rated,Not Rated,Not Rated,Not Rated,Not Rated,Not Rated,Not Rated,Not Rated,Not Rated,0,0, ,Not Rated,Standard,No,No,7,2,1,2008/PORSCHE/911 TURBO CABRIOLET/2008 Porsche 911 Turbo Cabriolet w_SAB.png
2684,2008,PORSCHE,BOXSTER,2008 Porsche Boxster Convertible w/SAB,,Not Rated,Not Rated,Not Rated,Not Rated,Not Rated,Not Rated,Not Rated,Not Rated,Not Rated,Not Rated,Not Rated,Not Rated,0,0, ,Not Rated,Standard,No,No,1,0,0,2008/PORSCHE/BOXSTER/2008 Porsche Boxster Convertible w_SAB.png
2690,2008,PORSCHE,CAYENNE,2008 Porsche Cayenne 4-DR w/SAB,,Not Rated,Not Rated,Not Rated,Not Rated,Not Rated,Not Rated,Not Rated,Not Rated,Not Rated,Not Rated,Not Rated,Not Rated,0,0, ,Not Rated,Standard,No,No,42,3,0,2008/PORSCHE/CAYENNE/2008 Porsche Cayenne 4-DR w_SAB.png
2682,2008,PORSCHE,CAYMAN,2008 Porsche Cayman 2-DR w/SAB,,Not Rated,Not Rated,Not Rated,Not Rated,Not Rated,Not Rated,Not Rated,Not Rated,Not Rated,Not Rated,Not Rated,Not Rated,0,0, ,Not Rated,Standard,No,No,0,0,0,2008/PORSCHE/CAYMAN/2008 Porsche Cayman 2-DR w_SAB.png
2693,2008,ROLLS-ROYCE,PHANTOM,2008 Rolls-Royce Phantom Convertible w/SAB,,Not Rated,Not Rated,Not Rated,Not Rated,Not Rated,Not Rated,Not Rated,Not Rated,Not Rated,Not Rated,Not Rated,Not Rated,0,0, ,Not Rated,Standard,No,No,0,1,0,2008/ROLLS-ROYCE/PHANTOM/2008 Rolls-Royce Phantom Convertible w_SAB.png
2694,2008,ROLLS-ROYCE,PHANTOM,2008 Rolls-Royce Phantom 4-DR. w/SAB,,Not Rated,Not Rated,Not Rated,Not Rated,Not Rated,Not Rated,Not Rated,Not Rated,Not Rated,Not Rated,Not Rated,Not Rated,0,0, ,Not Rated,Standard,No,No,0,1,0,2008/ROLLS-ROYCE/PHANTOM/2008 Rolls-Royce Phantom 4-DR. w_SAB.png
2692,2008,ROLLS-ROYCE,PHANTOM EWB,2008 Rolls-Royce Phantom EWB 4-DR. w/SAB,,Not Rated,Not Rated,Not Rated,Not Rated,Not Rated,Not Rated,Not Rated,Not Rated,Not Rated,Not Rated,Not Rated,Not Rated,0,0, ,Not Rated,Standard,No,No,0,1,0,2008/ROLLS-ROYCE/PHANTOM EWB/2008 Rolls-Royce Phantom EWB 4-DR. w_SAB.png
2606,2008,SAAB,9-3,2008 Saab 9-3 4-DR w/SAB,,Not Rated,Not Rated,4,4,Not Rated,5,4,Not Rated,Not Rated,Not Rated,4,4,0.121,0.121,No Tip,Not Rated,Standard,No,No,183,3,2,2008/SAAB/9-3/2008 Saab 9-3 4-DR w_SAB.png
2712,2008,SAAB,9-3,2008 Saab 9-3 Convertible w/SAB,,Not Rated,Not Rated,Not Rated,Not Rated,Not Rated,Not Rated,Not Rated,Not Rated,Not Rated,Not Rated,Not Rated,Not Rated,0,0, ,Not Rated,Standard,No,No,183,3,2,2008/SAAB/9-3/2008 Saab 9-3 Convertible w_SAB.png
2607,2008,SAAB,9-3 WAGON,2008 Saab 9-3 Wagon w/SAB,,Not Rated,Not Rated,4,4,Not Rated,5,4,Not Rated,Not Rated,Not Rated,4,4,0.127,0.127,No Tip,Not Rated,Standard,No,No,183,3,2,2008/SAAB/9-3 WAGON/2008 Saab 9-3 Wagon w_SAB.png
2608,2008,SAAB,9-5,2008 Saab 9-5 4-DR. w/SAB,,Not Rated,Not Rated,5,5,Not Rated,5,4,Not Rated,Not Rated,Not Rated,Not Rated,4,0,0.118, ,Not Rated,Standard,No,No,20,2,1,2008/SAAB/9-5/2008 Saab 9-5 4-DR. w_SAB.png
2609,2008,SAAB,9-5 WAGON,2008 Saab 9-5 Wagon w/SAB,,Not Rated,Not Rated,5,5,Not Rated,5,4,Not Rated,Not Rated,Not Rated,Not Rated,4,0,0.13, ,Not Rated,Standard,No,No,20,2,1,2008/SAAB/9-5 WAGON/2008 Saab 9-5 Wagon w_SAB.png
2610,2008,SAAB,9-7X,2008 Saab 9-7X 4-DR w/SAB,,Not Rated,Not Rated,3,4,Not Rated,5,5,Not Rated,Not Rated,Not Rated,4,Not Rated,0.191,0,No Tip,Not Rated,Standard,No,No,22,1,1,2008/SAAB/9-7X/2008 Saab 9-7X 4-DR w_SAB.png
2713,2008,SATURN,ASTRA,2008 Saturn Astra 4-DR w/SAB,,Not Rated,Not Rated,Not Rated,Not Rated,Not Rated,Not Rated,Not Rated,Not Rated,Not Rated,Not Rated,Not Rated,Not Rated,0,0, ,Not Rated,Optional,No,No,162,1,1,2008/SATURN/ASTRA/2008 Saturn Astra 4-DR w_SAB.png
2714,2008,SATURN,ASTRA,2008 Saturn Astra 2-DR w/SAB,,Not Rated,Not Rated,Not Rated,Not Rated,Not Rated,Not Rated,Not Rated,Not Rated,Not Rated,Not Rated,Not Rated,Not Rated,0,0, ,Not Rated,Standard,No,No,162,1,1,2008/SATURN/ASTRA/2008 Saturn Astra 2-DR w_SAB.png
2611,2008,SATURN,AURA,2008 Saturn Aura 4-DR. w/SAB,,Not Rated,Not Rated,5,5,Not Rated,5,5,Not Rated,Not Rated,Not Rated,Not Rated,4,0,0.116, ,Not Rated,Optional,No,No,432,5,1,2008/SATURN/AURA/2008 Saturn Aura 4-DR. w_SAB.png
2612,2008,SATURN,AURA HYBRID,2008 Saturn Aura Hybrid 4-DR. w/SAB,,Not Rated,Not Rated,5,5,Not Rated,5,5,Not Rated,Not Rated,Not Rated,Not Rated,4,0,0.116, ,Not Rated,Optional,No,No,2,0,0,2008/SATURN/AURA HYBRID/2008 Saturn Aura Hybrid 4-DR. w_SAB.png
2613,2008,SATURN,OUTLOOK,2008 Saturn Outlook 4-DR. w/SAB,,Not Rated,Not Rated,5,5,Not Rated,5,5,Not Rated,Not Rated,Not Rated,4,4,0.155,0.169,No Tip,Not Rated,Standard,No,No,633,5,2,2008/SATURN/OUTLOOK/2008 Saturn Outlook 4-DR. w_SAB.png
2614,2008,SATURN,SKY,2008 Saturn Sky Convertible,,Not Rated,Not Rated,4,4,Not Rated,4,Not Rated,Not Rated,Not Rated,Not Rated,Not Rated,5,0,0, ,Not Rated,Standard,No,No,186,5,3,2008/SATURN/SKY/2008 Saturn Sky Convertible.png
2715,2008,SATURN,VUE,2008 Saturn VUE 4-DR w/SAB (Early Release),,Not Rated,Not Rated,4,5,Not Rated,5,5,Not Rated,Not Rated,Not Rated,4,4,0.159,0.185,No Tip,Not Rated,Standard,No,No,406,3,1,2008/SATURN/VUE/2008 Saturn VUE 4-DR w_SAB (Early Release).png
5023,2008,SATURN,VUE,2008 Saturn VUE 4-DR w/SAB (Later Release),,Not Rated,Not Rated,5,5,Not Rated,5,5,Not Rated,Not Rated,Not Rated,4,4,0.159,0.185,No Tip,Not Rated,Standard,No,No,406,3,1,2008/SATURN/VUE/2008 Saturn VUE 4-DR w_SAB (Later Release).png
2716,2008,SATURN,VUE HYBRID,2008 Saturn VUE Hybrid 4-DR. w/SAB  (Early Release),,Not Rated,Not Rated,4,5,Not Rated,5,5,Not Rated,Not Rated,Not Rated,4,4,0.159,0.185,No Tip,Not Rated,Standard,No,No,11,0,1,2008/SATURN/VUE HYBRID/2008 Saturn VUE Hybrid 4-DR. w_SAB  (Early Release).png
5025,2008,SATURN,VUE HYBRID,2008 Saturn VUE Hybrid 4-DR. w/SAB (Later Release),,Not Rated,Not Rated,5,5,Not Rated,5,5,Not Rated,Not Rated,Not Rated,4,4,0.159,0.185,No Tip,Not Rated,Standard,No,No,11,0,1,2008/SATURN/VUE HYBRID/2008 Saturn VUE Hybrid 4-DR. w_SAB (Later Release).png
5014,2008,SMART,FORTWO,2008 Smart Fortwo 2-Dr. w/SAB,,Not Rated,Not Rated,4,3,Not Rated,5,Not Rated,Not Rated,Not Rated,Not Rated,Not Rated,3,0,0.212, ,Not Rated,Standard,No,No,139,2,2,2008/SMART/FORTWO/2008 Smart Fortwo 2-Dr. w_SAB.png
5015,2008,SMART,FORTWO,2008 Smart Fortwo Cabriolet w/SAB,,Not Rated,Not Rated,Not Rated,Not Rated,Not Rated,Not Rated,Not Rated,Not Rated,Not Rated,Not Rated,Not Rated,3,0,0.212, ,Not Rated,Standard,No,No,156,2,2,2008/SMART/FORTWO/2008 Smart Fortwo Cabriolet w_SAB.png
2406,2008,SUBARU,FORESTER,2008 Subaru Forester 4-DR. w/SAB,,Not Rated,Not Rated,5,5,Not Rated,5,5,Not Rated,Not Rated,Not Rated,4,Not Rated,0.159,0,No Tip,Not Rated,Optional,No,No,50,1,1,2008/SUBARU/FORESTER/2008 Subaru Forester 4-DR. w_SAB.png
2489,2008,SUBARU,IMPREZA,2008 Subaru Impreza 4-DR w/SAB,,Not Rated,Not Rated,5,5,Not Rated,5,4,Not Rated,Not Rated,Not Rated,4,Not Rated,0.103,0,No Tip,Not Rated,Optional,No,No,209,15,0,2008/SUBARU/IMPREZA/2008 Subaru Impreza 4-DR w_SAB.png
2490,2008,SUBARU,IMPREZA,2008 Subaru Impreza 4-DR Wagon w/SAB,,Not Rated,Not Rated,5,5,Not Rated,5,4,Not Rated,Not Rated,Not Rated,4,Not Rated,0.103,0,No Tip,Not Rated,Optional,No,No,209,15,0,2008/SUBARU/IMPREZA/2008 Subaru Impreza 4-DR Wagon w_SAB.png
2404,2008,SUBARU,LEGACY,2008 Subaru Legacy 4-DR. w/SAB,,Not Rated,Not Rated,5,5,Not Rated,5,5,Not Rated,Not Rated,Not Rated,4,Not Rated,0.107,0,No Tip,Not Rated,Optional,No,No,65,9,0,2008/SUBARU/LEGACY/2008 Subaru Legacy 4-DR. w_SAB.png
2405,2008,SUBARU,OUTBACK,2008 Subaru Outback 4-DR Wagon w/SAB,,Not Rated,Not Rated,5,5,Not Rated,5,5,Not Rated,Not Rated,Not Rated,4,Not Rated,0.159,0,No Tip,Not Rated,Optional,No,No,228,9,0,2008/SUBARU/OUTBACK/2008 Subaru Outback 4-DR Wagon w_SAB.png
2407,2008,SUBARU,TRIBECA,2008 Subaru B9 Tribeca 4-DR. w/SAB,,Not Rated,Not Rated,5,5,Not Rated,5,5,Not Rated,Not Rated,Not Rated,4,Not Rated,0.164,0,No Tip,Not Rated,Standard,No,No,30,9,0,2008/SUBARU/TRIBECA/2008 Subaru B9 Tribeca 4-DR. w_SAB.png
2446,2008,SUZUKI,FORENZA,2008 Suzuki Forenza 4-DR. Wagon  w/SAB,,Not Rated,Not Rated,4,4,Not Rated,4,4,Not Rated,Not Rated,Not Rated,Not Rated,4,0,0.116, ,Not Rated,No,No,No,152,1,0,2008/SUZUKI/FORENZA/2008 Suzuki Forenza 4-DR. Wagon  w_SAB.png
2447,2008,SUZUKI,FORENZA,2008 Suzuki Forenza 4-DR. w/SAB,,Not Rated,Not Rated,4,4,Not Rated,4,4,Not Rated,Not Rated,Not Rated,Not Rated,4,0,0.116, ,Not Rated,No,No,No,152,1,0,2008/SUZUKI/FORENZA/2008 Suzuki Forenza 4-DR. w_SAB.png
2445,2008,SUZUKI,GRAND VITARA,2008 Suzuki Grand Vitara 4-DR. w/SAB,,Not Rated,Not Rated,4,4,Not Rated,5,5,Not Rated,Not Rated,Not Rated,4,4,0.185,0.191,No Tip,Not Rated,Standard,No,No,42,2,1,2008/SUZUKI/GRAND VITARA/2008 Suzuki Grand Vitara 4-DR. w_SAB.png
2448,2008,SUZUKI,RENO,2008 Suzuki Reno 5-DR w/SAB,,Not Rated,Not Rated,4,4,Not Rated,4,4,Not Rated,Not Rated,Not Rated,Not Rated,4,0,0.116, ,Not Rated,No,No,No,23,1,0,2008/SUZUKI/RENO/2008 Suzuki Reno 5-DR w_SAB.png
2492,2008,SUZUKI,SX4,2008 Suzuki SX-4 4-DR Wagon w/SAB,,Not Rated,Not Rated,4,4,Not Rated,5,4,Not Rated,Not Rated,Not Rated,4,4,0.133,0.133,No Tip,Not Rated,Optional,No,No,101,3,1,2008/SUZUKI/SX4/2008 Suzuki SX-4 4-DR Wagon w_SAB.png
2493,2008,SUZUKI,SX4,2008 Suzuki SX-4 4-DR w/SAB,,Not Rated,Not Rated,4,4,Not Rated,5,4,Not Rated,Not Rated,Not Rated,Not Rated,4,0,0.133, ,Not Rated,Optional,No,No,101,3,1,2008/SUZUKI/SX4/2008 Suzuki SX-4 4-DR w_SAB.png
2491,2008,SUZUKI,XL7,2008 Suzuki XL7 4-DR w/SAB,,Not Rated,Not Rated,5,5,Not Rated,5,5,Not Rated,Not Rated,Not Rated,4,4,0.164,0.179,No Tip,Not Rated,Standard,No,No,74,0,0,2008/SUZUKI/XL7/2008 Suzuki XL7 4-DR w_SAB.png
2494,2008,TOYOTA,4RUNNER,2008 Toyota 4Runner 4-DR. w/SAB,,Not Rated,Not Rated,4,4,Not Rated,5,5,Not Rated,Not Rated,Not Rated,3,3,0.204,0.219,No Tip,Not Rated,Standard,No,No,96,5,1,2008/TOYOTA/4RUNNER/2008 Toyota 4Runner 4-DR. w_SAB.png
2495,2008,TOYOTA,AVALON,2008 Toyota Avalon 4-DR. w/SAB,,Not Rated,Not Rated,5,5,Not Rated,5,5,Not Rated,Not Rated,Not Rated,Not Rated,4,0,0.111, ,Not Rated,Optional,No,No,349,6,0,2008/TOYOTA/AVALON/2008 Toyota Avalon 4-DR. w_SAB.png
2496,2008,TOYOTA,CAMRY,2008 Toyota Camry 4-DR. w/SAB,,Not Rated,Not Rated,5,5,Not Rated,5,5,Not Rated,Not Rated,Not Rated,Not Rated,4,0,0.107, ,Not Rated,Optional,No,No,1176,8,5,2008/TOYOTA/CAMRY/2008 Toyota Camry 4-DR. w_SAB.png
2497,2008,TOYOTA,CAMRY HYBRID,2008 Toyota Camry Hybrid  4-DR. w/SAB,,Not Rated,Not Rated,5,5,Not Rated,5,5,Not Rated,Not Rated,Not Rated,Not Rated,4,0,0.107, ,Not Rated,Standard,No,No,1093,8,5,2008/TOYOTA/CAMRY HYBRID/2008 Toyota Camry Hybrid  4-DR. w_SAB.png
2498,2008,TOYOTA,COROLLA,2008 Toyota Corolla 4-DR.,,Not Rated,Not Rated,5,5,Not Rated,4,4,Not Rated,Not Rated,Not Rated,Not Rated,4,0,0.127, ,Not Rated,Optional,No,No,344,7,4,2008/TOYOTA/COROLLA/2008 Toyota Corolla 4-DR..png
2499,2008,TOYOTA,FJ CRUISER,2008 Toyota FJ Cruiser 4-DR. w/SAB,,Not Rated,Not Rated,5,4,Not Rated,5,5,Not Rated,Not Rated,Not Rated,3,3,0.267,0.256,No Tip,Not Rated,Standard,No,No,123,11,0,2008/TOYOTA/FJ CRUISER/2008 Toyota FJ Cruiser 4-DR. w_SAB.png
2733,2008,TOYOTA,HIGHLANDER,2008 Toyota Highlander 4-DR. w/SAB,,Not Rated,Not Rated,5,4,Not Rated,5,5,Not Rated,Not Rated,Not Rated,4,4,0.174,0.198,No Tip,Not Rated,Standard,No,No,403,13,2,2008/TOYOTA/HIGHLANDER/2008 Toyota Highlander 4-DR. w_SAB.png
2732,2008,TOYOTA,HIGHLANDER HYBRID,2008 Toyota Highlander Hybrid 4-DR. w/SAB,,Not Rated,Not Rated,5,4,Not Rated,5,5,Not Rated,Not Rated,Not Rated,4,Not Rated,0.174,0,No Tip,Not Rated,Standard,No,No,600,14,5,2008/TOYOTA/HIGHLANDER HYBRID/2008 Toyota Highlander Hybrid 4-DR. w_SAB.png
2731,2008,TOYOTA,LANDCRUISER,2008 Toyota Landcruiser 4-DR w/SAB,,Not Rated,Not Rated,Not Rated,Not Rated,Not Rated,Not Rated,Not Rated,Not Rated,Not Rated,Not Rated,Not Rated,Not Rated,0,0, ,Not Rated,Standard,Optional,No,8,5,0,2008/TOYOTA/LANDCRUISER/2008 Toyota Landcruiser 4-DR w_SAB.png
2500,2008,TOYOTA,MATRIX,2008 Toyota Matrix 4-DR. w/SAB,,Not Rated,Not Rated,5,4,Not Rated,5,4,Not Rated,Not Rated,Not Rated,Not Rated,4,0,0.151, ,Not Rated,Optional,No,No,38,2,0,2008/TOYOTA/MATRIX/2008 Toyota Matrix 4-DR. w_SAB.png
2546,2008,TOYOTA,MATRIX,2008 Toyota Matrix 4-DR.,,Not Rated,Not Rated,5,4,Not Rated,3,4,Not Rated,Not Rated,Not Rated,Not Rated,4,0,0.151, ,Not Rated,Optional,No,No,38,2,0,2008/TOYOTA/MATRIX/2008 Toyota Matrix 4-DR..png
2501,2008,TOYOTA,PRIUS,2008 Toyota Prius 4-DR.w/SAB,,Not Rated,Not Rated,4,4,Not Rated,5,4,Not Rated,Not Rated,Not Rated,Not Rated,4,0,0.13, ,Not Rated,Optional,No,No,1497,4,2,2008/TOYOTA/PRIUS/2008 Toyota Prius 4-DR.w_SAB.png
2502,2008,TOYOTA,RAV4,2008 Toyota RAV4 4-DR. w/SAB,,Not Rated,Not Rated,5,4,Not Rated,5,5,Not Rated,Not Rated,Not Rated,4,4,0.174,0.179,No Tip,Not Rated,Standard,No,No,575,14,4,2008/TOYOTA/RAV4/2008 Toyota RAV4 4-DR. w_SAB.png
2511,2008,TOYOTA,SCION TC,2008 Toyota Scion tC 2-DR w/SAB,,Not Rated,Not Rated,5,4,Not Rated,5,5,Not Rated,Not Rated,Not Rated,Not Rated,4,0,0.116, ,Not Rated,No,No,No,7,0,0,2008/TOYOTA/SCION TC/2008 Toyota Scion tC 2-DR w_SAB.png
2393,2008,TOYOTA,SCION XB,2008 Toyota Scion xB Wagon w/SAB,,Not Rated,Not Rated,4,4,Not Rated,5,5,Not Rated,Not Rated,Not Rated,Not Rated,4,0,0.14, ,Not Rated,Standard,No,No,11,0,0,2008/TOYOTA/SCION XB/2008 Toyota Scion xB Wagon w_SAB.png
2728,2008,TOYOTA,SCION XD,2008 Toyota Scion xD 4-DR w/SAB,,Not Rated,Not Rated,4,4,Not Rated,5,5,Not Rated,Not Rated,Not Rated,Not Rated,4,0,0.151, ,Not Rated,Optional,No,No,0,0,0,2008/TOYOTA/SCION XD/2008 Toyota Scion xD 4-DR w_SAB.png
2730,2008,TOYOTA,SEQUOIA,2008 Toyota Sequoia 4-DR w/SAB,,Not Rated,Not Rated,5,4,Not Rated,Not Rated,Not Rated,Not Rated,Not Rated,Not Rated,4,4,0.185,0.185,No Tip,Not Rated,Standard,No,No,65,9,0,2008/TOYOTA/SEQUOIA/2008 Toyota Sequoia 4-DR w_SAB.png
2503,2008,TOYOTA,SIENNA,2008 Toyota Sienna w/SAB,,Not Rated,Not Rated,4,5,Not Rated,5,5,Not Rated,Not Rated,Not Rated,4,4,0.169,0.159,No Tip,Not Rated,Standard,No,No,428,9,0,2008/TOYOTA/SIENNA/2008 Toyota Sienna w_SAB.png
2734,2008,TOYOTA,SOLARA,2008 Toyota Camry Solara Convertible w/SAB,,Not Rated,Not Rated,Not Rated,Not Rated,Not Rated,Not Rated,Not Rated,Not Rated,Not Rated,Not Rated,Not Rated,4,0,0.116, ,Not Rated,Optional,No,No,83,2,0,2008/TOYOTA/SOLARA/2008 Toyota Camry Solara Convertible w_SAB.png
2735,2008,TOYOTA,SOLARA,2008 Toyota Camry Solara 2-DR. w/SAB,,Not Rated,Not Rated,5,5,Not Rated,5,5,Not Rated,Not Rated,Not Rated,Not Rated,4,0,0.116, ,Not Rated,Optional,No,No,83,2,0,2008/TOYOTA/SOLARA/2008 Toyota Camry Solara 2-DR. w_SAB.png
2504,2008,TOYOTA,TACOMA,2008 Toyota Tacoma 4-DR.,,Not Rated,Not Rated,5,5,Not Rated,5,5,Not Rated,Not Rated,Not Rated,4,4,0.191,0.147,No Tip,Not Rated,Optional,No,No,444,11,0,2008/TOYOTA/TACOMA/2008 Toyota Tacoma 4-DR..png
2505,2008,TOYOTA,TACOMA,2008 Toyota Tacoma Extended Cab,,Not Rated,Not Rated,5,5,Not Rated,5,Not Rated,Not Rated,Not Rated,Not Rated,4,4,0.191,0.147,No Tip,Not Rated,Optional,No,No,444,11,0,2008/TOYOTA/TACOMA/2008 Toyota Tacoma Extended Cab.png
2506,2008,TOYOTA,TACOMA,2008 Toyota Tacoma Regular Cab,,Not Rated,Not Rated,5,5,Not Rated,5,Not Rated,Not Rated,Not Rated,Not Rated,4,4,0.191,0.147,No Tip,Not Rated,Optional,No,No,444,11,0,2008/TOYOTA/TACOMA/2008 Toyota Tacoma Regular Cab.png
2507,2008,TOYOTA,TUNDRA,2008 Toyota Tundra Extended Cab w/SAB,,Not Rated,Not Rated,4,4,Not Rated,Not Rated,Not Rated,Not Rated,Not Rated,Not Rated,4,3,0.198,0.204,No Tip,Not Rated,Standard,No,No,325,13,0,2008/TOYOTA/TUNDRA/2008 Toyota Tundra Extended Cab w_SAB.png
2508,2008,TOYOTA,TUNDRA,2008 Toyota Tundra Regular Cab w/SAB,,Not Rated,Not Rated,4,4,Not Rated,Not Rated,Not Rated,Not Rated,Not Rated,Not Rated,4,3,0.198,0.204,No Tip,Not Rated,Standard,No,No,325,13,0,2008/TOYOTA/TUNDRA/2008 Toyota Tundra Regular Cab w_SAB.png
2509,2008,TOYOTA,TUNDRA,2008 Toyota Tundra 4-DR. w/SAB,,Not Rated,Not Rated,4,4,Not Rated,Not Rated,Not Rated,Not Rated,Not Rated,Not Rated,4,3,0.198,0.204,No Tip,Not Rated,Standard,No,No,325,13,0,2008/TOYOTA/TUNDRA/2008 Toyota Tundra 4-DR. w_SAB.png
2510,2008,TOYOTA,YARIS,2008 Toyota Yaris 4-DR.,,Not Rated,Not Rated,4,4,Not Rated,3,3,Not Rated,Not Rated,Not Rated,Not Rated,4,0,0.13, ,Not Rated,No,No,No,218,10,3,2008/TOYOTA/YARIS/2008 Toyota Yaris 4-DR..png
2729,2008,TOYOTA,YARIS LIFTBACK,2008 Toyota Yaris Liftback 2-DR,,Not Rated,Not Rated,5,4,Not Rated,3,3,Not Rated,Not Rated,Not Rated,Not Rated,4,0,0.14, ,Not Rated,No,No,No,247,10,3,2008/TOYOTA/YARIS LIFTBACK/2008 Toyota Yaris Liftback 2-DR.png
2775,2008,VOLKSWAGEN,EOS,2008 Volkswagen Eos Convertible w/SAB,,Not Rated,Not Rated,Not Rated,Not Rated,Not Rated,Not Rated,Not Rated,Not Rated,Not Rated,Not Rated,Not Rated,Not Rated,0,0, ,Not Rated,Standard,No,No,47,0,1,2008/VOLKSWAGEN/EOS/2008 Volkswagen Eos Convertible w_SAB.png
2776,2008,VOLKSWAGEN,GLI,2008 Volkswagen GLI 4-DR. w/SAB,,Not Rated,Not Rated,4,4,Not Rated,5,5,Not Rated,Not Rated,Not Rated,Not Rated,4,0,0.121, ,Not Rated,Standard,No,No,1,0,0,2008/VOLKSWAGEN/GLI/2008 Volkswagen GLI 4-DR. w_SAB.png
2777,2008,VOLKSWAGEN,GTI,2008 Volkswagen GTI 4-DR. w/SAB,,Not Rated,Not Rated,4,4,Not Rated,5,5,Not Rated,Not Rated,Not Rated,Not Rated,4,0,0.121, ,Not Rated,Standard,No,No,67,1,1,2008/VOLKSWAGEN/GTI/2008 Volkswagen GTI 4-DR. w_SAB.png
2778,2008,VOLKSWAGEN,GTI,2008 Volkswagen GTI 2-DR. w/SAB,,Not Rated,Not Rated,Not Rated,Not Rated,Not Rated,Not Rated,Not Rated,Not Rated,Not Rated,Not Rated,Not Rated,Not Rated,0,0, ,Not Rated,Standard,No,No,67,1,1,2008/VOLKSWAGEN/GTI/2008 Volkswagen GTI 2-DR. w_SAB.png
2779,2008,VOLKSWAGEN,JETTA,2008 Volkswagen Jetta 4-DR. w/SAB,,Not Rated,Not Rated,4,4,Not Rated,5,5,Not Rated,Not Rated,Not Rated,Not Rated,4,0,0.121, ,Not Rated,Optional,No,No,189,6,1,2008/VOLKSWAGEN/JETTA/2008 Volkswagen Jetta 4-DR. w_SAB.png
2780,2008,VOLKSWAGEN,JETTA,2008 Volkswagen Jetta Sportwagen 4-DR. w/SAB,,Not Rated,Not Rated,4,4,Not Rated,5,5,Not Rated,Not Rated,Not Rated,Not Rated,4,0,0.121, ,Not Rated,Standard,No,No,189,6,1,2008/VOLKSWAGEN/JETTA/2008 Volkswagen Jetta Sportwagen 4-DR. w_SAB.png
2781,2008,VOLKSWAGEN,NEW BEETLE,2008 Volkswagen New Beetle Convertible w/SAB,,Not Rated,Not Rated,4,4,Not Rated,Not Rated,Not Rated,Not Rated,Not Rated,Not Rated,Not Rated,4,0,0.113, ,Not Rated,Standard,No,No,60,3,0,2008/VOLKSWAGEN/NEW BEETLE/2008 Volkswagen New Beetle Convertible w_SAB.png
2782,2008,VOLKSWAGEN,NEW BEETLE,2008 Volkswagen New Beetle 2-DR. w/SAB,,Not Rated,Not Rated,4,4,Not Rated,5,3,Not Rated,Not Rated,Not Rated,Not Rated,4,0,0.113, ,Not Rated,Standard,No,No,60,3,0,2008/VOLKSWAGEN/NEW BEETLE/2008 Volkswagen New Beetle 2-DR. w_SAB.png
2783,2008,VOLKSWAGEN,PASSAT,2008 Volkswagen Passat 4-DR. w/SAB,,Not Rated,Not Rated,4,4,Not Rated,5,4,Not Rated,Not Rated,Not Rated,4,4,0.118,0.118,No Tip,Not Rated,Standard,No,No,174,4,0,2008/VOLKSWAGEN/PASSAT/2008 Volkswagen Passat 4-DR. w_SAB.png
2784,2008,VOLKSWAGEN,PASSAT,2008 Volkswagen Passat Wagon w/SAB,,Not Rated,Not Rated,4,4,Not Rated,5,4,Not Rated,Not Rated,Not Rated,4,4,0.118,0.118,No Tip,Not Rated,Standard,No,No,174,4,0,2008/VOLKSWAGEN/PASSAT/2008 Volkswagen Passat Wagon w_SAB.png
2785,2008,VOLKSWAGEN,R 32 SPECIAL EDITION,2008 Volkswagen R 32 Special Edition w/SAB,,Not Rated,Not Rated,Not Rated,Not Rated,Not Rated,Not Rated,Not Rated,Not Rated,Not Rated,Not Rated,Not Rated,Not Rated,0,0, ,Not Rated,Standard,No,No,115,2,1,2008/VOLKSWAGEN/R 32 SPECIAL EDITION/2008 Volkswagen R 32 Special Edition w_SAB.png
2786,2008,VOLKSWAGEN,RABBIT,2008 Volkswagen Rabbit 2-DR. w/SAB,,Not Rated,Not Rated,Not Rated,Not Rated,Not Rated,Not Rated,Not Rated,Not Rated,Not Rated,Not Rated,Not Rated,Not Rated,0,0, ,Not Rated,Optional,No,No,23,2,0,2008/VOLKSWAGEN/RABBIT/2008 Volkswagen Rabbit 2-DR. w_SAB.png
2787,2008,VOLKSWAGEN,RABBIT,2008 Volkswagen Rabbit 4-DR. w/SAB,,Not Rated,Not Rated,4,4,Not Rated,5,5,Not Rated,Not Rated,Not Rated,Not Rated,4,0,0.121, ,Not Rated,Optional,No,No,23,2,0,2008/VOLKSWAGEN/RABBIT/2008 Volkswagen Rabbit 4-DR. w_SAB.png
2788,2008,VOLKSWAGEN,TOUAREG 2,2008 Volkswagen Touareg  2 4-Dr. w/SAB,,Not Rated,Not Rated,5,5,Not Rated,5,5,Not Rated,Not Rated,Not Rated,4,Not Rated,0.169,0,No Tip,Not Rated,Standard,No,No,56,4,0,2008/VOLKSWAGEN/TOUAREG 2/2008 Volkswagen Touareg  2 4-Dr. w_SAB.png
2789,2008,VOLVO,C30,2008 Volvo C30 2-DR w/SAB,,Not Rated,Not Rated,Not Rated,Not Rated,Not Rated,Not Rated,Not Rated,Not Rated,Not Rated,Not Rated,Not Rated,Not Rated,0,0, ,Not Rated,Standard,No,No,8,2,0,2008/VOLVO/C30/2008 Volvo C30 2-DR w_SAB.png
2790,2008,VOLVO,C70,2008 Volvo C70 Convertible  w/SAB,,Not Rated,Not Rated,Not Rated,Not Rated,Not Rated,Not Rated,Not Rated,Not Rated,Not Rated,Not Rated,Not Rated,Not Rated,0,0, ,Not Rated,Standard,No,No,22,3,0,2008/VOLVO/C70/2008 Volvo C70 Convertible  w_SAB.png
2791,2008,VOLVO,S40,2008 Volvo S40 4-DR. w/SAB,,Not Rated,Not Rated,4,5,Not Rated,5,5,Not Rated,Not Rated,Not Rated,4,4,0.111,0.111,No Tip,Not Rated,Standard,No,No,16,2,0,2008/VOLVO/S40/2008 Volvo S40 4-DR. w_SAB.png
2792,2008,VOLVO,S60,2008 Volvo S60 4-DR. w/SAB,,Not Rated,Not Rated,4,4,Not Rated,5,5,Not Rated,Not Rated,Not Rated,5,5,0.093,0.093,No Tip,Not Rated,Standard,No,No,10,2,0,2008/VOLVO/S60/2008 Volvo S60 4-DR. w_SAB.png
2793,2008,VOLVO,S80,2008 Volvo S80 4-DR. w/SAB,,Not Rated,Not Rated,Not Rated,Not Rated,Not Rated,Not Rated,Not Rated,Not Rated,Not Rated,Not Rated,Not Rated,Not Rated,0,0, ,Not Rated,Standard,Optional,No,25,7,0,2008/VOLVO/S80/2008 Volvo S80 4-DR. w_SAB.png
2794,2008,VOLVO,V50,2008 Volvo V50 Wagon w/SAB,,Not Rated,Not Rated,Not Rated,Not Rated,Not Rated,Not Rated,Not Rated,Not Rated,Not Rated,Not Rated,Not Rated,Not Rated,0,0, ,Not Rated,Standard,No,No,0,3,0,2008/VOLVO/V50/2008 Volvo V50 Wagon w_SAB.png
2795,2008,VOLVO,V70,2008 Volvo V70 4-DR. Wagon w/SAB,,Not Rated,Not Rated,Not Rated,Not Rated,Not Rated,Not Rated,Not Rated,Not Rated,Not Rated,Not Rated,Not Rated,Not Rated,0,0, ,Not Rated,Standard,Optional,No,11,4,0,2008/VOLVO/V70/2008 Volvo V70 4-DR. Wagon w_SAB.png
2796,2008,VOLVO,XC70,2008 Volvo XC70 4-DR. Wagon w/SAB,,Not Rated,Not Rated,Not Rated,Not Rated,Not Rated,Not Rated,Not Rated,Not Rated,Not Rated,Not Rated,Not Rated,Not Rated,0,0, ,Not Rated,Standard,Optional,No,39,8,0,2008/VOLVO/XC70/2008 Volvo XC70 4-DR. Wagon w_SAB.png
2797,2008,VOLVO,XC90,2008 Volvo XC90 4-DR. w/SAB,,Not Rated,Not Rated,5,5,Not Rated,5,5,Not Rated,Not Rated,Not Rated,4,4,0.179,0.191,No Tip,Not Rated,Standard,No,No,29,3,0,2008/VOLVO/XC90/2008 Volvo XC90 4-DR. w_SAB.png