VehicleId,ModelYear,Make,Model,VehicleDescription,VehiclePicture,OverallRating,OverallFrontCrashRating,FrontCrashDriversideRating,FrontCrashPassengersideRating,OverallSideCrashRating,SideCrashDriversideRating,SideCrashPassengersideRating,CombinedSideBarrierAndPoleRatingFront,CombinedSideBarrierAndPoleRatingRear,SideBarrierRatingOverall,RolloverRating,RolloverRating2,RolloverPossibility,RolloverPossibility2,DynamicTipResult,SidePoleCrashRating,NHTSAElectronicStabilityControl,NHTSAForwardCollisionWarning,NHTSALaneDepartureWarning,ComplaintsCount,RecallsCount,InvestigationCount,ImagePath
10036,2016,ACURA,ILX,2016 Acura ILX 4 DR FWD,,5,4,5,4,5,5,5,5,5,5,4,Not Rated,0.107,0,No Tip,5,Standard,Optional,Optional,52,6,0,2016/ACURA/ILX/2016 Acura ILX 4 DR FWD.png
10026,2016,ACURA,MDX,2016 Acura MDX SUV AWD,,5,5,5,5,5,5,5,5,5,5,4,Not Rated,0.164,0,No Tip,5,Standard,Optional,Optional,363,7,3,2016/ACURA/MDX/2016 Acura MDX SUV AWD.png
10027,2016,ACURA,MDX,2016 Acura MDX SUV FWD,,5,5,5,5,5,5,5,5,5,5,4,Not Rated,0.164,0,No Tip,5,Standard,Optional,Optional,363,7,3,2016/ACURA/MDX/2016 Acura MDX SUV FWD.png
10037,2016,ACURA,RDX,2016 Acura RDX SUV FWD,,5,5,5,5,5,5,5,5,5,5,4,Not Rated,0.164,0,No Tip,5,Standard,Optional,Optional,40,2,1,2016/ACURA/RDX/2016 Acura RDX SUV FWD.png
10038,2016,ACURA,RDX,2016 Acura RDX SUV AWD,,5,5,5,5,5,5,5,5,5,5,4,Not Rated,0.155,0,No Tip,5,Standard,Optional,Optional,40,2,1,2016/ACURA/RDX/2016 Acura RDX SUV AWD.png
10024,2016,ACURA,RLX,2016 Acura RLX 4 DR FWD,,5,5,5,5,5,5,5,5,5,5,5,Not Rated,0.097,0,No Tip,5,Standard,Standard,Standard,5,0,2,2016/ACURA/RLX/2016 Acura RLX 4 DR FWD.png
10025,2016,ACURA,RLX SPORT HYBRID,2016 Acura RLX Sport Hybrid 4 DR AWD,,Not Rated,Not Rated,Not Rated,Not Rated,5,5,5,5,5,5,5,Not Rated,0.097,0,No Tip,5,Standard,Standard,Standard,2,0,3,2016/ACURA/RLX SPORT HYBRID/2016 Acura RLX Sport Hybrid 4 DR AWD.png
10174,2016,ACURA,TLX,2016 Acura TLX 4 DR AWD,,5,5,5,5,5,5,5,5,5,5,5,Not Rated,0.098,0,No Tip,5,Standard,Optional,Optional,110,3,2,2016/ACURA/TLX/2016 Acura TLX 4 DR AWD.png
10175,2016,ACURA,TLX,2016 Acura TLX 4 DR FWD,,5,5,5,5,5,5,5,5,5,5,5,Not Rated,0.098,0,No Tip,5,Standard,Optional,Optional,110,3,2,2016/ACURA/TLX/2016 Acura TLX 4 DR FWD.png
10333,2016,ALFA ROMEO,4C,2016 Alfa Romeo 4C 2 DR 2WD,,Not Rated,Not Rated,Not Rated,Not Rated,Not Rated,Not Rated,Not Rated,Not Rated,Not Rated,Not Rated,Not Rated,Not Rated,0,0, ,Not Rated,Standard,No,No,0,0,0,2016/ALFA ROMEO/4C/2016 Alfa Romeo 4C 2 DR 2WD.png
10334,2016,ALFA ROMEO,4C SPIDER,2016 Alfa Romeo 4C Spider 2WD,,Not Rated,Not Rated,Not Rated,Not Rated,Not Rated,Not Rated,Not Rated,Not Rated,Not Rated,Not Rated,Not Rated,Not Rated,0,0, ,Not Rated,Standard,No,No,0,0,0,2016/ALFA ROMEO/4C SPIDER/2016 Alfa Romeo 4C Spider 2WD.png
10082,2016,AUDI,A3,2016 Audi A3 4 DR AWD,,5,4,4,5,5,5,5,5,5,5,4,Not Rated,0.109,0,No Tip,5,Standard,Optional,Optional,112,6,2,2016/AUDI/A3/2016 Audi A3 4 DR AWD.png
10083,2016,AUDI,A3,2016 Audi A3 4 DR FWD,,5,4,4,5,5,5,5,5,5,5,4,Not Rated,0.109,0,No Tip,5,Standard,Optional,Optional,112,6,2,2016/AUDI/A3/2016 Audi A3 4 DR FWD.png
10335,2016,AUDI,A3,2016 Audi A3 C FWD,,Not Rated,Not Rated,Not Rated,Not Rated,Not Rated,Not Rated,Not Rated,Not Rated,Not Rated,Not Rated,Not Rated,Not Rated,0,0, ,Not Rated,Standard,No,No,65,3,0,2016/AUDI/A3/2016 Audi A3 C FWD.png
10336,2016,AUDI,A3,2016 Audi A3 C AWD,,Not Rated,Not Rated,Not Rated,Not Rated,Not Rated,Not Rated,Not Rated,Not Rated,Not Rated,Not Rated,Not Rated,Not Rated,0,0, ,Not Rated,Standard,Optional,Optional,112,6,2,2016/AUDI/A3/2016 Audi A3 C AWD.png
10337,2016,AUDI,A3 SPORTBACK E-TRON,2016 A3 Sportback e-tron FWD,,Not Rated,Not Rated,Not Rated,Not Rated,Not Rated,Not Rated,Not Rated,Not Rated,Not Rated,Not Rated,Not Rated,Not Rated,0,0, ,Not Rated,Standard,No,No,0,0,0,2016/AUDI/A3 SPORTBACK E-TRON/2016 A3 Sportback e-tron FWD.png
10085,2016,AUDI,A4,2016 Audi A4 4 DR AWD,,5,5,5,5,5,4,5,4,5,5,5,Not Rated,0.099,0,No Tip,5,Standard,Optional,No,25,3,0,2016/AUDI/A4/2016 Audi A4 4 DR AWD.png
10086,2016,AUDI,A4,2016 Audi A4 4 DR FWD,,5,5,5,5,5,4,5,4,5,5,5,Not Rated,0.099,0,No Tip,5,Standard,Optional,No,25,3,0,2016/AUDI/A4/2016 Audi A4 4 DR FWD.png
10338,2016,AUDI,A5,2016 Audi A5 C AWD,,Not Rated,Not Rated,Not Rated,Not Rated,Not Rated,Not Rated,Not Rated,Not Rated,Not Rated,Not Rated,Not Rated,Not Rated,0,0, ,Not Rated,Standard,Optional,No,7,3,0,2016/AUDI/A5/2016 Audi A5 C AWD.png
10339,2016,AUDI,A5,2016 Audi A5 2 DR AWD,,Not Rated,Not Rated,Not Rated,Not Rated,Not Rated,Not Rated,Not Rated,Not Rated,Not Rated,Not Rated,Not Rated,Not Rated,0,0, ,Not Rated,Standard,Optional,No,7,3,0,2016/AUDI/A5/2016 Audi A5 2 DR AWD.png
10006,2016,AUDI,A6,2016 Audi A6 4 DR AWD,,5,5,5,5,5,5,5,5,5,5,5,Not Rated,0.09,0,No Tip,5,Standard,Optional,No,51,3,0,2016/AUDI/A6/2016 Audi A6 4 DR AWD.png
10007,2016,AUDI,A6,2016 Audi A6 4 DR FWD,,5,5,5,5,5,5,5,5,5,5,5,Not Rated,0.09,0,No Tip,5,Standard,Optional,No,51,3,0,2016/AUDI/A6/2016 Audi A6 4 DR FWD.png
10340,2016,AUDI,A7,2016 Audi A7 4 DR AWD,,Not Rated,Not Rated,Not Rated,Not Rated,Not Rated,Not Rated,Not Rated,Not Rated,Not Rated,Not Rated,Not Rated,Not Rated,0,0, ,Not Rated,Standard,Optional,No,15,3,0,2016/AUDI/A7/2016 Audi A7 4 DR AWD.png
10341,2016,AUDI,A8 LWB,2016 Audi A8 LWB 4 DR AWD,,Not Rated,Not Rated,Not Rated,Not Rated,Not Rated,Not Rated,Not Rated,Not Rated,Not Rated,Not Rated,Not Rated,Not Rated,0,0, ,Not Rated,Standard,Optional,No,10,4,0,2016/AUDI/A8 LWB/2016 Audi A8 LWB 4 DR AWD.png
10342,2016,AUDI,A8 NWB,2016 Audi A8 NWB 4 DR AWD,,Not Rated,Not Rated,Not Rated,Not Rated,Not Rated,Not Rated,Not Rated,Not Rated,Not Rated,Not Rated,Not Rated,Not Rated,0,0, ,Not Rated,Standard,Optional,No,10,4,0,2016/AUDI/A8 NWB/2016 Audi A8 NWB 4 DR AWD.png
10084,2016,AUDI,ALLROAD,2016 Audi Allroad SW AWD,,5,5,5,5,5,4,5,4,5,5,4,Not Rated,0.116,0,No Tip,5,Standard,Optional,No,0,0,0,2016/AUDI/ALLROAD/2016 Audi Allroad SW AWD.png
10343,2016,AUDI,Q3,2016 Audi Q3 SUV AWD,,Not Rated,Not Rated,Not Rated,Not Rated,Not Rated,Not Rated,Not Rated,Not Rated,Not Rated,Not Rated,Not Rated,Not Rated,0,0, ,Not Rated,Standard,No,No,28,3,0,2016/AUDI/Q3/2016 Audi Q3 SUV AWD.png
10901,2016,AUDI,Q3,2016 Audi Q3 SUV FWD,,Not Rated,Not Rated,Not Rated,Not Rated,Not Rated,Not Rated,Not Rated,Not Rated,Not Rated,Not Rated,Not Rated,Not Rated,0,0, ,Not Rated,Standard,No,No,28,3,0,2016/AUDI/Q3/2016 Audi Q3 SUV FWD.png
10089,2016,AUDI,Q5,2016 Audi Q5 SUV AWD,,4,4,4,5,5,5,5,5,5,5,4,Not Rated,0.151,0,No Tip,5,Standard,Optional,No,77,5,0,2016/AUDI/Q5/2016 Audi Q5 SUV AWD.png
10090,2016,AUDI,Q5 HEV,2016 Audi Q5 HEV SUV AWD,,4,4,4,5,5,5,5,5,5,5,4,Not Rated,0.151,0,No Tip,5,Standard,No,No,0,0,1,2016/AUDI/Q5 HEV/2016 Audi Q5 HEV SUV AWD.png
10344,2016,AUDI,RS7,2016 Audi RS7 4 DR AWD,,Not Rated,Not Rated,Not Rated,Not Rated,Not Rated,Not Rated,Not Rated,Not Rated,Not Rated,Not Rated,Not Rated,Not Rated,0,0, ,Not Rated,Standard,Optional,No,6,3,2,2016/AUDI/RS7/2016 Audi RS7 4 DR AWD.png
10087,2016,AUDI,S3,2016 Audi S3 4 DR AWD,,5,4,4,5,5,5,5,5,5,5,4,Not Rated,0.109,0,No Tip,5,Standard,Optional,Optional,14,3,1,2016/AUDI/S3/2016 Audi S3 4 DR AWD.png
10088,2016,AUDI,S4,2016 Audi S4 4 DR AWD,,5,5,5,5,5,4,5,4,5,5,5,Not Rated,0.099,0,No Tip,5,Standard,Optional,No,0,0,0,2016/AUDI/S4/2016 Audi S4 4 DR AWD.png
10345,2016,AUDI,S5,2016 Audi S5 C AWD,,Not Rated,Not Rated,Not Rated,Not Rated,Not Rated,Not Rated,Not Rated,Not Rated,Not Rated,Not Rated,Not Rated,Not Rated,0,0, ,Not Rated,Standard,Optional,No,1,0,0,2016/AUDI/S5/2016 Audi S5 C AWD.png
10346,2016,AUDI,S5,2016 Audi S5 2 DR AWD,,Not Rated,Not Rated,Not Rated,Not Rated,Not Rated,Not Rated,Not Rated,Not Rated,Not Rated,Not Rated,Not Rated,Not Rated,0,0, ,Not Rated,Standard,Optional,No,1,0,0,2016/AUDI/S5/2016 Audi S5 2 DR AWD.png
10008,2016,AUDI,S6,2016 Audi S6 4 DR AWD,,5,5,5,5,5,5,5,5,5,5,5,Not Rated,0.09,0,No Tip,5,Standard,Optional,No,19,2,2,2016/AUDI/S6/2016 Audi S6 4 DR AWD.png
10347,2016,AUDI,S7,2016 Audi S7 4 DR AWD,,Not Rated,Not Rated,Not Rated,Not Rated,Not Rated,Not Rated,Not Rated,Not Rated,Not Rated,Not Rated,Not Rated,Not Rated,0,0, ,Not Rated,Standard,Optional,No,15,2,2,2016/AUDI/S7/2016 Audi S7 4 DR AWD.png
10348,2016,AUDI,S8,2016 Audi S8 4 DR AWD,,Not Rated,Not Rated,Not Rated,Not Rated,Not Rated,Not Rated,Not Rated,Not Rated,Not Rated,Not Rated,Not Rated,Not Rated,0,0, ,Not Rated,Standard,Optional,No,6,3,2,2016/AUDI/S8/2016 Audi S8 4 DR AWD.png
10091,2016,AUDI,SQ5,2016 Audi SQ5 SUV AWD,,4,4,4,5,5,5,5,5,5,5,4,Not Rated,0.151,0,No Tip,5,Standard,Optional,No,6,0,0,2016/AUDI/SQ5/2016 Audi SQ5 SUV AWD.png
10349,2016,AUDI,TT,2016 Audi TT C AWD,,Not Rated,Not Rated,Not Rated,Not Rated,Not Rated,Not Rated,Not Rated,Not Rated,Not Rated,Not Rated,Not Rated,Not Rated,0,0, ,Not Rated,Standard,No,No,2,2,0,2016/AUDI/TT/2016 Audi TT C AWD.png
10350,2016,AUDI,TT,2016 Audi TT 2 DR AWD,,Not Rated,Not Rated,Not Rated,Not Rated,Not Rated,Not Rated,Not Rated,Not Rated,Not Rated,Not Rated,Not Rated,Not Rated,0,0, ,Not Rated,Standard,No,No,0,0,0,2016/AUDI/TT/2016 Audi TT 2 DR AWD.png
10351,2016,AUDI,TTS,2016 Audi TTS 2 DR AWD,,Not Rated,Not Rated,Not Rated,Not Rated,Not Rated,Not Rated,Not Rated,Not Rated,Not Rated,Not Rated,Not Rated,Not Rated,0,0, ,Not Rated,Standard,No,Optional,0,0,0,2016/AUDI/TTS/2016 Audi TTS 2 DR AWD.png
10352,2016,BENTLEY,CONTINENTAL GT,2016 Bentley Continental GT C AWD,,Not Rated,Not Rated,Not Rated,Not Rated,Not Rated,Not Rated,Not Rated,Not Rated,Not Rated,Not Rated,Not Rated,Not Rated,0,0, ,Not Rated,Standard,No,No,0,0,0,2016/BENTLEY/CONTINENTAL GT/2016 Bentley Continental GT C AWD.png
10353,2016,BENTLEY,CONTINENTAL GT,2016 Bentley Continental GT 2 DR AWD,,Not Rated,Not Rated,Not Rated,Not Rated,Not Rated,Not Rated,Not Rated,Not Rated,Not Rated,Not Rated,Not Rated,Not Rated,0,0, ,Not Rated,Standard,No,No,0,0,0,2016/BENTLEY/CONTINENTAL GT/2016 Bentley Continental GT 2 DR AWD.png
10354,2016,BENTLEY,CONTINENTAL GT SPEED,2016 Bentley Continental GT Speed 2 DR AWD,,Not Rated,Not Rated,Not Rated,Not Rated,Not Rated,Not Rated,Not Rated,Not Rated,Not Rated,Not Rated,Not Rated,Not Rated,0,0, ,Not Rated,Standard,No,No,0,0,0,2016/BENTLEY/CONTINENTAL GT SPEED/2016 Bentley Continental GT Speed 2 DR AWD.png
10355,2016,BENTLEY,CONTINENTAL GT SPEED,2016 Bentley Continental GT Speed C AWD,,Not Rated,Not Rated,Not Rated,Not Rated,Not Rated,Not Rated,Not Rated,Not Rated,Not Rated,Not Rated,Not Rated,Not Rated,0,0, ,Not Rated,Standard,No,No,0,0,0,2016/BENTLEY/CONTINENTAL GT SPEED/2016 Bentley Continental GT Speed C AWD.png
10356,2016,BENTLEY,CONTINENTAL GT V8,2016 Bentley Continental GT V8 C AWD,,Not Rated,Not Rated,Not Rated,Not Rated,Not Rated,Not Rated,Not Rated,Not Rated,Not Rated,Not Rated,Not Rated,Not Rated,0,0, ,Not Rated,Standard,No,No,0,0,0,2016/BENTLEY/CONTINENTAL GT V8/2016 Bentley Continental GT V8 C AWD.png
10357,2016,BENTLEY,CONTINENTAL GT V8,2016 Bentley Continental GT V8 2 DR AWD,,Not Rated,Not Rated,Not Rated,Not Rated,Not Rated,Not Rated,Not Rated,Not Rated,Not Rated,Not Rated,Not Rated,Not Rated,0,0, ,Not Rated,Standard,No,No,0,0,0,2016/BENTLEY/CONTINENTAL GT V8/2016 Bentley Continental GT V8 2 DR AWD.png
10358,2016,BENTLEY,CONTINENTAL GT V8 S,2016 Bentley Continental GT V8 S 2 DR AWD,,Not Rated,Not Rated,Not Rated,Not Rated,Not Rated,Not Rated,Not Rated,Not Rated,Not Rated,Not Rated,Not Rated,Not Rated,0,0, ,Not Rated,Standard,No,No,0,0,0,2016/BENTLEY/CONTINENTAL GT V8 S/2016 Bentley Continental GT V8 S 2 DR AWD.png
10359,2016,BENTLEY,CONTINENTAL GT V8 S,2016 Bentley Continental GT V8 S C AWD,,Not Rated,Not Rated,Not Rated,Not Rated,Not Rated,Not Rated,Not Rated,Not Rated,Not Rated,Not Rated,Not Rated,Not Rated,0,0, ,Not Rated,Standard,No,No,0,0,0,2016/BENTLEY/CONTINENTAL GT V8 S/2016 Bentley Continental GT V8 S C AWD.png
10360,2016,BENTLEY,FLYING SPUR V8,2016 Bentley Flying Spur V8 4 DR AWD,,Not Rated,Not Rated,Not Rated,Not Rated,Not Rated,Not Rated,Not Rated,Not Rated,Not Rated,Not Rated,Not Rated,Not Rated,0,0, ,Not Rated,Standard,No,No,0,0,0,2016/BENTLEY/FLYING SPUR V8/2016 Bentley Flying Spur V8 4 DR AWD.png
10361,2016,BENTLEY,FLYING SPUR W12,2016 Bentley Flying Spur W12 4 DR AWD,,Not Rated,Not Rated,Not Rated,Not Rated,Not Rated,Not Rated,Not Rated,Not Rated,Not Rated,Not Rated,Not Rated,Not Rated,0,0, ,Not Rated,Standard,No,No,0,0,0,2016/BENTLEY/FLYING SPUR W12/2016 Bentley Flying Spur W12 4 DR AWD.png
10362,2016,BENTLEY,MULSANNE,2016 Bentley Mulsanne 4 DR RWD,,Not Rated,Not Rated,Not Rated,Not Rated,Not Rated,Not Rated,Not Rated,Not Rated,Not Rated,Not Rated,Not Rated,Not Rated,0,0, ,Not Rated,Standard,No,No,0,1,0,2016/BENTLEY/MULSANNE/2016 Bentley Mulsanne 4 DR RWD.png
10363,2016,BENTLEY,MULSANNE SPEED,2016 Bentley Mulsanne Speed 4 DR RWD,,Not Rated,Not Rated,Not Rated,Not Rated,Not Rated,Not Rated,Not Rated,Not Rated,Not Rated,Not Rated,Not Rated,Not Rated,0,0, ,Not Rated,Standard,No,No,0,1,0,2016/BENTLEY/MULSANNE SPEED/2016 Bentley Mulsanne Speed 4 DR RWD.png
10441,2016,BMW,2 SERIES,2016 BMW 2 Series 2 DR RWD,,Not Rated,Not Rated,Not Rated,Not Rated,Not Rated,Not Rated,Not Rated,Not Rated,Not Rated,Not Rated,Not Rated,Not Rated,0,0, ,Not Rated,Standard,No,No,18,1,1,2016/BMW/2 SERIES/2016 BMW 2 Series 2 DR RWD.png
10443,2016,BMW,2 SERIES,2016 BMW 2 Series 2 DR AWD,,Not Rated,Not Rated,Not Rated,Not Rated,Not Rated,Not Rated,Not Rated,Not Rated,Not Rated,Not Rated,Not Rated,Not Rated,0,0, ,Not Rated,Standard,No,No,18,1,1,2016/BMW/2 SERIES/2016 BMW 2 Series 2 DR AWD.png
10444,2016,BMW,2 SERIES,2016 BMW 2 Series C AWD,,Not Rated,Not Rated,Not Rated,Not Rated,Not Rated,Not Rated,Not Rated,Not Rated,Not Rated,Not Rated,Not Rated,Not Rated,0,0, ,Not Rated,Standard,No,No,18,1,1,2016/BMW/2 SERIES/2016 BMW 2 Series C AWD.png
10499,2016,BMW,2 SERIES,2016 BMW 2 Series C RWD,,Not Rated,Not Rated,Not Rated,Not Rated,Not Rated,Not Rated,Not Rated,Not Rated,Not Rated,Not Rated,Not Rated,Not Rated,0,0, ,Not Rated,Standard,No,No,18,1,1,2016/BMW/2 SERIES/2016 BMW 2 Series C RWD.png
10447,2016,BMW,3 SERIES,2016 BMW 3 Series 4 DR RWD,,5,4,4,5,5,5,5,5,5,5,5,Not Rated,0.095,0,No Tip,5,Standard,No,No,93,5,3,2016/BMW/3 SERIES/2016 BMW 3 Series 4 DR RWD.png
10448,2016,BMW,3 SERIES,2016 BMW 3 Series 4 DR AWD,,5,4,4,5,5,5,5,5,5,5,5,Not Rated,0.095,0,No Tip,5,Standard,No,No,93,5,3,2016/BMW/3 SERIES/2016 BMW 3 Series 4 DR AWD.png
10452,2016,BMW,3 SERIES,2016 BMW 3 Series SW AWD,,5,4,4,5,5,5,5,5,5,5,5,Not Rated,0.095,0,No Tip,5,Standard,No,No,93,5,3,2016/BMW/3 SERIES/2016 BMW 3 Series SW AWD.png
10453,2016,BMW,3 SERIES GT,2016 BMW 3 Series GT 5 HB AWD,,5,4,4,5,5,5,5,5,5,5,5,Not Rated,0.095,0,No Tip,5,Standard,No,No,93,5,3,2016/BMW/3 SERIES GT/2016 BMW 3 Series GT 5 HB AWD.png
10921,2016,BMW,3 SERIES PHEV,2016 BMW 3 Series PHEV 4 DR RWD,,Not Rated,Not Rated,Not Rated,Not Rated,Not Rated,Not Rated,Not Rated,Not Rated,Not Rated,Not Rated,Not Rated,Not Rated,0,0, ,Not Rated,Standard,No,No,93,5,3,2016/BMW/3 SERIES PHEV/2016 BMW 3 Series PHEV 4 DR RWD.png
10458,2016,BMW,4 SERIES,2016 BMW 4 Series 2 DR RWD,,Not Rated,Not Rated,Not Rated,Not Rated,Not Rated,Not Rated,Not Rated,Not Rated,Not Rated,Not Rated,Not Rated,Not Rated,0,0, ,Not Rated,Standard,No,No,49,1,1,2016/BMW/4 SERIES/2016 BMW 4 Series 2 DR RWD.png
10459,2016,BMW,4 SERIES,2016 BMW 4 Series 4 DR RWD,,Not Rated,Not Rated,Not Rated,Not Rated,Not Rated,Not Rated,Not Rated,Not Rated,Not Rated,Not Rated,Not Rated,Not Rated,0,0, ,Not Rated,Standard,No,No,49,1,1,2016/BMW/4 SERIES/2016 BMW 4 Series 4 DR RWD.png
10460,2016,BMW,4 SERIES,2016 BMW 4 Series C RWD,,Not Rated,Not Rated,Not Rated,Not Rated,Not Rated,Not Rated,Not Rated,Not Rated,Not Rated,Not Rated,Not Rated,Not Rated,0,0, ,Not Rated,Standard,No,No,49,1,1,2016/BMW/4 SERIES/2016 BMW 4 Series C RWD.png
10461,2016,BMW,4 SERIES,2016 BMW 4 Series 2 DR AWD,,Not Rated,Not Rated,Not Rated,Not Rated,Not Rated,Not Rated,Not Rated,Not Rated,Not Rated,Not Rated,Not Rated,Not Rated,0,0, ,Not Rated,Standard,No,No,49,1,1,2016/BMW/4 SERIES/2016 BMW 4 Series 2 DR AWD.png
10462,2016,BMW,4 SERIES,2016 BMW 4 Series 4 DR AWD,,Not Rated,Not Rated,Not Rated,Not Rated,Not Rated,Not Rated,Not Rated,Not Rated,Not Rated,Not Rated,Not Rated,Not Rated,0,0, ,Not Rated,Standard,No,No,49,1,1,2016/BMW/4 SERIES/2016 BMW 4 Series 4 DR AWD.png
10463,2016,BMW,4 SERIES,2016 BMW 4 Series C AWD,,Not Rated,Not Rated,Not Rated,Not Rated,Not Rated,Not Rated,Not Rated,Not Rated,Not Rated,Not Rated,Not Rated,Not Rated,0,0, ,Not Rated,Standard,No,No,49,1,1,2016/BMW/4 SERIES/2016 BMW 4 Series C AWD.png
10476,2016,BMW,5 SERIES,2016 BMW 5 Series  4 DR AWD,,5,4,4,4,5,5,5,5,5,5,5,Not Rated,0.093,0,No Tip,5,Standard,No,No,83,7,2,2016/BMW/5 SERIES/2016 BMW 5 Series  4 DR AWD.png
10478,2016,BMW,5 SERIES,2016 BMW 5 Series 4 DR RWD,,5,4,4,4,5,5,5,5,5,5,5,Not Rated,0.093,0,No Tip,5,Standard,No,No,83,7,2,2016/BMW/5 SERIES/2016 BMW 5 Series 4 DR RWD.png
10475,2016,BMW,5 SERIES GT,2016 BMW 5 Series GT 5 HB RWD,,5,4,4,4,5,5,5,5,5,5,5,Not Rated,0.093,0,No Tip,5,Standard,No,No,83,7,2,2016/BMW/5 SERIES GT/2016 BMW 5 Series GT 5 HB RWD.png
10477,2016,BMW,5 SERIES GT,2016 BMW 5 Series GT 5 HB AWD,,5,4,4,4,5,5,5,5,5,5,5,Not Rated,0.093,0,No Tip,5,Standard,No,No,83,7,2,2016/BMW/5 SERIES GT/2016 BMW 5 Series GT 5 HB AWD.png
10493,2016,BMW,5 SERIES PHEV,2016 BMW 5 Series PHEV 4 DR RWD,,5,4,4,4,5,5,5,5,5,5,5,Not Rated,0.093,0,No Tip,5,Standard,No,No,83,7,3,2016/BMW/5 SERIES PHEV/2016 BMW 5 Series PHEV 4 DR RWD.png
10481,2016,BMW,6 SERIES,2016 BMW 6 Series 2 DR RWD,,Not Rated,Not Rated,Not Rated,Not Rated,Not Rated,Not Rated,Not Rated,Not Rated,Not Rated,Not Rated,Not Rated,Not Rated,0,0, ,Not Rated,Standard,No,No,1,0,0,2016/BMW/6 SERIES/2016 BMW 6 Series 2 DR RWD.png
10482,2016,BMW,6 SERIES,2016 BMW 6 Series 4 DR RWD,,Not Rated,Not Rated,Not Rated,Not Rated,Not Rated,Not Rated,Not Rated,Not Rated,Not Rated,Not Rated,Not Rated,Not Rated,0,0, ,Not Rated,Standard,No,No,1,0,0,2016/BMW/6 SERIES/2016 BMW 6 Series 4 DR RWD.png
10483,2016,BMW,6 SERIES,2016 BMW 6 Series C RWD,,Not Rated,Not Rated,Not Rated,Not Rated,Not Rated,Not Rated,Not Rated,Not Rated,Not Rated,Not Rated,Not Rated,Not Rated,0,0, ,Not Rated,Standard,No,No,1,0,0,2016/BMW/6 SERIES/2016 BMW 6 Series C RWD.png
10484,2016,BMW,6 SERIES,2016 BMW 6 Series 2 DR AWD,,Not Rated,Not Rated,Not Rated,Not Rated,Not Rated,Not Rated,Not Rated,Not Rated,Not Rated,Not Rated,Not Rated,Not Rated,0,0, ,Not Rated,Standard,No,No,1,0,0,2016/BMW/6 SERIES/2016 BMW 6 Series 2 DR AWD.png
10485,2016,BMW,6 SERIES,2016 BMW 6 Series 4 DR AWD,,Not Rated,Not Rated,Not Rated,Not Rated,Not Rated,Not Rated,Not Rated,Not Rated,Not Rated,Not Rated,Not Rated,Not Rated,0,0, ,Not Rated,Standard,No,No,1,0,0,2016/BMW/6 SERIES/2016 BMW 6 Series 4 DR AWD.png
10492,2016,BMW,6 SERIES,2016 BMW 6 Series C AWD,,Not Rated,Not Rated,Not Rated,Not Rated,Not Rated,Not Rated,Not Rated,Not Rated,Not Rated,Not Rated,Not Rated,Not Rated,0,0, ,Not Rated,Standard,No,No,1,0,0,2016/BMW/6 SERIES/2016 BMW 6 Series C AWD.png
10494,2016,BMW,ALPINA B6,2016 BMW Alpina B6 4 DR AWD,,Not Rated,Not Rated,Not Rated,Not Rated,Not Rated,Not Rated,Not Rated,Not Rated,Not Rated,Not Rated,Not Rated,Not Rated,0,0, ,Not Rated,Standard,No,No,0,0,0,2016/BMW/ALPINA B6/2016 BMW Alpina B6 4 DR AWD.png
10495,2016,BMW,I3,2016 BMW I3 5 HB RWD,,Not Rated,Not Rated,Not Rated,Not Rated,Not Rated,Not Rated,Not Rated,Not Rated,Not Rated,Not Rated,Not Rated,Not Rated,0,0, ,Not Rated,Standard,No,No,33,2,1,2016/BMW/I3/2016 BMW I3 5 HB RWD.png
10496,2016,BMW,I8,2016 BMW I8 2 DR AWD,,Not Rated,Not Rated,Not Rated,Not Rated,Not Rated,Not Rated,Not Rated,Not Rated,Not Rated,Not Rated,Not Rated,Not Rated,0,0, ,Not Rated,Standard,No,No,3,0,2,2016/BMW/I8/2016 BMW I8 2 DR AWD.png
10501,2016,BMW,M3,2016 BMW M3 4 DR RWD,,Not Rated,Not Rated,Not Rated,Not Rated,Not Rated,Not Rated,Not Rated,Not Rated,Not Rated,Not Rated,Not Rated,Not Rated,0,0, ,Not Rated,Standard,No,No,5,3,0,2016/BMW/M3/2016 BMW M3 4 DR RWD.png
10502,2016,BMW,M4,2016 BMW M4 2 DR RWD,,Not Rated,Not Rated,Not Rated,Not Rated,Not Rated,Not Rated,Not Rated,Not Rated,Not Rated,Not Rated,Not Rated,Not Rated,0,0, ,Not Rated,Standard,No,No,21,3,0,2016/BMW/M4/2016 BMW M4 2 DR RWD.png
10503,2016,BMW,M4,2016 BMW M4 C RWD,,Not Rated,Not Rated,Not Rated,Not Rated,Not Rated,Not Rated,Not Rated,Not Rated,Not Rated,Not Rated,Not Rated,Not Rated,0,0, ,Not Rated,Standard,No,No,21,3,0,2016/BMW/M4/2016 BMW M4 C RWD.png
10504,2016,BMW,M5,2016 BMW M5 4 DR RWD,,Not Rated,Not Rated,Not Rated,Not Rated,Not Rated,Not Rated,Not Rated,Not Rated,Not Rated,Not Rated,Not Rated,Not Rated,0,0, ,Not Rated,Standard,No,No,1,2,0,2016/BMW/M5/2016 BMW M5 4 DR RWD.png
10505,2016,BMW,M6,2016 BMW M6 2 DR RWD,,Not Rated,Not Rated,Not Rated,Not Rated,Not Rated,Not Rated,Not Rated,Not Rated,Not Rated,Not Rated,Not Rated,Not Rated,0,0, ,Not Rated,Standard,No,No,4,1,0,2016/BMW/M6/2016 BMW M6 2 DR RWD.png
10506,2016,BMW,M6,2016 BMW M6 4 DR RWD,,Not Rated,Not Rated,Not Rated,Not Rated,Not Rated,Not Rated,Not Rated,Not Rated,Not Rated,Not Rated,Not Rated,Not Rated,0,0, ,Not Rated,Standard,No,No,4,1,0,2016/BMW/M6/2016 BMW M6 4 DR RWD.png
10507,2016,BMW,M6,2016 BMW M6 C RWD,,Not Rated,Not Rated,Not Rated,Not Rated,Not Rated,Not Rated,Not Rated,Not Rated,Not Rated,Not Rated,Not Rated,Not Rated,0,0, ,Not Rated,Standard,No,No,4,1,0,2016/BMW/M6/2016 BMW M6 C RWD.png
10508,2016,BMW,X3,2016 BMW X3 SUV RWD,,5,5,5,4,5,5,5,5,5,5,4,Not Rated,0.169,0,No Tip,5,Standard,No,No,82,5,2,2016/BMW/X3/2016 BMW X3 SUV RWD.png
10509,2016,BMW,X3,2016 BMW X3 SUV AWD,,5,5,5,4,5,5,5,5,5,5,4,Not Rated,0.169,0,No Tip,5,Standard,No,No,82,5,2,2016/BMW/X3/2016 BMW X3 SUV AWD.png
10512,2016,BMW,X4,2016 BMW X4 SUV AWD,,Not Rated,Not Rated,Not Rated,Not Rated,Not Rated,Not Rated,Not Rated,Not Rated,Not Rated,Not Rated,Not Rated,Not Rated,0,0, ,Not Rated,Standard,No,No,10,2,1,2016/BMW/X4/2016 BMW X4 SUV AWD.png
10515,2016,BMW,X5,2016 BMW X5 SUV RWD,,5,5,5,5,5,5,5,5,5,5,4,Not Rated,0.188,0,No Tip,5,Standard,No,No,70,5,3,2016/BMW/X5/2016 BMW X5 SUV RWD.png
10516,2016,BMW,X5,2016 BMW X5 SUV AWD,,5,5,5,5,5,5,5,5,5,5,4,Not Rated,0.188,0,No Tip,5,Standard,No,No,70,5,3,2016/BMW/X5/2016 BMW X5 SUV AWD.png
10521,2016,BMW,X6,2016 BMW X6 SUV RWD,,Not Rated,Not Rated,Not Rated,Not Rated,Not Rated,Not Rated,Not Rated,Not Rated,Not Rated,Not Rated,Not Rated,Not Rated,0,0, ,Not Rated,Standard,No,No,9,1,1,2016/BMW/X6/2016 BMW X6 SUV RWD.png
10522,2016,BMW,X6,2016 BMW X6 SUV AWD,,Not Rated,Not Rated,Not Rated,Not Rated,Not Rated,Not Rated,Not Rated,Not Rated,Not Rated,Not Rated,Not Rated,Not Rated,0,0, ,Not Rated,Standard,No,No,9,1,1,2016/BMW/X6/2016 BMW X6 SUV AWD.png
10524,2016,BMW,Z4,2016 BMW Z4 C RWD,,Not Rated,Not Rated,Not Rated,Not Rated,Not Rated,Not Rated,Not Rated,Not Rated,Not Rated,Not Rated,Not Rated,Not Rated,0,0, ,Not Rated,Standard,No,No,4,1,0,2016/BMW/Z4/2016 BMW Z4 C RWD.png
10365,2016,BUICK,CASCADA,2016 Buick Cascada C FWD,,5,4,4,4,5,5,5,5,5,5,4,Not Rated,0.111,0,No Tip,5,Standard,Optional,No,21,1,1,2016/BUICK/CASCADA/2016 Buick Cascada C FWD.png
10039,2016,BUICK,ENCLAVE,2016 Buick Enclave SUV FWD,,5,5,5,5,5,5,5,5,5,5,4,Not Rated,0.169,0,No Tip,5,Standard,Optional,Optional,140,4,0,2016/BUICK/ENCLAVE/2016 Buick Enclave SUV FWD.png
10040,2016,BUICK,ENCLAVE,2016 Buick Enclave SUV AWD,,5,5,5,5,5,5,5,5,5,5,4,Not Rated,0.155,0,No Tip,5,Standard,Optional,Optional,140,4,0,2016/BUICK/ENCLAVE/2016 Buick Enclave SUV AWD.png
10265,2016,BUICK,ENCORE,2016 Buick Encore SUV AWD,,5,5,5,5,5,5,5,5,5,5,4,Not Rated,0.179,0,No Tip,5,Standard,Optional,Optional,79,2,0,2016/BUICK/ENCORE/2016 Buick Encore SUV AWD.png
10266,2016,BUICK,ENCORE,2016 Buick Encore SUV FWD,,5,5,5,5,5,5,5,5,5,5,4,Not Rated,0.198,0,No Tip,5,Standard,Optional,Optional,79,2,0,2016/BUICK/ENCORE/2016 Buick Encore SUV FWD.png
10540,2016,BUICK,ENVISION,2016 Buick Envision SUV AWD,,5,4,4,4,5,5,5,5,5,5,4,Not Rated,0.159,0,No Tip,5,Standard,Standard,Standard,19,5,0,2016/BUICK/ENVISION/2016 Buick Envision SUV AWD.png
10261,2016,BUICK,LACROSSE,2016 Buick Lacrosse 4 DR FWD,,5,5,5,5,5,5,5,5,5,5,4,Not Rated,0.118,0,No Tip,4,Standard,Optional,Optional,46,2,0,2016/BUICK/LACROSSE/2016 Buick Lacrosse 4 DR FWD.png
10262,2016,BUICK,LACROSSE,2016 Buick Lacrosse 4 DR AWD,,5,5,5,5,5,5,5,5,5,5,4,Not Rated,0.118,0,No Tip,4,Standard,Optional,Optional,46,2,0,2016/BUICK/LACROSSE/2016 Buick Lacrosse 4 DR AWD.png
10263,2016,BUICK,LACROSSE EASSIST,2016 Buick Lacrosse eAssist 4 DR FWD,,5,5,5,5,5,5,5,5,5,5,4,Not Rated,0.118,0,No Tip,4,Standard,Optional,Optional,41,2,0,2016/BUICK/LACROSSE EASSIST/2016 Buick Lacrosse eAssist 4 DR FWD.png
10264,2016,BUICK,LACROSSE EASSIST,2016 Buick Lacrosse eAssist 4 DR AWD,,5,5,5,5,5,5,5,5,5,5,4,Not Rated,0.118,0,No Tip,4,Standard,Optional,Optional,41,2,0,2016/BUICK/LACROSSE EASSIST/2016 Buick Lacrosse eAssist 4 DR AWD.png
10259,2016,BUICK,REGAL,2016 Buick Regal 4 DR FWD,,5,4,5,4,5,5,5,5,5,5,4,Not Rated,0.109,0,No Tip,5,Standard,Optional,Optional,41,1,0,2016/BUICK/REGAL/2016 Buick Regal 4 DR FWD.png
10321,2016,BUICK,REGAL,2016 Buick Regal 4 DR AWD,,5,4,5,4,5,5,5,5,5,5,4,Not Rated,0.109,0,No Tip,5,Standard,Optional,Optional,41,1,0,2016/BUICK/REGAL/2016 Buick Regal 4 DR AWD.png
10260,2016,BUICK,REGAL EASSIST,2016 Buick Regal eAssist 4 DR FWD,,5,4,5,4,5,5,5,5,5,5,4,Not Rated,0.109,0,No Tip,5,Standard,No,No,41,1,0,2016/BUICK/REGAL EASSIST/2016 Buick Regal eAssist 4 DR FWD.png
10258,2016,BUICK,VERANO,2016 Buick Verano 4 DR FWD,,5,5,5,5,5,5,5,5,5,5,4,Not Rated,0.113,0,No Tip,5,Standard,Optional,Optional,59,2,0,2016/BUICK/VERANO/2016 Buick Verano 4 DR FWD.png
10041,2016,CADILLAC,ATS,2016 Cadillac ATS 4 DR RWD,,5,5,5,5,5,5,5,5,5,5,5,Not Rated,0.101,0,No Tip,5,Standard,Optional,Optional,35,3,0,2016/CADILLAC/ATS/2016 Cadillac ATS 4 DR RWD.png
10042,2016,CADILLAC,ATS,2016 Cadillac ATS 4 DR AWD,,5,5,5,5,5,5,5,5,5,5,5,Not Rated,0.101,0,No Tip,5,Standard,Optional,Optional,35,3,0,2016/CADILLAC/ATS/2016 Cadillac ATS 4 DR AWD.png
10367,2016,CADILLAC,ATS,2016 Cadillac ATS 2DR RWD,,Not Rated,Not Rated,Not Rated,Not Rated,Not Rated,Not Rated,Not Rated,Not Rated,Not Rated,Not Rated,Not Rated,Not Rated,0,0, ,Not Rated,Standard,Optional,Optional,35,3,0,2016/CADILLAC/ATS/2016 Cadillac ATS 2DR RWD.png
10368,2016,CADILLAC,ATS,2016 Cadillac ATS 2DR AWD,,Not Rated,Not Rated,Not Rated,Not Rated,Not Rated,Not Rated,Not Rated,Not Rated,Not Rated,Not Rated,Not Rated,Not Rated,0,0, ,Not Rated,Standard,Optional,Optional,35,3,0,2016/CADILLAC/ATS/2016 Cadillac ATS 2DR AWD.png
10369,2016,CADILLAC,ATS V-SERIES,2016 Cadillac ATS V-Series 2DR RWD,,Not Rated,Not Rated,Not Rated,Not Rated,Not Rated,Not Rated,Not Rated,Not Rated,Not Rated,Not Rated,Not Rated,Not Rated,0,0, ,Not Rated,Standard,Optional,Optional,31,2,0,2016/CADILLAC/ATS V-SERIES/2016 Cadillac ATS V-Series 2DR RWD.png
10289,2016,CADILLAC,ATS-V,2016 Cadillac ATS-V 4 DR RWD,,Not Rated,Not Rated,Not Rated,Not Rated,5,5,5,5,5,5,5,Not Rated,0.101,0,No Tip,5,Standard,Optional,Optional,31,2,0,2016/CADILLAC/ATS-V/2016 Cadillac ATS-V 4 DR RWD.png
10370,2016,CADILLAC,CT6,2016 Cadillac CT6 4DR FWD,,Not Rated,Not Rated,Not Rated,Not Rated,Not Rated,Not Rated,Not Rated,Not Rated,Not Rated,Not Rated,Not Rated,Not Rated,0,0, ,Not Rated,Standard,Optional,No,11,3,0,2016/CADILLAC/CT6/2016 Cadillac CT6 4DR FWD.png
10371,2016,CADILLAC,CT6,2016 Cadillac CT6 4DR AWD,,Not Rated,Not Rated,Not Rated,Not Rated,Not Rated,Not Rated,Not Rated,Not Rated,Not Rated,Not Rated,Not Rated,Not Rated,0,0, ,Not Rated,Standard,Optional,No,11,3,0,2016/CADILLAC/CT6/2016 Cadillac CT6 4DR AWD.png
10291,2016,CADILLAC,CTS,2016 Cadillac CTS 4 DR RWD,,5,5,5,4,5,5,5,5,5,5,5,Not Rated,0.101,0,No Tip,5,Standard,Optional,Optional,31,4,0,2016/CADILLAC/CTS/2016 Cadillac CTS 4 DR RWD.png
10292,2016,CADILLAC,CTS,2016 Cadillac CTS 4 DR AWD,,5,5,5,4,5,5,5,5,5,5,5,Not Rated,0.101,0,No Tip,5,Standard,Optional,Optional,31,4,0,2016/CADILLAC/CTS/2016 Cadillac CTS 4 DR AWD.png
10293,2016,CADILLAC,CTS-V,2016 Cadillac CTS-V 4 DR RWD,,Not Rated,Not Rated,Not Rated,Not Rated,5,5,5,5,5,5,5,Not Rated,0.101,0,No Tip,5,Standard,Optional,Optional,30,3,0,2016/CADILLAC/CTS-V/2016 Cadillac CTS-V 4 DR RWD.png
10366,2016,CADILLAC,ELR,2016 Cadillac ELR 2 DR FWD,,Not Rated,Not Rated,Not Rated,Not Rated,Not Rated,Not Rated,Not Rated,Not Rated,Not Rated,Not Rated,Not Rated,Not Rated,0,0, ,Not Rated,Standard,Standard,Standard,4,0,0,2016/CADILLAC/ELR/2016 Cadillac ELR 2 DR FWD.png
10296,2016,CADILLAC,ESCALADE,2016 Cadillac Escalade SUV RWD,,Not Rated,Not Rated,Not Rated,Not Rated,5,5,5,5,5,5,3,Not Rated,0.229,0,No Tip,5,Standard,Optional,Optional,103,4,1,2016/CADILLAC/ESCALADE/2016 Cadillac Escalade SUV RWD.png
10297,2016,CADILLAC,ESCALADE,2016 Cadillac Escalade SUV AWD,,Not Rated,Not Rated,Not Rated,Not Rated,5,5,5,5,5,5,3,Not Rated,0.222,0,No Tip,5,Standard,Optional,Optional,103,4,1,2016/CADILLAC/ESCALADE/2016 Cadillac Escalade SUV AWD.png
10298,2016,CADILLAC,ESCALADE ESV,2016 Cadillac Escalade ESV SUV AWD,,Not Rated,Not Rated,Not Rated,Not Rated,5,5,5,5,5,5,3,Not Rated,0.212,0,No Tip,4,Standard,Optional,Optional,103,4,1,2016/CADILLAC/ESCALADE ESV/2016 Cadillac Escalade ESV SUV AWD.png
10299,2016,CADILLAC,ESCALADE ESV,2016 Cadillac Escalade ESV SUV RWD,,Not Rated,Not Rated,Not Rated,Not Rated,5,5,5,5,5,5,3,Not Rated,0.203,0,No Tip,4,Standard,Optional,Optional,103,4,1,2016/CADILLAC/ESCALADE ESV/2016 Cadillac Escalade ESV SUV RWD.png
10043,2016,CADILLAC,SRX,2016 Cadillac SRX SUV FWD,,5,4,5,4,5,5,5,5,5,5,4,Not Rated,0.164,0,No Tip,4,Standard,Optional,Optional,168,2,0,2016/CADILLAC/SRX/2016 Cadillac SRX SUV FWD.png
10044,2016,CADILLAC,SRX,2016 Cadillac SRX SUV AWD,,5,4,5,4,5,5,5,5,5,5,4,Not Rated,0.179,0,No Tip,4,Standard,Optional,Optional,168,2,0,2016/CADILLAC/SRX/2016 Cadillac SRX SUV AWD.png
10294,2016,CADILLAC,XTS,2016 Cadillac XTS 4 DR FWD,,5,5,5,5,5,5,5,5,5,5,4,Not Rated,0.118,0,No Tip,5,Standard,Optional,Optional,22,0,0,2016/CADILLAC/XTS/2016 Cadillac XTS 4 DR FWD.png
10295,2016,CADILLAC,XTS,2016 Cadillac XTS 4 DR AWD,,5,5,5,5,5,5,5,5,5,5,4,Not Rated,0.118,0,No Tip,5,Standard,Optional,Optional,22,0,0,2016/CADILLAC/XTS/2016 Cadillac XTS 4 DR AWD.png
10372,2016,CHEVROLET,CAMARO,2016 Chevrolet Camaro 2 DR RWD,,Not Rated,Not Rated,Not Rated,Not Rated,Not Rated,Not Rated,Not Rated,Not Rated,Not Rated,Not Rated,Not Rated,Not Rated,0,0, ,Not Rated,Standard,No,No,138,1,0,2016/CHEVROLET/CAMARO/2016 Chevrolet Camaro 2 DR RWD.png
10373,2016,CHEVROLET,CAMARO,2016 Chevrolet Camaro C RWD,,Not Rated,Not Rated,Not Rated,Not Rated,Not Rated,Not Rated,Not Rated,Not Rated,Not Rated,Not Rated,Not Rated,Not Rated,0,0, ,Not Rated,Standard,No,No,138,1,0,2016/CHEVROLET/CAMARO/2016 Chevrolet Camaro C RWD.png
10374,2016,CHEVROLET,CAPRICE PPV,2016 Chevrolet Caprice PPV 4 DR RWD,,Not Rated,Not Rated,Not Rated,Not Rated,Not Rated,Not Rated,Not Rated,Not Rated,Not Rated,Not Rated,Not Rated,Not Rated,0,0, ,Not Rated,Standard,No,No,0,8,0,2016/CHEVROLET/CAPRICE PPV/2016 Chevrolet Caprice PPV 4 DR RWD.png
10375,2016,CHEVROLET,CITY EXPRESS,2016 Chevrolet City Express VAN FWD,,Not Rated,Not Rated,Not Rated,Not Rated,Not Rated,Not Rated,Not Rated,Not Rated,Not Rated,Not Rated,Not Rated,Not Rated,0,0, ,Not Rated,Standard,No,No,0,2,0,2016/CHEVROLET/CITY EXPRESS/2016 Chevrolet City Express VAN FWD.png
10281,2016,CHEVROLET,COLORADO,2016 Chevrolet Colorado PU/EC 4WD,,4,4,5,4,5,5,5,5,5,5,3,Not Rated,0.214,0,No Tip,5,Standard,Optional,Optional,695,4,0,2016/CHEVROLET/COLORADO/2016 Chevrolet Colorado PU_EC 4WD.png
10282,2016,CHEVROLET,COLORADO,2016 Chevrolet Colorado PU/EC RWD,,4,4,5,4,5,5,5,5,5,5,3,Not Rated,0.22,0,No Tip,5,Standard,Optional,Optional,695,4,0,2016/CHEVROLET/COLORADO/2016 Chevrolet Colorado PU_EC RWD.png
10376,2016,CHEVROLET,COLORADO,2016 Chevrolet Colorado PU/CC 4WD,,4,4,4,4,5,5,5,5,5,5,3,Not Rated,0.212,0,No Tip,5,Standard,Optional,Optional,695,4,0,2016/CHEVROLET/COLORADO/2016 Chevrolet Colorado PU_CC 4WD.png
10377,2016,CHEVROLET,COLORADO,2016 Chevrolet Colorado PU/CC RWD,,4,4,4,4,5,5,5,5,5,5,3,Not Rated,0.219,0,No Tip,5,Standard,Optional,Optional,695,4,0,2016/CHEVROLET/COLORADO/2016 Chevrolet Colorado PU_CC RWD.png
10378,2016,CHEVROLET,CORVETTE,2016 Chevrolet Corvette 2 DR RWD,,Not Rated,Not Rated,Not Rated,Not Rated,Not Rated,Not Rated,Not Rated,Not Rated,Not Rated,Not Rated,Not Rated,Not Rated,0,0, ,Not Rated,Standard,No,No,103,2,0,2016/CHEVROLET/CORVETTE/2016 Chevrolet Corvette 2 DR RWD.png
10379,2016,CHEVROLET,CORVETTE,2016 Chevrolet Corvette C RWD,,Not Rated,Not Rated,Not Rated,Not Rated,Not Rated,Not Rated,Not Rated,Not Rated,Not Rated,Not Rated,Not Rated,Not Rated,0,0, ,Not Rated,Standard,No,No,103,2,0,2016/CHEVROLET/CORVETTE/2016 Chevrolet Corvette C RWD.png
10380,2016,CHEVROLET,CRUZE,2016 Chevrolet Cruze 4 DR FWD,,4,5,5,5,4,5,4,5,4,4,4,Not Rated,0.107,0,No Tip,5,Standard,Optional,No,247,4,0,2016/CHEVROLET/CRUZE/2016 Chevrolet Cruze 4 DR FWD.png
10045,2016,CHEVROLET,CRUZE LIMITED,2016 Chevrolet Cruze Limited 4 DR FWD,,5,5,5,4,5,5,5,5,5,5,4,Not Rated,0.109,0,No Tip,5,Standard,No,No,240,4,0,2016/CHEVROLET/CRUZE LIMITED/2016 Chevrolet Cruze Limited 4 DR FWD.png
10272,2016,CHEVROLET,EQUINOX,2016 Chevrolet Equinox SUV FWD,,4,4,5,4,5,4,5,4,5,5,4,Not Rated,0.191,0,No Tip,5,Standard,Optional,Optional,392,1,2,2016/CHEVROLET/EQUINOX/2016 Chevrolet Equinox SUV FWD.png
10273,2016,CHEVROLET,EQUINOX,2016 Chevrolet Equinox SUV AWD,,4,4,5,4,5,4,5,4,5,5,4,Not Rated,0.174,0,No Tip,5,Standard,Optional,Optional,392,1,2,2016/CHEVROLET/EQUINOX/2016 Chevrolet Equinox SUV AWD.png
10381,2016,CHEVROLET,EXPRESS CARGO G23405,2016 Chevrolet Express Cargo G23405 VAN RWD,,Not Rated,Not Rated,Not Rated,Not Rated,Not Rated,Not Rated,Not Rated,Not Rated,Not Rated,Not Rated,Not Rated,Not Rated,0,0, ,Not Rated,Standard,No,No,15,6,0,2016/CHEVROLET/EXPRESS CARGO G23405/2016 Chevrolet Express Cargo G23405 VAN RWD.png
10382,2016,CHEVROLET,EXPRESS CARGO G23705,2016 Chevrolet Express Cargo G23705 VAN RWD,,Not Rated,Not Rated,Not Rated,Not Rated,Not Rated,Not Rated,Not Rated,Not Rated,Not Rated,Not Rated,Not Rated,Not Rated,0,0, ,Not Rated,Standard,No,No,15,6,0,2016/CHEVROLET/EXPRESS CARGO G23705/2016 Chevrolet Express Cargo G23705 VAN RWD.png
10383,2016,CHEVROLET,EXPRESS CARGO G33405,2016 Chevrolet Express Cargo G33405 VAN RWD,,Not Rated,Not Rated,Not Rated,Not Rated,Not Rated,Not Rated,Not Rated,Not Rated,Not Rated,Not Rated,Not Rated,Not Rated,0,0, ,Not Rated,Standard,No,No,15,6,0,2016/CHEVROLET/EXPRESS CARGO G33405/2016 Chevrolet Express Cargo G33405 VAN RWD.png
10384,2016,CHEVROLET,EXPRESS CARGO G33705,2016 Chevrolet Express Cargo G33705 VAN RWD,,Not Rated,Not Rated,Not Rated,Not Rated,Not Rated,Not Rated,Not Rated,Not Rated,Not Rated,Not Rated,Not Rated,Not Rated,0,0, ,Not Rated,Standard,No,No,15,6,0,2016/CHEVROLET/EXPRESS CARGO G33705/2016 Chevrolet Express Cargo G33705 VAN RWD.png
10278,2016,CHEVROLET,EXPRESS PASSENGER 2500,2016 Chevrolet Express Passenger 2500 VAN RWD,,Not Rated,Not Rated,Not Rated,Not Rated,Not Rated,Not Rated,Not Rated,Not Rated,Not Rated,Not Rated,3,Not Rated,0.292,0,No Tip,Not Rated,Standard,No,No,15,6,0,2016/CHEVROLET/EXPRESS PASSENGER 2500/2016 Chevrolet Express Passenger 2500 VAN RWD.png
10279,2016,CHEVROLET,EXPRESS PASSENGER 3500 12 PASS,2016 Chevrolet Express Passenger 3500 12 Pass VAN RWD,,Not Rated,Not Rated,Not Rated,Not Rated,Not Rated,Not Rated,Not Rated,Not Rated,Not Rated,Not Rated,3,Not Rated,0.292,0,No Tip,Not Rated,Standard,No,No,20,6,0,2016/CHEVROLET/EXPRESS PASSENGER 3500 12 PASS/2016 Chevrolet Express Passenger 3500 12 Pass VAN RWD.png
10280,2016,CHEVROLET,EXPRESS PASSENGER 3500 15 PASS,2016 Chevrolet Express Passenger 3500 15 Pass VAN RWD,,Not Rated,Not Rated,Not Rated,Not Rated,Not Rated,Not Rated,Not Rated,Not Rated,Not Rated,Not Rated,3,Not Rated,0.279,0,No Tip,Not Rated,Standard,No,No,20,6,0,2016/CHEVROLET/EXPRESS PASSENGER 3500 15 PASS/2016 Chevrolet Express Passenger 3500 15 Pass VAN RWD.png
10268,2016,CHEVROLET,IMPALA,2016 Chevrolet Impala 4 DR FWD,,5,5,5,4,5,4,5,5,5,5,4,Not Rated,0.121,0,No Tip,5,Standard,Optional,Optional,110,0,0,2016/CHEVROLET/IMPALA/2016 Chevrolet Impala 4 DR FWD.png
10269,2016,CHEVROLET,IMPALA ECO EASSIST,2016 Chevrolet Impala Eco eAssist 4 DR FWD,,5,5,5,4,5,4,5,5,5,5,4,Not Rated,0.121,0,No Tip,5,Standard,Optional,Optional,786,9,0,2016/CHEVROLET/IMPALA ECO EASSIST/2016 Chevrolet Impala Eco eAssist 4 DR FWD.png
10046,2016,CHEVROLET,IMPALA LIMITED,2016 Chevrolet Impala Limited 4 DR FWD,,4,4,5,4,4,2,5,3,5,4,4,Not Rated,0.113,0,No Tip,5,Standard,No,No,786,9,0,2016/CHEVROLET/IMPALA LIMITED/2016 Chevrolet Impala Limited 4 DR FWD.png
10385,2016,CHEVROLET,MALIBU,2016 Chevrolet Malibu 4 DR FWD,,5,5,5,4,5,5,5,5,5,5,4,Not Rated,0.102,0,No Tip,5,Standard,Optional,No,859,10,1,2016/CHEVROLET/MALIBU/2016 Chevrolet Malibu 4 DR FWD.png
10386,2016,CHEVROLET,MALIBU ECO,2016 Chevrolet Malibu Eco e-Assist 4 DR FWD,,5,5,5,4,5,5,5,5,5,5,4,Not Rated,0.102,0,No Tip,5,Standard,No,No,810,10,1,2016/CHEVROLET/MALIBU ECO/2016 Chevrolet Malibu Eco e-Assist 4 DR FWD.png
10267,2016,CHEVROLET,MALIBU LIMITED,2016 Chevrolet Malibu Limited 4 DR FWD,,5,5,5,4,5,5,5,5,5,5,4,Not Rated,0.111,0,No Tip,5,Standard,Optional,Optional,810,10,1,2016/CHEVROLET/MALIBU LIMITED/2016 Chevrolet Malibu Limited 4 DR FWD.png
10387,2016,CHEVROLET,SILVERADO 1500,2016 Chevrolet Silverado 1500 PU/CC 4WD,,5,5,5,5,5,5,5,5,5,5,4,Not Rated,0.174,0,No Tip,5,Standard,Optional,Optional,793,13,1,2016/CHEVROLET/SILVERADO 1500/2016 Chevrolet Silverado 1500 PU_CC 4WD.png
10388,2016,CHEVROLET,SILVERADO 1500,2016 Chevrolet Silverado 1500 PU/CC RWD,,5,5,5,5,5,5,5,5,5,5,4,Not Rated,0.179,0,No Tip,5,Standard,Optional,Optional,793,13,1,2016/CHEVROLET/SILVERADO 1500/2016 Chevrolet Silverado 1500 PU_CC RWD.png
10389,2016,CHEVROLET,SILVERADO 1500,2016 Chevrolet Silverado 1500 PU/EC RWD,,5,5,5,5,5,5,5,5,5,5,4,Not Rated,0.174,0,No Tip,4,Standard,Optional,Optional,793,13,1,2016/CHEVROLET/SILVERADO 1500/2016 Chevrolet Silverado 1500 PU_EC RWD.png
10390,2016,CHEVROLET,SILVERADO 1500,2016 Chevrolet Silverado 1500 PU/EC 4WD,,5,5,5,5,5,5,5,5,5,5,4,Not Rated,0.179,0,No Tip,4,Standard,Optional,Optional,793,13,1,2016/CHEVROLET/SILVERADO 1500/2016 Chevrolet Silverado 1500 PU_EC 4WD.png
10391,2016,CHEVROLET,SILVERADO 1500,2016 Chevrolet Silverado 1500 PU/RC RWD,,5,5,5,5,5,5,Not Rated,5,Not Rated,5,4,Not Rated,0.179,0,No Tip,4,Standard,Optional,Optional,793,13,1,2016/CHEVROLET/SILVERADO 1500/2016 Chevrolet Silverado 1500 PU_RC RWD.png
10392,2016,CHEVROLET,SILVERADO 1500,2016 Chevrolet Silverado 1500 PU/RC 4WD,,5,5,5,5,5,5,Not Rated,5,Not Rated,5,4,Not Rated,0.174,0,No Tip,4,Standard,Optional,Optional,793,13,1,2016/CHEVROLET/SILVERADO 1500/2016 Chevrolet Silverado 1500 PU_RC 4WD.png
10911,2016,CHEVROLET,SILVERADO 1500,2016 Chevrolet Silverado 1500 Hybrid PU/CC RWD,,5,5,5,5,5,5,5,5,5,5,4,Not Rated,0.179,0,No Tip,5,Standard,Optional,Optional,793,13,1,2016/CHEVROLET/SILVERADO 1500/2016 Chevrolet Silverado 1500 Hybrid PU_CC RWD.png
10283,2016,CHEVROLET,SILVERADO 2500,2016 Chevrolet Silverado 2500 PU/EC RWD,,4,4,4,4,5,5,5,5,5,5,3,Not Rated,0.204,0,No Tip,5,Standard,Optional,Optional,127,7,0,2016/CHEVROLET/SILVERADO 2500/2016 Chevrolet Silverado 2500 PU_EC RWD.png
10284,2016,CHEVROLET,SILVERADO 2500,2016 Chevrolet Silverado 2500 PU/EC 4WD,,4,4,4,4,5,5,5,5,5,5,3,Not Rated,0.204,0,No Tip,5,Standard,Optional,Optional,127,7,0,2016/CHEVROLET/SILVERADO 2500/2016 Chevrolet Silverado 2500 PU_EC 4WD.png
10285,2016,CHEVROLET,SILVERADO 2500,2016 Chevrolet Silverado 2500 PU/RC 4WD,,4,4,4,4,5,5,Not Rated,5,Not Rated,5,3,Not Rated,0.204,0,No Tip,5,Standard,Optional,Optional,127,7,0,2016/CHEVROLET/SILVERADO 2500/2016 Chevrolet Silverado 2500 PU_RC 4WD.png
10286,2016,CHEVROLET,SILVERADO 2500,2016 Chevrolet Silverado 2500 PU/RC RWD,,4,4,4,4,5,5,Not Rated,5,Not Rated,5,3,Not Rated,0.204,0,No Tip,5,Standard,Optional,Optional,127,7,0,2016/CHEVROLET/SILVERADO 2500/2016 Chevrolet Silverado 2500 PU_RC RWD.png
10287,2016,CHEVROLET,SILVERADO 2500,2016 Chevrolet Silverado 2500 PU/CC 4WD,,4,4,4,4,5,5,5,5,5,5,3,Not Rated,0.205,0,No Tip,5,Standard,Optional,Optional,127,7,0,2016/CHEVROLET/SILVERADO 2500/2016 Chevrolet Silverado 2500 PU_CC 4WD.png
10288,2016,CHEVROLET,SILVERADO 2500,2016 Chevrolet Silverado 2500 PU/CC RWD,,4,4,4,4,5,5,5,5,5,5,3,Not Rated,0.207,0,No Tip,5,Standard,Optional,Optional,127,7,0,2016/CHEVROLET/SILVERADO 2500/2016 Chevrolet Silverado 2500 PU_CC RWD.png
10393,2016,CHEVROLET,SILVERADO 3500,2016 Chevrolet Silverado 3500 PU/EC RWD,,Not Rated,Not Rated,Not Rated,Not Rated,Not Rated,Not Rated,Not Rated,Not Rated,Not Rated,Not Rated,Not Rated,Not Rated,0,0, ,Not Rated,Standard,No,No,60,8,0,2016/CHEVROLET/SILVERADO 3500/2016 Chevrolet Silverado 3500 PU_EC RWD.png
10394,2016,CHEVROLET,SILVERADO 3500,2016 Chevrolet Silverado 3500 PU/CC RWD,,Not Rated,Not Rated,Not Rated,Not Rated,Not Rated,Not Rated,Not Rated,Not Rated,Not Rated,Not Rated,Not Rated,Not Rated,0,0, ,Not Rated,Standard,No,No,60,8,0,2016/CHEVROLET/SILVERADO 3500/2016 Chevrolet Silverado 3500 PU_CC RWD.png
10395,2016,CHEVROLET,SILVERADO 3500,2016 Chevrolet Silverado 3500 PU/RC RWD,,Not Rated,Not Rated,Not Rated,Not Rated,Not Rated,Not Rated,Not Rated,Not Rated,Not Rated,Not Rated,Not Rated,Not Rated,0,0, ,Not Rated,Standard,No,No,60,8,0,2016/CHEVROLET/SILVERADO 3500/2016 Chevrolet Silverado 3500 PU_RC RWD.png
10396,2016,CHEVROLET,SILVERADO 3500,2016 Chevrolet Silverado 3500 PU/CC 4WD,,Not Rated,Not Rated,Not Rated,Not Rated,Not Rated,Not Rated,Not Rated,Not Rated,Not Rated,Not Rated,Not Rated,Not Rated,0,0, ,Not Rated,Standard,No,No,60,8,0,2016/CHEVROLET/SILVERADO 3500/2016 Chevrolet Silverado 3500 PU_CC 4WD.png
10397,2016,CHEVROLET,SILVERADO 3500,2016 Chevrolet Silverado 3500 PU/RC 4WD,,Not Rated,Not Rated,Not Rated,Not Rated,Not Rated,Not Rated,Not Rated,Not Rated,Not Rated,Not Rated,Not Rated,Not Rated,0,0, ,Not Rated,Standard,No,No,60,8,0,2016/CHEVROLET/SILVERADO 3500/2016 Chevrolet Silverado 3500 PU_RC 4WD.png
10398,2016,CHEVROLET,SILVERADO 3500,2016 Chevrolet Silverado 3500 PU/EC 4WD,,Not Rated,Not Rated,Not Rated,Not Rated,Not Rated,Not Rated,Not Rated,Not Rated,Not Rated,Not Rated,Not Rated,Not Rated,0,0, ,Not Rated,Standard,No,No,60,8,0,2016/CHEVROLET/SILVERADO 3500/2016 Chevrolet Silverado 3500 PU_EC 4WD.png
10047,2016,CHEVROLET,SONIC,2016 Chevrolet Sonic 5 DR FWD,,5,5,5,5,5,5,5,5,5,5,4,Not Rated,0.126,0,No Tip,5,Standard,Optional,Optional,48,2,0,2016/CHEVROLET/SONIC/2016 Chevrolet Sonic 5 DR FWD.png
10048,2016,CHEVROLET,SONIC,2016 Chevrolet Sonic 4 DR FWD,,5,5,5,5,5,5,5,5,5,5,4,Not Rated,0.126,0,No Tip,5,Standard,Optional,Optional,48,2,0,2016/CHEVROLET/SONIC/2016 Chevrolet Sonic 4 DR FWD.png
10399,2016,CHEVROLET,SPARK,2016 Chevrolet Spark 5 HB FWD,,Not Rated,Not Rated,Not Rated,Not Rated,Not Rated,Not Rated,Not Rated,Not Rated,Not Rated,Not Rated,Not Rated,Not Rated,0,0, ,Not Rated,Standard,Optional,Optional,42,3,2,2016/CHEVROLET/SPARK/2016 Chevrolet Spark 5 HB FWD.png
10400,2016,CHEVROLET,SPARK EV,2016 Chevrolet Spark Ev 5 HB FWD,,Not Rated,Not Rated,Not Rated,Not Rated,Not Rated,Not Rated,Not Rated,Not Rated,Not Rated,Not Rated,Not Rated,Not Rated,0,0, ,Not Rated,Standard,No,No,41,3,2,2016/CHEVROLET/SPARK EV/2016 Chevrolet Spark Ev 5 HB FWD.png
10401,2016,CHEVROLET,SS,2016 Chevrolet SS 4 DR RWD,,Not Rated,Not Rated,Not Rated,Not Rated,Not Rated,Not Rated,Not Rated,Not Rated,Not Rated,Not Rated,Not Rated,Not Rated,0,0, ,Not Rated,Standard,Standard,Standard,24,7,1,2016/CHEVROLET/SS/2016 Chevrolet SS 4 DR RWD.png
10276,2016,CHEVROLET,SUBURBAN 1500,2016 Chevrolet Suburban 1500 SUV 4WD,,4,4,4,4,5,5,5,5,5,5,3,Not Rated,0.203,0,No Tip,4,Standard,Optional,Optional,217,6,1,2016/CHEVROLET/SUBURBAN 1500/2016 Chevrolet Suburban 1500 SUV 4WD.png
10277,2016,CHEVROLET,SUBURBAN 1500,2016 Chevrolet Suburban 1500 SUV RWD,,4,4,4,4,5,5,5,5,5,5,3,Not Rated,0.212,0,No Tip,4,Standard,Optional,Optional,217,6,1,2016/CHEVROLET/SUBURBAN 1500/2016 Chevrolet Suburban 1500 SUV RWD.png
10274,2016,CHEVROLET,TAHOE,2016 Chevrolet Tahoe SUV RWD,,4,5,5,5,5,5,5,5,5,5,3,Not Rated,0.229,0,No Tip,5,Standard,Optional,Optional,256,10,1,2016/CHEVROLET/TAHOE/2016 Chevrolet Tahoe SUV RWD.png
10275,2016,CHEVROLET,TAHOE,2016 Chevrolet Tahoe SUV 4WD,,4,5,5,5,5,5,5,5,5,5,3,Not Rated,0.222,0,No Tip,5,Standard,Optional,Optional,256,10,1,2016/CHEVROLET/TAHOE/2016 Chevrolet Tahoe SUV 4WD.png
10053,2016,CHEVROLET,TRAVERSE,2016 Chevrolet Traverse SUV AWD,,5,5,5,5,5,5,5,5,5,5,4,Not Rated,0.155,0,No Tip,5,Standard,Optional,Optional,291,5,0,2016/CHEVROLET/TRAVERSE/2016 Chevrolet Traverse SUV AWD.png
10054,2016,CHEVROLET,TRAVERSE,2016 Chevrolet Traverse SUV FWD,,5,5,5,5,5,5,5,5,5,5,4,Not Rated,0.169,0,No Tip,5,Standard,Optional,Optional,291,5,0,2016/CHEVROLET/TRAVERSE/2016 Chevrolet Traverse SUV FWD.png
10270,2016,CHEVROLET,TRAX,2016 Chevrolet Trax SUV AWD,,5,5,5,5,5,5,5,5,5,5,4,Not Rated,0.179,0,No Tip,5,Standard,No,No,116,5,0,2016/CHEVROLET/TRAX/2016 Chevrolet Trax SUV AWD.png
10271,2016,CHEVROLET,TRAX,2016 Chevrolet Trax SUV FWD,,5,5,5,5,5,5,5,5,5,5,4,Not Rated,0.198,0,No Tip,5,Standard,No,No,116,5,0,2016/CHEVROLET/TRAX/2016 Chevrolet Trax SUV FWD.png
10402,2016,CHEVROLET,VOLT,2016 Chevrolet Volt 4 DR FWD,,Not Rated,Not Rated,Not Rated,Not Rated,Not Rated,Not Rated,Not Rated,Not Rated,Not Rated,Not Rated,Not Rated,Not Rated,0,0, ,Not Rated,Standard,Optional,Optional,169,1,2,2016/CHEVROLET/VOLT/2016 Chevrolet Volt 4 DR FWD.png
10136,2016,CHRYSLER,200,2016 Chrysler 200 4 DR AWD,,Not Rated,Not Rated,Not Rated,Not Rated,5,5,5,5,5,5,4,Not Rated,0.107,0,No Tip,5,Standard,Optional,Optional,342,2,0,2016/CHRYSLER/200/2016 Chrysler 200 4 DR AWD.png
10137,2016,CHRYSLER,200,2016 Chrysler 200 4 DR FWD,,5,5,5,5,5,5,5,5,5,5,4,Not Rated,0.107,0,No Tip,5,Standard,Optional,Optional,342,2,0,2016/CHRYSLER/200/2016 Chrysler 200 4 DR FWD.png
10138,2016,CHRYSLER,300,2016 Chrysler 300 4 DR RWD,,4,4,4,4,5,4,5,4,5,5,4,Not Rated,0.113,0,No Tip,5,Standard,Optional,Optional,76,3,0,2016/CHRYSLER/300/2016 Chrysler 300 4 DR RWD.png
10139,2016,CHRYSLER,300,2016 Chrysler 300 4 DR AWD,,4,4,4,4,5,4,5,4,5,5,4,Not Rated,0.113,0,No Tip,5,Standard,Optional,Optional,76,3,0,2016/CHRYSLER/300/2016 Chrysler 300 4 DR AWD.png
10140,2016,CHRYSLER,TOWN AND COUNTRY,2016 Chrysler Town And Country VAN FWD,,4,4,4,4,5,5,5,5,5,5,4,Not Rated,0.164,0,No Tip,5,Standard,No,No,521,5,3,2016/CHRYSLER/TOWN AND COUNTRY/2016 Chrysler Town And Country VAN FWD.png
10144,2016,DODGE,CHALLENGER,2016 Dodge Challenger 2 DR RWD,,5,4,4,5,5,5,5,5,5,5,4,Not Rated,0.111,0,No Tip,5,Standard,Optional,No,78,2,1,2016/DODGE/CHALLENGER/2016 Dodge Challenger 2 DR RWD.png
10403,2016,DODGE,CHALLENGER SRT,2016 Dodge Challenger SRT 2 DR RWD,,Not Rated,Not Rated,Not Rated,Not Rated,Not Rated,Not Rated,Not Rated,Not Rated,Not Rated,Not Rated,Not Rated,Not Rated,0,0, ,Not Rated,Standard,Optional,No,76,2,0,2016/DODGE/CHALLENGER SRT/2016 Dodge Challenger SRT 2 DR RWD.png
10145,2016,DODGE,CHARGER,2016 Dodge Charger 4 DR AWD,,5,4,4,4,5,4,5,4,5,5,5,Not Rated,0.101,0,No Tip,5,Standard,Optional,Optional,182,6,1,2016/DODGE/CHARGER/2016 Dodge Charger 4 DR AWD.png
10146,2016,DODGE,CHARGER,2016 Dodge Charger 4 DR RWD,,5,4,4,4,5,4,5,4,5,5,5,Not Rated,0.101,0,No Tip,5,Standard,Optional,Optional,182,6,1,2016/DODGE/CHARGER/2016 Dodge Charger 4 DR RWD.png
10404,2016,DODGE,CHARGER SRT,2016 Dodge Charger SRT 4 DR RWD,,Not Rated,Not Rated,Not Rated,Not Rated,Not Rated,Not Rated,Not Rated,Not Rated,Not Rated,Not Rated,Not Rated,Not Rated,0,0, ,Not Rated,Standard,Optional,Optional,172,6,0,2016/DODGE/CHARGER SRT/2016 Dodge Charger SRT 4 DR RWD.png
10141,2016,DODGE,DART,2016 Dodge Dart 4 DR FWD,,5,5,5,4,5,5,5,5,5,5,4,Not Rated,0.107,0,No Tip,5,Standard,No,No,248,5,1,2016/DODGE/DART/2016 Dodge Dart 4 DR FWD.png
10916,2016,DODGE,DURANGO,2016 Dodge Durango SUV 4WD,,4,4,4,5,5,5,5,5,5,5,3,Not Rated,0.212,0,No Tip,5,Standard,Optional,No,159,3,2,2016/DODGE/DURANGO/2016 Dodge Durango SUV 4WD.png
10917,2016,DODGE,DURANGO,2016 Dodge Durango SUV 2WD,,4,4,4,5,5,5,5,5,5,5,4,Not Rated,0.198,0,No Tip,5,Standard,Optional,No,159,3,2,2016/DODGE/DURANGO/2016 Dodge Durango SUV 2WD.png
10147,2016,DODGE,GRAND CARAVAN,2016 Dodge Grand Caravan VAN FWD,,4,4,4,4,5,5,5,5,5,5,4,Not Rated,0.164,0,No Tip,5,Standard,No,No,1155,9,3,2016/DODGE/GRAND CARAVAN/2016 Dodge Grand Caravan VAN FWD.png
10142,2016,DODGE,JOURNEY,2016 Dodge Journey SUV AWD,,4,4,5,4,5,5,5,5,5,5,4,Not Rated,0.179,0, ,5,Standard,No,No,385,4,3,2016/DODGE/JOURNEY/2016 Dodge Journey SUV AWD.png
10143,2016,DODGE,JOURNEY,2016 Dodge Journey SUV FWD,,4,4,5,4,5,5,5,5,5,5,4,Not Rated,0.185,0, ,5,Standard,No,No,385,4,3,2016/DODGE/JOURNEY/2016 Dodge Journey SUV FWD.png
10405,2016,DODGE,VIPER,2016 Dodge Viper 2 DR RWD,,Not Rated,Not Rated,Not Rated,Not Rated,Not Rated,Not Rated,Not Rated,Not Rated,Not Rated,Not Rated,Not Rated,Not Rated,0,0, ,Not Rated,Standard,No,No,0,2,0,2016/DODGE/VIPER/2016 Dodge Viper 2 DR RWD.png
10135,2016,FIAT,500,2016 Fiat 500 3 HB FWD,,4,4,4,3,5,5,5,5,5,5,4,Not Rated,0.147,0,No Tip,3,Standard,No,No,14,4,1,2016/FIAT/500/2016 Fiat 500 3 HB FWD.png
10406,2016,FIAT,500 ABARTH,2016 Fiat 500 Abarth 3 HB FWD,,Not Rated,Not Rated,Not Rated,Not Rated,Not Rated,Not Rated,Not Rated,Not Rated,Not Rated,Not Rated,Not Rated,Not Rated,0,0, ,Not Rated,Standard,No,No,14,4,1,2016/FIAT/500 ABARTH/2016 Fiat 500 Abarth 3 HB FWD.png
10407,2016,FIAT,500 ABARTH CABRIO,2016 Fiat 500 Abarth Cabrio 3 HB FWD,,Not Rated,Not Rated,Not Rated,Not Rated,Not Rated,Not Rated,Not Rated,Not Rated,Not Rated,Not Rated,Not Rated,Not Rated,0,0, ,Not Rated,Standard,No,No,14,4,1,2016/FIAT/500 ABARTH CABRIO/2016 Fiat 500 Abarth Cabrio 3 HB FWD.png
10408,2016,FIAT,500 BEV,2016 Fiat 500 BEV 3 HB FWD,,Not Rated,Not Rated,Not Rated,Not Rated,Not Rated,Not Rated,Not Rated,Not Rated,Not Rated,Not Rated,Not Rated,Not Rated,0,0, ,Not Rated,Standard,No,No,14,4,1,2016/FIAT/500 BEV/2016 Fiat 500 BEV 3 HB FWD.png
10409,2016,FIAT,500 CABRIO,2016 Fiat 500 Cabrio 3 HB FWD,,Not Rated,Not Rated,Not Rated,Not Rated,Not Rated,Not Rated,Not Rated,Not Rated,Not Rated,Not Rated,Not Rated,Not Rated,0,0, ,Not Rated,Standard,No,No,14,4,1,2016/FIAT/500 CABRIO/2016 Fiat 500 Cabrio 3 HB FWD.png
10410,2016,FIAT,500L,2016 Fiat 500L 5 HB 2WD,,Not Rated,Not Rated,Not Rated,Not Rated,Not Rated,Not Rated,Not Rated,Not Rated,Not Rated,Not Rated,Not Rated,Not Rated,0,0, ,Not Rated,Standard,No,No,2,0,0,2016/FIAT/500L/2016 Fiat 500L 5 HB 2WD.png
10411,2016,FIAT,500X,2016 Fiat 500X SUV 2WD,,Not Rated,Not Rated,Not Rated,Not Rated,Not Rated,Not Rated,Not Rated,Not Rated,Not Rated,Not Rated,Not Rated,Not Rated,0,0, ,Not Rated,Standard,Optional,No,154,1,0,2016/FIAT/500X/2016 Fiat 500X SUV 2WD.png
10412,2016,FIAT,500X,2016 Fiat 500X SUV 4WD,,Not Rated,Not Rated,Not Rated,Not Rated,Not Rated,Not Rated,Not Rated,Not Rated,Not Rated,Not Rated,Not Rated,Not Rated,0,0, ,Not Rated,Standard,Optional,No,154,1,0,2016/FIAT/500X/2016 Fiat 500X SUV 4WD.png
10218,2016,FORD,CMAX ENERGI,2016 Ford CMAX Energi 5 HB FWD,,4,4,4,4,5,5,5,5,5,5,4,Not Rated,0.147,0,No Tip,5,Standard,No,No,46,2,1,2016/FORD/CMAX ENERGI/2016 Ford CMAX Energi 5 HB FWD.png
10219,2016,FORD,CMAX HEV,2016 Ford CMAX Hybrid 5 HB FWD,,4,4,4,4,5,5,5,5,5,5,4,Not Rated,0.143,0,No Tip,5,Standard,No,No,14,2,1,2016/FORD/CMAX HEV/2016 Ford CMAX Hybrid 5 HB FWD.png
10226,2016,FORD,EDGE,2016 Ford Edge SUV AWD,,5,5,5,5,5,5,5,5,5,5,4,Not Rated,0.155,0,No Tip,5,Standard,Optional,Optional,884,7,2,2016/FORD/EDGE/2016 Ford Edge SUV AWD.png
10227,2016,FORD,EDGE,2016 Ford Edge SUV FWD,,5,5,5,5,5,5,5,5,5,5,4,Not Rated,0.154,0,No Tip,5,Standard,Optional,Optional,884,7,2,2016/FORD/EDGE/2016 Ford Edge SUV FWD.png
10228,2016,FORD,ESCAPE,2016 Ford Escape SUV FWD,,4,4,4,4,5,5,5,5,5,5,4,Not Rated,0.191,0,No Tip,5,Standard,No,No,1070,4,0,2016/FORD/ESCAPE/2016 Ford Escape SUV FWD.png
10229,2016,FORD,ESCAPE,2016 Ford Escape SUV AWD,,4,4,4,4,5,5,5,5,5,5,4,Not Rated,0.185,0,No Tip,5,Standard,No,No,1070,4,0,2016/FORD/ESCAPE/2016 Ford Escape SUV AWD.png
10230,2016,FORD,EXPEDITION,2016 Ford Expedition SUV 4x2,,5,5,5,5,5,5,5,5,5,5,3,Not Rated,0.212,0,No Tip,5,Standard,No,No,213,3,0,2016/FORD/EXPEDITION/2016 Ford Expedition SUV 4x2.png
10231,2016,FORD,EXPEDITION,2016 Ford Expedition SUV 4x4,,5,5,5,5,5,5,5,5,5,5,4,Not Rated,0.198,0,No Tip,5,Standard,No,No,213,3,0,2016/FORD/EXPEDITION/2016 Ford Expedition SUV 4x4.png
10232,2016,FORD,EXPEDITION EL,2016 Ford Expedition EL EXTENDED SUV 4x2,,5,5,5,5,5,5,5,5,5,5,3,Not Rated,0.212,0,No Tip,5,Standard,No,No,181,2,0,2016/FORD/EXPEDITION EL/2016 Ford Expedition EL EXTENDED SUV 4x2.png
10233,2016,FORD,EXPEDITION EL,2016 Ford Expedition EL EXTENDED SUV 4x4,,5,5,5,5,5,5,5,5,5,5,4,Not Rated,0.198,0,No Tip,5,Standard,No,No,181,2,0,2016/FORD/EXPEDITION EL/2016 Ford Expedition EL EXTENDED SUV 4x4.png
10325,2016,FORD,EXPLORER,2016 Ford Explorer 4 DR SUV FWD,,5,5,4,5,5,5,5,5,5,5,4,Not Rated,0.164,0,No Tip,5,Standard,Optional,Optional,2436,15,2,2016/FORD/EXPLORER/2016 Ford Explorer 4 DR SUV FWD.png
10326,2016,FORD,EXPLORER,2016 Ford Explorer 4 DR SUV AWD,,5,5,4,5,5,5,5,5,5,5,4,Not Rated,0.174,0,No Tip,5,Standard,Optional,Optional,2436,15,2,2016/FORD/EXPLORER/2016 Ford Explorer 4 DR SUV AWD.png
10236,2016,FORD,F-150 REGULAR CAB,2016 Ford F-150 Regular Cab PU/RC 4x4,,5,5,5,5,5,5,Not Rated,5,Not Rated,5,4,Not Rated,0.191,0,No Tip,5,Standard,Optional,Optional,1686,13,4,2016/FORD/F-150 REGULAR CAB/2016 Ford F-150 Regular Cab PU_RC 4x4.png
10237,2016,FORD,F-150 REGULAR CAB,2016 Ford F-150 Regular Cab PU/RC 4x2,,5,5,5,5,5,5,Not Rated,5,Not Rated,5,4,Not Rated,0.191,0,No Tip,5,Standard,Optional,Optional,1686,13,4,2016/FORD/F-150 REGULAR CAB/2016 Ford F-150 Regular Cab PU_RC 4x2.png
10238,2016,FORD,F-150 SUPER CREW,2016 Ford F-150 Super Crew PU/CC 4x4,,5,5,5,5,5,5,5,5,5,5,4,Not Rated,0.191,0,No Tip,5,Standard,Optional,Optional,1686,13,4,2016/FORD/F-150 SUPER CREW/2016 Ford F-150 Super Crew PU_CC 4x4.png
10239,2016,FORD,F-150 SUPER CREW,2016 Ford F-150 Super Crew PU/CC 4x2,,5,5,5,5,5,5,5,5,5,5,4,Not Rated,0.191,0,No Tip,5,Standard,Optional,Optional,1686,13,4,2016/FORD/F-150 SUPER CREW/2016 Ford F-150 Super Crew PU_CC 4x2.png
10240,2016,FORD,F-150 SUPERCAB,2016 Ford F-150 Supercab PU/EC 4x4,,5,5,5,5,5,5,5,5,5,5,4,Not Rated,0.191,0,No Tip,5,Standard,Optional,Optional,1686,13,4,2016/FORD/F-150 SUPERCAB/2016 Ford F-150 Supercab PU_EC 4x4.png
10241,2016,FORD,F-150 SUPERCAB,2016 Ford F-150 Supercab PU/EC 4x2,,5,5,5,5,5,5,5,5,5,5,4,Not Rated,0.191,0,No Tip,5,Standard,Optional,Optional,1686,13,4,2016/FORD/F-150 SUPERCAB/2016 Ford F-150 Supercab PU_EC 4x2.png
10242,2016,FORD,F-250 REGULAR CAB,2016 Ford F-250 Regular Cab PU/RC 4x4,,4,3,3,3,5,5,Not Rated,5,Not Rated,5,3,Not Rated,0.237,0,No Tip,3,Standard,No,No,287,2,1,2016/FORD/F-250 REGULAR CAB/2016 Ford F-250 Regular Cab PU_RC 4x4.png
10243,2016,FORD,F-250 REGULAR CAB,2016 Ford F-250 Regular Cab PU/RC 4x2,,4,3,3,3,5,5,Not Rated,5,Not Rated,5,4,Not Rated,0.191,0,No Tip,3,Standard,No,No,287,2,1,2016/FORD/F-250 REGULAR CAB/2016 Ford F-250 Regular Cab PU_RC 4x2.png
10327,2016,FORD,F-250 SUPER CREW,2016 Ford F-250 Super Crew PU/CC 4x4,,4,4,4,4,5,5,5,5,5,5,3,Not Rated,0.237,0,No Tip,5,Standard,No,No,287,2,1,2016/FORD/F-250 SUPER CREW/2016 Ford F-250 Super Crew PU_CC 4x4.png
10328,2016,FORD,F-250 SUPER CREW,2016 Ford F-250 Super Crew PU/CC 4x2,,4,4,4,4,5,5,5,5,5,5,4,Not Rated,0.191,0,No Tip,5,Standard,No,No,287,2,1,2016/FORD/F-250 SUPER CREW/2016 Ford F-250 Super Crew PU_CC 4x2.png
10244,2016,FORD,F-250 SUPERCAB,2016 Ford F-250 Supercab PU/EC 4x4,,4,3,3,3,5,5,5,5,5,5,3,Not Rated,0.237,0,No Tip,3,Standard,No,No,287,2,1,2016/FORD/F-250 SUPERCAB/2016 Ford F-250 Supercab PU_EC 4x4.png
10257,2016,FORD,F-250 SUPERCAB,2016 Ford F-250 Supercab PU/EC 4x2,,4,3,3,3,5,5,5,5,5,5,4,Not Rated,0.191,0,No Tip,3,Standard,No,No,287,2,1,2016/FORD/F-250 SUPERCAB/2016 Ford F-250 Supercab PU_EC 4x2.png
10419,2016,FORD,F-350 REGULAR CAB,2016 Ford F-350 Regular Cab PU/RC 4x4,,Not Rated,Not Rated,Not Rated,Not Rated,Not Rated,Not Rated,Not Rated,Not Rated,Not Rated,Not Rated,Not Rated,Not Rated,0,0, ,Not Rated,Standard,No,No,208,2,1,2016/FORD/F-350 REGULAR CAB/2016 Ford F-350 Regular Cab PU_RC 4x4.png
10420,2016,FORD,F-350 REGULAR CAB,2016 Ford F-350 Regular Cab PU/RC 4x2,,Not Rated,Not Rated,Not Rated,Not Rated,Not Rated,Not Rated,Not Rated,Not Rated,Not Rated,Not Rated,Not Rated,Not Rated,0,0, ,Not Rated,Standard,No,No,208,2,1,2016/FORD/F-350 REGULAR CAB/2016 Ford F-350 Regular Cab PU_RC 4x2.png
10421,2016,FORD,F-350 SUPER CREW,2016 Ford F-350 Super Crew PU/CC 4x4,,Not Rated,Not Rated,Not Rated,Not Rated,Not Rated,Not Rated,Not Rated,Not Rated,Not Rated,Not Rated,Not Rated,Not Rated,0,0, ,Not Rated,Standard,No,No,208,2,1,2016/FORD/F-350 SUPER CREW/2016 Ford F-350 Super Crew PU_CC 4x4.png
10422,2016,FORD,F-350 SUPER CREW,2016 Ford F-350 Super Crew PU/CC 4x2,,Not Rated,Not Rated,Not Rated,Not Rated,Not Rated,Not Rated,Not Rated,Not Rated,Not Rated,Not Rated,Not Rated,Not Rated,0,0, ,Not Rated,Standard,No,No,208,2,1,2016/FORD/F-350 SUPER CREW/2016 Ford F-350 Super Crew PU_CC 4x2.png
10423,2016,FORD,F-350 SUPERCAB,2016 Ford F-350 Supercab PU/EC 4x2,,Not Rated,Not Rated,Not Rated,Not Rated,Not Rated,Not Rated,Not Rated,Not Rated,Not Rated,Not Rated,Not Rated,Not Rated,0,0, ,Not Rated,Standard,No,No,208,2,1,2016/FORD/F-350 SUPERCAB/2016 Ford F-350 Supercab PU_EC 4x2.png
10424,2016,FORD,F-350 SUPERCAB,2016 Ford F-350 Supercab PU/EC 4x4,,Not Rated,Not Rated,Not Rated,Not Rated,Not Rated,Not Rated,Not Rated,Not Rated,Not Rated,Not Rated,Not Rated,Not Rated,0,0, ,Not Rated,Standard,No,No,208,2,1,2016/FORD/F-350 SUPERCAB/2016 Ford F-350 Supercab PU_EC 4x4.png
10214,2016,FORD,FIESTA,2016 Ford Fiesta 4 DR FWD,,4,4,5,4,5,5,5,5,5,5,4,Not Rated,0.143,0, ,5,Standard,No,No,178,0,2,2016/FORD/FIESTA/2016 Ford Fiesta 4 DR FWD.png
10215,2016,FORD,FIESTA,2016 Ford Fiesta 5 HB FWD,,4,4,5,4,5,5,5,5,5,5,4,Not Rated,0.143,0, ,5,Standard,No,No,178,0,2,2016/FORD/FIESTA/2016 Ford Fiesta 5 HB FWD.png
10224,2016,FORD,FLEX,2016 Ford Flex SUV AWD,,Not Rated,Not Rated,Not Rated,Not Rated,Not Rated,Not Rated,Not Rated,Not Rated,Not Rated,Not Rated,4,Not Rated,0.151,0,No Tip,Not Rated,Standard,Optional,No,94,3,0,2016/FORD/FLEX/2016 Ford Flex SUV AWD.png
10225,2016,FORD,FLEX,2016 Ford Flex SUV FWD,,Not Rated,Not Rated,Not Rated,Not Rated,Not Rated,Not Rated,Not Rated,Not Rated,Not Rated,Not Rated,4,Not Rated,0.164,0,No Tip,Not Rated,Standard,Optional,No,94,3,0,2016/FORD/FLEX/2016 Ford Flex SUV FWD.png
10216,2016,FORD,FOCUS,2016 Ford Focus 4 DR FWD,,5,5,5,4,5,5,5,5,5,5,4,Not Rated,0.116,0,No Tip,5,Standard,No,Optional,1187,11,5,2016/FORD/FOCUS/2016 Ford Focus 4 DR FWD.png
10217,2016,FORD,FOCUS,2016 Ford Focus 5 HB FWD,,5,5,5,4,5,5,5,5,5,5,4,Not Rated,0.116,0,No Tip,5,Standard,No,Optional,1181,11,5,2016/FORD/FOCUS/2016 Ford Focus 5 HB FWD.png
10425,2016,FORD,FOCUS BEV,2016 Ford Focus Bev 5 HB FWD,,Not Rated,Not Rated,Not Rated,Not Rated,Not Rated,Not Rated,Not Rated,Not Rated,Not Rated,Not Rated,5,Not Rated,0.101,0,No Tip,Not Rated,Standard,No,No,1137,6,5,2016/FORD/FOCUS BEV/2016 Ford Focus Bev 5 HB FWD.png
10910,2016,FORD,FOCUS RS,2016 Ford Focus RS 5 HB AWD,,Not Rated,Not Rated,Not Rated,Not Rated,Not Rated,Not Rated,Not Rated,Not Rated,Not Rated,Not Rated,Not Rated,Not Rated,0,0, ,Not Rated,Standard,No,No,1143,6,5,2016/FORD/FOCUS RS/2016 Ford Focus RS 5 HB AWD.png
10029,2016,FORD,FUSION,2016 Ford Fusion 4 DR FWD,,5,5,5,4,4,3,5,3,5,4,4,Not Rated,0.109,0,No Tip,5,Standard,Optional,Optional,1670,13,5,2016/FORD/FUSION/2016 Ford Fusion 4 DR FWD.png
10030,2016,FORD,FUSION,2016 Ford Fusion 4 DR AWD,,5,5,5,4,4,3,5,3,5,4,4,Not Rated,0.109,0,No Tip,5,Standard,Optional,Optional,1670,13,5,2016/FORD/FUSION/2016 Ford Fusion 4 DR AWD.png
10031,2016,FORD,FUSION ENERGI,2016 Ford Fusion Energi 4 DR FWD,,5,5,5,5,5,4,5,4,5,5,4,Not Rated,0.109,0,No Tip,5,Standard,Optional,Optional,1457,11,5,2016/FORD/FUSION ENERGI/2016 Ford Fusion Energi 4 DR FWD.png
10032,2016,FORD,FUSION HEV,2016 Ford Fusion Hybrid 4 DR FWD,,5,5,5,4,4,3,5,3,5,4,4,Not Rated,0.109,0,No Tip,5,Standard,Optional,Optional,1457,11,5,2016/FORD/FUSION HEV/2016 Ford Fusion Hybrid 4 DR FWD.png
10220,2016,FORD,MUSTANG,2016 Ford Mustang 2 DR RWD,,5,5,5,5,5,5,4,5,4,5,5,Not Rated,0.081,0,No Tip,5,Standard,Optional,No,370,5,1,2016/FORD/MUSTANG/2016 Ford Mustang 2 DR RWD.png
10221,2016,FORD,MUSTANG,2016 Ford Mustang C RWD,,Not Rated,Not Rated,Not Rated,Not Rated,Not Rated,Not Rated,Not Rated,Not Rated,Not Rated,Not Rated,5,Not Rated,0.081,0,No Tip,Not Rated,Standard,Optional,No,370,5,1,2016/FORD/MUSTANG/2016 Ford Mustang C RWD.png
10222,2016,FORD,TAURUS,2016 Ford Taurus 4 DR FWD,,5,5,5,5,5,5,5,5,5,5,4,Not Rated,0.113,0,No Tip,5,Standard,Optional,Optional,78,4,0,2016/FORD/TAURUS/2016 Ford Taurus 4 DR FWD.png
10223,2016,FORD,TAURUS,2016 Ford Taurus 4 DR AWD,,5,5,5,5,5,5,5,5,5,5,4,Not Rated,0.113,0,No Tip,5,Standard,Optional,Optional,78,4,0,2016/FORD/TAURUS/2016 Ford Taurus 4 DR AWD.png
10426,2016,FORD,TRANSIT,2016 Ford Transit VAN RWD,,Not Rated,4,4,3,Not Rated,Not Rated,Not Rated,Not Rated,Not Rated,Not Rated,Not Rated,Not Rated,0,0, ,Not Rated,Standard,No,Optional,153,21,1,2016/FORD/TRANSIT/2016 Ford Transit VAN RWD.png
10234,2016,FORD,TRANSIT CONNECT,2016 Ford Transit Connect VAN FWD,,Not Rated,4,4,4,5,5,Not Rated,5,Not Rated,5,Not Rated,Not Rated,0,0, ,5,Standard,No,No,104,10,2,2016/FORD/TRANSIT CONNECT/2016 Ford Transit Connect VAN FWD.png
10235,2016,FORD,TRANSIT CONNECT,2016 Ford Transit Connect Wagon FWD,,5,4,4,4,5,5,5,5,5,5,4,Not Rated,0.179,0,No Tip,5,Standard,No,No,104,10,2,2016/FORD/TRANSIT CONNECT/2016 Ford Transit Connect Wagon FWD.png
10434,2016,FORD,TRANSIT HIGH ROOF,2016 Ford Transit High Roof WAGON RWD,,Not Rated,4,4,3,5,5,5,5,5,5,Not Rated,Not Rated,0,0, ,5,Standard,No,Optional,1,0,0,2016/FORD/TRANSIT HIGH ROOF/2016 Ford Transit High Roof WAGON RWD.png
10435,2016,FORD,TRANSIT LOW ROOF 15 PASS,2016 Ford Transit Low Roof 15 Pass WAGON RWD,,Not Rated,4,4,3,5,5,5,5,5,5,Not Rated,Not Rated,0,0, ,5,Standard,No,Optional,1,0,0,2016/FORD/TRANSIT LOW ROOF 15 PASS/2016 Ford Transit Low Roof 15 Pass WAGON RWD.png
10436,2016,FORD,"TRANSIT LOW ROOF(8,10,12) PASS","2016 Ford Transit Low Roof(8,10,12) Pass WAGON RWD",,4,4,4,3,5,5,5,5,5,5,3,Not Rated,0.267,0, ,5,Standard,No,Optional,1,0,0,"2016/FORD/TRANSIT LOW ROOF(8,10,12) PASS/2016 Ford Transit Low Roof(8,10,12) Pass WAGON RWD.png"
10437,2016,FORD,TRANSIT MEDIUM ROOF 15 PASS,2016 Ford Transit Medium Roof 15 Pass WAGON RWD,,3,4,4,3,5,5,5,5,5,5,2,Not Rated,0.376,0,No Tip,5,Standard,No,Optional,1,0,0,2016/FORD/TRANSIT MEDIUM ROOF 15 PASS/2016 Ford Transit Medium Roof 15 Pass WAGON RWD.png
10438,2016,FORD,"TRANSIT MEDIUM ROOF(8,10,12) PASS","2016 Ford Transit Medium Roof(8,10,12) Pass WAGON RWD",,Not Rated,4,4,3,5,5,5,5,5,5,Not Rated,Not Rated,0,0, ,5,Standard,No,Optional,1,0,0,"2016/FORD/TRANSIT MEDIUM ROOF(8,10,12) PASS/2016 Ford Transit Medium Roof(8,10,12) Pass WAGON RWD.png"
10049,2016,GMC,ACADIA,2016 GMC Acadia SUV AWD,,5,5,5,5,5,5,5,5,5,5,4,Not Rated,0.155,0,No Tip,5,Standard,Optional,Optional,234,4,0,2016/GMC/ACADIA/2016 GMC Acadia SUV AWD.png
10050,2016,GMC,ACADIA,2016 GMC Acadia SUV FWD,,5,5,5,5,5,5,5,5,5,5,4,Not Rated,0.169,0,No Tip,5,Standard,Optional,Optional,234,4,0,2016/GMC/ACADIA/2016 GMC Acadia SUV FWD.png
10051,2016,GMC,ACADIA DENALI,2016 GMC Acadia Denali SUV AWD,,5,5,5,5,5,5,5,5,5,5,4,Not Rated,0.155,0,No Tip,5,Standard,Standard,Optional,220,3,0,2016/GMC/ACADIA DENALI/2016 GMC Acadia Denali SUV AWD.png
10052,2016,GMC,ACADIA DENALI,2016 GMC Acadia Denali SUV FWD,,5,5,5,5,5,5,5,5,5,5,4,Not Rated,0.169,0,No Tip,5,Standard,Standard,Optional,220,3,0,2016/GMC/ACADIA DENALI/2016 GMC Acadia Denali SUV FWD.png
10313,2016,GMC,CANYON,2016 GMC Canyon PU/EC 4WD,,4,4,5,4,5,5,5,5,5,5,3,Not Rated,0.214,0,No Tip,5,Standard,Optional,Optional,267,4,0,2016/GMC/CANYON/2016 GMC Canyon PU_EC 4WD.png
10314,2016,GMC,CANYON,2016 GMC Canyon PU/EC RWD,,4,4,5,4,5,5,5,5,5,5,3,Not Rated,0.22,0,No Tip,5,Standard,Optional,Optional,267,4,0,2016/GMC/CANYON/2016 GMC Canyon PU_EC RWD.png
10429,2016,GMC,CANYON,2016 GMC Canyon PU/CC RWD,,4,4,4,4,5,5,5,5,5,5,3,Not Rated,0.219,0,No Tip,5,Standard,Optional,Optional,267,4,0,2016/GMC/CANYON/2016 GMC Canyon PU_CC RWD.png
10430,2016,GMC,CANYON,2016 GMC Canyon PU/CC 4WD,,4,4,4,4,5,5,5,5,5,5,3,Not Rated,0.212,0,No Tip,5,Standard,Optional,Optional,267,4,0,2016/GMC/CANYON/2016 GMC Canyon PU_CC 4WD.png
10431,2016,GMC,SAVANA CARGO G23405,2016 GMC Savana Cargo G23405 VAN RWD,,Not Rated,Not Rated,Not Rated,Not Rated,Not Rated,Not Rated,Not Rated,Not Rated,Not Rated,Not Rated,Not Rated,Not Rated,0,0, ,Not Rated,Standard,No,No,6,7,1,2016/GMC/SAVANA CARGO G23405/2016 GMC Savana Cargo G23405 VAN RWD.png
10432,2016,GMC,SAVANA CARGO G23705,2016 GMC Savana Cargo G23705 VAN RWD,,Not Rated,Not Rated,Not Rated,Not Rated,Not Rated,Not Rated,Not Rated,Not Rated,Not Rated,Not Rated,Not Rated,Not Rated,0,0, ,Not Rated,Standard,No,No,6,7,1,2016/GMC/SAVANA CARGO G23705/2016 GMC Savana Cargo G23705 VAN RWD.png
10433,2016,GMC,SAVANA CARGO G33405,2016 GMC Savana Cargo G33405 VAN RWD,,Not Rated,Not Rated,Not Rated,Not Rated,Not Rated,Not Rated,Not Rated,Not Rated,Not Rated,Not Rated,Not Rated,Not Rated,0,0, ,Not Rated,Standard,No,No,6,7,1,2016/GMC/SAVANA CARGO G33405/2016 GMC Savana Cargo G33405 VAN RWD.png
10545,2016,GMC,SAVANA CARGO G33705,2016 GMC Savana Cargo G33705 VAN RWD,,Not Rated,Not Rated,Not Rated,Not Rated,Not Rated,Not Rated,Not Rated,Not Rated,Not Rated,Not Rated,Not Rated,Not Rated,0,0, ,Not Rated,Standard,No,No,6,7,1,2016/GMC/SAVANA CARGO G33705/2016 GMC Savana Cargo G33705 VAN RWD.png
10310,2016,GMC,SAVANA PASSENGER 2500,2016 GMC Savana Passenger 2500 VAN RWD,,Not Rated,Not Rated,Not Rated,Not Rated,Not Rated,Not Rated,Not Rated,Not Rated,Not Rated,Not Rated,3,Not Rated,0.292,0,No Tip,Not Rated,Standard,No,No,6,7,1,2016/GMC/SAVANA PASSENGER 2500/2016 GMC Savana Passenger 2500 VAN RWD.png
10311,2016,GMC,SAVANA PASSENGER 3500 12 PASS,2016 GMC Savana Passenger 3500 12 PASS VAN RWD,,Not Rated,Not Rated,Not Rated,Not Rated,Not Rated,Not Rated,Not Rated,Not Rated,Not Rated,Not Rated,3,Not Rated,0.292,0,No Tip,Not Rated,Standard,No,No,6,7,1,2016/GMC/SAVANA PASSENGER 3500 12 PASS/2016 GMC Savana Passenger 3500 12 PASS VAN RWD.png
10312,2016,GMC,SAVANA PASSENGER 3500 15 PASS,2016 GMC Savana Passenger 3500 15 PASS VAN RWD,,Not Rated,Not Rated,Not Rated,Not Rated,Not Rated,Not Rated,Not Rated,Not Rated,Not Rated,Not Rated,3,Not Rated,0.279,0,No Tip,Not Rated,Standard,No,No,6,7,1,2016/GMC/SAVANA PASSENGER 3500 15 PASS/2016 GMC Savana Passenger 3500 15 PASS VAN RWD.png
10546,2016,GMC,SIERRA 1500,2016 GMC Sierra 1500 PU/RC 4WD,,5,5,5,5,5,5,Not Rated,5,Not Rated,5,4,Not Rated,0.174,0,No Tip,4,Standard,Optional,Optional,374,9,1,2016/GMC/SIERRA 1500/2016 GMC Sierra 1500 PU_RC 4WD.png
10547,2016,GMC,SIERRA 1500,2016 GMC Sierra 1500 PU/RC RWD,,5,5,5,5,5,5,Not Rated,5,Not Rated,5,4,Not Rated,0.179,0,No Tip,4,Standard,Optional,Optional,374,9,1,2016/GMC/SIERRA 1500/2016 GMC Sierra 1500 PU_RC RWD.png
10548,2016,GMC,SIERRA 1500,2016 GMC Sierra 1500 PU/CC 4WD,,5,5,5,5,5,5,5,5,5,5,4,Not Rated,0.174,0,No Tip,5,Standard,Optional,Optional,374,9,1,2016/GMC/SIERRA 1500/2016 GMC Sierra 1500 PU_CC 4WD.png
10549,2016,GMC,SIERRA 1500,2016 GMC Sierra 1500 PU/EC 4WD,,5,5,5,5,5,5,5,5,5,5,4,Not Rated,0.179,0,No Tip,4,Standard,Optional,Optional,374,9,1,2016/GMC/SIERRA 1500/2016 GMC Sierra 1500 PU_EC 4WD.png
10550,2016,GMC,SIERRA 1500,2016 GMC Sierra 1500 PU/CC RWD,,5,5,5,5,5,5,5,5,5,5,4,Not Rated,0.179,0,No Tip,5,Standard,Optional,Optional,374,9,1,2016/GMC/SIERRA 1500/2016 GMC Sierra 1500 PU_CC RWD.png
10551,2016,GMC,SIERRA 1500,2016 GMC Sierra 1500 PU/EC RWD,,5,5,5,5,5,5,5,5,5,5,4,Not Rated,0.174,0,No Tip,4,Standard,Optional,Optional,374,9,1,2016/GMC/SIERRA 1500/2016 GMC Sierra 1500 PU_EC RWD.png
10912,2016,GMC,SIERRA 1500,2016 GMC Sierra 1500 Hybrid PU/CC RWD,,5,5,5,5,5,5,5,5,5,5,4,Not Rated,0.179,0,No Tip,5,Standard,Optional,Optional,45,0,0,2016/GMC/SIERRA 1500/2016 GMC Sierra 1500 Hybrid PU_CC RWD.png
10315,2016,GMC,SIERRA 2500,2016 GMC Sierra 2500 PU/EC RWD,,4,4,4,4,5,5,5,5,5,5,3,Not Rated,0.204,0,No Tip,5,Standard,Optional,Optional,65,7,0,2016/GMC/SIERRA 2500/2016 GMC Sierra 2500 PU_EC RWD.png
10316,2016,GMC,SIERRA 2500,2016 GMC Sierra 2500 PU/EC 4WD,,4,4,4,4,5,5,5,5,5,5,3,Not Rated,0.204,0,No Tip,5,Standard,Optional,Optional,65,7,0,2016/GMC/SIERRA 2500/2016 GMC Sierra 2500 PU_EC 4WD.png
10317,2016,GMC,SIERRA 2500,2016 GMC Sierra 2500 PU/RC 4WD,,4,4,4,4,5,5,Not Rated,5,Not Rated,5,3,Not Rated,0.204,0,No Tip,5,Standard,Optional,Optional,65,7,0,2016/GMC/SIERRA 2500/2016 GMC Sierra 2500 PU_RC 4WD.png
10318,2016,GMC,SIERRA 2500,2016 GMC Sierra 2500 PU/RC RWD,,4,4,4,4,5,5,Not Rated,5,Not Rated,5,3,Not Rated,0.204,0,No Tip,5,Standard,Optional,Optional,65,7,0,2016/GMC/SIERRA 2500/2016 GMC Sierra 2500 PU_RC RWD.png
10319,2016,GMC,SIERRA 2500,2016 GMC Sierra 2500 PU/CC 4WD,,4,4,4,4,5,5,5,5,5,5,3,Not Rated,0.205,0,No Tip,5,Standard,Optional,Optional,65,7,0,2016/GMC/SIERRA 2500/2016 GMC Sierra 2500 PU_CC 4WD.png
10320,2016,GMC,SIERRA 2500,2016 GMC Sierra 2500 PU/CC RWD,,4,4,4,4,5,5,5,5,5,5,3,Not Rated,0.207,0,No Tip,5,Standard,Optional,Optional,65,7,0,2016/GMC/SIERRA 2500/2016 GMC Sierra 2500 PU_CC RWD.png
10552,2016,GMC,SIERRA 3500,2016 GMC Sierra 3500 PU/RC RWD,,Not Rated,Not Rated,Not Rated,Not Rated,Not Rated,Not Rated,Not Rated,Not Rated,Not Rated,Not Rated,Not Rated,Not Rated,0,0, ,Not Rated,Standard,No,No,25,8,0,2016/GMC/SIERRA 3500/2016 GMC Sierra 3500 PU_RC RWD.png
10553,2016,GMC,SIERRA 3500,2016 GMC Sierra 3500 PU/EC RWD,,Not Rated,Not Rated,Not Rated,Not Rated,Not Rated,Not Rated,Not Rated,Not Rated,Not Rated,Not Rated,Not Rated,Not Rated,0,0, ,Not Rated,Standard,No,No,25,8,0,2016/GMC/SIERRA 3500/2016 GMC Sierra 3500 PU_EC RWD.png
10554,2016,GMC,SIERRA 3500,2016 GMC Sierra 3500 PU/CC RWD,,Not Rated,Not Rated,Not Rated,Not Rated,Not Rated,Not Rated,Not Rated,Not Rated,Not Rated,Not Rated,Not Rated,Not Rated,0,0, ,Not Rated,Standard,No,No,25,8,0,2016/GMC/SIERRA 3500/2016 GMC Sierra 3500 PU_CC RWD.png
10555,2016,GMC,SIERRA 3500,2016 GMC Sierra 3500 PU/EC 4WD,,Not Rated,Not Rated,Not Rated,Not Rated,Not Rated,Not Rated,Not Rated,Not Rated,Not Rated,Not Rated,Not Rated,Not Rated,0,0, ,Not Rated,Standard,No,No,25,8,0,2016/GMC/SIERRA 3500/2016 GMC Sierra 3500 PU_EC 4WD.png
10556,2016,GMC,SIERRA 3500,2016 GMC Sierra 3500 PU/RC 4WD,,Not Rated,Not Rated,Not Rated,Not Rated,Not Rated,Not Rated,Not Rated,Not Rated,Not Rated,Not Rated,Not Rated,Not Rated,0,0, ,Not Rated,Standard,No,No,25,8,0,2016/GMC/SIERRA 3500/2016 GMC Sierra 3500 PU_RC 4WD.png
10557,2016,GMC,SIERRA 3500,2016 GMC Sierra 3500 PU/CC 4WD,,Not Rated,Not Rated,Not Rated,Not Rated,Not Rated,Not Rated,Not Rated,Not Rated,Not Rated,Not Rated,Not Rated,Not Rated,0,0, ,Not Rated,Standard,No,No,25,8,0,2016/GMC/SIERRA 3500/2016 GMC Sierra 3500 PU_CC 4WD.png
10300,2016,GMC,TERRAIN,2016 GMC Terrain SUV FWD,,4,4,5,4,5,4,5,4,5,5,4,Not Rated,0.191,0,No Tip,5,Standard,Optional,Optional,150,2,2,2016/GMC/TERRAIN/2016 GMC Terrain SUV FWD.png
10301,2016,GMC,TERRAIN,2016 GMC Terrain SUV AWD,,4,4,5,4,5,4,5,4,5,5,4,Not Rated,0.174,0,No Tip,5,Standard,Optional,Optional,150,2,2,2016/GMC/TERRAIN/2016 GMC Terrain SUV AWD.png
10302,2016,GMC,YUKON,2016 GMC Yukon SUV 4WD,,4,5,5,5,5,5,5,5,5,5,3,Not Rated,0.222,0,No Tip,5,Standard,Optional,Optional,265,5,1,2016/GMC/YUKON/2016 GMC Yukon SUV 4WD.png
10303,2016,GMC,YUKON,2016 GMC Yukon SUV RWD,,4,5,5,5,5,5,5,5,5,5,3,Not Rated,0.229,0,No Tip,5,Standard,Optional,Optional,265,5,1,2016/GMC/YUKON/2016 GMC Yukon SUV RWD.png
10304,2016,GMC,YUKON DENALI,2016 GMC Yukon Denali SUV 4WD,,4,5,5,5,5,5,5,5,5,5,3,Not Rated,0.222,0,No Tip,5,Standard,Standard,Optional,269,5,1,2016/GMC/YUKON DENALI/2016 GMC Yukon Denali SUV 4WD.png
10305,2016,GMC,YUKON DENALI,2016 GMC Yukon Denali SUV RWD,,4,5,5,5,5,5,5,5,5,5,3,Not Rated,0.229,0,No Tip,5,Standard,Standard,Optional,269,5,1,2016/GMC/YUKON DENALI/2016 GMC Yukon Denali SUV RWD.png
10306,2016,GMC,YUKON DENALI XL 1500,2016 GMC Yukon Denali XL 1500 SUV 4WD,,4,4,4,4,5,5,5,5,5,5,3,Not Rated,0.212,0,No Tip,4,Standard,Optional,Optional,497,5,1,2016/GMC/YUKON DENALI XL 1500/2016 GMC Yukon Denali XL 1500 SUV 4WD.png
10307,2016,GMC,YUKON DENALI XL 1500,2016 GMC Yukon Denali XL 1500 SUV RWD,,4,4,4,4,5,5,5,5,5,5,3,Not Rated,0.203,0,No Tip,4,Standard,Optional,Optional,497,5,1,2016/GMC/YUKON DENALI XL 1500/2016 GMC Yukon Denali XL 1500 SUV RWD.png
10308,2016,GMC,YUKON XL 1500,2016 GMC Yukon XL 1500 SUV RWD,,4,4,4,4,5,5,5,5,5,5,3,Not Rated,0.212,0,No Tip,4,Standard,Optional,Optional,450,5,1,2016/GMC/YUKON XL 1500/2016 GMC Yukon XL 1500 SUV RWD.png
10309,2016,GMC,YUKON XL 1500,2016 GMC Yukon XL 1500 SUV 4WD,,4,4,4,4,5,5,5,5,5,5,3,Not Rated,0.203,0,No Tip,4,Standard,Optional,Optional,450,5,1,2016/GMC/YUKON XL 1500/2016 GMC Yukon XL 1500 SUV 4WD.png
10168,2016,HONDA,ACCORD,2016 Honda Accord 2 DR FWD,,5,5,5,5,5,5,5,5,5,5,5,Not Rated,0.099,0,No Tip,5,Standard,Optional,Optional,593,4,0,2016/HONDA/ACCORD/2016 Honda Accord 2 DR FWD.png
10169,2016,HONDA,ACCORD,2016 Honda Accord 4 DR FWD,,5,4,4,4,5,5,5,5,5,5,5,Not Rated,0.099,0,No Tip,5,Standard,Optional,Optional,593,4,0,2016/HONDA/ACCORD/2016 Honda Accord 4 DR FWD.png
10558,2016,HONDA,CIVIC,2016 Honda Civic 4 DR FWD,,5,5,5,5,5,5,5,5,5,5,5,Not Rated,0.095,0,No Tip,5,Standard,Optional,Optional,1070,5,0,2016/HONDA/CIVIC/2016 Honda Civic 4 DR FWD.png
10559,2016,HONDA,CIVIC,2016 Honda Civic 2 DR FWD,,5,4,5,4,5,5,4,5,4,5,5,Not Rated,0.093,0,No Tip,5,Standard,Optional,Optional,1070,5,0,2016/HONDA/CIVIC/2016 Honda Civic 2 DR FWD.png
10170,2016,HONDA,CR-V,2016 Honda CR-V SUV AWD,,5,5,5,5,5,5,5,5,5,5,4,Not Rated,0.174,0,No Tip,5,Standard,Optional,Optional,389,3,1,2016/HONDA/CR-V/2016 Honda CR-V SUV AWD.png
10171,2016,HONDA,CR-V,2016 Honda CR-V SUV FWD,,5,5,5,5,5,5,5,5,5,5,4,Not Rated,0.174,0,No Tip,5,Standard,Optional,Optional,389,3,1,2016/HONDA/CR-V/2016 Honda CR-V SUV FWD.png
10172,2016,HONDA,CR-Z,2016 Honda CR-Z 3 HB FWD,,4,4,4,3,3,3,Not Rated,3,0,3,5,Not Rated,0.095,0,No Tip,5,Standard,No,No,2,0,1,2016/HONDA/CR-Z/2016 Honda CR-Z 3 HB FWD.png
10028,2016,HONDA,FIT,2016 Honda Fit 5 HB FWD,,5,5,5,5,5,5,5,5,5,5,4,Not Rated,0.147,0,No Tip,5,Standard,No,No,119,1,1,2016/HONDA/FIT/2016 Honda Fit 5 HB FWD.png
10330,2016,HONDA,HR-V,2016 Honda HR-V SUV FWD,,5,4,4,4,5,5,5,5,5,5,4,Not Rated,0.153,0,No Tip,5,Standard,No,No,238,2,0,2016/HONDA/HR-V/2016 Honda HR-V SUV FWD.png
10331,2016,HONDA,HR-V,2016 Honda HR-V SUV AWD,,5,4,4,4,5,5,5,5,5,5,4,Not Rated,0.135,0,No Tip,5,Standard,No,No,238,2,0,2016/HONDA/HR-V/2016 Honda HR-V SUV AWD.png
10173,2016,HONDA,ODYSSEY,2016 Honda Odyssey VAN FWD,,5,5,5,5,5,5,5,5,5,5,4,Not Rated,0.127,0,No Tip,5,Standard,Optional,Optional,264,6,1,2016/HONDA/ODYSSEY/2016 Honda Odyssey VAN FWD.png
10563,2016,HONDA,PILOT,2016 Honda Pilot SUV FWD,,5,4,5,4,5,5,5,5,5,5,4,Not Rated,0.175,0,No Tip,5,Standard,Optional,Optional,1677,8,4,2016/HONDA/PILOT/2016 Honda Pilot SUV FWD.png
10564,2016,HONDA,PILOT,2016 Honda Pilot SUV AWD,,5,4,5,4,5,5,5,5,5,5,4,Not Rated,0.164,0,No Tip,5,Standard,Optional,Optional,1677,8,4,2016/HONDA/PILOT/2016 Honda Pilot SUV AWD.png
10065,2016,HYUNDAI,ACCENT,2016 Hyundai Accent 4 DR FWD,,4,4,5,4,4,5,3,5,3,4,4,Not Rated,0.124,0,No Tip,5,Standard,No,No,99,0,0,2016/HYUNDAI/ACCENT/2016 Hyundai Accent 4 DR FWD.png
10066,2016,HYUNDAI,ACCENT 5,2016 Hyundai Accent 5 5 HB FWD,,4,4,5,4,4,5,3,5,3,4,4,Not Rated,0.124,0,No Tip,5,Standard,No,No,93,0,0,2016/HYUNDAI/ACCENT 5/2016 Hyundai Accent 5 5 HB FWD.png
10565,2016,HYUNDAI,AZERA,2016 Hyundai Azera 4 DR FWD,,Not Rated,Not Rated,Not Rated,Not Rated,Not Rated,Not Rated,Not Rated,Not Rated,Not Rated,Not Rated,Not Rated,Not Rated,0,0, ,Not Rated,Standard,Optional,Optional,15,1,0,2016/HYUNDAI/AZERA/2016 Hyundai Azera 4 DR FWD.png
10001,2016,HYUNDAI,ELANTRA,2016 Hyundai Elantra 4 DR FWD,,5,4,5,4,5,4,5,4,5,5,4,Not Rated,0.109,0,No Tip,5,Standard,No,No,290,2,1,2016/HYUNDAI/ELANTRA/2016 Hyundai Elantra 4 DR FWD.png
10002,2016,HYUNDAI,ELANTRA GT,2016 Hyundai Elantra Gt 5 HB FWD,,5,4,5,4,5,4,5,4,5,5,4,Not Rated,0.109,0,No Tip,5,Standard,No,No,267,1,0,2016/HYUNDAI/ELANTRA GT/2016 Hyundai Elantra Gt 5 HB FWD.png
10732,2016,HYUNDAI,EQUUS,2016 Hyundai Equus 4 DR RWD,,Not Rated,Not Rated,Not Rated,Not Rated,Not Rated,Not Rated,Not Rated,Not Rated,Not Rated,Not Rated,Not Rated,Not Rated,0,0, ,Not Rated,Standard,No,Standard,9,0,0,2016/HYUNDAI/EQUUS/2016 Hyundai Equus 4 DR RWD.png
10061,2016,HYUNDAI,GENESIS,2016 Hyundai Genesis 4 DR RWD,,5,5,5,5,5,4,5,4,5,5,5,Not Rated,0.095,0,No Tip,5,Standard,Optional,Optional,95,3,1,2016/HYUNDAI/GENESIS/2016 Hyundai Genesis 4 DR RWD.png
10062,2016,HYUNDAI,GENESIS,2016 Hyundai Genesis 4 DR AWD,,5,5,5,5,5,4,5,4,5,5,5,Not Rated,0.095,0,No Tip,5,Standard,Optional,Optional,95,3,1,2016/HYUNDAI/GENESIS/2016 Hyundai Genesis 4 DR AWD.png
10063,2016,HYUNDAI,GENESIS,2016 Hyundai Genesis 2 DR RWD,,Not Rated,Not Rated,Not Rated,Not Rated,Not Rated,Not Rated,Not Rated,Not Rated,Not Rated,Not Rated,5,Not Rated,0.082,0,No Tip,Not Rated,Standard,No,No,95,3,1,2016/HYUNDAI/GENESIS/2016 Hyundai Genesis 2 DR RWD.png
10698,2016,HYUNDAI,SANTA FE,2016 Hyundai Santa Fe SUV FWD,,Not Rated,Not Rated,Not Rated,Not Rated,Not Rated,Not Rated,Not Rated,Not Rated,Not Rated,Not Rated,Not Rated,Not Rated,0,0, ,Not Rated,Standard,No,No,235,3,3,2016/HYUNDAI/SANTA FE/2016 Hyundai Santa Fe SUV FWD.png
10699,2016,HYUNDAI,SANTA FE,2016 Hyundai Santa Fe SUV AWD,,Not Rated,Not Rated,Not Rated,Not Rated,Not Rated,Not Rated,Not Rated,Not Rated,Not Rated,Not Rated,Not Rated,Not Rated,0,0, ,Not Rated,Standard,No,No,235,3,3,2016/HYUNDAI/SANTA FE/2016 Hyundai Santa Fe SUV AWD.png
10017,2016,HYUNDAI,SANTA FE SPORT,2016 Hyundai Santa Fe Sport SUV FWD,,5,5,5,4,5,5,5,5,5,5,4,Not Rated,0.151,0,No Tip,5,Standard,No,No,65,1,2,2016/HYUNDAI/SANTA FE SPORT/2016 Hyundai Santa Fe Sport SUV FWD.png
10018,2016,HYUNDAI,SANTA FE SPORT,2016 Hyundai Santa Fe Sport SUV AWD,,5,5,5,4,5,5,5,5,5,5,4,Not Rated,0.143,0,No Tip,5,Standard,No,No,65,1,2,2016/HYUNDAI/SANTA FE SPORT/2016 Hyundai Santa Fe Sport SUV AWD.png
10064,2016,HYUNDAI,SONATA,2016 Hyundai Sonata 4 DR FWD,,5,5,5,5,5,5,5,5,5,5,4,Not Rated,0.105,0,No Tip,5,Standard,Optional,Optional,716,6,4,2016/HYUNDAI/SONATA/2016 Hyundai Sonata 4 DR FWD.png
10019,2016,HYUNDAI,SONATA HYBRID,2016 Hyundai Sonata Hybrid 4 DR FWD,,5,5,5,5,5,5,5,5,5,5,4,Not Rated,0.105,0,No Tip,5,Standard,Optional,Optional,131,5,4,2016/HYUNDAI/SONATA HYBRID/2016 Hyundai Sonata Hybrid 4 DR FWD.png
10700,2016,HYUNDAI,SONATA PLUG-IN,2016 Hyundai Sonata Plug-in Hybrid 4 DR FWD,,Not Rated,Not Rated,Not Rated,Not Rated,Not Rated,Not Rated,Not Rated,Not Rated,Not Rated,Not Rated,Not Rated,Not Rated,0,0, ,Not Rated,Standard,Optional,Optional,157,6,4,2016/HYUNDAI/SONATA PLUG-IN/2016 Hyundai Sonata Plug-in Hybrid 4 DR FWD.png
10701,2016,HYUNDAI,TUCSON,2016 Hyundai Tucson SUV FWD,,5,5,5,5,5,5,5,5,5,5,4,Not Rated,0.155,0,No Tip,4,Standard,Optional,Optional,1615,5,1,2016/HYUNDAI/TUCSON/2016 Hyundai Tucson SUV FWD.png
10702,2016,HYUNDAI,TUCSON,2016 Hyundai Tucson SUV AWD,,5,5,5,5,5,5,5,5,5,5,4,Not Rated,0.162,0,No Tip,4,Standard,Optional,Optional,1615,5,1,2016/HYUNDAI/TUCSON/2016 Hyundai Tucson SUV AWD.png
10703,2016,HYUNDAI,TUCSON FUEL CELL,2016 Hyundai Tucson Fuel Cell SUV FWD,,Not Rated,Not Rated,Not Rated,Not Rated,Not Rated,Not Rated,Not Rated,Not Rated,Not Rated,Not Rated,Not Rated,Not Rated,0,0, ,Not Rated,Standard,No,No,1536,5,1,2016/HYUNDAI/TUCSON FUEL CELL/2016 Hyundai Tucson Fuel Cell SUV FWD.png
10016,2016,HYUNDAI,VELOSTER,2016 Hyundai VELOSTER 3 C FWD,,5,4,4,5,5,5,5,5,5,5,4,Not Rated,0.105,0,No Tip,5,Standard,No,No,221,1,1,2016/HYUNDAI/VELOSTER/2016 Hyundai VELOSTER 3 C FWD.png
10704,2016,INFINITI,Q50,2016 Infiniti Q50 4 DR AWD,,Not Rated,Not Rated,Not Rated,Not Rated,5,5,5,5,5,5,5,Not Rated,0.097,0,No Tip,5,Standard,Optional,Optional,39,4,0,2016/INFINITI/Q50/2016 Infiniti Q50 4 DR AWD.png
10705,2016,INFINITI,Q50,2016 Infiniti Q50 4 DR RWD,,Not Rated,Not Rated,Not Rated,Not Rated,5,5,5,5,5,5,5,Not Rated,0.097,0,No Tip,5,Standard,Optional,Optional,39,4,0,2016/INFINITI/Q50/2016 Infiniti Q50 4 DR RWD.png
10201,2016,INFINITI,Q70,2016 Infiniti Q70 4 DR AWD,,5,4,5,4,5,5,5,5,5,5,4,Not Rated,0.113,0,No Tip,5,Standard,Optional,Optional,3,1,0,2016/INFINITI/Q70/2016 Infiniti Q70 4 DR AWD.png
10202,2016,INFINITI,Q70,2016 Infiniti Q70 4 DR RWD,,5,4,5,4,5,5,5,5,5,5,4,Not Rated,0.113,0,No Tip,5,Standard,Optional,Optional,3,1,0,2016/INFINITI/Q70/2016 Infiniti Q70 4 DR RWD.png
10203,2016,INFINITI,Q70L,2016 Infiniti Q70L 4 DR AWD,,Not Rated,4,5,4,Not Rated,Not Rated,Not Rated,Not Rated,Not Rated,Not Rated,4,Not Rated,0.113,0,No Tip,Not Rated,Standard,Optional,Optional,3,1,0,2016/INFINITI/Q70L/2016 Infiniti Q70L 4 DR AWD.png
10204,2016,INFINITI,Q70L,2016 Infiniti Q70L 4 DR RWD,,Not Rated,4,5,4,Not Rated,Not Rated,Not Rated,Not Rated,Not Rated,Not Rated,4,Not Rated,0.113,0,No Tip,Not Rated,Standard,Optional,Optional,3,1,0,2016/INFINITI/Q70L/2016 Infiniti Q70L 4 DR RWD.png
10205,2016,INFINITI,QX50,2016 Infiniti QX50 SW AWD,,Not Rated,Not Rated,Not Rated,Not Rated,Not Rated,Not Rated,Not Rated,Not Rated,Not Rated,Not Rated,4,Not Rated,0.13,0,No Tip,Not Rated,Standard,Optional,Optional,19,0,0,2016/INFINITI/QX50/2016 Infiniti QX50 SW AWD.png
10206,2016,INFINITI,QX50,2016 Infiniti QX50 SW RWD,,Not Rated,Not Rated,Not Rated,Not Rated,Not Rated,Not Rated,Not Rated,Not Rated,Not Rated,Not Rated,4,Not Rated,0.13,0,No Tip,Not Rated,Standard,Optional,Optional,19,0,0,2016/INFINITI/QX50/2016 Infiniti QX50 SW RWD.png
10199,2016,INFINITI,QX60,2016 Infiniti QX60 SUV AWD,,5,4,4,5,5,5,5,5,5,5,4,Not Rated,0.179,0,No Tip,5,Standard,Optional,Optional,29,1,0,2016/INFINITI/QX60/2016 Infiniti QX60 SUV AWD.png
10200,2016,INFINITI,QX60,2016 Infiniti QX60 SUV FWD,,5,4,4,5,5,5,5,5,5,5,4,Not Rated,0.174,0,No Tip,5,Standard,Optional,Optional,29,1,0,2016/INFINITI/QX60/2016 Infiniti QX60 SUV FWD.png
10706,2016,INFINITI,QX70,2016 Infiniti QX70 SUV AWD,,Not Rated,Not Rated,Not Rated,Not Rated,Not Rated,Not Rated,Not Rated,Not Rated,Not Rated,Not Rated,Not Rated,Not Rated,0,0, ,Not Rated,Standard,Optional,Optional,1,0,0,2016/INFINITI/QX70/2016 Infiniti QX70 SUV AWD.png
10707,2016,INFINITI,QX70,2016 Infiniti QX70 SUV RWD,,Not Rated,Not Rated,Not Rated,Not Rated,Not Rated,Not Rated,Not Rated,Not Rated,Not Rated,Not Rated,Not Rated,Not Rated,0,0, ,Not Rated,Standard,Optional,Optional,1,0,0,2016/INFINITI/QX70/2016 Infiniti QX70 SUV RWD.png
10708,2016,INFINITI,QX80,2016 Infiniti QX80 SUV RWD,,Not Rated,Not Rated,Not Rated,Not Rated,Not Rated,Not Rated,Not Rated,Not Rated,Not Rated,Not Rated,Not Rated,Not Rated,0,0, ,Not Rated,Standard,Optional,Optional,14,1,0,2016/INFINITI/QX80/2016 Infiniti QX80 SUV RWD.png
10720,2016,INFINITI,QX80,2016 Infiniti QX80 SUV AWD,,Not Rated,Not Rated,Not Rated,Not Rated,Not Rated,Not Rated,Not Rated,Not Rated,Not Rated,Not Rated,Not Rated,Not Rated,0,0, ,Not Rated,Standard,Optional,Optional,14,1,0,2016/INFINITI/QX80/2016 Infiniti QX80 SUV AWD.png
10721,2016,JAGUAR,F-TYPE,2016 Jaguar F-Type C RWD,,Not Rated,Not Rated,Not Rated,Not Rated,Not Rated,Not Rated,Not Rated,Not Rated,Not Rated,Not Rated,Not Rated,Not Rated,0,0, ,Not Rated,Standard,No,No,2,0,0,2016/JAGUAR/F-TYPE/2016 Jaguar F-Type C RWD.png
10722,2016,JAGUAR,F-TYPE,2016 Jaguar F-Type 2 DR RWD,,Not Rated,Not Rated,Not Rated,Not Rated,Not Rated,Not Rated,Not Rated,Not Rated,Not Rated,Not Rated,Not Rated,Not Rated,0,0, ,Not Rated,Standard,No,No,11,1,0,2016/JAGUAR/F-TYPE/2016 Jaguar F-Type 2 DR RWD.png
10723,2016,JAGUAR,XF,2016 Jaguar XF 4 DR AWD,,Not Rated,Not Rated,Not Rated,Not Rated,Not Rated,Not Rated,Not Rated,Not Rated,Not Rated,Not Rated,Not Rated,Not Rated,0,0, ,Not Rated,Standard,No,No,5,0,1,2016/JAGUAR/XF/2016 Jaguar XF 4 DR AWD.png
10724,2016,JAGUAR,XF,2016 Jaguar XF 4 DR RWD,,Not Rated,Not Rated,Not Rated,Not Rated,Not Rated,Not Rated,Not Rated,Not Rated,Not Rated,Not Rated,Not Rated,Not Rated,0,0, ,Not Rated,Standard,No,No,5,0,1,2016/JAGUAR/XF/2016 Jaguar XF 4 DR RWD.png
10725,2016,JAGUAR,XJ (LWB),2016 Jaguar XJ (LWB) 4 DR RWD,,Not Rated,Not Rated,Not Rated,Not Rated,Not Rated,Not Rated,Not Rated,Not Rated,Not Rated,Not Rated,Not Rated,Not Rated,0,0, ,Not Rated,Standard,No,No,8,2,0,2016/JAGUAR/XJ (LWB)/2016 Jaguar XJ (LWB) 4 DR RWD.png
10726,2016,JAGUAR,XJ (LWB),2016 Jaguar XJ (LWB) 4 DR AWD,,Not Rated,Not Rated,Not Rated,Not Rated,Not Rated,Not Rated,Not Rated,Not Rated,Not Rated,Not Rated,Not Rated,Not Rated,0,0, ,Not Rated,Standard,No,No,8,2,0,2016/JAGUAR/XJ (LWB)/2016 Jaguar XJ (LWB) 4 DR AWD.png
10727,2016,JAGUAR,XJ (SWB),2016 Jaguar XJ (SWB) 4 DR AWD,,Not Rated,Not Rated,Not Rated,Not Rated,Not Rated,Not Rated,Not Rated,Not Rated,Not Rated,Not Rated,Not Rated,Not Rated,0,0, ,Not Rated,Standard,No,No,8,2,0,2016/JAGUAR/XJ (SWB)/2016 Jaguar XJ (SWB) 4 DR AWD.png
10728,2016,JAGUAR,XJ (SWB),2016 Jaguar XJ (SWB) 4 DR RWD,,Not Rated,Not Rated,Not Rated,Not Rated,Not Rated,Not Rated,Not Rated,Not Rated,Not Rated,Not Rated,Not Rated,Not Rated,0,0, ,Not Rated,Standard,No,No,8,2,0,2016/JAGUAR/XJ (SWB)/2016 Jaguar XJ (SWB) 4 DR RWD.png
10160,2016,JEEP,CHEROKEE,2016 Jeep Cherokee SUV 4WD,,4,4,4,4,5,5,5,5,5,5,4,Not Rated,0.169,0,No Tip,5,Standard,Optional,Optional,1401,9,2,2016/JEEP/CHEROKEE/2016 Jeep Cherokee SUV 4WD.png
10161,2016,JEEP,CHEROKEE,2016 Jeep Cherokee SUV 2WD,,4,4,4,4,5,5,5,5,5,5,4,Not Rated,0.174,0,No Tip,5,Standard,Optional,Optional,1401,9,2,2016/JEEP/CHEROKEE/2016 Jeep Cherokee SUV 2WD.png
10162,2016,JEEP,COMPASS,2016 Jeep Compass SUV 2WD,,Not Rated,3,3,3,Not Rated,Not Rated,Not Rated,Not Rated,Not Rated,Not Rated,4,Not Rated,0.185,0,No Tip,Not Rated,Standard,No,No,290,1,4,2016/JEEP/COMPASS/2016 Jeep Compass SUV 2WD.png
10163,2016,JEEP,COMPASS,2016 Jeep Compass SUV 4WD,,Not Rated,3,3,3,Not Rated,Not Rated,Not Rated,Not Rated,Not Rated,Not Rated,4,Not Rated,0.164,0,No Tip,Not Rated,Standard,No,No,290,1,4,2016/JEEP/COMPASS/2016 Jeep Compass SUV 4WD.png
10913,2016,JEEP,GRAND CHEROKEE,2016 Jeep Grand Cherokee SUV 4WD,,5,5,5,5,5,5,5,5,5,5,4,Not Rated,0.169,0,No Tip,5,Standard,Optional,No,308,9,3,2016/JEEP/GRAND CHEROKEE/2016 Jeep Grand Cherokee SUV 4WD.png
10914,2016,JEEP,GRAND CHEROKEE,2016 Jeep Grand Cherokee SUV 2WD,,4,5,5,5,5,5,5,5,5,5,3,Not Rated,0.204,0,No Tip,5,Standard,Optional,No,308,9,3,2016/JEEP/GRAND CHEROKEE/2016 Jeep Grand Cherokee SUV 2WD.png
10915,2016,JEEP,GRAND CHEROKEE SRT,2016 Jeep Grand Cherokee SRT SUV 4WD,,Not Rated,Not Rated,Not Rated,Not Rated,Not Rated,Not Rated,Not Rated,Not Rated,Not Rated,Not Rated,Not Rated,Not Rated,0,0, ,Not Rated,Standard,Standard,No,290,9,3,2016/JEEP/GRAND CHEROKEE SRT/2016 Jeep Grand Cherokee SRT SUV 4WD.png
10164,2016,JEEP,PATRIOT,2016 Jeep Patriot SUV 4WD,,4,3,3,4,5,5,5,5,5,5,3,Not Rated,0.219,0,No Tip,5,Standard,No,No,455,1,4,2016/JEEP/PATRIOT/2016 Jeep Patriot SUV 4WD.png
10165,2016,JEEP,PATRIOT,2016 Jeep Patriot SUV 2WD,,4,3,3,4,5,5,5,5,5,5,3,Not Rated,0.219,0,No Tip,5,Standard,No,No,455,1,4,2016/JEEP/PATRIOT/2016 Jeep Patriot SUV 2WD.png
10729,2016,JEEP,RENEGADE,2016 Jeep Renegade SUV 2WD,,4,4,4,4,5,5,3,5,3,5,4,Not Rated,0.18,0,No Tip,5,Standard,Optional,No,429,2,0,2016/JEEP/RENEGADE/2016 Jeep Renegade SUV 2WD.png
10730,2016,JEEP,RENEGADE,2016 Jeep Renegade SUV 4WD,,4,4,4,4,5,5,3,5,3,5,3,Not Rated,0.23,0,No Tip,5,Standard,Optional,No,429,2,0,2016/JEEP/RENEGADE/2016 Jeep Renegade SUV 4WD.png
10166,2016,JEEP,WRANGLER,2016 Jeep Wrangler 2DR 4WD,,Not Rated,Not Rated,Not Rated,Not Rated,Not Rated,Not Rated,Not Rated,Not Rated,Not Rated,Not Rated,3,Not Rated,0.279,0,No Tip,Not Rated,Standard,No,No,454,5,3,2016/JEEP/WRANGLER/2016 Jeep Wrangler 2DR 4WD.png
10167,2016,JEEP,WRANGLER,2016 Jeep Wrangler 4DR 4WD,,Not Rated,Not Rated,Not Rated,Not Rated,Not Rated,Not Rated,Not Rated,Not Rated,Not Rated,Not Rated,3,Not Rated,0.279,0,No Tip,Not Rated,Standard,No,No,454,5,3,2016/JEEP/WRANGLER/2016 Jeep Wrangler 4DR 4WD.png
10731,2016,KIA,CADENZA,2016 Kia Cadenza 4 DR FWD,,Not Rated,Not Rated,Not Rated,Not Rated,Not Rated,Not Rated,Not Rated,Not Rated,Not Rated,Not Rated,Not Rated,Not Rated,0,0, ,Not Rated,Standard,No,Optional,14,2,1,2016/KIA/CADENZA/2016 Kia Cadenza 4 DR FWD.png
10010,2016,KIA,FORTE,2016 Kia Forte 4 DR FWD,,5,4,4,4,5,5,5,5,5,5,4,Not Rated,0.103,0,No Tip,5,Standard,No,No,132,1,0,2016/KIA/FORTE/2016 Kia Forte 4 DR FWD.png
10011,2016,KIA,FORTE,2016 Kia Forte 5 HB FWD,,Not Rated,Not Rated,Not Rated,Not Rated,5,4,5,4,5,5,4,Not Rated,0.103,0,No Tip,5,Standard,No,No,0,0,0,2016/KIA/FORTE/2016 Kia Forte 5 HB FWD.png
10709,2016,KIA,FORTE KOUP,2016 Kia Forte Koup 2 DR FWD,,Not Rated,Not Rated,Not Rated,Not Rated,Not Rated,Not Rated,Not Rated,Not Rated,Not Rated,Not Rated,Not Rated,Not Rated,0,0, ,Not Rated,Standard,No,No,134,1,0,2016/KIA/FORTE KOUP/2016 Kia Forte Koup 2 DR FWD.png
10710,2016,KIA,K900,2016 Kia K900 4 DR RWD,,Not Rated,Not Rated,Not Rated,Not Rated,Not Rated,Not Rated,Not Rated,Not Rated,Not Rated,Not Rated,Not Rated,Not Rated,0,0, ,Not Rated,Standard,Optional,Optional,10,3,1,2016/KIA/K900/2016 Kia K900 4 DR RWD.png
10711,2016,KIA,OPTIMA,2016 Kia Optima 4 DR FWD,,5,5,5,4,5,5,5,5,5,5,5,Not Rated,0.098,0,No Tip,5,Standard,Optional,Optional,750,5,3,2016/KIA/OPTIMA/2016 Kia Optima 4 DR FWD.png
10060,2016,KIA,OPTIMA HYBRID,2016 Kia Optima Hybrid 4 DR FWD,,5,5,5,5,5,3,5,3,5,5,5,Not Rated,0.096,0,No Tip,5,Standard,No,No,4,0,3,2016/KIA/OPTIMA HYBRID/2016 Kia Optima Hybrid 4 DR FWD.png
10012,2016,KIA,RIO,2016 Kia Rio 5 HB FWD,,4,4,4,4,5,4,5,4,5,4,4,Not Rated,0.116,0,No Tip,5,Standard,No,No,77,2,1,2016/KIA/RIO/2016 Kia Rio 5 HB FWD.png
10013,2016,KIA,RIO,2016 Kia Rio 4 DR FWD,,4,4,4,4,5,4,5,4,5,4,4,Not Rated,0.116,0,No Tip,5,Standard,No,No,77,2,1,2016/KIA/RIO/2016 Kia Rio 4 DR FWD.png
10021,2016,KIA,SEDONA,2016 Kia Sedona VAN FWD,,5,5,5,5,5,5,5,5,5,5,4,Not Rated,0.13,0,No Tip,5,Standard,Optional,Optional,289,4,1,2016/KIA/SEDONA/2016 Kia Sedona VAN FWD.png
10022,2016,KIA,SORENTO,2016 Kia Sorento SUV FWD,,5,5,5,5,5,5,5,5,5,5,4,Not Rated,0.158,0,No Tip,5,Standard,Optional,Optional,1241,8,3,2016/KIA/SORENTO/2016 Kia Sorento SUV FWD.png
10023,2016,KIA,SORENTO,2016 Kia Sorento SUV AWD,,5,5,5,5,5,5,5,5,5,5,4,Not Rated,0.15,0,No Tip,5,Standard,Optional,Optional,1241,8,3,2016/KIA/SORENTO/2016 Kia Sorento SUV AWD.png
10059,2016,KIA,SOUL,2016 Kia Soul SUV FWD,,5,5,5,4,5,5,5,5,5,5,4,Not Rated,0.147,0,No Tip,5,Standard,Optional,No,803,5,3,2016/KIA/SOUL/2016 Kia Soul SUV FWD.png
10712,2016,KIA,SOUL EV,2016 Kia Soul Ev SUV FWD,,Not Rated,Not Rated,Not Rated,Not Rated,Not Rated,Not Rated,Not Rated,Not Rated,Not Rated,Not Rated,Not Rated,Not Rated,0,0, ,Not Rated,Standard,No,No,803,5,3,2016/KIA/SOUL EV/2016 Kia Soul Ev SUV FWD.png
10014,2016,KIA,SPORTAGE,2016 Kia Sportage SUV FWD,,4,5,5,4,5,5,5,5,5,5,4,Not Rated,0.174,0,No Tip,5,Standard,No,No,130,2,2,2016/KIA/SPORTAGE/2016 Kia Sportage SUV FWD.png
10015,2016,KIA,SPORTAGE,2016 Kia Sportage SUV AWD,,5,5,5,4,5,5,5,5,5,5,4,Not Rated,0.155,0,No Tip,5,Standard,No,No,130,2,2,2016/KIA/SPORTAGE/2016 Kia Sportage SUV AWD.png
10713,2016,LAND ROVER,DISCOVERY SPORT (5 SEAT),2016 Land Rover Discovery Sport (5 Seat) SUV 4WD,,Not Rated,Not Rated,Not Rated,Not Rated,Not Rated,Not Rated,Not Rated,Not Rated,Not Rated,Not Rated,Not Rated,Not Rated,0,0, ,Not Rated,Standard,No,No,50,2,1,2016/LAND ROVER/DISCOVERY SPORT (5 SEAT)/2016 Land Rover Discovery Sport (5 Seat) SUV 4WD.png
10714,2016,LAND ROVER,DISCOVERY SPORT (7 SEAT),2016 Land Rover Discovery Sport (7 Seat) SUV 4WD,,Not Rated,Not Rated,Not Rated,Not Rated,Not Rated,Not Rated,Not Rated,Not Rated,Not Rated,Not Rated,Not Rated,Not Rated,0,0, ,Not Rated,Standard,No,No,50,2,1,2016/LAND ROVER/DISCOVERY SPORT (7 SEAT)/2016 Land Rover Discovery Sport (7 Seat) SUV 4WD.png
10715,2016,LAND ROVER,LR4 (7 SEAT),2016 Land Rover LR4 (7 Seat) SUV 4WD,,Not Rated,Not Rated,Not Rated,Not Rated,Not Rated,Not Rated,Not Rated,Not Rated,Not Rated,Not Rated,Not Rated,Not Rated,0,0, ,Not Rated,Standard,No,No,32,2,0,2016/LAND ROVER/LR4 (7 SEAT)/2016 Land Rover LR4 (7 Seat) SUV 4WD.png
10716,2016,LAND ROVER,RANGE ROVER (LWB),2016 Land Rover Range Rover (LWB) SUV 4WD,,Not Rated,Not Rated,Not Rated,Not Rated,Not Rated,Not Rated,Not Rated,Not Rated,Not Rated,Not Rated,Not Rated,Not Rated,0,0, ,Not Rated,Standard,No,No,73,12,5,2016/LAND ROVER/RANGE ROVER (LWB)/2016 Land Rover Range Rover (LWB) SUV 4WD.png
10717,2016,LAND ROVER,RANGE ROVER (SWB),2016 Land Rover Range Rover (SWB) SUV 4WD,,Not Rated,Not Rated,Not Rated,Not Rated,Not Rated,Not Rated,Not Rated,Not Rated,Not Rated,Not Rated,Not Rated,Not Rated,0,0, ,Not Rated,Standard,No,No,73,12,5,2016/LAND ROVER/RANGE ROVER (SWB)/2016 Land Rover Range Rover (SWB) SUV 4WD.png
10718,2016,LAND ROVER,RANGE ROVER EVOQUE (3-DOOR),2016 Land Rover Range Rover Evoque (3-Door) SUV 4WD,,Not Rated,Not Rated,Not Rated,Not Rated,Not Rated,Not Rated,Not Rated,Not Rated,Not Rated,Not Rated,Not Rated,Not Rated,0,0, ,Not Rated,Standard,No,No,47,1,1,2016/LAND ROVER/RANGE ROVER EVOQUE (3-DOOR)/2016 Land Rover Range Rover Evoque (3-Door) SUV 4WD.png
10719,2016,LAND ROVER,RANGE ROVER EVOQUE (5-DOOR),2016 Land Rover Range Rover Evoque (5-Door) SUV 4WD,,Not Rated,Not Rated,Not Rated,Not Rated,Not Rated,Not Rated,Not Rated,Not Rated,Not Rated,Not Rated,Not Rated,Not Rated,0,0, ,Not Rated,Standard,No,No,47,1,1,2016/LAND ROVER/RANGE ROVER EVOQUE (5-DOOR)/2016 Land Rover Range Rover Evoque (5-Door) SUV 4WD.png
10734,2016,LAND ROVER,RANGE ROVER SPORT (5 SEAT),2016 Land Rover Range Rover Sport (5 Seat) SUV 4WD,,Not Rated,Not Rated,Not Rated,Not Rated,Not Rated,Not Rated,Not Rated,Not Rated,Not Rated,Not Rated,Not Rated,Not Rated,0,0, ,Not Rated,Standard,No,No,75,11,5,2016/LAND ROVER/RANGE ROVER SPORT (5 SEAT)/2016 Land Rover Range Rover Sport (5 Seat) SUV 4WD.png
10735,2016,LAND ROVER,RANGE ROVER SPORT (7 SEAT),2016 Land Rover Range Rover Sport (7 Seat) SUV 4WD,,Not Rated,Not Rated,Not Rated,Not Rated,Not Rated,Not Rated,Not Rated,Not Rated,Not Rated,Not Rated,Not Rated,Not Rated,0,0, ,Not Rated,Standard,No,No,75,11,5,2016/LAND ROVER/RANGE ROVER SPORT (7 SEAT)/2016 Land Rover Range Rover Sport (7 Seat) SUV 4WD.png
10736,2016,LEXUS,CT200H,2016 Lexus CT200H 5 HB FWD,,Not Rated,Not Rated,Not Rated,Not Rated,Not Rated,Not Rated,Not Rated,Not Rated,Not Rated,Not Rated,Not Rated,Not Rated,0,0, ,Not Rated,Standard,Optional,No,3,0,0,2016/LEXUS/CT200H/2016 Lexus CT200H 5 HB FWD.png
10092,2016,LEXUS,ES300H,2016 Lexus ES300H 4 DR FWD,,5,4,5,4,5,5,5,5,5,5,4,Not Rated,0.111,0,No Tip,4,Standard,Optional,No,7,0,1,2016/LEXUS/ES300H/2016 Lexus ES300H 4 DR FWD.png
10093,2016,LEXUS,ES350,2016 Lexus ES350 4 DR FWD,,5,4,5,4,5,5,5,5,5,5,4,Not Rated,0.111,0,No Tip,4,Standard,Optional,No,21,1,0,2016/LEXUS/ES350/2016 Lexus ES350 4 DR FWD.png
10737,2016,LEXUS,GS200T,2016 Lexus GS200t 4 DR AWD,,Not Rated,Not Rated,Not Rated,Not Rated,Not Rated,Not Rated,Not Rated,Not Rated,Not Rated,Not Rated,Not Rated,Not Rated,0,0, ,Not Rated,Standard,Optional,Optional,2,0,0,2016/LEXUS/GS200T/2016 Lexus GS200t 4 DR AWD.png
10738,2016,LEXUS,GS200T,2016 Lexus GS200t 4 DR RWD,,Not Rated,Not Rated,Not Rated,Not Rated,Not Rated,Not Rated,Not Rated,Not Rated,Not Rated,Not Rated,Not Rated,Not Rated,0,0, ,Not Rated,Standard,Optional,Optional,2,0,0,2016/LEXUS/GS200T/2016 Lexus GS200t 4 DR RWD.png
10739,2016,LEXUS,GS350,2016 Lexus GS350 4 DR AWD,,Not Rated,Not Rated,Not Rated,Not Rated,Not Rated,Not Rated,Not Rated,Not Rated,Not Rated,Not Rated,Not Rated,Not Rated,0,0, ,Not Rated,Standard,Optional,Optional,3,0,0,2016/LEXUS/GS350/2016 Lexus GS350 4 DR AWD.png
10740,2016,LEXUS,GS350,2016 Lexus GS350 4 DR RWD,,Not Rated,Not Rated,Not Rated,Not Rated,Not Rated,Not Rated,Not Rated,Not Rated,Not Rated,Not Rated,Not Rated,Not Rated,0,0, ,Not Rated,Standard,Optional,Optional,3,0,0,2016/LEXUS/GS350/2016 Lexus GS350 4 DR RWD.png
10741,2016,LEXUS,GS450H,2016 Lexus GS450H 4 DR RWD,,Not Rated,Not Rated,Not Rated,Not Rated,Not Rated,Not Rated,Not Rated,Not Rated,Not Rated,Not Rated,Not Rated,Not Rated,0,0, ,Not Rated,Standard,Optional,Optional,0,0,1,2016/LEXUS/GS450H/2016 Lexus GS450H 4 DR RWD.png
10742,2016,LEXUS,GX460,2016 Lexus GX460 SUV AWD,,Not Rated,Not Rated,Not Rated,Not Rated,Not Rated,Not Rated,Not Rated,Not Rated,Not Rated,Not Rated,Not Rated,Not Rated,0,0, ,Not Rated,Standard,Optional,Optional,9,2,1,2016/LEXUS/GX460/2016 Lexus GX460 SUV AWD.png
10094,2016,LEXUS,IS200T,2016 Lexus IS200T 4 DR AWD,,5,4,4,4,5,5,5,5,5,5,5,Not Rated,0.097,0,No Tip,5,Standard,Optional,Optional,9,0,1,2016/LEXUS/IS200T/2016 Lexus IS200T 4 DR AWD.png
10095,2016,LEXUS,IS200T,2016 Lexus IS200T 4 DR RWD,,5,4,4,4,5,5,5,5,5,5,5,Not Rated,0.097,0,No Tip,5,Standard,Optional,Optional,9,0,1,2016/LEXUS/IS200T/2016 Lexus IS200T 4 DR RWD.png
10096,2016,LEXUS,IS300,2016 Lexus IS300 4 DR AWD,,5,4,4,4,5,5,5,5,5,5,5,Not Rated,0.097,0,No Tip,5,Standard,Optional,Optional,3,0,1,2016/LEXUS/IS300/2016 Lexus IS300 4 DR AWD.png
10097,2016,LEXUS,IS300,2016 Lexus IS300 4 DR RWD,,5,4,4,4,5,5,5,5,5,5,5,Not Rated,0.097,0,No Tip,5,Standard,Optional,Optional,3,0,1,2016/LEXUS/IS300/2016 Lexus IS300 4 DR RWD.png
10098,2016,LEXUS,IS350,2016 Lexus IS350 4 DR AWD,,5,4,4,4,5,5,5,5,5,5,5,Not Rated,0.097,0,No Tip,5,Standard,Optional,Optional,2,0,1,2016/LEXUS/IS350/2016 Lexus IS350 4 DR AWD.png
10099,2016,LEXUS,IS350,2016 Lexus IS350 4 DR RWD,,5,4,4,4,5,5,5,5,5,5,5,Not Rated,0.097,0,No Tip,5,Standard,Optional,Optional,2,0,1,2016/LEXUS/IS350/2016 Lexus IS350 4 DR RWD.png
10743,2016,LEXUS,LS460,2016 Lexus LS460 4 DR AWD,,Not Rated,Not Rated,Not Rated,Not Rated,Not Rated,Not Rated,Not Rated,Not Rated,Not Rated,Not Rated,Not Rated,Not Rated,0,0, ,Not Rated,Standard,Optional,No,6,0,0,2016/LEXUS/LS460/2016 Lexus LS460 4 DR AWD.png
10744,2016,LEXUS,LS460,2016 Lexus LS460 4 DR RWD,,Not Rated,Not Rated,Not Rated,Not Rated,Not Rated,Not Rated,Not Rated,Not Rated,Not Rated,Not Rated,Not Rated,Not Rated,0,0, ,Not Rated,Standard,Optional,No,6,0,0,2016/LEXUS/LS460/2016 Lexus LS460 4 DR RWD.png
10745,2016,LEXUS,LS460L,2016 Lexus LS460L 4 DR AWD,,Not Rated,Not Rated,Not Rated,Not Rated,Not Rated,Not Rated,Not Rated,Not Rated,Not Rated,Not Rated,Not Rated,Not Rated,0,0, ,Not Rated,Standard,Optional,Optional,6,0,0,2016/LEXUS/LS460L/2016 Lexus LS460L 4 DR AWD.png
10746,2016,LEXUS,LS460L,2016 Lexus LS460L 4 DR RWD,,Not Rated,Not Rated,Not Rated,Not Rated,Not Rated,Not Rated,Not Rated,Not Rated,Not Rated,Not Rated,Not Rated,Not Rated,0,0, ,Not Rated,Standard,Optional,Optional,6,0,0,2016/LEXUS/LS460L/2016 Lexus LS460L 4 DR RWD.png
10747,2016,LEXUS,LS600HL,2016 Lexus LS600HL 4 DR AWD,,Not Rated,Not Rated,Not Rated,Not Rated,Not Rated,Not Rated,Not Rated,Not Rated,Not Rated,Not Rated,Not Rated,Not Rated,0,0, ,Not Rated,Standard,Optional,Optional,5,0,1,2016/LEXUS/LS600HL/2016 Lexus LS600HL 4 DR AWD.png
10748,2016,LEXUS,LX570,2016 Lexus LX570 SUV AWD,,Not Rated,Not Rated,Not Rated,Not Rated,Not Rated,Not Rated,Not Rated,Not Rated,Not Rated,Not Rated,Not Rated,Not Rated,0,0, ,Not Rated,Standard,Optional,Optional,2,1,0,2016/LEXUS/LX570/2016 Lexus LX570 SUV AWD.png
10100,2016,LEXUS,NX200T,2016 Lexus NX200T SUV FWD,,5,4,4,4,5,5,5,5,5,5,4,Not Rated,0.161,0,No Tip,4,Standard,Optional,Optional,22,1,0,2016/LEXUS/NX200T/2016 Lexus NX200T SUV FWD.png
10101,2016,LEXUS,NX200T,2016 Lexus NX200T SUV AWD,,5,4,4,4,5,5,5,5,5,5,4,Not Rated,0.16,0,No Tip,4,Standard,Optional,Optional,22,1,0,2016/LEXUS/NX200T/2016 Lexus NX200T SUV AWD.png
10102,2016,LEXUS,NX300H,2016 Lexus NX300H SUV AWD,,5,4,4,4,5,5,5,5,5,5,4,Not Rated,0.16,0,No Tip,4,Standard,Optional,Optional,17,1,1,2016/LEXUS/NX300H/2016 Lexus NX300H SUV AWD.png
10103,2016,LEXUS,NX300H,2016 Lexus NX300H SUV FWD,,5,4,4,4,5,5,5,5,5,5,4,Not Rated,0.161,0,No Tip,4,Standard,Optional,Optional,17,1,1,2016/LEXUS/NX300H/2016 Lexus NX300H SUV FWD.png
10755,2016,LEXUS,RC F,2016 Lexus RC F 2 DR RWD,,Not Rated,Not Rated,Not Rated,Not Rated,Not Rated,Not Rated,Not Rated,Not Rated,Not Rated,Not Rated,Not Rated,Not Rated,0,0, ,Not Rated,Standard,Optional,Optional,1,1,1,2016/LEXUS/RC F/2016 Lexus RC F 2 DR RWD.png
10749,2016,LEXUS,RC200t,2016 Lexus RC200t 2 DR AWD,,Not Rated,Not Rated,Not Rated,Not Rated,Not Rated,Not Rated,Not Rated,Not Rated,Not Rated,Not Rated,Not Rated,Not Rated,0,0, ,Not Rated,Standard,Optional,Optional,1,0,0,2016/LEXUS/RC200t/2016 Lexus RC200t 2 DR AWD.png
10750,2016,LEXUS,RC200t,2016 Lexus RC200t 2 DR RWD,,Not Rated,Not Rated,Not Rated,Not Rated,Not Rated,Not Rated,Not Rated,Not Rated,Not Rated,Not Rated,Not Rated,Not Rated,0,0, ,Not Rated,Standard,Optional,Optional,1,0,0,2016/LEXUS/RC200t/2016 Lexus RC200t 2 DR RWD.png
10751,2016,LEXUS,RC300,2016 Lexus RC300 2 DR AWD,,Not Rated,Not Rated,Not Rated,Not Rated,Not Rated,Not Rated,Not Rated,Not Rated,Not Rated,Not Rated,Not Rated,Not Rated,0,0, ,Not Rated,Standard,Optional,Optional,1,0,1,2016/LEXUS/RC300/2016 Lexus RC300 2 DR AWD.png
10752,2016,LEXUS,RC300,2016 Lexus RC300 2 DR RWD,,Not Rated,Not Rated,Not Rated,Not Rated,Not Rated,Not Rated,Not Rated,Not Rated,Not Rated,Not Rated,Not Rated,Not Rated,0,0, ,Not Rated,Standard,Optional,Optional,1,0,1,2016/LEXUS/RC300/2016 Lexus RC300 2 DR RWD.png
10753,2016,LEXUS,RC350,2016 Lexus RC350 2 DR AWD,,Not Rated,Not Rated,Not Rated,Not Rated,Not Rated,Not Rated,Not Rated,Not Rated,Not Rated,Not Rated,Not Rated,Not Rated,0,0, ,Not Rated,Standard,Optional,Optional,1,0,1,2016/LEXUS/RC350/2016 Lexus RC350 2 DR AWD.png
10754,2016,LEXUS,RC350,2016 Lexus RC350 2 DR RWD,,Not Rated,Not Rated,Not Rated,Not Rated,Not Rated,Not Rated,Not Rated,Not Rated,Not Rated,Not Rated,Not Rated,Not Rated,0,0, ,Not Rated,Standard,Optional,Optional,1,0,1,2016/LEXUS/RC350/2016 Lexus RC350 2 DR RWD.png
10756,2016,LEXUS,RX350,2016 Lexus RX350 SUV AWD,,4,4,4,4,5,5,5,5,5,5,4,Not Rated,0.171,0,No Tip,5,Standard,Optional,No,86,3,0,2016/LEXUS/RX350/2016 Lexus RX350 SUV AWD.png
10757,2016,LEXUS,RX350,2016 Lexus RX350 SUV FWD,,4,4,4,4,5,5,5,5,5,5,4,Not Rated,0.18,0,No Tip,5,Standard,Optional,No,86,3,0,2016/LEXUS/RX350/2016 Lexus RX350 SUV FWD.png
10758,2016,LEXUS,RX450H,2016 Lexus RX450h SUV FWD,,Not Rated,Not Rated,Not Rated,Not Rated,5,5,5,5,5,5,4,Not Rated,0.18,0,No Tip,5,Standard,Optional,No,35,2,1,2016/LEXUS/RX450H/2016 Lexus RX450h SUV FWD.png
10759,2016,LEXUS,RX450H,2016 Lexus RX450h SUV AWD,,Not Rated,Not Rated,Not Rated,Not Rated,5,5,5,5,5,5,4,Not Rated,0.171,0,No Tip,5,Standard,Optional,No,35,2,1,2016/LEXUS/RX450H/2016 Lexus RX450h SUV AWD.png
10251,2016,LINCOLN,MKC,2016 Lincoln MKC SUV FWD,,4,4,5,4,5,5,5,5,5,5,4,Not Rated,0.164,0,No Tip,5,Standard,Optional,Optional,77,5,1,2016/LINCOLN/MKC/2016 Lincoln MKC SUV FWD.png
10252,2016,LINCOLN,MKC,2016 Lincoln MKC SUV AWD,,4,4,5,4,5,5,5,5,5,5,4,Not Rated,0.169,0,No Tip,5,Standard,Optional,Optional,77,5,1,2016/LINCOLN/MKC/2016 Lincoln MKC SUV AWD.png
10245,2016,LINCOLN,MKS,2016 Lincoln MKS 4 DR FWD,,5,5,5,5,5,5,5,5,5,5,4,Not Rated,0.113,0,No Tip,5,Standard,Optional,Optional,3,0,0,2016/LINCOLN/MKS/2016 Lincoln MKS 4 DR FWD.png
10246,2016,LINCOLN,MKS,2016 Lincoln MKS 4 DR AWD,,5,5,5,5,5,5,5,5,5,5,4,Not Rated,0.113,0,No Tip,5,Standard,Optional,Optional,3,0,0,2016/LINCOLN/MKS/2016 Lincoln MKS 4 DR AWD.png
10247,2016,LINCOLN,MKT,2016 Lincoln MKT SUV AWD,,Not Rated,Not Rated,Not Rated,Not Rated,Not Rated,Not Rated,Not Rated,Not Rated,Not Rated,Not Rated,4,Not Rated,0.151,0,No Tip,Not Rated,Standard,Optional,Optional,9,3,0,2016/LINCOLN/MKT/2016 Lincoln MKT SUV AWD.png
10248,2016,LINCOLN,MKT,2016 Lincoln MKT SUV FWD,,Not Rated,Not Rated,Not Rated,Not Rated,Not Rated,Not Rated,Not Rated,Not Rated,Not Rated,Not Rated,4,Not Rated,0.164,0,No Tip,Not Rated,Standard,Optional,Optional,9,3,0,2016/LINCOLN/MKT/2016 Lincoln MKT SUV FWD.png
10249,2016,LINCOLN,MKX,2016 Lincoln MKX SUV AWD,,5,5,5,5,5,5,5,5,5,5,4,Not Rated,0.155,0,No Tip,5,Standard,Optional,No,148,7,1,2016/LINCOLN/MKX/2016 Lincoln MKX SUV AWD.png
10250,2016,LINCOLN,MKX,2016 Lincoln MKX SUV FWD,,5,5,5,5,5,5,5,5,5,5,4,Not Rated,0.154,0,No Tip,5,Standard,Optional,No,148,7,1,2016/LINCOLN/MKX/2016 Lincoln MKX SUV FWD.png
10033,2016,LINCOLN,MKZ,2016 Lincoln MKZ 4 DR AWD,,5,5,5,4,4,3,5,3,5,4,4,Not Rated,0.109,0,No Tip,5,Standard,Optional,Optional,63,7,3,2016/LINCOLN/MKZ/2016 Lincoln MKZ 4 DR AWD.png
10034,2016,LINCOLN,MKZ,2016 Lincoln MKZ 4 DR FWD,,5,5,5,4,4,3,5,3,5,4,4,Not Rated,0.109,0,No Tip,5,Standard,Optional,Optional,63,7,3,2016/LINCOLN/MKZ/2016 Lincoln MKZ 4 DR FWD.png
10035,2016,LINCOLN,MKZ HEV,2016 Lincoln MKZ HEV 4 DR FWD,,5,5,5,4,4,3,5,3,5,4,4,Not Rated,0.109,0,No Tip,5,Standard,Optional,Optional,54,7,4,2016/LINCOLN/MKZ HEV/2016 Lincoln MKZ HEV 4 DR FWD.png
10253,2016,LINCOLN,NAVIGATOR,2016 Lincoln Navigator Extended SUV 4x2,,5,5,5,5,5,5,5,5,5,5,3,Not Rated,0.212,0,No Tip,5,Standard,No,No,25,4,0,2016/LINCOLN/NAVIGATOR/2016 Lincoln Navigator Extended SUV 4x2.png
10254,2016,LINCOLN,NAVIGATOR,2016 Lincoln Navigator SUV 4x4,,5,5,5,5,5,5,5,5,5,5,4,Not Rated,0.198,0,No Tip,5,Standard,No,No,25,4,0,2016/LINCOLN/NAVIGATOR/2016 Lincoln Navigator SUV 4x4.png
10255,2016,LINCOLN,NAVIGATOR,2016 Lincoln Navigator SUV 4x2,,5,5,5,5,5,5,5,5,5,5,3,Not Rated,0.212,0,No Tip,5,Standard,No,No,25,4,0,2016/LINCOLN/NAVIGATOR/2016 Lincoln Navigator SUV 4x2.png
10256,2016,LINCOLN,NAVIGATOR,2016 Lincoln Navigator Extended SUV 4x4,,5,5,5,5,5,5,5,5,5,5,4,Not Rated,0.198,0,No Tip,5,Standard,No,No,25,4,0,2016/LINCOLN/NAVIGATOR/2016 Lincoln Navigator Extended SUV 4x4.png
10760,2016,MASERATI,GHIBLI,2016 Maserati Ghibli 4 DR AWD,,Not Rated,Not Rated,Not Rated,Not Rated,Not Rated,Not Rated,Not Rated,Not Rated,Not Rated,Not Rated,Not Rated,Not Rated,0,0, ,Not Rated,Standard,No,No,7,4,0,2016/MASERATI/GHIBLI/2016 Maserati Ghibli 4 DR AWD.png
10761,2016,MASERATI,GHIBLI,2016 Maserati Ghibli 4 DR RWD,,Not Rated,Not Rated,Not Rated,Not Rated,Not Rated,Not Rated,Not Rated,Not Rated,Not Rated,Not Rated,Not Rated,Not Rated,0,0, ,Not Rated,Standard,No,No,7,4,0,2016/MASERATI/GHIBLI/2016 Maserati Ghibli 4 DR RWD.png
10762,2016,MASERATI,GRANTURISMO,2016 Maserati GranTurismo 2 DR RWD,,Not Rated,Not Rated,Not Rated,Not Rated,Not Rated,Not Rated,Not Rated,Not Rated,Not Rated,Not Rated,Not Rated,Not Rated,0,0, ,Not Rated,Standard,No,No,0,3,0,2016/MASERATI/GRANTURISMO/2016 Maserati GranTurismo 2 DR RWD.png
10763,2016,MASERATI,GRANTURISMO,2016 Maserati GranTurismo C RWD,,Not Rated,Not Rated,Not Rated,Not Rated,Not Rated,Not Rated,Not Rated,Not Rated,Not Rated,Not Rated,Not Rated,Not Rated,0,0, ,Not Rated,Standard,No,No,0,3,0,2016/MASERATI/GRANTURISMO/2016 Maserati GranTurismo C RWD.png
10764,2016,MASERATI,QUATTROPORTE,2016 Maserati Quattroporte 4 DR AWD,,Not Rated,Not Rated,Not Rated,Not Rated,Not Rated,Not Rated,Not Rated,Not Rated,Not Rated,Not Rated,Not Rated,Not Rated,0,0, ,Not Rated,Standard,No,No,0,4,0,2016/MASERATI/QUATTROPORTE/2016 Maserati Quattroporte 4 DR AWD.png
10765,2016,MASERATI,QUATTROPORTE,2016 Maserati Quattroporte 4 DR RWD,,Not Rated,Not Rated,Not Rated,Not Rated,Not Rated,Not Rated,Not Rated,Not Rated,Not Rated,Not Rated,Not Rated,Not Rated,0,0, ,Not Rated,Standard,No,No,0,4,0,2016/MASERATI/QUATTROPORTE/2016 Maserati Quattroporte 4 DR RWD.png
10766,2016,MAZDA,CX-3,2016 Mazda CX-3 SUV AWD,,5,5,5,5,5,5,5,5,5,5,4,Not Rated,0.136,0,No Tip,5,Standard,No,No,48,3,0,2016/MAZDA/CX-3/2016 Mazda CX-3 SUV AWD.png
10767,2016,MAZDA,CX-3,2016 Mazda CX-3 SUV FWD,,5,5,5,5,5,5,5,5,5,5,4,Not Rated,0.138,0,No Tip,5,Standard,No,No,48,3,0,2016/MAZDA/CX-3/2016 Mazda CX-3 SUV FWD.png
10003,2016,MAZDA,CX-5,2016 Mazda CX-5 SUV FWD,,4,4,5,3,5,5,5,5,5,5,4,Not Rated,0.174,0,No Tip,5,Standard,Optional,No,510,5,0,2016/MAZDA/CX-5/2016 Mazda CX-5 SUV FWD.png
10004,2016,MAZDA,CX-5,2016 Mazda CX-5 SUV AWD,,4,4,5,3,5,5,5,5,5,5,4,Not Rated,0.169,0,No Tip,5,Standard,Optional,No,508,5,0,2016/MAZDA/CX-5/2016 Mazda CX-5 SUV AWD.png
10770,2016,MAZDA,MAZDA2,2016 Mazda2  5 HB FWD,,Not Rated,Not Rated,Not Rated,Not Rated,Not Rated,Not Rated,Not Rated,Not Rated,Not Rated,Not Rated,Not Rated,Not Rated,0,0, ,Not Rated,Standard,No,No,0,0,0,2016/MAZDA/MAZDA2/2016 Mazda2  5 HB FWD.png
10057,2016,MAZDA,MAZDA3,2016 Mazda Mazda3 4 DR FWD,,5,5,5,4,5,4,5,5,5,5,4,Not Rated,0.105,0,No Tip,5,Standard,No,No,102,6,0,2016/MAZDA/MAZDA3/2016 Mazda Mazda3 4 DR FWD.png
10058,2016,MAZDA,MAZDA3,2016 Mazda Mazda3 5 HB FWD,,5,5,5,4,5,4,5,5,5,5,4,Not Rated,0.105,0,No Tip,5,Standard,No,No,102,6,0,2016/MAZDA/MAZDA3/2016 Mazda Mazda3 5 HB FWD.png
10009,2016,MAZDA,MAZDA6,2016 Mazda Mazda6 4 DR FWD,,5,5,5,4,5,5,5,5,5,5,4,Not Rated,0.103,0,No Tip,5,Standard,Optional,Optional,76,1,0,2016/MAZDA/MAZDA6/2016 Mazda Mazda6 4 DR FWD.png
10771,2016,MAZDA,MX-5,2016 Mazda MX-5 C RWD,,Not Rated,Not Rated,Not Rated,Not Rated,Not Rated,Not Rated,Not Rated,Not Rated,Not Rated,Not Rated,Not Rated,Not Rated,0,0, ,Not Rated,Standard,No,No,34,3,0,2016/MAZDA/MX-5/2016 Mazda MX-5 C RWD.png
10772,2016,MERCEDES-BENZ,AMG GT S,2016 Mercedes-Benz AMG GT S 2 DR RWD,,Not Rated,Not Rated,Not Rated,Not Rated,Not Rated,Not Rated,Not Rated,Not Rated,Not Rated,Not Rated,Not Rated,Not Rated,0,0, ,Not Rated,Standard,Optional,No,4,3,0,2016/MERCEDES-BENZ/AMG GT S/2016 Mercedes-Benz AMG GT S 2 DR RWD.png
10773,2016,MERCEDES-BENZ,B-CLASS E-CELL,2016 Mercedes-Benz B-Class E-Cell 4 DR FWD,,Not Rated,Not Rated,Not Rated,Not Rated,Not Rated,Not Rated,Not Rated,Not Rated,Not Rated,Not Rated,Not Rated,Not Rated,0,0, ,Not Rated,Standard,No,Optional,9,2,2,2016/MERCEDES-BENZ/B-CLASS E-CELL/2016 Mercedes-Benz B-Class E-Cell 4 DR FWD.png
10774,2016,MERCEDES-BENZ,C-CLASS,2016 Mercedes-Benz C-Class 4 DR 4WD,,5,4,5,4,5,5,5,5,5,5,4,Not Rated,0.11,0,No Tip,5,Standard,Optional,Optional,315,14,3,2016/MERCEDES-BENZ/C-CLASS/2016 Mercedes-Benz C-Class 4 DR 4WD.png
10775,2016,MERCEDES-BENZ,C-CLASS,2016 Mercedes-Benz C-Class 4 DR RWD,,5,4,5,4,5,5,5,5,5,5,4,Not Rated,0.11,0,No Tip,5,Standard,Optional,Optional,315,14,3,2016/MERCEDES-BENZ/C-CLASS/2016 Mercedes-Benz C-Class 4 DR RWD.png
10776,2016,MERCEDES-BENZ,C-CLASS PHEV,2016 Mercedes-Benz C-Class PHEV 4 DR FWD,,Not Rated,Not Rated,Not Rated,Not Rated,Not Rated,Not Rated,Not Rated,Not Rated,Not Rated,Not Rated,Not Rated,Not Rated,0,0, ,Not Rated,Standard,Optional,Optional,317,14,3,2016/MERCEDES-BENZ/C-CLASS PHEV/2016 Mercedes-Benz C-Class PHEV 4 DR FWD.png
10777,2016,MERCEDES-BENZ,C-CLASS PHEV,2016 Mercedes-Benz C-Class PHEV 4 DR 4WD,,Not Rated,Not Rated,Not Rated,Not Rated,Not Rated,Not Rated,Not Rated,Not Rated,Not Rated,Not Rated,Not Rated,Not Rated,0,0, ,Not Rated,Standard,Optional,Optional,317,14,3,2016/MERCEDES-BENZ/C-CLASS PHEV/2016 Mercedes-Benz C-Class PHEV 4 DR 4WD.png
10733,2016,MERCEDES-BENZ,CLA-CLASS,2016 Mercedes-Benz Cla-Class 4 DR 4WD,,Not Rated,Not Rated,Not Rated,Not Rated,Not Rated,Not Rated,Not Rated,Not Rated,Not Rated,Not Rated,Not Rated,Not Rated,0,0, ,Not Rated,Standard,Optional,Optional,65,9,2,2016/MERCEDES-BENZ/CLA-CLASS/2016 Mercedes-Benz Cla-Class 4 DR 4WD.png
10779,2016,MERCEDES-BENZ,CLS-CLASS,2016 Mercedes-Benz Cls-Class 4 DR 4WD,,Not Rated,Not Rated,Not Rated,Not Rated,Not Rated,Not Rated,Not Rated,Not Rated,Not Rated,Not Rated,Not Rated,Not Rated,0,0, ,Not Rated,Standard,Optional,Optional,0,1,1,2016/MERCEDES-BENZ/CLS-CLASS/2016 Mercedes-Benz Cls-Class 4 DR 4WD.png
10780,2016,MERCEDES-BENZ,CLS-CLASS,2016 Mercedes-Benz Cls-Class 4 DR RWD,,Not Rated,Not Rated,Not Rated,Not Rated,Not Rated,Not Rated,Not Rated,Not Rated,Not Rated,Not Rated,Not Rated,Not Rated,0,0, ,Not Rated,Standard,Optional,Optional,0,1,1,2016/MERCEDES-BENZ/CLS-CLASS/2016 Mercedes-Benz Cls-Class 4 DR RWD.png
10207,2016,MERCEDES-BENZ,E-CLASS,2016 Mercedes-Benz E-Class 4 DR 4WD,,4,4,4,4,5,5,5,5,5,5,5,Not Rated,0.099,0,No Tip,3,Standard,Optional,Optional,89,9,1,2016/MERCEDES-BENZ/E-CLASS/2016 Mercedes-Benz E-Class 4 DR 4WD.png
10208,2016,MERCEDES-BENZ,E-CLASS,2016 Mercedes-Benz E-Class 4 DR RWD,,4,4,4,4,5,5,5,5,5,5,5,Not Rated,0.099,0,No Tip,3,Standard,Optional,Optional,89,9,1,2016/MERCEDES-BENZ/E-CLASS/2016 Mercedes-Benz E-Class 4 DR RWD.png
10209,2016,MERCEDES-BENZ,E-CLASS,2016 Mercedes-Benz E-CLASS SW 4WD,,4,4,4,4,5,5,5,5,5,5,5,Not Rated,0.099,0,No Tip,3,Standard,Optional,Optional,89,9,1,2016/MERCEDES-BENZ/E-CLASS/2016 Mercedes-Benz E-CLASS SW 4WD.png
10210,2016,MERCEDES-BENZ,E-CLASS,2016 Mercedes-Benz E-CLASS SW RWD,,4,4,4,4,5,5,5,5,5,5,5,Not Rated,0.099,0,No Tip,3,Standard,Optional,Optional,89,9,1,2016/MERCEDES-BENZ/E-CLASS/2016 Mercedes-Benz E-CLASS SW RWD.png
10781,2016,MERCEDES-BENZ,E-CLASS,2016 Mercedes-Benz E-Class 2 DR RWD,,Not Rated,Not Rated,Not Rated,Not Rated,Not Rated,Not Rated,Not Rated,Not Rated,Not Rated,Not Rated,Not Rated,Not Rated,0,0, ,Not Rated,Standard,Optional,Optional,89,9,1,2016/MERCEDES-BENZ/E-CLASS/2016 Mercedes-Benz E-Class 2 DR RWD.png
10782,2016,MERCEDES-BENZ,E-CLASS,2016 Mercedes-Benz E-Class 2 DR 4WD,,Not Rated,Not Rated,Not Rated,Not Rated,Not Rated,Not Rated,Not Rated,Not Rated,Not Rated,Not Rated,Not Rated,Not Rated,0,0, ,Not Rated,Standard,Optional,Optional,89,9,1,2016/MERCEDES-BENZ/E-CLASS/2016 Mercedes-Benz E-Class 2 DR 4WD.png
10783,2016,MERCEDES-BENZ,E-CLASS  CABRIO,2016 Mercedes-Benz E-Class Cabrio 2 DR 4WD,,Not Rated,Not Rated,Not Rated,Not Rated,Not Rated,Not Rated,Not Rated,Not Rated,Not Rated,Not Rated,Not Rated,Not Rated,0,0, ,Not Rated,Standard,Optional,Optional,89,9,1,2016/MERCEDES-BENZ/E-CLASS  CABRIO/2016 Mercedes-Benz E-Class Cabrio 2 DR 4WD.png
10784,2016,MERCEDES-BENZ,E-CLASS  CABRIO,2016 Mercedes-Benz E-Class Cabrio 2 DR RWD,,Not Rated,Not Rated,Not Rated,Not Rated,Not Rated,Not Rated,Not Rated,Not Rated,Not Rated,Not Rated,Not Rated,Not Rated,0,0, ,Not Rated,Standard,Optional,Optional,89,9,1,2016/MERCEDES-BENZ/E-CLASS  CABRIO/2016 Mercedes-Benz E-Class Cabrio 2 DR RWD.png
10785,2016,MERCEDES-BENZ,G-CLASS,2016 Mercedes-Benz G-Class SUV AWD,,Not Rated,Not Rated,Not Rated,Not Rated,Not Rated,Not Rated,Not Rated,Not Rated,Not Rated,Not Rated,Not Rated,Not Rated,0,0, ,Not Rated,Standard,No,No,3,4,0,2016/MERCEDES-BENZ/G-CLASS/2016 Mercedes-Benz G-Class SUV AWD.png
10793,2016,MERCEDES-BENZ,GL-CLASS,2016 Mercedes-Benz GL-Class SUV 4WD,,Not Rated,Not Rated,Not Rated,Not Rated,Not Rated,Not Rated,Not Rated,Not Rated,Not Rated,Not Rated,Not Rated,Not Rated,0,0, ,Not Rated,Standard,Optional,Optional,20,7,0,2016/MERCEDES-BENZ/GL-CLASS/2016 Mercedes-Benz GL-Class SUV 4WD.png
10789,2016,MERCEDES-BENZ,GLA-CLASS,2016 Mercedes-Benz GLA-Class 4 DR 4WD,,Not Rated,Not Rated,Not Rated,Not Rated,Not Rated,Not Rated,Not Rated,Not Rated,Not Rated,Not Rated,Not Rated,Not Rated,0,0, ,Not Rated,Standard,Optional,Optional,51,4,2,2016/MERCEDES-BENZ/GLA-CLASS/2016 Mercedes-Benz GLA-Class 4 DR 4WD.png
10790,2016,MERCEDES-BENZ,GLA-CLASS,2016 Mercedes-Benz GLA-Class 4 DR FWD,,Not Rated,Not Rated,Not Rated,Not Rated,Not Rated,Not Rated,Not Rated,Not Rated,Not Rated,Not Rated,Not Rated,Not Rated,0,0, ,Not Rated,Standard,Optional,Optional,51,4,2,2016/MERCEDES-BENZ/GLA-CLASS/2016 Mercedes-Benz GLA-Class 4 DR FWD.png
10791,2016,MERCEDES-BENZ,GLC-CLASS,2016 Mercedes-Benz GLC-Class 4 DR 4WD,,Not Rated,Not Rated,Not Rated,Not Rated,Not Rated,Not Rated,Not Rated,Not Rated,Not Rated,Not Rated,Not Rated,Not Rated,0,0, ,Not Rated,Standard,Optional,Optional,138,12,2,2016/MERCEDES-BENZ/GLC-CLASS/2016 Mercedes-Benz GLC-Class 4 DR 4WD.png
10792,2016,MERCEDES-BENZ,GLC-CLASS,2016 Mercedes-Benz GLC-Class 4 DR RWD,,Not Rated,Not Rated,Not Rated,Not Rated,Not Rated,Not Rated,Not Rated,Not Rated,Not Rated,Not Rated,Not Rated,Not Rated,0,0, ,Not Rated,Standard,Optional,Optional,138,12,2,2016/MERCEDES-BENZ/GLC-CLASS/2016 Mercedes-Benz GLC-Class 4 DR RWD.png
10211,2016,MERCEDES-BENZ,GLE-CLASS,2016 Mercedes-Benz GLE-Class SUV RWD,,Not Rated,Not Rated,Not Rated,Not Rated,Not Rated,Not Rated,Not Rated,Not Rated,Not Rated,Not Rated,4,Not Rated,0.198,0,No Tip,Not Rated,Standard,Optional,Optional,103,18,2,2016/MERCEDES-BENZ/GLE-CLASS/2016 Mercedes-Benz GLE-Class SUV RWD.png
10212,2016,MERCEDES-BENZ,GLE-CLASS,2016 Mercedes-Benz GLE-Class SUV 4WD,,Not Rated,Not Rated,Not Rated,Not Rated,Not Rated,Not Rated,Not Rated,Not Rated,Not Rated,Not Rated,4,Not Rated,0.179,0,No Tip,Not Rated,Standard,Optional,Optional,103,18,2,2016/MERCEDES-BENZ/GLE-CLASS/2016 Mercedes-Benz GLE-Class SUV 4WD.png
10794,2016,MERCEDES-BENZ,GLE-CLASS COUPE,2016 Mercedes-Benz GLE-Class Coupe SUV 4WD,,Not Rated,Not Rated,Not Rated,Not Rated,Not Rated,Not Rated,Not Rated,Not Rated,Not Rated,Not Rated,Not Rated,Not Rated,0,0, ,Not Rated,Standard,Optional,Optional,103,18,2,2016/MERCEDES-BENZ/GLE-CLASS COUPE/2016 Mercedes-Benz GLE-Class Coupe SUV 4WD.png
10795,2016,MERCEDES-BENZ,GLE-CLASS COUPE,2016 Mercedes-Benz GLE-Class Coupe SUV RWD,,Not Rated,Not Rated,Not Rated,Not Rated,Not Rated,Not Rated,Not Rated,Not Rated,Not Rated,Not Rated,Not Rated,Not Rated,0,0, ,Not Rated,Standard,Optional,Optional,103,18,2,2016/MERCEDES-BENZ/GLE-CLASS COUPE/2016 Mercedes-Benz GLE-Class Coupe SUV RWD.png
10796,2016,MERCEDES-BENZ,GLE-CLASS HYBRID,2016 Mercedes-Benz GLE-Class Hybrid SUV 4WD,,Not Rated,Not Rated,Not Rated,Not Rated,Not Rated,Not Rated,Not Rated,Not Rated,Not Rated,Not Rated,Not Rated,Not Rated,0,0, ,Not Rated,Standard,Optional,No,103,18,2,2016/MERCEDES-BENZ/GLE-CLASS HYBRID/2016 Mercedes-Benz GLE-Class Hybrid SUV 4WD.png
10797,2016,MERCEDES-BENZ,GLE-CLASS HYBRID,2016 Mercedes-Benz GLE-Class Hybrid SUV RWD,,Not Rated,Not Rated,Not Rated,Not Rated,Not Rated,Not Rated,Not Rated,Not Rated,Not Rated,Not Rated,Not Rated,Not Rated,0,0, ,Not Rated,Standard,Optional,No,103,18,2,2016/MERCEDES-BENZ/GLE-CLASS HYBRID/2016 Mercedes-Benz GLE-Class Hybrid SUV RWD.png
10786,2016,MERCEDES-BENZ,S-CLASS,2016 Mercedes-Benz S-Class 4 DR 4WD,,Not Rated,Not Rated,Not Rated,Not Rated,Not Rated,Not Rated,Not Rated,Not Rated,Not Rated,Not Rated,Not Rated,Not Rated,0,0, ,Not Rated,Standard,Optional,Optional,29,7,2,2016/MERCEDES-BENZ/S-CLASS/2016 Mercedes-Benz S-Class 4 DR 4WD.png
10787,2016,MERCEDES-BENZ,S-CLASS,2016 Mercedes-Benz S-Class 4 DR RWD,,Not Rated,Not Rated,Not Rated,Not Rated,Not Rated,Not Rated,Not Rated,Not Rated,Not Rated,Not Rated,Not Rated,Not Rated,0,0, ,Not Rated,Standard,Optional,Optional,29,7,2,2016/MERCEDES-BENZ/S-CLASS/2016 Mercedes-Benz S-Class 4 DR RWD.png
10799,2016,MERCEDES-BENZ,S-CLASS COUPE,2016 Mercedes-Benz S-Class 2 DR 4WD,,Not Rated,Not Rated,Not Rated,Not Rated,Not Rated,Not Rated,Not Rated,Not Rated,Not Rated,Not Rated,Not Rated,Not Rated,0,0, ,Not Rated,Standard,Optional,Optional,29,7,2,2016/MERCEDES-BENZ/S-CLASS COUPE/2016 Mercedes-Benz S-Class 2 DR 4WD.png
10800,2016,MERCEDES-BENZ,S-CLASS COUPE,2016 Mercedes-Benz S-Class 2 DR FWD,,Not Rated,Not Rated,Not Rated,Not Rated,Not Rated,Not Rated,Not Rated,Not Rated,Not Rated,Not Rated,Not Rated,Not Rated,0,0, ,Not Rated,Standard,Optional,Optional,29,7,2,2016/MERCEDES-BENZ/S-CLASS COUPE/2016 Mercedes-Benz S-Class 2 DR FWD.png
10788,2016,MERCEDES-BENZ,S-CLASS HYBRID,2016 Mercedes-Benz S-Class Hybrid 4 DR 4WD,,Not Rated,Not Rated,Not Rated,Not Rated,Not Rated,Not Rated,Not Rated,Not Rated,Not Rated,Not Rated,Not Rated,Not Rated,0,0, ,Not Rated,Standard,Optional,Optional,29,7,2,2016/MERCEDES-BENZ/S-CLASS HYBRID/2016 Mercedes-Benz S-Class Hybrid 4 DR 4WD.png
10798,2016,MERCEDES-BENZ,S-CLASS HYBRID,2016 Mercedes-Benz S-Class Hybrid 4 DR RWD,,Not Rated,Not Rated,Not Rated,Not Rated,Not Rated,Not Rated,Not Rated,Not Rated,Not Rated,Not Rated,Not Rated,Not Rated,0,0, ,Not Rated,Standard,Optional,Optional,29,7,2,2016/MERCEDES-BENZ/S-CLASS HYBRID/2016 Mercedes-Benz S-Class Hybrid 4 DR RWD.png
10801,2016,MERCEDES-BENZ,SL-CLASS,2016 Mercedes-Benz SL-Class C RWD,,Not Rated,Not Rated,Not Rated,Not Rated,Not Rated,Not Rated,Not Rated,Not Rated,Not Rated,Not Rated,Not Rated,Not Rated,0,0, ,Not Rated,Standard,Optional,Optional,1,1,1,2016/MERCEDES-BENZ/SL-CLASS/2016 Mercedes-Benz SL-Class C RWD.png
10802,2016,MERCEDES-BENZ,SLK-CLASS,2016 Mercedes-Benz SLK-Class C RWD,,Not Rated,Not Rated,Not Rated,Not Rated,Not Rated,Not Rated,Not Rated,Not Rated,Not Rated,Not Rated,Not Rated,Not Rated,0,0, ,Not Rated,Standard,Optional,No,2,5,1,2016/MERCEDES-BENZ/SLK-CLASS/2016 Mercedes-Benz SLK-Class C RWD.png
10803,2016,MERCEDES-MAYBACH,S-CLASS,2016 Mercedes-Maybach S-Class 4 DR 4WD,,Not Rated,Not Rated,Not Rated,Not Rated,Not Rated,Not Rated,Not Rated,Not Rated,Not Rated,Not Rated,Not Rated,Not Rated,0,0, ,Not Rated,Standard,Standard,Optional,0,0,0,2016/MERCEDES-MAYBACH/S-CLASS/2016 Mercedes-Maybach S-Class 4 DR 4WD.png
10816,2016,MERCEDES-MAYBACH,S-CLASS,2016 Mercedes-Maybach S-Class 4 DR RWD,,Not Rated,Not Rated,Not Rated,Not Rated,Not Rated,Not Rated,Not Rated,Not Rated,Not Rated,Not Rated,Not Rated,Not Rated,0,0, ,Not Rated,Standard,Standard,Optional,0,0,0,2016/MERCEDES-MAYBACH/S-CLASS/2016 Mercedes-Maybach S-Class 4 DR RWD.png
10527,2016,MINI,COOPER COUNTRYMAN,2016 Mini Cooper Countryman 5 HB FWD,,Not Rated,Not Rated,Not Rated,Not Rated,Not Rated,Not Rated,Not Rated,Not Rated,Not Rated,Not Rated,Not Rated,Not Rated,0,0, ,Not Rated,Standard,No,No,18,1,0,2016/MINI/COOPER COUNTRYMAN/2016 Mini Cooper Countryman 5 HB FWD.png
10528,2016,MINI,COOPER HARDTOP,2016 Mini Cooper Hardtop 3 HB FWD,,4,4,4,5,4,5,3,5,3,4,4,Not Rated,0.111,0,No Tip,5,Standard,Optional,No,38,4,0,2016/MINI/COOPER HARDTOP/2016 Mini Cooper Hardtop 3 HB FWD.png
10529,2016,MINI,COOPER HARDTOP,2016 Mini Cooper Hardtop 5 HB FWD,,Not Rated,Not Rated,Not Rated,Not Rated,Not Rated,Not Rated,Not Rated,Not Rated,Not Rated,Not Rated,Not Rated,Not Rated,0,0, ,Not Rated,Standard,Optional,No,38,4,0,2016/MINI/COOPER HARDTOP/2016 Mini Cooper Hardtop 5 HB FWD.png
10530,2016,MINI,COOPER JCW HARDTOP,2016 Mini Cooper JCW Hardtop 3 HB FWD,,4,4,4,5,4,5,3,5,3,4,4,Not Rated,0.111,0,No Tip,5,Standard,Optional,No,39,4,0,2016/MINI/COOPER JCW HARDTOP/2016 Mini Cooper JCW Hardtop 3 HB FWD.png
10531,2016,MINI,COOPER PACEMAN,2016 Mini Cooper Paceman 3 HB FWD,,Not Rated,Not Rated,Not Rated,Not Rated,Not Rated,Not Rated,Not Rated,Not Rated,Not Rated,Not Rated,Not Rated,Not Rated,0,0, ,Not Rated,Standard,No,No,38,4,0,2016/MINI/COOPER PACEMAN/2016 Mini Cooper Paceman 3 HB FWD.png
10532,2016,MINI,COOPER S COUNTRYMAN,2016 Mini Cooper S Countryman 5 HB FWD,,Not Rated,Not Rated,Not Rated,Not Rated,Not Rated,Not Rated,Not Rated,Not Rated,Not Rated,Not Rated,Not Rated,Not Rated,0,0, ,Not Rated,Standard,No,No,24,4,0,2016/MINI/COOPER S COUNTRYMAN/2016 Mini Cooper S Countryman 5 HB FWD.png
10533,2016,MINI,COOPER S COUNTRYMAN ALL4,2016 Mini Cooper S Countryman ALL4 5 HB AWD,,Not Rated,Not Rated,Not Rated,Not Rated,Not Rated,Not Rated,Not Rated,Not Rated,Not Rated,Not Rated,Not Rated,Not Rated,0,0, ,Not Rated,Standard,No,No,24,4,0,2016/MINI/COOPER S COUNTRYMAN ALL4/2016 Mini Cooper S Countryman ALL4 5 HB AWD.png
10534,2016,MINI,COOPER S HARDTOP,2016 Mini Cooper S Hardtop 3 HB FWD,,4,4,4,5,4,5,3,5,3,4,4,Not Rated,0.111,0,No Tip,5,Standard,Optional,No,9,3,0,2016/MINI/COOPER S HARDTOP/2016 Mini Cooper S Hardtop 3 HB FWD.png
10535,2016,MINI,COOPER S HARDTOP,2016 Mini Cooper S Hardtop 5 HB FWD,,Not Rated,Not Rated,Not Rated,Not Rated,Not Rated,Not Rated,Not Rated,Not Rated,Not Rated,Not Rated,Not Rated,Not Rated,0,0, ,Not Rated,Standard,Optional,No,9,3,0,2016/MINI/COOPER S HARDTOP/2016 Mini Cooper S Hardtop 5 HB FWD.png
10536,2016,MINI,COOPER S PACEMAN,2016 Mini Cooper S Paceman 3 HB FWD,,Not Rated,Not Rated,Not Rated,Not Rated,Not Rated,Not Rated,Not Rated,Not Rated,Not Rated,Not Rated,Not Rated,Not Rated,0,0, ,Not Rated,Standard,No,No,9,3,0,2016/MINI/COOPER S PACEMAN/2016 Mini Cooper S Paceman 3 HB FWD.png
10537,2016,MINI,COOPER S PACEMAN ALL4,2016 Mini Cooper S Paceman ALL4 3 HB AWD,,Not Rated,Not Rated,Not Rated,Not Rated,Not Rated,Not Rated,Not Rated,Not Rated,Not Rated,Not Rated,Not Rated,Not Rated,0,0, ,Not Rated,Standard,No,No,9,3,0,2016/MINI/COOPER S PACEMAN ALL4/2016 Mini Cooper S Paceman ALL4 3 HB AWD.png
10538,2016,MINI,JCW COUNTRYMAN,2016 Mini JCW Countryman 5 HB FWD,,Not Rated,Not Rated,Not Rated,Not Rated,Not Rated,Not Rated,Not Rated,Not Rated,Not Rated,Not Rated,Not Rated,Not Rated,0,0, ,Not Rated,Standard,No,No,16,2,0,2016/MINI/JCW COUNTRYMAN/2016 Mini JCW Countryman 5 HB FWD.png
10539,2016,MINI,JCW PACEMAN,2016 Mini JCW Paceman 3 HB FWD,,Not Rated,Not Rated,Not Rated,Not Rated,Not Rated,Not Rated,Not Rated,Not Rated,Not Rated,Not Rated,Not Rated,Not Rated,0,0, ,Not Rated,Standard,No,No,1,1,0,2016/MINI/JCW PACEMAN/2016 Mini JCW Paceman 3 HB FWD.png
10005,2016,MITSUBISHI,IMIEV,2016 Mitsubishi i-MiEV 5 HB RWD,,4,4,4,4,3,5,2,5,2,3,4,Not Rated,0.147,0,No Tip,5,Standard,No,No,0,2,2,2016/MITSUBISHI/IMIEV/2016 Mitsubishi i-MiEV 5 HB RWD.png
10078,2016,MITSUBISHI,LANCER,2016 Mitsubishi Lancer 4 DR FWD,,4,4,5,4,4,5,3,5,3,4,4,Not Rated,0.121,0,No Tip,5,Standard,No,No,29,2,1,2016/MITSUBISHI/LANCER/2016 Mitsubishi Lancer 4 DR FWD.png
10079,2016,MITSUBISHI,LANCER,2016 Mitsubishi Lancer 4 DR AWD,,4,4,5,4,4,5,3,5,3,4,4,Not Rated,0.121,0,No Tip,5,Standard,No,No,29,2,1,2016/MITSUBISHI/LANCER/2016 Mitsubishi Lancer 4 DR AWD.png
10055,2016,MITSUBISHI,OUTLANDER,2016 Mitsubishi Outlander SUV AWD,,5,4,4,5,5,5,5,5,5,5,4,Not Rated,0.164,0,No Tip,5,Standard,Optional,Optional,168,11,0,2016/MITSUBISHI/OUTLANDER/2016 Mitsubishi Outlander SUV AWD.png
10056,2016,MITSUBISHI,OUTLANDER,2016 Mitsubishi Outlander SUV FWD,,4,4,4,5,5,5,5,5,5,5,4,Not Rated,0.185,0,No Tip,5,Standard,Optional,Optional,168,11,0,2016/MITSUBISHI/OUTLANDER/2016 Mitsubishi Outlander SUV FWD.png
10080,2016,MITSUBISHI,OUTLANDER SPORT,2016 Mitsubishi Outlander Sport SUV AWD,,4,4,4,4,5,5,5,5,5,5,4,Not Rated,0.169,0,No Tip,5,Standard,No,No,163,9,0,2016/MITSUBISHI/OUTLANDER SPORT/2016 Mitsubishi Outlander Sport SUV AWD.png
10081,2016,MITSUBISHI,OUTLANDER SPORT,2016 Mitsubishi Outlander Sport SUV FWD,,4,4,4,4,5,5,5,5,5,5,4,Not Rated,0.191,0,No Tip,5,Standard,No,No,163,9,0,2016/MITSUBISHI/OUTLANDER SPORT/2016 Mitsubishi Outlander Sport SUV FWD.png
10817,2016,NISSAN,370Z,2016 Nissan 370Z 2 DR RWD,,Not Rated,Not Rated,Not Rated,Not Rated,Not Rated,Not Rated,Not Rated,Not Rated,Not Rated,Not Rated,Not Rated,Not Rated,0,0, ,Not Rated,Standard,No,No,3,0,1,2016/NISSAN/370Z/2016 Nissan 370Z 2 DR RWD.png
10818,2016,NISSAN,370Z ROADSTER,2016 Nissan 370Z Roadster C RWD,,Not Rated,Not Rated,Not Rated,Not Rated,Not Rated,Not Rated,Not Rated,Not Rated,Not Rated,Not Rated,Not Rated,Not Rated,0,0, ,Not Rated,Standard,No,No,3,0,1,2016/NISSAN/370Z ROADSTER/2016 Nissan 370Z Roadster C RWD.png
10819,2016,NISSAN,ALTIMA,2016 Nissan Altima 4 DR FWD,,5,5,5,4,5,3,5,3,5,4,4,Not Rated,0.103,0,No Tip,5,Standard,Optional,No,550,4,3,2016/NISSAN/ALTIMA/2016 Nissan Altima 4 DR FWD.png
10189,2016,NISSAN,FRONTIER,2016 Nissan Frontier Crew Cab PU/CC RWD,,Not Rated,Not Rated,Not Rated,Not Rated,Not Rated,Not Rated,Not Rated,Not Rated,Not Rated,Not Rated,3,Not Rated,0.212,0,No Tip,Not Rated,Standard,No,No,43,1,0,2016/NISSAN/FRONTIER/2016 Nissan Frontier Crew Cab PU_CC RWD.png
10190,2016,NISSAN,FRONTIER,2016 Nissan Frontier King Cab PU/EC 4WD,,Not Rated,Not Rated,Not Rated,Not Rated,Not Rated,Not Rated,Not Rated,Not Rated,Not Rated,Not Rated,4,Not Rated,0.198,0,No Tip,Not Rated,Standard,No,No,43,1,0,2016/NISSAN/FRONTIER/2016 Nissan Frontier King Cab PU_EC 4WD.png
10191,2016,NISSAN,FRONTIER,2016 Nissan Frontier King Cab PU/EC RWD,,Not Rated,Not Rated,Not Rated,Not Rated,Not Rated,Not Rated,Not Rated,Not Rated,Not Rated,Not Rated,3,Not Rated,0.212,0,No Tip,Not Rated,Standard,No,No,43,1,0,2016/NISSAN/FRONTIER/2016 Nissan Frontier King Cab PU_EC RWD.png
10192,2016,NISSAN,FRONTIER,2016 Nissan Frontier Crew Cab PU/CC 4WD,,Not Rated,Not Rated,Not Rated,Not Rated,Not Rated,Not Rated,Not Rated,Not Rated,Not Rated,Not Rated,4,Not Rated,0.198,0,No Tip,Not Rated,Standard,No,No,43,1,0,2016/NISSAN/FRONTIER/2016 Nissan Frontier Crew Cab PU_CC 4WD.png
10820,2016,NISSAN,GTR,2016 Nissan GTR 2 DR AWD,,Not Rated,Not Rated,Not Rated,Not Rated,Not Rated,Not Rated,Not Rated,Not Rated,Not Rated,Not Rated,Not Rated,Not Rated,0,0, ,Not Rated,Standard,No,No,0,1,0,2016/NISSAN/GTR/2016 Nissan GTR 2 DR AWD.png
10821,2016,NISSAN,JUKE,2016 Nissan Juke SUV FWD,,4,3,4,3,5,4,5,4,5,4,4,Not Rated,0.159,0,No Tip,5,Standard,No,No,28,1,0,2016/NISSAN/JUKE/2016 Nissan Juke SUV FWD.png
10822,2016,NISSAN,JUKE,2016 Nissan Juke SUV AWD,,4,3,4,3,5,4,5,4,5,4,4,Not Rated,0.151,0,No Tip,5,Standard,No,No,28,1,0,2016/NISSAN/JUKE/2016 Nissan Juke SUV AWD.png
10194,2016,NISSAN,LEAF,2016 Nissan Leaf 5 HB FWD,,4,4,5,3,4,5,3,5,3,4,4,Not Rated,0.109,0,No Tip,5,Standard,No,No,36,4,1,2016/NISSAN/LEAF/2016 Nissan Leaf 5 HB FWD.png
10823,2016,NISSAN,MAXIMA,2016 Nissan Maxima 4 DR FWD Early Release,,5,5,5,4,5,5,5,5,5,5,5,Not Rated,0.095,0,No Tip,4,Standard,Optional,No,142,8,1,2016/NISSAN/MAXIMA/2016 Nissan Maxima 4 DR FWD Early Release.png
10920,2016,NISSAN,MAXIMA,2016 Nissan Maxima 4 DR FWD Later Release,,5,5,5,4,5,5,5,5,5,5,5,Not Rated,0.095,0,No Tip,4,Standard,Optional,No,3,0,0,2016/NISSAN/MAXIMA/2016 Nissan Maxima 4 DR FWD Later Release.png
10195,2016,NISSAN,MURANO,2016 Nissan Murano SUV AWD,,5,4,4,4,5,5,5,5,5,5,4,Not Rated,0.151,0,No Tip,5,Standard,Optional,No,107,5,0,2016/NISSAN/MURANO/2016 Nissan Murano SUV AWD.png
10196,2016,NISSAN,MURANO,2016 Nissan Murano SUV FWD,,4,4,4,4,5,5,5,5,5,5,4,Not Rated,0.159,0,No Tip,5,Standard,Optional,No,107,5,0,2016/NISSAN/MURANO/2016 Nissan Murano SUV FWD.png
10824,2016,NISSAN,NV200,2016 Nissan NV200 VAN FWD,,Not Rated,Not Rated,Not Rated,Not Rated,Not Rated,Not Rated,Not Rated,Not Rated,Not Rated,Not Rated,Not Rated,Not Rated,0,0, ,Not Rated,Standard,No,No,25,3,1,2016/NISSAN/NV200/2016 Nissan NV200 VAN FWD.png
10193,2016,NISSAN,NV3500,2016 Nissan NV3500 Passenger Van VAN RWD,,Not Rated,Not Rated,Not Rated,Not Rated,Not Rated,Not Rated,Not Rated,Not Rated,Not Rated,Not Rated,2,Not Rated,0.306,0,No Tip,Not Rated,Standard,No,No,17,1,0,2016/NISSAN/NV3500/2016 Nissan NV3500 Passenger Van VAN RWD.png
10187,2016,NISSAN,PATHFINDER,2016 Nissan Pathfinder SUV AWD,,5,4,4,5,5,5,5,5,5,5,4,Not Rated,0.179,0,No Tip,5,Standard,No,No,106,2,1,2016/NISSAN/PATHFINDER/2016 Nissan Pathfinder SUV AWD.png
10188,2016,NISSAN,PATHFINDER,2016 Nissan Pathfinder SUV FWD,,5,4,4,5,5,5,5,5,5,5,4,Not Rated,0.174,0,No Tip,5,Standard,No,No,106,2,1,2016/NISSAN/PATHFINDER/2016 Nissan Pathfinder SUV FWD.png
10825,2016,NISSAN,QUEST,2016 Nissan Quest VAN FWD,,Not Rated,Not Rated,Not Rated,Not Rated,Not Rated,Not Rated,Not Rated,Not Rated,Not Rated,Not Rated,Not Rated,Not Rated,0,0, ,Not Rated,Standard,No,No,13,0,0,2016/NISSAN/QUEST/2016 Nissan Quest VAN FWD.png
10197,2016,NISSAN,ROGUE,2016 Nissan Rogue SUV AWD,,4,4,4,3,5,5,5,5,5,5,4,Not Rated,0.164,0,No Tip,4,Standard,Optional,No,536,7,0,2016/NISSAN/ROGUE/2016 Nissan Rogue SUV AWD.png
10198,2016,NISSAN,ROGUE,2016 Nissan Rogue SUV FWD,,4,4,4,3,5,5,5,5,5,5,4,Not Rated,0.169,0,No Tip,4,Standard,Optional,No,536,7,0,2016/NISSAN/ROGUE/2016 Nissan Rogue SUV FWD.png
10186,2016,NISSAN,SENTRA,2016 Nissan Sentra 4 DR FWD,,4,4,4,4,5,5,5,5,5,5,4,Not Rated,0.118,0,No Tip,5,Standard,Optional,No,267,6,0,2016/NISSAN/SENTRA/2016 Nissan Sentra 4 DR FWD.png
10826,2016,NISSAN,TITAN XD,2016 NissanTitan XD Crew Cab RWD,,Not Rated,Not Rated,Not Rated,Not Rated,Not Rated,Not Rated,Not Rated,Not Rated,Not Rated,Not Rated,Not Rated,Not Rated,0,0, ,Not Rated,Standard,No,No,196,3,2,2016/NISSAN/TITAN XD/2016 NissanTitan XD Crew Cab RWD.png
10827,2016,NISSAN,TITAN XD,2016 NissanTitan XD Crew Cab AWD,,Not Rated,Not Rated,Not Rated,Not Rated,Not Rated,Not Rated,Not Rated,Not Rated,Not Rated,Not Rated,Not Rated,Not Rated,0,0, ,Not Rated,Standard,No,No,196,3,2,2016/NISSAN/TITAN XD/2016 NissanTitan XD Crew Cab AWD.png
10184,2016,NISSAN,VERSA,2016 Nissan Versa 4 DR FWD,,4,4,4,3,4,4,4,5,4,4,4,Not Rated,0.143,0,No Tip,5,Standard,No,No,79,0,1,2016/NISSAN/VERSA/2016 Nissan Versa 4 DR FWD.png
10185,2016,NISSAN,VERSA NOTE,2016 Nissan Versa Note 5 HB FWD,,4,3,4,2,5,5,5,5,5,5,4,Not Rated,0.147,0,No Tip,5,Standard,No,No,107,0,1,2016/NISSAN/VERSA NOTE/2016 Nissan Versa Note 5 HB FWD.png
10804,2016,PORSCHE,911 CARRERA,2016 Porsche 911 Carrera 2 DR RWD,,Not Rated,Not Rated,Not Rated,Not Rated,Not Rated,Not Rated,Not Rated,Not Rated,Not Rated,Not Rated,Not Rated,Not Rated,0,0, ,Not Rated,Standard,No,No,2,2,1,2016/PORSCHE/911 CARRERA/2016 Porsche 911 Carrera 2 DR RWD.png
10805,2016,PORSCHE,911 CARRERA 4,2016 Porsche 911 Carrera 4 2 DR AWD,,Not Rated,Not Rated,Not Rated,Not Rated,Not Rated,Not Rated,Not Rated,Not Rated,Not Rated,Not Rated,Not Rated,Not Rated,0,0, ,Not Rated,Standard,No,No,2,2,1,2016/PORSCHE/911 CARRERA 4/2016 Porsche 911 Carrera 4 2 DR AWD.png
10806,2016,PORSCHE,911 CARRERA 4 CABRIOLET,2016 Porsche 911 Carrera 4 Cabriolet C AWD,,Not Rated,Not Rated,Not Rated,Not Rated,Not Rated,Not Rated,Not Rated,Not Rated,Not Rated,Not Rated,Not Rated,Not Rated,0,0, ,Not Rated,Standard,No,No,2,2,1,2016/PORSCHE/911 CARRERA 4 CABRIOLET/2016 Porsche 911 Carrera 4 Cabriolet C AWD.png
10807,2016,PORSCHE,911 CARRERA 4 GTS,2016 Porsche 911 Carrera 4 GTS 2 DR AWD,,Not Rated,Not Rated,Not Rated,Not Rated,Not Rated,Not Rated,Not Rated,Not Rated,Not Rated,Not Rated,Not Rated,Not Rated,0,0, ,Not Rated,Standard,No,No,2,2,1,2016/PORSCHE/911 CARRERA 4 GTS/2016 Porsche 911 Carrera 4 GTS 2 DR AWD.png
10808,2016,PORSCHE,911 CARRERA 4 GTS CABRIOLET,2016 Porsche 911 Carrera 4 GTS Cabriolet C AWD,,Not Rated,Not Rated,Not Rated,Not Rated,Not Rated,Not Rated,Not Rated,Not Rated,Not Rated,Not Rated,Not Rated,Not Rated,0,0, ,Not Rated,Standard,No,No,2,2,1,2016/PORSCHE/911 CARRERA 4 GTS CABRIOLET/2016 Porsche 911 Carrera 4 GTS Cabriolet C AWD.png
10809,2016,PORSCHE,911 CARRERA 4S,2016 Porsche 911 Carrera 4S 2 DR AWD,,Not Rated,Not Rated,Not Rated,Not Rated,Not Rated,Not Rated,Not Rated,Not Rated,Not Rated,Not Rated,Not Rated,Not Rated,0,0, ,Not Rated,Standard,No,No,2,2,1,2016/PORSCHE/911 CARRERA 4S/2016 Porsche 911 Carrera 4S 2 DR AWD.png
10810,2016,PORSCHE,911 CARRERA 4S CABRIOLET,2016 Porsche 911 Carrera 4S Cabriolet C AWD,,Not Rated,Not Rated,Not Rated,Not Rated,Not Rated,Not Rated,Not Rated,Not Rated,Not Rated,Not Rated,Not Rated,Not Rated,0,0, ,Not Rated,Standard,No,No,2,2,1,2016/PORSCHE/911 CARRERA 4S CABRIOLET/2016 Porsche 911 Carrera 4S Cabriolet C AWD.png
10811,2016,PORSCHE,911 CARRERA CABRIOLET,2016 Porsche 911 Carrera Cabriolet C RWD,,Not Rated,Not Rated,Not Rated,Not Rated,Not Rated,Not Rated,Not Rated,Not Rated,Not Rated,Not Rated,Not Rated,Not Rated,0,0, ,Not Rated,Standard,No,No,2,2,1,2016/PORSCHE/911 CARRERA CABRIOLET/2016 Porsche 911 Carrera Cabriolet C RWD.png
10812,2016,PORSCHE,911 CARRERA GTS,2016 Porsche 911 Carrera GTS 2 DR RWD,,Not Rated,Not Rated,Not Rated,Not Rated,Not Rated,Not Rated,Not Rated,Not Rated,Not Rated,Not Rated,Not Rated,Not Rated,0,0, ,Not Rated,Standard,No,No,2,2,1,2016/PORSCHE/911 CARRERA GTS/2016 Porsche 911 Carrera GTS 2 DR RWD.png
10813,2016,PORSCHE,911 CARRERA GTS CABRIOLET,2016 Porsche 911 Carrera GTS Cabriolet C RWD,,Not Rated,Not Rated,Not Rated,Not Rated,Not Rated,Not Rated,Not Rated,Not Rated,Not Rated,Not Rated,Not Rated,Not Rated,0,0, ,Not Rated,Standard,No,No,2,2,1,2016/PORSCHE/911 CARRERA GTS CABRIOLET/2016 Porsche 911 Carrera GTS Cabriolet C RWD.png
10814,2016,PORSCHE,911 CARRERA S,2016 Porsche 911 Carrera S 2 DR RWD,,Not Rated,Not Rated,Not Rated,Not Rated,Not Rated,Not Rated,Not Rated,Not Rated,Not Rated,Not Rated,Not Rated,Not Rated,0,0, ,Not Rated,Standard,No,No,0,0,0,2016/PORSCHE/911 CARRERA S/2016 Porsche 911 Carrera S 2 DR RWD.png
10815,2016,PORSCHE,911 CARRERA S CABRIOLET,2016 Porsche 911 Carrera S Cabriolet C RWD,,Not Rated,Not Rated,Not Rated,Not Rated,Not Rated,Not Rated,Not Rated,Not Rated,Not Rated,Not Rated,Not Rated,Not Rated,0,0, ,Not Rated,Standard,No,No,0,0,0,2016/PORSCHE/911 CARRERA S CABRIOLET/2016 Porsche 911 Carrera S Cabriolet C RWD.png
10828,2016,PORSCHE,911 GT3,2016 Porsche 911 GT3 2 DR RWD,,Not Rated,Not Rated,Not Rated,Not Rated,Not Rated,Not Rated,Not Rated,Not Rated,Not Rated,Not Rated,Not Rated,Not Rated,0,0, ,Not Rated,Standard,No,No,2,3,1,2016/PORSCHE/911 GT3/2016 Porsche 911 GT3 2 DR RWD.png
10829,2016,PORSCHE,911 GT3 RS,2016 Porsche 911 GT3 RS 2 DR RWD RWD,,Not Rated,Not Rated,Not Rated,Not Rated,Not Rated,Not Rated,Not Rated,Not Rated,Not Rated,Not Rated,Not Rated,Not Rated,0,0, ,Not Rated,Standard,No,No,2,3,1,2016/PORSCHE/911 GT3 RS/2016 Porsche 911 GT3 RS 2 DR RWD RWD.png
10830,2016,PORSCHE,911 TARGA 4,2016 Porsche 911 Targa 4 2 DR AWD,,Not Rated,Not Rated,Not Rated,Not Rated,Not Rated,Not Rated,Not Rated,Not Rated,Not Rated,Not Rated,Not Rated,Not Rated,0,0, ,Not Rated,Standard,No,No,2,2,1,2016/PORSCHE/911 TARGA 4/2016 Porsche 911 Targa 4 2 DR AWD.png
10831,2016,PORSCHE,911 TARGA 4 GTS,2016 Porsche 911 Targa 4 GTS 2 DR AWD,,Not Rated,Not Rated,Not Rated,Not Rated,Not Rated,Not Rated,Not Rated,Not Rated,Not Rated,Not Rated,Not Rated,Not Rated,0,0, ,Not Rated,Standard,No,No,2,2,1,2016/PORSCHE/911 TARGA 4 GTS/2016 Porsche 911 Targa 4 GTS 2 DR AWD.png
10832,2016,PORSCHE,911 TARGA 4S,2016 Porsche 911 Targa 4S 2 DR AWD,,Not Rated,Not Rated,Not Rated,Not Rated,Not Rated,Not Rated,Not Rated,Not Rated,Not Rated,Not Rated,Not Rated,Not Rated,0,0, ,Not Rated,Standard,No,No,2,2,1,2016/PORSCHE/911 TARGA 4S/2016 Porsche 911 Targa 4S 2 DR AWD.png
10833,2016,PORSCHE,911 TURBO,2016 Porsche 911 Turbo 2 DR AWD,,Not Rated,Not Rated,Not Rated,Not Rated,Not Rated,Not Rated,Not Rated,Not Rated,Not Rated,Not Rated,Not Rated,Not Rated,0,0, ,Not Rated,Standard,No,No,2,2,1,2016/PORSCHE/911 TURBO/2016 Porsche 911 Turbo 2 DR AWD.png
10834,2016,PORSCHE,911 TURBO CABRIOLET,2016 Porsche 911 Turbo Cabriolet C AWD,,Not Rated,Not Rated,Not Rated,Not Rated,Not Rated,Not Rated,Not Rated,Not Rated,Not Rated,Not Rated,Not Rated,Not Rated,0,0, ,Not Rated,Standard,No,No,2,2,1,2016/PORSCHE/911 TURBO CABRIOLET/2016 Porsche 911 Turbo Cabriolet C AWD.png
10835,2016,PORSCHE,911 TURBO S,2016 Porsche 911 Turbo S 2 DR AWD,,Not Rated,Not Rated,Not Rated,Not Rated,Not Rated,Not Rated,Not Rated,Not Rated,Not Rated,Not Rated,Not Rated,Not Rated,0,0, ,Not Rated,Standard,No,No,2,2,1,2016/PORSCHE/911 TURBO S/2016 Porsche 911 Turbo S 2 DR AWD.png
10836,2016,PORSCHE,911 TURBO S CABRIOLET,2016 Porsche 911 Turbo S Cabriolet C AWD,,Not Rated,Not Rated,Not Rated,Not Rated,Not Rated,Not Rated,Not Rated,Not Rated,Not Rated,Not Rated,Not Rated,Not Rated,0,0, ,Not Rated,Standard,No,No,2,2,1,2016/PORSCHE/911 TURBO S CABRIOLET/2016 Porsche 911 Turbo S Cabriolet C AWD.png
10837,2016,PORSCHE,BOXSTER,2016 Porsche Boxster C RWD,,Not Rated,Not Rated,Not Rated,Not Rated,Not Rated,Not Rated,Not Rated,Not Rated,Not Rated,Not Rated,Not Rated,Not Rated,0,0, ,Not Rated,Standard,No,No,0,1,0,2016/PORSCHE/BOXSTER/2016 Porsche Boxster C RWD.png
10838,2016,PORSCHE,BOXSTER GTS,2016 Porsche Boxster Gts C RWD,,Not Rated,Not Rated,Not Rated,Not Rated,Not Rated,Not Rated,Not Rated,Not Rated,Not Rated,Not Rated,Not Rated,Not Rated,0,0, ,Not Rated,Standard,No,No,0,1,0,2016/PORSCHE/BOXSTER GTS/2016 Porsche Boxster Gts C RWD.png
10839,2016,PORSCHE,BOXSTER S,2016 Porsche Boxster S C RWD,,Not Rated,Not Rated,Not Rated,Not Rated,Not Rated,Not Rated,Not Rated,Not Rated,Not Rated,Not Rated,Not Rated,Not Rated,0,0, ,Not Rated,Standard,No,No,0,1,0,2016/PORSCHE/BOXSTER S/2016 Porsche Boxster S C RWD.png
10840,2016,PORSCHE,BOXSTER SPYDER,2016 Porsche Boxster Spyder C RWD,,Not Rated,Not Rated,Not Rated,Not Rated,Not Rated,Not Rated,Not Rated,Not Rated,Not Rated,Not Rated,Not Rated,Not Rated,0,0, ,Not Rated,Standard,No,No,0,1,0,2016/PORSCHE/BOXSTER SPYDER/2016 Porsche Boxster Spyder C RWD.png
10842,2016,PORSCHE,CAYENNE,2016 Porsche Cayenne SUV AWD,,Not Rated,Not Rated,Not Rated,Not Rated,Not Rated,Not Rated,Not Rated,Not Rated,Not Rated,Not Rated,Not Rated,Not Rated,0,0, ,Not Rated,Standard,No,No,38,2,1,2016/PORSCHE/CAYENNE/2016 Porsche Cayenne SUV AWD.png
10843,2016,PORSCHE,CAYENNE DIESEL,2016 Porsche Cayenne Diesel SUV AWD,,Not Rated,Not Rated,Not Rated,Not Rated,Not Rated,Not Rated,Not Rated,Not Rated,Not Rated,Not Rated,Not Rated,Not Rated,0,0, ,Not Rated,Standard,No,No,33,2,0,2016/PORSCHE/CAYENNE DIESEL/2016 Porsche Cayenne Diesel SUV AWD.png
10844,2016,PORSCHE,CAYENNE GTS,2016 Porsche Cayenne GTS SUV AWD,,Not Rated,Not Rated,Not Rated,Not Rated,Not Rated,Not Rated,Not Rated,Not Rated,Not Rated,Not Rated,Not Rated,Not Rated,0,0, ,Not Rated,Standard,No,No,33,2,0,2016/PORSCHE/CAYENNE GTS/2016 Porsche Cayenne GTS SUV AWD.png
10841,2016,PORSCHE,CAYENNE S,2016 Porsche Cayenne S SUV AWD,,Not Rated,Not Rated,Not Rated,Not Rated,Not Rated,Not Rated,Not Rated,Not Rated,Not Rated,Not Rated,Not Rated,Not Rated,0,0, ,Not Rated,Standard,No,No,33,2,0,2016/PORSCHE/CAYENNE S/2016 Porsche Cayenne S SUV AWD.png
10845,2016,PORSCHE,CAYENNE S E-HYBRID,2016 Porsche Cayenne S E-Hybrid SUV AWD,,Not Rated,Not Rated,Not Rated,Not Rated,Not Rated,Not Rated,Not Rated,Not Rated,Not Rated,Not Rated,Not Rated,Not Rated,0,0, ,Not Rated,Standard,No,No,33,2,2,2016/PORSCHE/CAYENNE S E-HYBRID/2016 Porsche Cayenne S E-Hybrid SUV AWD.png
10846,2016,PORSCHE,CAYENNE TURBO,2016 Porsche Cayenne Turbo SUV AWD,,Not Rated,Not Rated,Not Rated,Not Rated,Not Rated,Not Rated,Not Rated,Not Rated,Not Rated,Not Rated,Not Rated,Not Rated,0,0, ,Not Rated,Standard,No,No,33,2,0,2016/PORSCHE/CAYENNE TURBO/2016 Porsche Cayenne Turbo SUV AWD.png
10847,2016,PORSCHE,CAYENNE TURBO S,2016 Porsche Cayenne Turbo S SUV AWD,,Not Rated,Not Rated,Not Rated,Not Rated,Not Rated,Not Rated,Not Rated,Not Rated,Not Rated,Not Rated,Not Rated,Not Rated,0,0, ,Not Rated,Standard,No,No,33,2,0,2016/PORSCHE/CAYENNE TURBO S/2016 Porsche Cayenne Turbo S SUV AWD.png
10862,2016,PORSCHE,CAYMAN,2016 Porsche Cayman 2 DR RWD,,Not Rated,Not Rated,Not Rated,Not Rated,Not Rated,Not Rated,Not Rated,Not Rated,Not Rated,Not Rated,Not Rated,Not Rated,0,0, ,Not Rated,Standard,No,No,7,1,0,2016/PORSCHE/CAYMAN/2016 Porsche Cayman 2 DR RWD.png
10863,2016,PORSCHE,CAYMAN GT4,2016 Porsche Cayman GT4 2 DR RWD,,Not Rated,Not Rated,Not Rated,Not Rated,Not Rated,Not Rated,Not Rated,Not Rated,Not Rated,Not Rated,Not Rated,Not Rated,0,0, ,Not Rated,Standard,No,No,7,1,0,2016/PORSCHE/CAYMAN GT4/2016 Porsche Cayman GT4 2 DR RWD.png
10864,2016,PORSCHE,CAYMAN GTS,2016 Porsche Cayman GTS 2 DR RWD,,Not Rated,Not Rated,Not Rated,Not Rated,Not Rated,Not Rated,Not Rated,Not Rated,Not Rated,Not Rated,Not Rated,Not Rated,0,0, ,Not Rated,Standard,No,No,7,1,0,2016/PORSCHE/CAYMAN GTS/2016 Porsche Cayman GTS 2 DR RWD.png
10865,2016,PORSCHE,CAYMAN S,2016 Porsche Cayman S 2 DR RWD,,Not Rated,Not Rated,Not Rated,Not Rated,Not Rated,Not Rated,Not Rated,Not Rated,Not Rated,Not Rated,Not Rated,Not Rated,0,0, ,Not Rated,Standard,No,No,7,1,0,2016/PORSCHE/CAYMAN S/2016 Porsche Cayman S 2 DR RWD.png
10866,2016,PORSCHE,MACAN S,2016 Porsche Macan S SUV AWD,,Not Rated,Not Rated,Not Rated,Not Rated,Not Rated,Not Rated,Not Rated,Not Rated,Not Rated,Not Rated,Not Rated,Not Rated,0,0, ,Not Rated,Standard,No,No,29,6,1,2016/PORSCHE/MACAN S/2016 Porsche Macan S SUV AWD.png
10867,2016,PORSCHE,MACAN S DIESEL,2016 Porsche Macan S Diesel SUV AWD,,Not Rated,Not Rated,Not Rated,Not Rated,Not Rated,Not Rated,Not Rated,Not Rated,Not Rated,Not Rated,Not Rated,Not Rated,0,0, ,Not Rated,Standard,No,No,29,6,1,2016/PORSCHE/MACAN S DIESEL/2016 Porsche Macan S Diesel SUV AWD.png
10868,2016,PORSCHE,MACAN TURBO,2016 Porsche Macan Turbo SUV AWD,,Not Rated,Not Rated,Not Rated,Not Rated,Not Rated,Not Rated,Not Rated,Not Rated,Not Rated,Not Rated,Not Rated,Not Rated,0,0, ,Not Rated,Standard,No,No,26,5,1,2016/PORSCHE/MACAN TURBO/2016 Porsche Macan Turbo SUV AWD.png
10869,2016,PORSCHE,PANAMERA,2016 Porsche Panamera 5 HB RWD,,Not Rated,Not Rated,Not Rated,Not Rated,Not Rated,Not Rated,Not Rated,Not Rated,Not Rated,Not Rated,Not Rated,Not Rated,0,0, ,Not Rated,Standard,No,No,3,4,0,2016/PORSCHE/PANAMERA/2016 Porsche Panamera 5 HB RWD.png
10870,2016,PORSCHE,PANAMERA 4,2016 Porsche Panamera 4 5 HB AWD,,Not Rated,Not Rated,Not Rated,Not Rated,Not Rated,Not Rated,Not Rated,Not Rated,Not Rated,Not Rated,Not Rated,Not Rated,0,0, ,Not Rated,Standard,No,No,3,4,0,2016/PORSCHE/PANAMERA 4/2016 Porsche Panamera 4 5 HB AWD.png
10871,2016,PORSCHE,PANAMERA 4 EDITION,2016 Porsche Panamera 4 Edition 5 HB AWD,,Not Rated,Not Rated,Not Rated,Not Rated,Not Rated,Not Rated,Not Rated,Not Rated,Not Rated,Not Rated,Not Rated,Not Rated,0,0, ,Not Rated,Standard,No,No,3,4,0,2016/PORSCHE/PANAMERA 4 EDITION/2016 Porsche Panamera 4 Edition 5 HB AWD.png
10872,2016,PORSCHE,PANAMERA 4S,2016 Porsche Panamera 4S 5 HB AWD,,Not Rated,Not Rated,Not Rated,Not Rated,Not Rated,Not Rated,Not Rated,Not Rated,Not Rated,Not Rated,Not Rated,Not Rated,0,0, ,Not Rated,Standard,No,No,3,4,0,2016/PORSCHE/PANAMERA 4S/2016 Porsche Panamera 4S 5 HB AWD.png
10873,2016,PORSCHE,PANAMERA 4S EXECUTIVE,2016 Porsche Panamera 4S Executive 5 HB AWD,,Not Rated,Not Rated,Not Rated,Not Rated,Not Rated,Not Rated,Not Rated,Not Rated,Not Rated,Not Rated,Not Rated,Not Rated,0,0, ,Not Rated,Standard,No,No,3,4,0,2016/PORSCHE/PANAMERA 4S EXECUTIVE/2016 Porsche Panamera 4S Executive 5 HB AWD.png
10874,2016,PORSCHE,PANAMERA EDITION,2016 Porsche Panamera Edition 5 HB RWD,,Not Rated,Not Rated,Not Rated,Not Rated,Not Rated,Not Rated,Not Rated,Not Rated,Not Rated,Not Rated,Not Rated,Not Rated,0,0, ,Not Rated,Standard,No,No,3,4,0,2016/PORSCHE/PANAMERA EDITION/2016 Porsche Panamera Edition 5 HB RWD.png
10875,2016,PORSCHE,PANAMERA EXCLUSIVE SERIES,2016 Porsche Panamera Exclusive Series 5 HB AWD,,Not Rated,Not Rated,Not Rated,Not Rated,Not Rated,Not Rated,Not Rated,Not Rated,Not Rated,Not Rated,Not Rated,Not Rated,0,0, ,Not Rated,Standard,No,No,3,4,0,2016/PORSCHE/PANAMERA EXCLUSIVE SERIES/2016 Porsche Panamera Exclusive Series 5 HB AWD.png
10876,2016,PORSCHE,PANAMERA GTS,2016 Porsche Panamera GTS 5 HB AWD,,Not Rated,Not Rated,Not Rated,Not Rated,Not Rated,Not Rated,Not Rated,Not Rated,Not Rated,Not Rated,Not Rated,Not Rated,0,0, ,Not Rated,Standard,No,No,3,4,0,2016/PORSCHE/PANAMERA GTS/2016 Porsche Panamera GTS 5 HB AWD.png
10877,2016,PORSCHE,PANAMERA S,2016 Porsche Panamera S 5 HB RWD,,Not Rated,Not Rated,Not Rated,Not Rated,Not Rated,Not Rated,Not Rated,Not Rated,Not Rated,Not Rated,Not Rated,Not Rated,0,0, ,Not Rated,Standard,No,No,3,4,0,2016/PORSCHE/PANAMERA S/2016 Porsche Panamera S 5 HB RWD.png
10848,2016,PORSCHE,PANAMERA S E-HYBRID,2016 Porsche Panamera S E-Hybrid 5 HB RWD,,Not Rated,Not Rated,Not Rated,Not Rated,Not Rated,Not Rated,Not Rated,Not Rated,Not Rated,Not Rated,Not Rated,Not Rated,0,0, ,Not Rated,Standard,No,No,3,4,1,2016/PORSCHE/PANAMERA S E-HYBRID/2016 Porsche Panamera S E-Hybrid 5 HB RWD.png
10849,2016,PORSCHE,PANAMERA TURBO,2016 Porsche Panamera Turbo 5 HB AWD,,Not Rated,Not Rated,Not Rated,Not Rated,Not Rated,Not Rated,Not Rated,Not Rated,Not Rated,Not Rated,Not Rated,Not Rated,0,0, ,Not Rated,Standard,No,No,3,4,0,2016/PORSCHE/PANAMERA TURBO/2016 Porsche Panamera Turbo 5 HB AWD.png
10850,2016,PORSCHE,PANAMERA TURBO EXECUTIVE,2016 Porsche Panamera Turbo Executive 5 HB AWD,,Not Rated,Not Rated,Not Rated,Not Rated,Not Rated,Not Rated,Not Rated,Not Rated,Not Rated,Not Rated,Not Rated,Not Rated,0,0, ,Not Rated,Standard,No,No,3,4,0,2016/PORSCHE/PANAMERA TURBO EXECUTIVE/2016 Porsche Panamera Turbo Executive 5 HB AWD.png
10851,2016,PORSCHE,PANAMERA TURBO S,2016 Porsche Panamera Turbo S 5 HB AWD,,Not Rated,Not Rated,Not Rated,Not Rated,Not Rated,Not Rated,Not Rated,Not Rated,Not Rated,Not Rated,Not Rated,Not Rated,0,0, ,Not Rated,Standard,No,No,3,4,0,2016/PORSCHE/PANAMERA TURBO S/2016 Porsche Panamera Turbo S 5 HB AWD.png
10852,2016,PORSCHE,PANAMERA TURBO S EXECUTIVE,2016 Porsche Panamera Turbo S Executive 5 HB AWD,,Not Rated,Not Rated,Not Rated,Not Rated,Not Rated,Not Rated,Not Rated,Not Rated,Not Rated,Not Rated,Not Rated,Not Rated,0,0, ,Not Rated,Standard,No,No,3,4,0,2016/PORSCHE/PANAMERA TURBO S EXECUTIVE/2016 Porsche Panamera Turbo S Executive 5 HB AWD.png
10148,2016,RAM,1500,2016 Ram 1500 Quad PU/EC 4WD,,4,4,4,4,5,5,5,5,5,5,3,Not Rated,0.219,0,No Tip,5,Standard,No,No,1514,17,4,2016/RAM/1500/2016 Ram 1500 Quad PU_EC 4WD.png
10149,2016,RAM,1500,2016 Ram 1500 Quad PU/EC 2WD,,4,4,4,4,5,5,5,5,5,5,4,Not Rated,0.198,0,No Tip,5,Standard,No,No,1514,17,4,2016/RAM/1500/2016 Ram 1500 Quad PU_EC 2WD.png
10150,2016,RAM,1500,2016 Ram 1500 Crew PU/CC 4WD,,4,4,4,4,5,5,5,5,5,5,3,Not Rated,0.219,0,No Tip,4,Standard,No,No,1514,17,4,2016/RAM/1500/2016 Ram 1500 Crew PU_CC 4WD.png
10151,2016,RAM,1500,2016 Ram 1500 Crew PU/CC 2WD,,4,4,4,4,5,5,5,5,5,5,4,Not Rated,0.198,0,No Tip,4,Standard,No,No,1514,17,4,2016/RAM/1500/2016 Ram 1500 Crew PU_CC 2WD.png
10152,2016,RAM,1500,2016 Ram 1500 Regular PU/RC 4WD,,4,4,4,4,5,5,Not Rated,5,Not Rated,5,3,Not Rated,0.219,0,No Tip,5,Standard,No,No,1514,17,4,2016/RAM/1500/2016 Ram 1500 Regular PU_RC 4WD.png
10153,2016,RAM,1500,2016 Ram 1500 Regular PU/RC 2WD,,4,4,4,4,5,5,Not Rated,5,Not Rated,5,4,Not Rated,0.198,0,No Tip,5,Standard,No,No,1514,17,4,2016/RAM/1500/2016 Ram 1500 Regular PU_RC 2WD.png
10154,2016,RAM,2500,2016 Ram 2500 Regular PU/RC 4WD,,Not Rated,Not Rated,Not Rated,Not Rated,Not Rated,Not Rated,Not Rated,Not Rated,Not Rated,Not Rated,3,Not Rated,0.237,0,No Tip,Not Rated,Standard,No,No,256,14,3,2016/RAM/2500/2016 Ram 2500 Regular PU_RC 4WD.png
10155,2016,RAM,2500,2016 Ram 2500 Regular PU/RC 2WD,,Not Rated,Not Rated,Not Rated,Not Rated,Not Rated,Not Rated,Not Rated,Not Rated,Not Rated,Not Rated,4,Not Rated,0.155,0,No Tip,Not Rated,Standard,No,No,256,14,3,2016/RAM/2500/2016 Ram 2500 Regular PU_RC 2WD.png
10156,2016,RAM,2500,2016 Ram 2500 Mega PU/EC 4WD,,Not Rated,Not Rated,Not Rated,Not Rated,Not Rated,Not Rated,Not Rated,Not Rated,Not Rated,Not Rated,3,Not Rated,0.237,0,No Tip,Not Rated,Standard,No,No,256,14,3,2016/RAM/2500/2016 Ram 2500 Mega PU_EC 4WD.png
10157,2016,RAM,2500,2016 Ram 2500 Crew PU/CC 4WD,,4,4,4,4,5,5,5,5,5,5,3,Not Rated,0.237,0,No Tip,5,Standard,No,No,256,14,3,2016/RAM/2500/2016 Ram 2500 Crew PU_CC 4WD.png
10158,2016,RAM,2500,2016 Ram 2500 Crew PU/CC 2WD,,4,4,4,4,5,5,5,5,5,5,4,Not Rated,0.155,0,No Tip,5,Standard,No,No,256,14,3,2016/RAM/2500/2016 Ram 2500 Crew PU_CC 2WD.png
10159,2016,RAM,2500,2016 Ram 2500 Mega PU/EC 2WD,,Not Rated,Not Rated,Not Rated,Not Rated,Not Rated,Not Rated,Not Rated,Not Rated,Not Rated,Not Rated,4,Not Rated,0.155,0,No Tip,Not Rated,Standard,No,No,256,14,3,2016/RAM/2500/2016 Ram 2500 Mega PU_EC 2WD.png
10853,2016,RAM,PROMASTER,2016 Ram Promaster VAN 2WD,,Not Rated,Not Rated,Not Rated,Not Rated,Not Rated,Not Rated,Not Rated,Not Rated,Not Rated,Not Rated,Not Rated,Not Rated,0,0, ,Not Rated,Standard,No,No,69,16,0,2016/RAM/PROMASTER/2016 Ram Promaster VAN 2WD.png
10854,2016,RAM,PROMASTER CITY,2016 Ram Promaster City VAN 2WD,,Not Rated,Not Rated,Not Rated,Not Rated,Not Rated,Not Rated,Not Rated,Not Rated,Not Rated,Not Rated,Not Rated,Not Rated,0,0, ,Not Rated,Standard,No,No,56,16,0,2016/RAM/PROMASTER CITY/2016 Ram Promaster City VAN 2WD.png
10566,2016,ROLLS-ROYCE,GHOST,2016 Rolls-Royce Ghost 4 DR RWD,,Not Rated,Not Rated,Not Rated,Not Rated,Not Rated,Not Rated,Not Rated,Not Rated,Not Rated,Not Rated,Not Rated,Not Rated,0,0, ,Not Rated,Standard,No,Optional,0,0,0,2016/ROLLS-ROYCE/GHOST/2016 Rolls-Royce Ghost 4 DR RWD.png
10567,2016,ROLLS-ROYCE,GHOST EWB,2016 Rolls-Royce Ghost EWB 4 DR RWD,,Not Rated,Not Rated,Not Rated,Not Rated,Not Rated,Not Rated,Not Rated,Not Rated,Not Rated,Not Rated,Not Rated,Not Rated,0,0, ,Not Rated,Standard,Optional,Optional,0,0,0,2016/ROLLS-ROYCE/GHOST EWB/2016 Rolls-Royce Ghost EWB 4 DR RWD.png
10568,2016,ROLLS-ROYCE,PHANTOM,2016 Rolls-Royce Phantom 2 DR RWD,,Not Rated,Not Rated,Not Rated,Not Rated,Not Rated,Not Rated,Not Rated,Not Rated,Not Rated,Not Rated,Not Rated,Not Rated,0,0, ,Not Rated,Standard,No,No,0,1,0,2016/ROLLS-ROYCE/PHANTOM/2016 Rolls-Royce Phantom 2 DR RWD.png
10569,2016,ROLLS-ROYCE,PHANTOM,2016 Rolls-Royce Phantom 4 DR RWD,,Not Rated,Not Rated,Not Rated,Not Rated,Not Rated,Not Rated,Not Rated,Not Rated,Not Rated,Not Rated,Not Rated,Not Rated,0,0, ,Not Rated,Standard,No,No,0,1,0,2016/ROLLS-ROYCE/PHANTOM/2016 Rolls-Royce Phantom 4 DR RWD.png
10570,2016,ROLLS-ROYCE,PHANTOM,2016 Rolls-Royce Phantom C RWD,,Not Rated,Not Rated,Not Rated,Not Rated,Not Rated,Not Rated,Not Rated,Not Rated,Not Rated,Not Rated,Not Rated,Not Rated,0,0, ,Not Rated,Standard,No,No,0,1,0,2016/ROLLS-ROYCE/PHANTOM/2016 Rolls-Royce Phantom C RWD.png
10571,2016,ROLLS-ROYCE,PHANTOM EWB,2016 Rolls-Royce Phantom EWB 4 DR RWD,,Not Rated,Not Rated,Not Rated,Not Rated,Not Rated,Not Rated,Not Rated,Not Rated,Not Rated,Not Rated,Not Rated,Not Rated,0,0, ,Not Rated,Standard,No,No,0,1,0,2016/ROLLS-ROYCE/PHANTOM EWB/2016 Rolls-Royce Phantom EWB 4 DR RWD.png
10572,2016,ROLLS-ROYCE,WRAITH,2016 Rolls-Royce Wraith 2 DR RWD,,Not Rated,Not Rated,Not Rated,Not Rated,Not Rated,Not Rated,Not Rated,Not Rated,Not Rated,Not Rated,Not Rated,Not Rated,0,0, ,Not Rated,Standard,Optional,Optional,2,0,0,2016/ROLLS-ROYCE/WRAITH/2016 Rolls-Royce Wraith 2 DR RWD.png
10855,2016,SMART,CABRIO,2016 Smart Cabrio C RWD,,Not Rated,Not Rated,Not Rated,Not Rated,Not Rated,Not Rated,Not Rated,Not Rated,Not Rated,Not Rated,Not Rated,Not Rated,0,0, ,Not Rated,Standard,Optional,No,21,2,0,2016/SMART/CABRIO/2016 Smart Cabrio C RWD.png
10856,2016,SMART,COUPE,2016 Smart Coupe 2 DR RWD,,Not Rated,Not Rated,Not Rated,Not Rated,Not Rated,Not Rated,Not Rated,Not Rated,Not Rated,Not Rated,Not Rated,Not Rated,0,0, ,Not Rated,Standard,Optional,No,21,2,0,2016/SMART/COUPE/2016 Smart Coupe 2 DR RWD.png
10213,2016,SMART,ED,2016 Smart ED 2 DR RWD,,4,4,4,4,5,5,Not Rated,5,Not Rated,5,4,Not Rated,0.155,0,No Tip,3,Standard,No,No,21,2,0,2016/SMART/ED/2016 Smart ED 2 DR RWD.png
10183,2016,SUBARU,BRZ,2016 Subaru BRZ 2 DR RWD,,5,4,4,4,5,3,5,4,5,5,5,Not Rated,0.071,0,No Tip,5,Standard,No,No,3,0,0,2016/SUBARU/BRZ/2016 Subaru BRZ 2 DR RWD.png
10180,2016,SUBARU,CROSSTREK,2016 Subaru Crosstrek SUV AWD,,5,4,4,4,5,5,5,5,5,5,4,Not Rated,0.151,0,No Tip,4,Standard,Optional,Optional,131,1,0,2016/SUBARU/CROSSTREK/2016 Subaru Crosstrek SUV AWD.png
10181,2016,SUBARU,CROSSTREK HYBRID,2016 Subaru Crosstrek Hybrid SUV AWD,,5,4,4,4,5,5,5,5,5,5,4,Not Rated,0.151,0,No Tip,4,Standard,No,No,131,1,0,2016/SUBARU/CROSSTREK HYBRID/2016 Subaru Crosstrek Hybrid SUV AWD.png
10182,2016,SUBARU,FORESTER,2016 Subaru Forester SUV AWD,,5,4,5,4,5,5,5,5,5,5,4,Not Rated,0.169,0,No Tip,5,Standard,Optional,Optional,408,3,1,2016/SUBARU/FORESTER/2016 Subaru Forester SUV AWD.png
10178,2016,SUBARU,IMPREZA,2016 Subaru Impreza 4 DR AWD,,5,4,4,4,5,5,5,5,5,5,5,Not Rated,0.099,0,No Tip,4,Standard,Optional,Optional,75,1,0,2016/SUBARU/IMPREZA/2016 Subaru Impreza 4 DR AWD.png
10179,2016,SUBARU,IMPREZA,2016 Subaru Impreza SW AWD,,5,4,4,4,5,5,5,5,5,5,5,Not Rated,0.099,0,No Tip,4,Standard,Optional,Optional,75,1,0,2016/SUBARU/IMPREZA/2016 Subaru Impreza SW AWD.png
10176,2016,SUBARU,LEGACY,2016 Subaru Legacy 4 DR AWD,,5,5,5,5,5,5,5,5,5,5,5,Not Rated,0.101,0,No Tip,5,Standard,Optional,Optional,146,3,1,2016/SUBARU/LEGACY/2016 Subaru Legacy 4 DR AWD.png
10177,2016,SUBARU,OUTBACK,2016 Subaru Outback SUV AWD,,5,5,5,5,5,5,5,5,5,5,4,Not Rated,0.175,0, ,5,Standard,Optional,Optional,639,4,1,2016/SUBARU/OUTBACK/2016 Subaru Outback SUV AWD.png
10857,2016,SUBARU,WRX,2016 Subaru WRX 4 DR AWD,,Not Rated,Not Rated,Not Rated,Not Rated,Not Rated,Not Rated,Not Rated,Not Rated,Not Rated,Not Rated,Not Rated,Not Rated,0,0, ,Not Rated,Standard,Optional,Optional,34,3,0,2016/SUBARU/WRX/2016 Subaru WRX 4 DR AWD.png
10922,2016,TESLA,MODEL S 60,2016 Tesla Model S 60 5 HB RWD Early Release,,5,5,5,5,5,5,5,5,5,5,5,Not Rated,0.057,0,No Tip,5,Standard,Standard,Standard,604,8,7,2016/TESLA/MODEL S 60/2016 Tesla Model S 60 5 HB RWD Early Release.png
10923,2016,TESLA,MODEL S 60,2016 Tesla Model S 60 5 HB RWD Later Release,,Not Rated,Not Rated,Not Rated,Not Rated,Not Rated,Not Rated,Not Rated,Not Rated,Not Rated,Not Rated,5,Not Rated,0.057,0,No Tip,Not Rated,Standard,No,No,604,8,7,2016/TESLA/MODEL S 60/2016 Tesla Model S 60 5 HB RWD Later Release.png
10924,2016,TESLA,MODEL S 60D,2016 Tesla Model S 60D 5 HB AWD Early Release,,Not Rated,Not Rated,Not Rated,Not Rated,5,5,5,5,5,5,5,Not Rated,0.057,0,No Tip,5,Standard,Standard,Standard,604,8,7,2016/TESLA/MODEL S 60D/2016 Tesla Model S 60D 5 HB AWD Early Release.png
10925,2016,TESLA,MODEL S 60D,2016 Tesla Model S 60D 5 HB AWD Later Release,,Not Rated,Not Rated,Not Rated,Not Rated,Not Rated,Not Rated,Not Rated,Not Rated,Not Rated,Not Rated,5,Not Rated,0.057,0,No Tip,Not Rated,Standard,No,No,604,8,7,2016/TESLA/MODEL S 60D/2016 Tesla Model S 60D 5 HB AWD Later Release.png
10926,2016,TESLA,MODEL S 70,2016 Tesla Model S 70 5 HB RWD,,5,5,5,5,5,5,5,5,5,5,5,Not Rated,0.057,0,No Tip,5,Standard,Standard,Standard,604,8,7,2016/TESLA/MODEL S 70/2016 Tesla Model S 70 5 HB RWD.png
10927,2016,TESLA,MODEL S 70D,2016 Tesla Model S 70D 5 HB AWD,,5,5,5,5,5,5,5,5,5,5,5,Not Rated,0.057,0,No Tip,5,Standard,Standard,Standard,604,8,7,2016/TESLA/MODEL S 70D/2016 Tesla Model S 70D 5 HB AWD.png
10928,2016,TESLA,MODEL S 75,2016 Tesla Model S 75 5 HB RWD Early Release,,5,5,5,5,5,5,5,5,5,5,5,Not Rated,0.057,0,No Tip,5,Standard,Standard,Standard,604,8,7,2016/TESLA/MODEL S 75/2016 Tesla Model S 75 5 HB RWD Early Release.png
10929,2016,TESLA,MODEL S 75,2016 Tesla Model S 75 5 HB RWD Later Release,,Not Rated,Not Rated,Not Rated,Not Rated,Not Rated,Not Rated,Not Rated,Not Rated,Not Rated,Not Rated,5,Not Rated,0.057,0,No Tip,Not Rated,Standard,No,No,604,8,7,2016/TESLA/MODEL S 75/2016 Tesla Model S 75 5 HB RWD Later Release.png
10930,2016,TESLA,MODEL S 75D,2016 Tesla Model S 75D 5 HB AWD Early Release,,Not Rated,Not Rated,Not Rated,Not Rated,5,5,5,5,5,5,5,Not Rated,0.057,0,No Tip,5,Standard,Standard,Standard,604,8,7,2016/TESLA/MODEL S 75D/2016 Tesla Model S 75D 5 HB AWD Early Release.png
10931,2016,TESLA,MODEL S 75D,2016 Tesla Model S 75D 5 HB AWD Later Release,,Not Rated,Not Rated,Not Rated,Not Rated,Not Rated,Not Rated,Not Rated,Not Rated,Not Rated,Not Rated,5,Not Rated,0.057,0,No Tip,Not Rated,Standard,No,No,604,8,7,2016/TESLA/MODEL S 75D/2016 Tesla Model S 75D 5 HB AWD Later Release.png
10932,2016,TESLA,MODEL S 85,2016 Tesla Model S 85 5 HB RWD,,5,5,5,5,5,5,5,5,5,5,5,Not Rated,0.057,0,No Tip,5,Standard,Standard,Standard,604,8,7,2016/TESLA/MODEL S 85/2016 Tesla Model S 85 5 HB RWD.png
10933,2016,TESLA,MODEL S 85D,2016 Tesla Model S 85D 5 HB AWD,,Not Rated,Not Rated,Not Rated,Not Rated,5,5,5,5,5,5,5,Not Rated,0.057,0,No Tip,5,Standard,Standard,Standard,604,8,7,2016/TESLA/MODEL S 85D/2016 Tesla Model S 85D 5 HB AWD.png
10934,2016,TESLA,MODEL S 90,2016 Tesla Model S 90 5 HB RWD,,5,5,5,5,5,5,5,5,5,5,5,Not Rated,0.057,0,No Tip,5,Standard,Standard,Standard,604,8,7,2016/TESLA/MODEL S 90/2016 Tesla Model S 90 5 HB RWD.png
10935,2016,TESLA,MODEL S 90D,2016 Tesla Model S 90D 5 HB AWD Early Release,,Not Rated,Not Rated,Not Rated,Not Rated,5,5,5,5,5,5,5,Not Rated,0.057,0,No Tip,5,Standard,Standard,Standard,604,8,7,2016/TESLA/MODEL S 90D/2016 Tesla Model S 90D 5 HB AWD Early Release.png
10936,2016,TESLA,MODEL S 90D,2016 Tesla Model S 90D 5 HB AWD Later Release,,Not Rated,Not Rated,Not Rated,Not Rated,Not Rated,Not Rated,Not Rated,Not Rated,Not Rated,Not Rated,5,Not Rated,0.057,0,No Tip,Not Rated,Standard,No,No,604,8,7,2016/TESLA/MODEL S 90D/2016 Tesla Model S 90D 5 HB AWD Later Release.png
10937,2016,TESLA,MODEL S P100D,2016 Tesla Model S P100D 5 HB AWD Early Release,,Not Rated,Not Rated,Not Rated,Not Rated,5,5,5,5,5,5,5,Not Rated,0.057,0,No Tip,5,Standard,Standard,Standard,604,8,7,2016/TESLA/MODEL S P100D/2016 Tesla Model S P100D 5 HB AWD Early Release.png
10938,2016,TESLA,MODEL S P100D,2016 Tesla Model S P100D 5 HB AWD Later Release,,Not Rated,Not Rated,Not Rated,Not Rated,Not Rated,Not Rated,Not Rated,Not Rated,Not Rated,Not Rated,5,Not Rated,0.057,0,No Tip,Not Rated,Standard,No,No,604,8,7,2016/TESLA/MODEL S P100D/2016 Tesla Model S P100D 5 HB AWD Later Release.png
10939,2016,TESLA,MODEL S P85D,2016 Tesla Model S P85D 5 HB AWD,,Not Rated,Not Rated,Not Rated,Not Rated,5,5,5,5,5,5,5,Not Rated,0.057,0,No Tip,5,Standard,Standard,Standard,604,8,7,2016/TESLA/MODEL S P85D/2016 Tesla Model S P85D 5 HB AWD.png
10940,2016,TESLA,MODEL S P90D,2016 Tesla Model S P90D 5 HB AWD Early Release,,Not Rated,Not Rated,Not Rated,Not Rated,5,5,5,5,5,5,5,Not Rated,0.057,0,No Tip,5,Standard,Standard,Standard,604,8,7,2016/TESLA/MODEL S P90D/2016 Tesla Model S P90D 5 HB AWD Early Release.png
10941,2016,TESLA,MODEL S P90D,2016 Tesla Model S P90D 5 HB AWD Later Release,,Not Rated,Not Rated,Not Rated,Not Rated,Not Rated,Not Rated,Not Rated,Not Rated,Not Rated,Not Rated,5,Not Rated,0.057,0,No Tip,Not Rated,Standard,No,No,604,8,7,2016/TESLA/MODEL S P90D/2016 Tesla Model S P90D 5 HB AWD Later Release.png
10942,2016,TESLA,MODEL X 60D,2016 Tesla Model X 60D SUV AWD Early Release,,Not Rated,Not Rated,Not Rated,Not Rated,Not Rated,Not Rated,Not Rated,Not Rated,Not Rated,Not Rated,Not Rated,Not Rated,0,0, ,Not Rated,Standard,Standard,Standard,417,10,4,2016/TESLA/MODEL X 60D/2016 Tesla Model X 60D SUV AWD Early Release.png
10943,2016,TESLA,MODEL X 60D,2016 Tesla Model X 60D SUV AWD Later Release,,Not Rated,Not Rated,Not Rated,Not Rated,Not Rated,Not Rated,Not Rated,Not Rated,Not Rated,Not Rated,Not Rated,Not Rated,0,0, ,Not Rated,Standard,No,No,417,10,4,2016/TESLA/MODEL X 60D/2016 Tesla Model X 60D SUV AWD Later Release.png
10944,2016,TESLA,MODEL X 75D,2016 Tesla Model X 75D SUV AWD Early Release,,Not Rated,Not Rated,Not Rated,Not Rated,Not Rated,Not Rated,Not Rated,Not Rated,Not Rated,Not Rated,Not Rated,Not Rated,0,0, ,Not Rated,Standard,Standard,Standard,417,10,4,2016/TESLA/MODEL X 75D/2016 Tesla Model X 75D SUV AWD Early Release.png
10945,2016,TESLA,MODEL X 75D,2016 Tesla Model X 75D SUV AWD Later Release,,Not Rated,Not Rated,Not Rated,Not Rated,Not Rated,Not Rated,Not Rated,Not Rated,Not Rated,Not Rated,Not Rated,Not Rated,0,0, ,Not Rated,Standard,No,No,417,10,4,2016/TESLA/MODEL X 75D/2016 Tesla Model X 75D SUV AWD Later Release.png
10946,2016,TESLA,MODEL X 90D,2016 Tesla Model X 90D SUV AWD Early Release,,Not Rated,Not Rated,Not Rated,Not Rated,Not Rated,Not Rated,Not Rated,Not Rated,Not Rated,Not Rated,Not Rated,Not Rated,0,0, ,Not Rated,Standard,Standard,Standard,417,10,4,2016/TESLA/MODEL X 90D/2016 Tesla Model X 90D SUV AWD Early Release.png
10947,2016,TESLA,MODEL X 90D,2016 Tesla Model X 90D SUV AWD Later Release,,Not Rated,Not Rated,Not Rated,Not Rated,Not Rated,Not Rated,Not Rated,Not Rated,Not Rated,Not Rated,Not Rated,Not Rated,0,0, ,Not Rated,Standard,No,No,417,10,4,2016/TESLA/MODEL X 90D/2016 Tesla Model X 90D SUV AWD Later Release.png
10948,2016,TESLA,MODEL X P100D,2016 Tesla Model X P100D SUV AWD Early Release,,Not Rated,Not Rated,Not Rated,Not Rated,Not Rated,Not Rated,Not Rated,Not Rated,Not Rated,Not Rated,Not Rated,Not Rated,0,0, ,Not Rated,Standard,Standard,Standard,417,10,4,2016/TESLA/MODEL X P100D/2016 Tesla Model X P100D SUV AWD Early Release.png
10949,2016,TESLA,MODEL X P100D,2016 Tesla Model X P100D SUV AWD Later Release,,Not Rated,Not Rated,Not Rated,Not Rated,Not Rated,Not Rated,Not Rated,Not Rated,Not Rated,Not Rated,Not Rated,Not Rated,0,0, ,Not Rated,Standard,No,No,417,10,4,2016/TESLA/MODEL X P100D/2016 Tesla Model X P100D SUV AWD Later Release.png
10950,2016,TESLA,MODEL X P90D,2016 Tesla Model X P90D SUV AWD Early Release,,Not Rated,Not Rated,Not Rated,Not Rated,Not Rated,Not Rated,Not Rated,Not Rated,Not Rated,Not Rated,Not Rated,Not Rated,0,0, ,Not Rated,Standard,Standard,Standard,417,10,4,2016/TESLA/MODEL X P90D/2016 Tesla Model X P90D SUV AWD Early Release.png
10951,2016,TESLA,MODEL X P90D,2016 Tesla Model X P90D SUV AWD Later Release,,Not Rated,Not Rated,Not Rated,Not Rated,Not Rated,Not Rated,Not Rated,Not Rated,Not Rated,Not Rated,Not Rated,Not Rated,0,0, ,Not Rated,Standard,No,No,417,10,4,2016/TESLA/MODEL X P90D/2016 Tesla Model X P90D SUV AWD Later Release.png
10109,2016,TOYOTA,4RUNNER,2016 Toyota 4Runner SUV AWD,,4,4,4,3,5,5,5,5,5,5,3,Not Rated,0.246,0,No Tip,4,Standard,No,No,77,8,1,2016/TOYOTA/4RUNNER/2016 Toyota 4Runner SUV AWD.png
10110,2016,TOYOTA,4RUNNER,2016 Toyota 4Runner SUV 2WD,,4,4,4,3,5,5,5,5,5,5,3,Not Rated,0.246,0,No Tip,4,Standard,No,No,77,8,1,2016/TOYOTA/4RUNNER/2016 Toyota 4Runner SUV 2WD.png
10104,2016,TOYOTA,AVALON,2016 Toyota Avalon 4 DR FWD,,5,4,4,4,5,5,5,5,5,5,4,Not Rated,0.107,0,No Tip,5,Standard,Optional,Optional,23,3,1,2016/TOYOTA/AVALON/2016 Toyota Avalon 4 DR FWD.png
10105,2016,TOYOTA,AVALON HYBRID,2016 Toyota Avalon HYBRID 4 DR FWD,,5,4,4,4,5,5,5,5,5,5,4,Not Rated,0.107,0,No Tip,5,Standard,Optional,Optional,24,4,2,2016/TOYOTA/AVALON HYBRID/2016 Toyota Avalon HYBRID 4 DR FWD.png
10106,2016,TOYOTA,CAMRY,2016 Toyota Camry 4 DR FWD,,5,4,4,5,5,5,5,5,5,5,4,Not Rated,0.111,0,No Tip,4,Standard,Optional,Optional,185,3,1,2016/TOYOTA/CAMRY/2016 Toyota Camry 4 DR FWD.png
10107,2016,TOYOTA,CAMRY HYBRID,2016 Toyota Camry HV 4 DR FWD,,5,4,4,5,5,5,5,5,5,5,4,Not Rated,0.111,0,No Tip,4,Standard,Optional,Optional,171,3,1,2016/TOYOTA/CAMRY HYBRID/2016 Toyota Camry HV 4 DR FWD.png
10108,2016,TOYOTA,COROLLA,2016 Toyota Corolla 4 DR FWD,,5,5,5,5,5,5,5,5,5,5,4,Not Rated,0.118,0,No Tip,5,Standard,No,No,212,1,2,2016/TOYOTA/COROLLA/2016 Toyota Corolla 4 DR FWD.png
10120,2016,TOYOTA,HIGHLANDER,2016 Toyota Highlander SUV AWD,,5,4,4,5,5,5,5,5,5,5,4,Not Rated,0.169,0,No Tip,5,Standard,Optional,Optional,109,3,0,2016/TOYOTA/HIGHLANDER/2016 Toyota Highlander SUV AWD.png
10121,2016,TOYOTA,HIGHLANDER,2016 Toyota Highlander SUV FWD,,5,4,4,5,5,5,5,5,5,5,4,Not Rated,0.185,0,No Tip,5,Standard,Optional,Optional,109,3,0,2016/TOYOTA/HIGHLANDER/2016 Toyota Highlander SUV FWD.png
10122,2016,TOYOTA,HIGHLANDER HYBRID,2016 Toyota Highlander HV SUV AWD,,5,4,4,5,5,5,5,5,5,5,4,Not Rated,0.169,0,No Tip,5,Standard,Optional,Optional,108,3,1,2016/TOYOTA/HIGHLANDER HYBRID/2016 Toyota Highlander HV SUV AWD.png
10858,2016,TOYOTA,LAND CRUISER,2016 Toyota Land Cruiser SUV AWD,,Not Rated,Not Rated,Not Rated,Not Rated,Not Rated,Not Rated,Not Rated,Not Rated,Not Rated,Not Rated,Not Rated,Not Rated,0,0, ,Not Rated,Standard,Optional,Optional,4,3,0,2016/TOYOTA/LAND CRUISER/2016 Toyota Land Cruiser SUV AWD.png
10111,2016,TOYOTA,PRIUS,2016 Toyota Prius 5 HB FWD,,5,4,4,4,5,5,5,5,5,5,4,Not Rated,0.107,0,No Tip,2,Standard,Optional,No,179,6,1,2016/TOYOTA/PRIUS/2016 Toyota Prius 5 HB FWD.png
10113,2016,TOYOTA,PRIUS C,2016 Toyota Prius C 5 HB FWD,,4,4,4,4,4,4,4,4,4,4,4,Not Rated,0.118,0,No Tip,5,Standard,Optional,No,162,5,1,2016/TOYOTA/PRIUS C/2016 Toyota Prius C 5 HB FWD.png
10112,2016,TOYOTA,PRIUS V,2016 Toyota Prius V SW FWD,,Not Rated,Not Rated,Not Rated,Not Rated,Not Rated,Not Rated,Not Rated,Not Rated,Not Rated,Not Rated,4,Not Rated,0.136,0,No Tip,Not Rated,Standard,Optional,Optional,166,6,0,2016/TOYOTA/PRIUS V/2016 Toyota Prius V SW FWD.png
10114,2016,TOYOTA,RAV4,2016 Toyota Rav4 SUV FWD,,5,4,4,4,5,5,5,5,5,5,4,Not Rated,0.174,0,No Tip,5,Standard,Optional,No,234,3,1,2016/TOYOTA/RAV4/2016 Toyota Rav4 SUV FWD.png
10115,2016,TOYOTA,RAV4,2016 Toyota Rav4 SUV AWD,,5,4,4,4,5,5,5,5,5,5,4,Not Rated,0.169,0,No Tip,5,Standard,Optional,No,234,3,1,2016/TOYOTA/RAV4/2016 Toyota Rav4 SUV AWD.png
10020,2016,TOYOTA,SCION FR-S,2016 Toyota Scion FR-S 2 DR RWD,,5,4,4,4,5,3,5,4,5,5,5,Not Rated,0.071,0,No Tip,5,Standard,No,No,1,0,0,2016/TOYOTA/SCION FR-S/2016 Toyota Scion FR-S 2 DR RWD.png
10859,2016,TOYOTA,SCION IA,2016 Toyota Scion iA 4 DR FWD,,Not Rated,Not Rated,Not Rated,Not Rated,Not Rated,Not Rated,Not Rated,Not Rated,Not Rated,Not Rated,Not Rated,Not Rated,0,0, ,Not Rated,Standard,No,No,1,0,0,2016/TOYOTA/SCION IA/2016 Toyota Scion iA 4 DR FWD.png
10134,2016,TOYOTA,SCION TC,2016 Toyota Scion TC 3 HB FWD,,5,4,5,4,5,5,5,5,5,5,4,Not Rated,0.109,0,No Tip,5,Standard,No,No,1,0,0,2016/TOYOTA/SCION TC/2016 Toyota Scion TC 3 HB FWD.png
10116,2016,TOYOTA,SEQUOIA,2016 Toyota Sequoia SUV 2WD,,Not Rated,Not Rated,Not Rated,Not Rated,Not Rated,Not Rated,Not Rated,Not Rated,Not Rated,Not Rated,4,Not Rated,0.185,0,No Tip,Not Rated,Standard,No,No,10,3,1,2016/TOYOTA/SEQUOIA/2016 Toyota Sequoia SUV 2WD.png
10117,2016,TOYOTA,SEQUOIA,2016 Toyota Sequoia SUV 4WD,,Not Rated,Not Rated,Not Rated,Not Rated,Not Rated,Not Rated,Not Rated,Not Rated,Not Rated,Not Rated,4,Not Rated,0.185,0,No Tip,Not Rated,Standard,No,No,10,3,1,2016/TOYOTA/SEQUOIA/2016 Toyota Sequoia SUV 4WD.png
10118,2016,TOYOTA,SIENNA,2016 Toyota Sienna VAN AWD,,5,4,5,4,5,5,5,5,5,5,4,Not Rated,0.14,0,No Tip,5,Standard,Optional,No,75,5,0,2016/TOYOTA/SIENNA/2016 Toyota Sienna VAN AWD.png
10119,2016,TOYOTA,SIENNA,2016 Toyota Sienna VAN FWD,,5,4,5,4,5,5,5,5,5,5,4,Not Rated,0.14,0,No Tip,5,Standard,Optional,No,75,5,0,2016/TOYOTA/SIENNA/2016 Toyota Sienna VAN FWD.png
10129,2016,TOYOTA,TACOMA,2016 Toyota Tacoma PU/CC 2WD,,4,4,4,4,5,4,5,4,5,5,4,Not Rated,0.147,0,No Tip,4,Standard,No,No,323,4,1,2016/TOYOTA/TACOMA/2016 Toyota Tacoma PU_CC 2WD.png
10130,2016,TOYOTA,TACOMA,2016 Toyota Tacoma PU/CC 4WD,,4,4,4,4,5,4,5,4,5,5,4,Not Rated,0.191,0,No Tip,4,Standard,No,No,323,4,1,2016/TOYOTA/TACOMA/2016 Toyota Tacoma PU_CC 4WD.png
10131,2016,TOYOTA,TACOMA,2016 Toyota Tacoma PU/EC 4WD,,Not Rated,Not Rated,Not Rated,Not Rated,Not Rated,Not Rated,Not Rated,Not Rated,Not Rated,Not Rated,4,Not Rated,0.191,0,No Tip,Not Rated,Standard,No,No,323,4,1,2016/TOYOTA/TACOMA/2016 Toyota Tacoma PU_EC 4WD.png
10132,2016,TOYOTA,TACOMA,2016 Toyota Tacoma PU/EC 2WD,,Not Rated,Not Rated,Not Rated,Not Rated,Not Rated,Not Rated,Not Rated,Not Rated,Not Rated,Not Rated,4,Not Rated,0.147,0,No Tip,Not Rated,Standard,No,No,323,4,1,2016/TOYOTA/TACOMA/2016 Toyota Tacoma PU_EC 2WD.png
10123,2016,TOYOTA,TUNDRA,2016 Toyota Tundra PU/EC 2WD,,4,4,4,4,5,5,5,5,5,5,3,Not Rated,0.219,0,No Tip,5,Standard,No,No,119,6,1,2016/TOYOTA/TUNDRA/2016 Toyota Tundra PU_EC 2WD.png
10124,2016,TOYOTA,TUNDRA,2016 Toyota Tundra PU/EC 4WD,,4,4,4,4,5,5,5,5,5,5,4,Not Rated,0.198,0,No Tip,5,Standard,No,No,119,6,1,2016/TOYOTA/TUNDRA/2016 Toyota Tundra PU_EC 4WD.png
10125,2016,TOYOTA,TUNDRA,2016 Toyota Tundra PU/RC 4WD,,4,4,4,4,5,5,Not Rated,5,Not Rated,5,4,Not Rated,0.198,0,No Tip,5,Standard,No,No,119,6,1,2016/TOYOTA/TUNDRA/2016 Toyota Tundra PU_RC 4WD.png
10126,2016,TOYOTA,TUNDRA,2016 Toyota Tundra PU/RC 2WD,,4,4,4,4,5,5,Not Rated,5,Not Rated,5,3,Not Rated,0.219,0,No Tip,5,Standard,No,No,119,6,1,2016/TOYOTA/TUNDRA/2016 Toyota Tundra PU_RC 2WD.png
10127,2016,TOYOTA,TUNDRA,2016 Toyota Tundra PU/CC 4WD,,4,4,4,4,5,5,5,5,5,5,4,Not Rated,0.198,0,No Tip,5,Standard,No,No,119,6,1,2016/TOYOTA/TUNDRA/2016 Toyota Tundra PU_CC 4WD.png
10128,2016,TOYOTA,TUNDRA,2016 Toyota Tundra PU/CC 2WD,,4,4,4,4,5,5,5,5,5,5,3,Not Rated,0.219,0,No Tip,5,Standard,No,No,119,6,1,2016/TOYOTA/TUNDRA/2016 Toyota Tundra PU_CC 2WD.png
10133,2016,TOYOTA,YARIS,2016 Toyota Yaris Liftback 5 HB FWD,,4,4,5,4,5,5,5,5,5,5,4,Not Rated,0.136,0,No Tip,4,Standard,No,No,5,2,0,2016/TOYOTA/YARIS/2016 Toyota Yaris Liftback 5 HB FWD.png
10861,2016,TOYOTA,YARIS LIFTBACK,2016 Toyota Yaris Liftback 3 HB  FWD,,Not Rated,Not Rated,Not Rated,Not Rated,Not Rated,Not Rated,Not Rated,Not Rated,Not Rated,Not Rated,Not Rated,Not Rated,0,0, ,Not Rated,Standard,No,No,5,2,0,2016/TOYOTA/YARIS LIFTBACK/2016 Toyota Yaris Liftback 3 HB  FWD.png
10071,2016,VOLKSWAGEN,BEETLE,2016 Volkswagen Beetle 2 DR FWD,,5,4,5,4,5,5,5,5,5,5,4,Not Rated,0.105,0,No Tip,5,Standard,No,No,58,4,0,2016/VOLKSWAGEN/BEETLE/2016 Volkswagen Beetle 2 DR FWD.png
10886,2016,VOLKSWAGEN,BEETLE,2016 Volkswagen Beetle C FWD,,Not Rated,Not Rated,Not Rated,Not Rated,Not Rated,Not Rated,Not Rated,Not Rated,Not Rated,Not Rated,Not Rated,Not Rated,0,0, ,Not Rated,Standard,No,No,58,4,0,2016/VOLKSWAGEN/BEETLE/2016 Volkswagen Beetle C FWD.png
10072,2016,VOLKSWAGEN,CC,2016 Volkswagen CC 4 DR AWD,,Not Rated,Not Rated,Not Rated,Not Rated,Not Rated,Not Rated,Not Rated,Not Rated,Not Rated,Not Rated,4,Not Rated,0,0,No Tip,Not Rated,Standard,No,Optional,26,6,0,2016/VOLKSWAGEN/CC/2016 Volkswagen CC 4 DR AWD.png
10073,2016,VOLKSWAGEN,CC,2016 Volkswagen CC 4 DR FWD,,Not Rated,Not Rated,Not Rated,Not Rated,Not Rated,Not Rated,Not Rated,Not Rated,Not Rated,Not Rated,4,Not Rated,0,0,No Tip,Not Rated,Standard,No,Optional,26,6,0,2016/VOLKSWAGEN/CC/2016 Volkswagen CC 4 DR FWD.png
10888,2016,VOLKSWAGEN,EOS,2016 Volkswagen EOS C FWD,,Not Rated,Not Rated,Not Rated,Not Rated,Not Rated,Not Rated,Not Rated,Not Rated,Not Rated,Not Rated,Not Rated,Not Rated,0,0, ,Not Rated,Standard,No,No,4,2,0,2016/VOLKSWAGEN/EOS/2016 Volkswagen EOS C FWD.png
10290,2016,VOLKSWAGEN,GOLF,2016 Volkswagen Golf 2 DR FWD,,5,4,4,5,5,5,5,5,5,5,4,Not Rated,0.111,0,No Tip,5,Standard,Optional,Optional,85,9,1,2016/VOLKSWAGEN/GOLF/2016 Volkswagen Golf 2 DR FWD.png
10889,2016,VOLKSWAGEN,GOLF,2016 Volkswagen Golf 4 DR FWD,,5,4,5,4,5,5,5,5,5,5,4,Not Rated,0.134,0,No Tip,5,Standard,Optional,Optional,85,9,1,2016/VOLKSWAGEN/GOLF/2016 Volkswagen Golf 4 DR FWD.png
10322,2016,VOLKSWAGEN,GOLF GTI,2016 Volkswagen Golf GTI 2 DR FWD,,5,4,4,5,5,5,5,5,5,5,4,Not Rated,0.111,0,No Tip,5,Standard,Standard,Optional,147,9,1,2016/VOLKSWAGEN/GOLF GTI/2016 Volkswagen Golf GTI 2 DR FWD.png
10890,2016,VOLKSWAGEN,GOLF GTI,2016 Volkswagen Golf GTI 4 DR FWD,,5,4,5,4,5,5,5,5,5,5,4,Not Rated,0.134,0,No Tip,5,Standard,Optional,Optional,147,9,1,2016/VOLKSWAGEN/GOLF GTI/2016 Volkswagen Golf GTI 4 DR FWD.png
10891,2016,VOLKSWAGEN,GOLF R,2016 Volkswagen Golf R 4 DR AWD,,5,4,5,4,5,5,5,5,5,5,4,Not Rated,0.134,0,No Tip,5,Standard,Optional,Optional,12,4,1,2016/VOLKSWAGEN/GOLF R/2016 Volkswagen Golf R 4 DR AWD.png
10892,2016,VOLKSWAGEN,GOLF SPORTWAGEN,2016 Volkswagen Golf Sportwagen SW FWD,,5,4,5,4,5,5,5,5,5,5,4,Not Rated,0.134,0,No Tip,5,Standard,Optional,Optional,56,3,1,2016/VOLKSWAGEN/GOLF SPORTWAGEN/2016 Volkswagen Golf Sportwagen SW FWD.png
10074,2016,VOLKSWAGEN,JETTA,2016 Volkswagen Jetta 4 DR FWD,,5,4,4,4,5,5,5,5,5,5,4,Not Rated,0.111,0,No Tip,5,Standard,Optional,No,160,5,0,2016/VOLKSWAGEN/JETTA/2016 Volkswagen Jetta 4 DR FWD.png
10075,2016,VOLKSWAGEN,JETTA HEV,2016 Volkswagen Jetta HEV 4 DR FWD,,5,4,4,4,5,5,5,5,5,5,4,Not Rated,0.111,0,No Tip,5,Standard,No,No,1,0,1,2016/VOLKSWAGEN/JETTA HEV/2016 Volkswagen Jetta HEV 4 DR FWD.png
10329,2016,VOLKSWAGEN,PASSAT,2016 Volkswagen Passat 4 DR FWD,,5,4,4,4,5,5,5,5,5,5,4,Not Rated,0.107,0,No Tip,5,Standard,Optional,Optional,106,5,0,2016/VOLKSWAGEN/PASSAT/2016 Volkswagen Passat 4 DR FWD.png
10076,2016,VOLKSWAGEN,TIGUAN,2016 Volkswagen Tiguan SUV FWD,,4,3,4,3,5,5,5,5,5,5,4,Not Rated,0.174,0,No Tip,4,Standard,No,No,96,2,2,2016/VOLKSWAGEN/TIGUAN/2016 Volkswagen Tiguan SUV FWD.png
10077,2016,VOLKSWAGEN,TIGUAN,2016 Volkswagen Tiguan SUV AWD,,4,3,4,3,5,5,5,5,5,5,4,Not Rated,0.185,0,No Tip,4,Standard,No,No,96,2,2,2016/VOLKSWAGEN/TIGUAN/2016 Volkswagen Tiguan SUV AWD.png
10894,2016,VOLKSWAGEN,TOUAREG,2016 Volkswagen Touareg SUV AWD,,Not Rated,Not Rated,Not Rated,Not Rated,Not Rated,Not Rated,Not Rated,Not Rated,Not Rated,Not Rated,Not Rated,Not Rated,0,0, ,Not Rated,Standard,Optional,Optional,44,2,0,2016/VOLKSWAGEN/TOUAREG/2016 Volkswagen Touareg SUV AWD.png
10887,2016,VOLKSWAGEN,eGOLF,2016 Volkswagen eGolf 4 DR FWD,,Not Rated,Not Rated,Not Rated,Not Rated,Not Rated,Not Rated,Not Rated,Not Rated,Not Rated,Not Rated,Not Rated,Not Rated,0,0, ,Not Rated,Standard,Optional,No,17,5,1,2016/VOLKSWAGEN/eGOLF/2016 Volkswagen eGolf 4 DR FWD.png
10067,2016,VOLVO,S60,2016 Volvo S60 4 DR AWD,,5,5,5,5,5,5,5,5,5,5,5,Not Rated,0.1,0,No Tip,5,Standard,Optional,Optional,26,4,0,2016/VOLVO/S60/2016 Volvo S60 4 DR AWD.png
10068,2016,VOLVO,S60,2016 Volvo S60 4 DR FWD,,5,5,5,5,5,5,5,5,5,5,5,Not Rated,0.1,0,No Tip,5,Standard,Optional,Optional,26,4,0,2016/VOLVO/S60/2016 Volvo S60 4 DR FWD.png
10895,2016,VOLVO,S60CC,2016 Volvo S60CC 4 DR AWD,,Not Rated,Not Rated,Not Rated,Not Rated,Not Rated,Not Rated,Not Rated,Not Rated,Not Rated,Not Rated,Not Rated,Not Rated,0,0, ,Not Rated,Standard,Optional,Optional,27,4,0,2016/VOLVO/S60CC/2016 Volvo S60CC 4 DR AWD.png
10323,2016,VOLVO,S60I,2016 Volvo S60I 4 DR FWD,,5,5,5,5,5,5,5,5,5,5,5,Not Rated,0.101,0,No Tip,5,Standard,Optional,Optional,26,4,0,2016/VOLVO/S60I/2016 Volvo S60I 4 DR FWD.png
10324,2016,VOLVO,S60I,2016 Volvo S60I 4 DR AWD,,5,5,5,5,5,5,5,5,5,5,5,Not Rated,0.101,0,No Tip,5,Standard,Optional,Optional,26,4,0,2016/VOLVO/S60I/2016 Volvo S60I 4 DR AWD.png
10900,2016,VOLVO,S80,2016 Volvo S80 4 DR FWD,,Not Rated,Not Rated,Not Rated,Not Rated,Not Rated,Not Rated,Not Rated,Not Rated,Not Rated,Not Rated,Not Rated,Not Rated,0,0, ,Not Rated,Standard,Optional,Optional,6,2,0,2016/VOLVO/S80/2016 Volvo S80 4 DR FWD.png
10902,2016,VOLVO,V60,2016 Volvo V60 SW AWD,,Not Rated,Not Rated,Not Rated,Not Rated,Not Rated,Not Rated,Not Rated,Not Rated,Not Rated,Not Rated,Not Rated,Not Rated,0,0, ,Not Rated,Standard,Optional,Optional,13,4,0,2016/VOLVO/V60/2016 Volvo V60 SW AWD.png
10903,2016,VOLVO,V60,2016 Volvo V60 SW FWD,,Not Rated,Not Rated,Not Rated,Not Rated,Not Rated,Not Rated,Not Rated,Not Rated,Not Rated,Not Rated,Not Rated,Not Rated,0,0, ,Not Rated,Standard,Optional,Optional,13,4,0,2016/VOLVO/V60/2016 Volvo V60 SW FWD.png
10904,2016,VOLVO,V60 CC,2016 Volvo V60 CC SW AWD,,Not Rated,Not Rated,Not Rated,Not Rated,Not Rated,Not Rated,Not Rated,Not Rated,Not Rated,Not Rated,Not Rated,Not Rated,0,0, ,Not Rated,Standard,Optional,Optional,47,4,0,2016/VOLVO/V60 CC/2016 Volvo V60 CC SW AWD.png
10069,2016,VOLVO,XC60,2016 Volvo XC60 SUV AWD,,5,5,5,5,5,5,5,5,5,5,4,Not Rated,0.176,0,No Tip,5,Standard,Optional,Optional,38,3,0,2016/VOLVO/XC60/2016 Volvo XC60 SUV AWD.png
10070,2016,VOLVO,XC60,2016 Volvo XC60 SUV FWD,,5,5,5,5,5,5,5,5,5,5,4,Not Rated,0.176,0,No Tip,5,Standard,Optional,Optional,38,3,0,2016/VOLVO/XC60/2016 Volvo XC60 SUV FWD.png
10905,2016,VOLVO,XC70,2016 Volvo XC70 SW FWD,,Not Rated,Not Rated,Not Rated,Not Rated,Not Rated,Not Rated,Not Rated,Not Rated,Not Rated,Not Rated,Not Rated,Not Rated,0,0, ,Not Rated,Standard,Optional,Optional,7,2,0,2016/VOLVO/XC70/2016 Volvo XC70 SW FWD.png
10906,2016,VOLVO,XC70,2016 Volvo XC70 SW AWD,,Not Rated,Not Rated,Not Rated,Not Rated,Not Rated,Not Rated,Not Rated,Not Rated,Not Rated,Not Rated,Not Rated,Not Rated,0,0, ,Not Rated,Standard,Optional,Optional,7,2,0,2016/VOLVO/XC70/2016 Volvo XC70 SW AWD.png
10918,2016,VOLVO,XC90 T5,2016 Volvo XC90 T5 SUV FWD,,Not Rated,5,5,5,5,5,5,5,5,5,Not Rated,Not Rated,0,0, ,5,Standard,Standard,Standard,196,8,1,2016/VOLVO/XC90 T5/2016 Volvo XC90 T5 SUV FWD.png
10919,2016,VOLVO,XC90 T5,2016 Volvo XC90 T5 SUV AWD,,5,5,5,5,5,5,5,5,5,5,4,Not Rated,0.179,0,No Tip,5,Standard,Standard,Standard,196,8,1,2016/VOLVO/XC90 T5/2016 Volvo XC90 T5 SUV AWD.png
10907,2016,VOLVO,XC90 T6,2016 Volvo XC90 T6 SUV FWD,,Not Rated,5,5,5,5,5,5,5,5,5,Not Rated,Not Rated,0,0, ,5,Standard,Standard,Standard,196,8,1,2016/VOLVO/XC90 T6/2016 Volvo XC90 T6 SUV FWD.png
10908,2016,VOLVO,XC90 T6,2016 Volvo XC90 T6 SUV AWD,,5,5,5,5,5,5,5,5,5,5,4,Not Rated,0.179,0,No Tip,5,Standard,Standard,Standard,196,8,1,2016/VOLVO/XC90 T6/2016 Volvo XC90 T6 SUV AWD.png
10909,2016,VOLVO,XC90 T8,2016 Volvo XC90 T8 SUV AWD,,5,5,5,5,5,5,5,5,5,5,4,Not Rated,0.159,0,No Tip,5,Standard,Standard,Standard,196,8,1,2016/VOLVO/XC90 T8/2016 Volvo XC90 T8 SUV AWD.png