VehicleId,ModelYear,Make,Model,VehicleDescription,VehiclePicture,OverallRating,OverallFrontCrashRating,FrontCrashDriversideRating,FrontCrashPassengersideRating,OverallSideCrashRating,SideCrashDriversideRating,SideCrashPassengersideRating,CombinedSideBarrierAndPoleRatingFront,CombinedSideBarrierAndPoleRatingRear,SideBarrierRatingOverall,RolloverRating,RolloverRating2,RolloverPossibility,RolloverPossibility2,DynamicTipResult,SidePoleCrashRating,NHTSAElectronicStabilityControl,NHTSAForwardCollisionWarning,NHTSALaneDepartureWarning,ComplaintsCount,RecallsCount,InvestigationCount,ImagePath
5114,2009,ACURA,MDX,2009 Acura MDX 4-DR. w/SAB,,Not Rated,Not Rated,5,5,Not Rated,5,5,Not Rated,Not Rated,Not Rated,4,Not Rated,0.14,0,No Tip,Not Rated,Standard,No,No,50,0,0,2009/ACURA/MDX/2009 Acura MDX 4-DR. w_SAB.png
5115,2009,ACURA,RDX,2009 Acura RDX 4-DR. w/SAB,,Not Rated,Not Rated,5,5,Not Rated,5,5,Not Rated,Not Rated,Not Rated,4,Not Rated,0.155,0,No Tip,Not Rated,Standard,No,No,15,2,0,2009/ACURA/RDX/2009 Acura RDX 4-DR. w_SAB.png
5113,2009,ACURA,RL,2009 Acura RL 4-DR. w/SAB,,Not Rated,Not Rated,5,5,Not Rated,5,5,Not Rated,Not Rated,Not Rated,5,Not Rated,0.097,0,No Tip,Not Rated,Standard,Optional,No,8,6,0,2009/ACURA/RL/2009 Acura RL 4-DR. w_SAB.png
5375,2009,ACURA,TL,2009 Acura TL 4-DR. w/SAB,,Not Rated,Not Rated,5,5,Not Rated,5,5,Not Rated,Not Rated,Not Rated,5,5,0.093,0.093,No Tip,Not Rated,Standard,No,No,42,3,0,2009/ACURA/TL/2009 Acura TL 4-DR. w_SAB.png
5028,2009,ACURA,TSX,2009 Acura TSX  4-DR. w/SAB,,Not Rated,Not Rated,5,5,Not Rated,5,5,Not Rated,Not Rated,Not Rated,Not Rated,5,0,0.099, ,Not Rated,Standard,No,No,91,6,0,2009/ACURA/TSX/2009 Acura TSX  4-DR. w_SAB.png
5283,2009,AUDI,A3,2009 Audi A3 4-DR. w/SAB,,Not Rated,Not Rated,Not Rated,Not Rated,Not Rated,Not Rated,Not Rated,Not Rated,Not Rated,Not Rated,Not Rated,Not Rated,0,0, ,Not Rated,Standard,No,No,47,5,2,2009/AUDI/A3/2009 Audi A3 4-DR. w_SAB.png
5284,2009,AUDI,A4,2009 Audi A4 4-DR. w/SAB,,Not Rated,Not Rated,5,5,Not Rated,5,5,Not Rated,Not Rated,Not Rated,5,5,0.099,0.099,No Tip,Not Rated,Standard,Optional,Optional,142,6,0,2009/AUDI/A4/2009 Audi A4 4-DR. w_SAB.png
5285,2009,AUDI,A4 AVANT,2009 Audi A4 Avant Wagon 4-DR. w/SAB,,Not Rated,Not Rated,5,5,Not Rated,5,5,Not Rated,Not Rated,Not Rated,5,Not Rated,0.099,0,No Tip,Not Rated,Standard,Optional,Optional,122,2,0,2009/AUDI/A4 AVANT/2009 Audi A4 Avant Wagon 4-DR. w_SAB.png
5286,2009,AUDI,A4 CABRIOLET,2009 Audi A4 Cabriolet  w/SAB,,Not Rated,Not Rated,Not Rated,Not Rated,Not Rated,Not Rated,Not Rated,Not Rated,Not Rated,Not Rated,Not Rated,Not Rated,0,0, ,Not Rated,Standard,Optional,Optional,142,6,0,2009/AUDI/A4 CABRIOLET/2009 Audi A4 Cabriolet  w_SAB.png
5287,2009,AUDI,A5,2009 Audi A5 2-DR w/SAB,,Not Rated,Not Rated,Not Rated,Not Rated,Not Rated,Not Rated,Not Rated,Not Rated,Not Rated,Not Rated,Not Rated,Not Rated,0,0, ,Not Rated,Standard,Optional,No,11,1,0,2009/AUDI/A5/2009 Audi A5 2-DR w_SAB.png
5288,2009,AUDI,A6,2009 Audi A6 4-DR. w/SAB,,Not Rated,Not Rated,Not Rated,Not Rated,Not Rated,Not Rated,Not Rated,Not Rated,Not Rated,Not Rated,Not Rated,Not Rated,0,0, ,Not Rated,Standard,No,Optional,21,4,0,2009/AUDI/A6/2009 Audi A6 4-DR. w_SAB.png
5289,2009,AUDI,A6 AVANT,2009 Audi A6 Avant Wagon w/SAB,,Not Rated,Not Rated,Not Rated,Not Rated,Not Rated,Not Rated,Not Rated,Not Rated,Not Rated,Not Rated,Not Rated,Not Rated,0,0, ,Not Rated,Standard,No,Optional,21,4,0,2009/AUDI/A6 AVANT/2009 Audi A6 Avant Wagon w_SAB.png
5290,2009,AUDI,A8,2009 Audi A8 4-DR. w/SAB,,Not Rated,Not Rated,Not Rated,Not Rated,Not Rated,Not Rated,Not Rated,Not Rated,Not Rated,Not Rated,Not Rated,Not Rated,0,0, ,Not Rated,Standard,No,Optional,5,1,0,2009/AUDI/A8/2009 Audi A8 4-DR. w_SAB.png
5294,2009,AUDI,Q5,2009 Audi Q5 4-DR. w/SAB,,Not Rated,Not Rated,5,5,Not Rated,5,5,Not Rated,Not Rated,Not Rated,4,Not Rated,0.151,0,No Tip,Not Rated,Standard,No,No,30,6,0,2009/AUDI/Q5/2009 Audi Q5 4-DR. w_SAB.png
5291,2009,AUDI,Q7,2009 Audi Q7 4-DR. w/SAB,,Not Rated,Not Rated,5,5,Not Rated,5,5,Not Rated,Not Rated,Not Rated,4,Not Rated,0.185,0,No Tip,Not Rated,Standard,Optional,No,21,3,1,2009/AUDI/Q7/2009 Audi Q7 4-DR. w_SAB.png
5292,2009,AUDI,R8,2009 Audi R8 2-DR w/SAB,,Not Rated,Not Rated,Not Rated,Not Rated,Not Rated,Not Rated,Not Rated,Not Rated,Not Rated,Not Rated,Not Rated,Not Rated,0,0, ,Not Rated,Standard,No,No,6,0,0,2009/AUDI/R8/2009 Audi R8 2-DR w_SAB.png
5312,2009,AUDI,S5,2009 Audi S5 2-DR w/SAB,,Not Rated,Not Rated,Not Rated,Not Rated,Not Rated,Not Rated,Not Rated,Not Rated,Not Rated,Not Rated,Not Rated,Not Rated,0,0, ,Not Rated,Standard,Optional,No,0,0,0,2009/AUDI/S5/2009 Audi S5 2-DR w_SAB.png
5293,2009,AUDI,S6,2009 Audi S6 4-DR. w/SAB,,Not Rated,Not Rated,Not Rated,Not Rated,Not Rated,Not Rated,Not Rated,Not Rated,Not Rated,Not Rated,Not Rated,Not Rated,0,0, ,Not Rated,Standard,No,Optional,0,3,0,2009/AUDI/S6/2009 Audi S6 4-DR. w_SAB.png
5295,2009,AUDI,TT,2009 Audi TT Convertible w/SAB,,Not Rated,Not Rated,Not Rated,Not Rated,Not Rated,Not Rated,Not Rated,Not Rated,Not Rated,Not Rated,Not Rated,Not Rated,0,0, ,Not Rated,Standard,No,No,12,2,1,2009/AUDI/TT/2009 Audi TT Convertible w_SAB.png
5296,2009,AUDI,TT,2009 Audi TT 2-DR w/SAB,,Not Rated,Not Rated,Not Rated,Not Rated,Not Rated,Not Rated,Not Rated,Not Rated,Not Rated,Not Rated,Not Rated,Not Rated,0,0, ,Not Rated,Standard,No,No,12,2,1,2009/AUDI/TT/2009 Audi TT 2-DR w_SAB.png
5428,2009,AUDI,TTS,2009 Audi TTS 2-DR w/SAB,,Not Rated,Not Rated,Not Rated,Not Rated,Not Rated,Not Rated,Not Rated,Not Rated,Not Rated,Not Rated,Not Rated,Not Rated,0,0, ,Not Rated,Standard,No,No,1,0,0,2009/AUDI/TTS/2009 Audi TTS 2-DR w_SAB.png
5429,2009,AUDI,TTS,2009 Audi TTS Convertible w/SAB,,Not Rated,Not Rated,Not Rated,Not Rated,Not Rated,Not Rated,Not Rated,Not Rated,Not Rated,Not Rated,Not Rated,Not Rated,0,0, ,Not Rated,Standard,No,No,1,0,0,2009/AUDI/TTS/2009 Audi TTS Convertible w_SAB.png
5191,2009,BENTLEY,ARNAGE RL,2009 Bentley Arnage RL 4-DR w/SAB,,Not Rated,Not Rated,Not Rated,Not Rated,Not Rated,Not Rated,Not Rated,Not Rated,Not Rated,Not Rated,Not Rated,Not Rated,0,0, ,Not Rated,Standard,No,No,0,1,0,2009/BENTLEY/ARNAGE RL/2009 Bentley Arnage RL 4-DR w_SAB.png
5192,2009,BENTLEY,ARNAGE T/R,2009 Bentley Arnage T/R 4-DR w/SAB,,Not Rated,Not Rated,Not Rated,Not Rated,Not Rated,Not Rated,Not Rated,Not Rated,Not Rated,Not Rated,Not Rated,Not Rated,0,0, ,Not Rated,Standard,No,No,0,1,0,2009/BENTLEY/ARNAGE T/R/2009 Bentley Arnage T_R 4-DR w_SAB.png
5193,2009,BENTLEY,CONTINENTAL FLYING SPUR,2009 Bentley Continental Flying Spur 4-DR w/SAB,,Not Rated,Not Rated,Not Rated,Not Rated,Not Rated,Not Rated,Not Rated,Not Rated,Not Rated,Not Rated,Not Rated,Not Rated,0,0, ,Not Rated,Standard,No,No,0,3,0,2009/BENTLEY/CONTINENTAL FLYING SPUR/2009 Bentley Continental Flying Spur 4-DR w_SAB.png
5194,2009,BENTLEY,CONTINENTAL GT,2009 Bentley Continental GT 2-DR w/SAB,,Not Rated,Not Rated,Not Rated,Not Rated,Not Rated,Not Rated,Not Rated,Not Rated,Not Rated,Not Rated,Not Rated,Not Rated,0,0, ,Not Rated,Standard,No,No,0,1,0,2009/BENTLEY/CONTINENTAL GT/2009 Bentley Continental GT 2-DR w_SAB.png
5195,2009,BENTLEY,CONTINENTAL GTC,2009 Bentley Continental GTC Convertible w/SAB,,Not Rated,Not Rated,Not Rated,Not Rated,Not Rated,Not Rated,Not Rated,Not Rated,Not Rated,Not Rated,Not Rated,Not Rated,0,0, ,Not Rated,Standard,No,No,1,1,0,2009/BENTLEY/CONTINENTAL GTC/2009 Bentley Continental GTC Convertible w_SAB.png
5415,2009,BMW,128I/135I,2009 BMW 128i/135i Convertible w/SAB,,Not Rated,Not Rated,Not Rated,Not Rated,Not Rated,Not Rated,Not Rated,Not Rated,Not Rated,Not Rated,Not Rated,Not Rated,0,0, ,Not Rated,Standard,No,No,79,8,1,2009/BMW/128I/135I/2009 BMW 128i_135i Convertible w_SAB.png
5416,2009,BMW,128I/135I,2009 BMW 128i/135i w/SAB,,Not Rated,Not Rated,Not Rated,Not Rated,Not Rated,Not Rated,Not Rated,Not Rated,Not Rated,Not Rated,Not Rated,Not Rated,0,0, ,Not Rated,Standard,No,No,79,8,1,2009/BMW/128I/135I/2009 BMW 128i_135i w_SAB.png
5417,2009,BMW,3 SERIES,2009 BMW 3 Series 4-DR. w/SAB,,Not Rated,Not Rated,4,4,Not Rated,5,5,Not Rated,Not Rated,Not Rated,4,4,0.103,0.103,No Tip,Not Rated,Standard,No,No,382,9,1,2009/BMW/3 SERIES/2009 BMW 3 Series 4-DR. w_SAB.png
5418,2009,BMW,3 SERIES,2009 BMW 3 Series Convertible w/SAB,,Not Rated,Not Rated,Not Rated,Not Rated,Not Rated,Not Rated,Not Rated,Not Rated,Not Rated,Not Rated,Not Rated,Not Rated,0,0, ,Not Rated,Standard,No,No,382,9,1,2009/BMW/3 SERIES/2009 BMW 3 Series Convertible w_SAB.png
5419,2009,BMW,3 SERIES,2009 BMW 3 Series Wagon w/SAB,,Not Rated,Not Rated,4,4,Not Rated,5,5,Not Rated,Not Rated,Not Rated,4,4,0.103,0.103,No Tip,Not Rated,Standard,No,No,382,9,1,2009/BMW/3 SERIES/2009 BMW 3 Series Wagon w_SAB.png
5420,2009,BMW,3 SERIES,2009 BMW 3 Series 2-DR. w/SAB,,Not Rated,Not Rated,Not Rated,Not Rated,Not Rated,Not Rated,Not Rated,Not Rated,Not Rated,Not Rated,Not Rated,Not Rated,0,0, ,Not Rated,Standard,No,No,382,9,1,2009/BMW/3 SERIES/2009 BMW 3 Series 2-DR. w_SAB.png
5421,2009,BMW,5 SERIES,2009 BMW 5 Series Wagon w/SAB,,Not Rated,Not Rated,3,5,Not Rated,5,5,Not Rated,Not Rated,Not Rated,4,Not Rated,0.105,0,No Tip,Not Rated,Standard,No,Optional,110,6,0,2009/BMW/5 SERIES/2009 BMW 5 Series Wagon w_SAB.png
5422,2009,BMW,5 SERIES,2009 BMW 5 Series 4-DR w/SAB,,Not Rated,Not Rated,3,5,Not Rated,5,5,Not Rated,Not Rated,Not Rated,4,4,0.105,0.105,No Tip,Not Rated,Standard,No,Optional,110,6,0,2009/BMW/5 SERIES/2009 BMW 5 Series 4-DR w_SAB.png
5423,2009,BMW,6 SERIES,2009 BMW 6 Series 2-DR w/SAB,,Not Rated,Not Rated,Not Rated,Not Rated,Not Rated,Not Rated,Not Rated,Not Rated,Not Rated,Not Rated,Not Rated,Not Rated,0,0, ,Not Rated,Standard,No,Optional,4,2,0,2009/BMW/6 SERIES/2009 BMW 6 Series 2-DR w_SAB.png
5424,2009,BMW,6 SERIES,2009 BMW 6 Series Convertible w/SAB,,Not Rated,Not Rated,Not Rated,Not Rated,Not Rated,Not Rated,Not Rated,Not Rated,Not Rated,Not Rated,Not Rated,Not Rated,0,0, ,Not Rated,Standard,No,Optional,4,2,0,2009/BMW/6 SERIES/2009 BMW 6 Series Convertible w_SAB.png
5425,2009,BMW,7 SERIES,2009 BMW 7 Series 4-DR w/SAB,,Not Rated,Not Rated,Not Rated,Not Rated,Not Rated,Not Rated,Not Rated,Not Rated,Not Rated,Not Rated,Not Rated,Not Rated,0,0, ,Not Rated,Standard,No,No,26,3,0,2009/BMW/7 SERIES/2009 BMW 7 Series 4-DR w_SAB.png
5426,2009,BMW,X3,2009 BMW X3 4-DR w/SAB,,Not Rated,Not Rated,Not Rated,Not Rated,Not Rated,Not Rated,Not Rated,Not Rated,Not Rated,Not Rated,Not Rated,Not Rated,0,0, ,Not Rated,Standard,No,No,87,6,1,2009/BMW/X3/2009 BMW X3 4-DR w_SAB.png
5427,2009,BMW,X5,2009 BMW X5  4-DR. w/SAB,,Not Rated,Not Rated,5,4,Not Rated,5,5,Not Rated,Not Rated,Not Rated,4,Not Rated,0.174,0,No Tip,Not Rated,Standard,No,No,161,19,2,2009/BMW/X5/2009 BMW X5  4-DR. w_SAB.png
5039,2009,BUICK,ENCLAVE,2009 Buick Enclave 4-DR. w/SAB,,Not Rated,Not Rated,5,5,Not Rated,5,5,Not Rated,Not Rated,Not Rated,4,4,0.155,0.169,No Tip,Not Rated,Standard,No,No,220,8,3,2009/BUICK/ENCLAVE/2009 Buick Enclave 4-DR. w_SAB.png
5080,2009,BUICK,LACROSSE,2009 Buick LaCrosse 4-DR w/SAB,,Not Rated,Not Rated,5,5,Not Rated,3,4,Not Rated,Not Rated,Not Rated,Not Rated,4,0,0.113, ,Not Rated,Optional,No,No,106,2,0,2009/BUICK/LACROSSE/2009 Buick LaCrosse 4-DR w_SAB.png
5862,2009,BUICK,LACROSSE,2009 Buick LaCrosse 4-DR,,Not Rated,Not Rated,5,5,Not Rated,Not Rated,Not Rated,Not Rated,Not Rated,Not Rated,Not Rated,4,0,0.113, ,Not Rated,Optional,No,No,106,2,0,2009/BUICK/LACROSSE/2009 Buick LaCrosse 4-DR.png
5095,2009,BUICK,LUCERNE,2009 Buick Lucerne 4-DR. w/SAB,,Not Rated,Not Rated,5,5,Not Rated,4,4,Not Rated,Not Rated,Not Rated,Not Rated,5,0,0.101, ,Not Rated,Optional,No,Optional,125,2,0,2009/BUICK/LUCERNE/2009 Buick Lucerne 4-DR. w_SAB.png
5096,2009,CADILLAC,CTS,2009 Cadillac CTS 4-DR. w/SAB Early Release,,Not Rated,Not Rated,4,4,Not Rated,5,5,Not Rated,Not Rated,Not Rated,4,4,0.103,0.103,No Tip,Not Rated,Standard,No,No,167,5,0,2009/CADILLAC/CTS/2009 Cadillac CTS 4-DR. w_SAB Early Release.png
5663,2009,CADILLAC,CTS,2009 Cadillac CTS 4-DR. w/SAB Later Release,,Not Rated,Not Rated,4,5,Not Rated,5,5,Not Rated,Not Rated,Not Rated,4,4,0.103,0.103,No Tip,Not Rated,Standard,No,No,167,5,0,2009/CADILLAC/CTS/2009 Cadillac CTS 4-DR. w_SAB Later Release.png
5752,2009,CADILLAC,CTS - V,2009 Cadillac CTS V 4-DR. w/SAB,,Not Rated,Not Rated,4,4,Not Rated,5,5,Not Rated,Not Rated,Not Rated,4,4,0.103,0.103,No Tip,Not Rated,Standard,No,No,167,5,0,2009/CADILLAC/CTS - V/2009 Cadillac CTS V 4-DR. w_SAB.png
5097,2009,CADILLAC,DTS,2009 Cadillac DTS 4-DR w/SAB,,Not Rated,Not Rated,5,4,Not Rated,4,4,Not Rated,Not Rated,Not Rated,Not Rated,4,0,0.111, ,Not Rated,Standard,Optional,Optional,35,2,0,2009/CADILLAC/DTS/2009 Cadillac DTS 4-DR w_SAB.png
5073,2009,CADILLAC,ESCALADE,2009 Cadillac Escalade 4-DR. w/SAB,,Not Rated,Not Rated,5,5,Not Rated,5,5,Not Rated,Not Rated,Not Rated,3,3,0.228,0.246,No Tip,Not Rated,Standard,No,No,58,5,1,2009/CADILLAC/ESCALADE/2009 Cadillac Escalade 4-DR. w_SAB.png
5076,2009,CADILLAC,ESCALADE ESV,2009 Cadillac Escalade ESV 4-DR. w/SAB,,Not Rated,Not Rated,5,5,Not Rated,5,5,Not Rated,Not Rated,Not Rated,3,3,0.237,0.237,No Tip,Not Rated,Standard,No,No,64,5,1,2009/CADILLAC/ESCALADE ESV/2009 Cadillac Escalade ESV 4-DR. w_SAB.png
5068,2009,CADILLAC,ESCALADE EXT,2009 Cadillac Escalade EXT w/SAB,,Not Rated,Not Rated,5,5,Not Rated,5,5,Not Rated,Not Rated,Not Rated,3,Not Rated,0.212,0,No Tip,Not Rated,Standard,No,No,61,5,1,2009/CADILLAC/ESCALADE EXT/2009 Cadillac Escalade EXT w_SAB.png
5232,2009,CADILLAC,ESCALADE HYBRID,2009 Cadillac Escalade 4-DR. Hybrid w/SAB,,Not Rated,Not Rated,5,5,Not Rated,5,5,Not Rated,Not Rated,Not Rated,3,3,0.228,0.246,No Tip,Not Rated,Standard,No,No,76,5,2,2009/CADILLAC/ESCALADE HYBRID/2009 Cadillac Escalade 4-DR. Hybrid w_SAB.png
5036,2009,CADILLAC,SRX,2009 Cadillac SRX 4-DR. w/SAB,,Not Rated,Not Rated,4,4,Not Rated,5,5,Not Rated,Not Rated,Not Rated,4,3,0.179,0.209,No Tip,Not Rated,Standard,No,No,27,0,0,2009/CADILLAC/SRX/2009 Cadillac SRX 4-DR. w_SAB.png
5098,2009,CADILLAC,STS,2009 Cadillac STS 4-DR w/SAB,,Not Rated,Not Rated,4,4,Not Rated,4,5,Not Rated,Not Rated,Not Rated,5,5,0.099,0.101,No Tip,Not Rated,Standard,Optional,Optional,14,0,0,2009/CADILLAC/STS/2009 Cadillac STS 4-DR w_SAB.png
5212,2009,CADILLAC,XLR,2009 Cadillac XLR Convertible w/SAB,,Not Rated,Not Rated,Not Rated,Not Rated,Not Rated,Not Rated,Not Rated,Not Rated,Not Rated,Not Rated,Not Rated,Not Rated,0,0, ,Not Rated,Standard,Optional,No,1,1,0,2009/CADILLAC/XLR/2009 Cadillac XLR Convertible w_SAB.png
5067,2009,CHEVROLET,AVALANCHE,2009 Chevrolet Avalanche 4-DR w/SAB,,Not Rated,Not Rated,5,5,Not Rated,5,5,Not Rated,Not Rated,Not Rated,3,3,0.212,0.228,No Tip,Not Rated,Standard,No,No,96,5,1,2009/CHEVROLET/AVALANCHE/2009 Chevrolet Avalanche 4-DR w_SAB.png
5086,2009,CHEVROLET,AVEO,2009 Chevrolet Aveo 5-DR. Hatchback w/SAB,,Not Rated,Not Rated,5,5,Not Rated,4,4,Not Rated,Not Rated,Not Rated,Not Rated,4,0,0.133, ,Not Rated,No,No,No,169,1,0,2009/CHEVROLET/AVEO/2009 Chevrolet Aveo 5-DR. Hatchback w_SAB.png
5087,2009,CHEVROLET,AVEO,2009 Chevrolet Aveo 4-DR. w/SAB,,Not Rated,Not Rated,5,4,Not Rated,4,3,Not Rated,Not Rated,Not Rated,Not Rated,4,0,0.133, ,Not Rated,No,No,No,169,1,0,2009/CHEVROLET/AVEO/2009 Chevrolet Aveo 4-DR. w_SAB.png
5083,2009,CHEVROLET,COBALT,2009 Chevrolet Cobalt 2-DR  w/SAB,,Not Rated,Not Rated,4,5,Not Rated,4,4,Not Rated,Not Rated,Not Rated,Not Rated,4,0,0.109, ,Not Rated,Optional,No,No,899,6,3,2009/CHEVROLET/COBALT/2009 Chevrolet Cobalt 2-DR  w_SAB.png
5084,2009,CHEVROLET,COBALT,2009 Chevrolet Cobalt 4-DR w/SAB,,Not Rated,Not Rated,4,5,Not Rated,3,5,Not Rated,Not Rated,Not Rated,Not Rated,4,0,0.111, ,Not Rated,Optional,No,No,899,6,3,2009/CHEVROLET/COBALT/2009 Chevrolet Cobalt 4-DR w_SAB.png
5865,2009,CHEVROLET,COBALT,2009 Chevrolet Cobalt 4-DR,,Not Rated,Not Rated,4,5,Not Rated,Not Rated,Not Rated,Not Rated,Not Rated,Not Rated,Not Rated,4,0,0.111, ,Not Rated,Optional,No,No,899,6,3,2009/CHEVROLET/COBALT/2009 Chevrolet Cobalt 4-DR.png
5866,2009,CHEVROLET,COBALT,2009 Chevrolet Cobalt 2-DR,,Not Rated,Not Rated,4,5,Not Rated,Not Rated,Not Rated,Not Rated,Not Rated,Not Rated,Not Rated,4,0,0.109, ,Not Rated,Optional,No,No,899,6,3,2009/CHEVROLET/COBALT/2009 Chevrolet Cobalt 2-DR.png
5050,2009,CHEVROLET,COLORADO,2009 Chevrolet Colorado Regular Cab,,Not Rated,Not Rated,4,4,Not Rated,4,Not Rated,Not Rated,Not Rated,Not Rated,4,4,0.179,0.185,No Tip,Not Rated,Standard,No,No,67,3,0,2009/CHEVROLET/COLORADO/2009 Chevrolet Colorado Regular Cab.png
5051,2009,CHEVROLET,COLORADO,2009 Chevrolet Colorado Extended Cab,,Not Rated,Not Rated,4,4,Not Rated,4,Not Rated,Not Rated,Not Rated,Not Rated,4,4,0.179,0.185,No Tip,Not Rated,Standard,No,No,67,3,0,2009/CHEVROLET/COLORADO/2009 Chevrolet Colorado Extended Cab.png
5052,2009,CHEVROLET,COLORADO,2009 Chevrolet Colorado 4-DR.,,Not Rated,Not Rated,5,5,Not Rated,4,5,Not Rated,Not Rated,Not Rated,4,4,0.179,0.185,No Tip,Not Rated,Standard,No,No,67,3,0,2009/CHEVROLET/COLORADO/2009 Chevrolet Colorado 4-DR..png
5213,2009,CHEVROLET,CORVETTE,2009 Chevrolet Corvette 2-DR,,Not Rated,Not Rated,Not Rated,Not Rated,Not Rated,Not Rated,Not Rated,Not Rated,Not Rated,Not Rated,Not Rated,Not Rated,0,0, ,Not Rated,Standard,No,No,151,0,1,2009/CHEVROLET/CORVETTE/2009 Chevrolet Corvette 2-DR.png
5214,2009,CHEVROLET,CORVETTE,2009 Chevrolet Corvette 2-DR Convertible w/SAB,,Not Rated,Not Rated,Not Rated,Not Rated,Not Rated,Not Rated,Not Rated,Not Rated,Not Rated,Not Rated,Not Rated,Not Rated,0,0, ,Not Rated,Standard,No,No,151,0,1,2009/CHEVROLET/CORVETTE/2009 Chevrolet Corvette 2-DR Convertible w_SAB.png
5215,2009,CHEVROLET,CORVETTE Z06,2009 Chevrolet Corvette Z06 2-DR,,Not Rated,Not Rated,Not Rated,Not Rated,Not Rated,Not Rated,Not Rated,Not Rated,Not Rated,Not Rated,Not Rated,Not Rated,0,0, ,Not Rated,Standard,No,No,150,0,1,2009/CHEVROLET/CORVETTE Z06/2009 Chevrolet Corvette Z06 2-DR.png
5390,2009,CHEVROLET,CORVETTE ZR1,2009 Chevrolet Corvette ZR1 2-DR,,Not Rated,Not Rated,Not Rated,Not Rated,Not Rated,Not Rated,Not Rated,Not Rated,Not Rated,Not Rated,Not Rated,Not Rated,0,0, ,Not Rated,Standard,No,No,151,0,1,2009/CHEVROLET/CORVETTE ZR1/2009 Chevrolet Corvette ZR1 2-DR.png
5037,2009,CHEVROLET,EQUINOX,2009 Chevrolet Equinox 4-DR. w/SAB,,Not Rated,Not Rated,5,5,Not Rated,4,4,Not Rated,Not Rated,Not Rated,4,4,0.164,0.185,No Tip,Not Rated,Standard,No,No,93,0,0,2009/CHEVROLET/EQUINOX/2009 Chevrolet Equinox 4-DR. w_SAB.png
5045,2009,CHEVROLET,EXPRESS 1500 CARGO,2009 Chevrolet Express 1500 Cargo Van,,Not Rated,Not Rated,5,5,Not Rated,Not Rated,Not Rated,Not Rated,Not Rated,Not Rated,Not Rated,Not Rated,0,0, ,Not Rated,No,No,No,15,7,0,2009/CHEVROLET/EXPRESS 1500 CARGO/2009 Chevrolet Express 1500 Cargo Van.png
5044,2009,CHEVROLET,EXPRESS 1500 PASSENGER,2009 Chevrolet Express 1500 Passenger Van w/SAB,,Not Rated,Not Rated,5,5,Not Rated,Not Rated,Not Rated,Not Rated,Not Rated,Not Rated,3,3,0.228,0.279,No Tip,Not Rated,Standard,No,No,15,7,0,2009/CHEVROLET/EXPRESS 1500 PASSENGER/2009 Chevrolet Express 1500 Passenger Van w_SAB.png
5216,2009,CHEVROLET,EXPRESS 2500 12 PASSENGER,2009 Chevrolet Express 2500 12 Passenger Van w/SAB,,Not Rated,Not Rated,Not Rated,Not Rated,Not Rated,Not Rated,Not Rated,Not Rated,Not Rated,Not Rated,Not Rated,3,0,0.292, ,Not Rated,Standard,No,No,12,7,0,2009/CHEVROLET/EXPRESS 2500 12 PASSENGER/2009 Chevrolet Express 2500 12 Passenger Van w_SAB.png
5443,2009,CHEVROLET,EXPRESS 3500 12 PASSENGER,2009 Chevrolet Express Van 3500 12 Passenger Van w/SAB,,Not Rated,Not Rated,Not Rated,Not Rated,Not Rated,Not Rated,Not Rated,Not Rated,Not Rated,Not Rated,Not Rated,3,0,0.292, ,Not Rated,Standard,No,No,19,9,0,2009/CHEVROLET/EXPRESS 3500 12 PASSENGER/2009 Chevrolet Express Van 3500 12 Passenger Van w_SAB.png
5048,2009,CHEVROLET,EXPRESS 3500 15 PASSENGER,2009 Chevrolet Express Van 3500 15 Passenger Van w/SAB,,Not Rated,Not Rated,Not Rated,Not Rated,Not Rated,Not Rated,Not Rated,Not Rated,Not Rated,Not Rated,Not Rated,3,0,0.279, ,Not Rated,Standard,No,No,19,9,0,2009/CHEVROLET/EXPRESS 3500 15 PASSENGER/2009 Chevrolet Express Van 3500 15 Passenger Van w_SAB.png
5077,2009,CHEVROLET,HHR,2009 Chevrolet HHR 4-DR. w/SAB,,Not Rated,Not Rated,5,5,Not Rated,5,5,Not Rated,Not Rated,Not Rated,Not Rated,4,0,0.143, ,Not Rated,Standard,No,No,508,5,1,2009/CHEVROLET/HHR/2009 Chevrolet HHR 4-DR. w_SAB.png
5078,2009,CHEVROLET,HHR,2009 Chevrolet HHR 2-DR. Panel Truck w/SAB,,Not Rated,Not Rated,5,5,Not Rated,5,Not Rated,Not Rated,Not Rated,Not Rated,Not Rated,Not Rated,0,0, ,Not Rated,Standard,No,No,508,5,1,2009/CHEVROLET/HHR/2009 Chevrolet HHR 2-DR. Panel Truck w_SAB.png
5872,2009,CHEVROLET,HHR,2009 Chevrolet HHR 2-DR. Panel Truck,,Not Rated,Not Rated,5,5,Not Rated,Not Rated,Not Rated,Not Rated,Not Rated,Not Rated,Not Rated,Not Rated,0,0, ,Not Rated,Standard,No,No,508,5,1,2009/CHEVROLET/HHR/2009 Chevrolet HHR 2-DR. Panel Truck.png
5873,2009,CHEVROLET,HHR,2009 Chevrolet HHR 4-DR.,,Not Rated,Not Rated,5,5,Not Rated,Not Rated,Not Rated,Not Rated,Not Rated,Not Rated,Not Rated,4,0,0.143, ,Not Rated,Standard,No,No,508,5,1,2009/CHEVROLET/HHR/2009 Chevrolet HHR 4-DR..png
5079,2009,CHEVROLET,IMPALA,2009 Chevrolet Impala 4-DR w/SAB,,Not Rated,Not Rated,5,5,Not Rated,5,4,Not Rated,Not Rated,Not Rated,Not Rated,4,0,0.113, ,Not Rated,Optional,No,No,822,5,0,2009/CHEVROLET/IMPALA/2009 Chevrolet Impala 4-DR w_SAB.png
5088,2009,CHEVROLET,MALIBU,2009 Chevrolet Malibu 4-DR w/SAB,,Not Rated,Not Rated,5,5,Not Rated,5,5,Not Rated,Not Rated,Not Rated,Not Rated,4,0,0.109, ,Not Rated,Standard,No,No,1497,6,1,2009/CHEVROLET/MALIBU/2009 Chevrolet Malibu 4-DR w_SAB.png
5089,2009,CHEVROLET,MALIBU HYBRID,2009 Chevrolet Malibu 4-DR Hybrid w/SAB,,Not Rated,Not Rated,5,5,Not Rated,5,5,Not Rated,Not Rated,Not Rated,Not Rated,4,0,0.109, ,Not Rated,Standard,No,No,1522,6,1,2009/CHEVROLET/MALIBU HYBRID/2009 Chevrolet Malibu 4-DR Hybrid w_SAB.png
5056,2009,CHEVROLET,SILVERADO 1500,2009 Chevrolet Silverado 1500 Regular Cab w/SAB,,Not Rated,Not Rated,5,5,Not Rated,5,Not Rated,Not Rated,Not Rated,Not Rated,4,4,0.185,0.191,No Tip,Not Rated,Optional,No,No,520,3,2,2009/CHEVROLET/SILVERADO 1500/2009 Chevrolet Silverado 1500 Regular Cab w_SAB.png
5057,2009,CHEVROLET,SILVERADO 1500,2009 Chevrolet Silverado 1500 Extended Cab,,Not Rated,Not Rated,5,5,Not Rated,5,5,Not Rated,Not Rated,Not Rated,4,4,0.185,0.191,No Tip,Not Rated,Standard,No,No,520,3,2,2009/CHEVROLET/SILVERADO 1500/2009 Chevrolet Silverado 1500 Extended Cab.png
5058,2009,CHEVROLET,SILVERADO 1500,2009 Chevrolet Silverado 1500 Extended Cab w/SAB,,Not Rated,Not Rated,5,5,Not Rated,5,5,Not Rated,Not Rated,Not Rated,4,4,0.185,0.191,No Tip,Not Rated,Standard,No,No,520,3,2,2009/CHEVROLET/SILVERADO 1500/2009 Chevrolet Silverado 1500 Extended Cab w_SAB.png
5059,2009,CHEVROLET,SILVERADO 1500,2009 Chevrolet Silverado 1500 4-DR. w/SAB,,Not Rated,Not Rated,5,5,Not Rated,5,5,Not Rated,Not Rated,Not Rated,4,4,0.185,0.191,No Tip,Not Rated,Standard,No,No,520,3,2,2009/CHEVROLET/SILVERADO 1500/2009 Chevrolet Silverado 1500 4-DR. w_SAB.png
5060,2009,CHEVROLET,SILVERADO 1500,2009 Chevrolet Silverado 1500 4-DR.,,Not Rated,Not Rated,5,5,Not Rated,5,5,Not Rated,Not Rated,Not Rated,4,4,0.185,0.191,No Tip,Not Rated,Standard,No,No,520,3,2,2009/CHEVROLET/SILVERADO 1500/2009 Chevrolet Silverado 1500 4-DR..png
5396,2009,CHEVROLET,SILVERADO 1500,2009 Chevrolet Silverado 1500 Regular Cab,,Not Rated,Not Rated,5,5,Not Rated,5,Not Rated,Not Rated,Not Rated,Not Rated,4,4,0.185,0.191,No Tip,Not Rated,Optional,No,No,520,3,2,2009/CHEVROLET/SILVERADO 1500/2009 Chevrolet Silverado 1500 Regular Cab.png
5234,2009,CHEVROLET,SILVERADO 1500 HYBRID,2009 Chevrolet Silverado 1500 4-DR. Hybrid w/SAB,,Not Rated,Not Rated,5,5,Not Rated,5,5,Not Rated,Not Rated,Not Rated,4,4,0.185,0.191,No Tip,Not Rated,Standard,No,No,520,3,2,2009/CHEVROLET/SILVERADO 1500 HYBRID/2009 Chevrolet Silverado 1500 4-DR. Hybrid w_SAB.png
5218,2009,CHEVROLET,SILVERADO 2500,2009 Chevrolet Silverado 2500 Regular Cab,,Not Rated,Not Rated,Not Rated,Not Rated,Not Rated,Not Rated,Not Rated,Not Rated,Not Rated,Not Rated,4,3,0.191,0.204,No Tip,Not Rated,Optional,No,No,137,5,1,2009/CHEVROLET/SILVERADO 2500/2009 Chevrolet Silverado 2500 Regular Cab.png
5219,2009,CHEVROLET,SILVERADO 2500,2009 Chevrolet Silverado 2500 Extended Cab,,Not Rated,Not Rated,Not Rated,Not Rated,Not Rated,Not Rated,Not Rated,Not Rated,Not Rated,Not Rated,4,3,0.191,0.204,No Tip,Not Rated,Standard,No,No,137,5,1,2009/CHEVROLET/SILVERADO 2500/2009 Chevrolet Silverado 2500 Extended Cab.png
5222,2009,CHEVROLET,SILVERADO 2500,2009 Chevrolet Silverado 2500 4-DR.,,Not Rated,Not Rated,Not Rated,Not Rated,Not Rated,Not Rated,Not Rated,Not Rated,Not Rated,Not Rated,4,3,0.191,0.204,No Tip,Not Rated,Standard,No,No,137,5,1,2009/CHEVROLET/SILVERADO 2500/2009 Chevrolet Silverado 2500 4-DR..png
5217,2009,CHEVROLET,SILVERADO 3500,2009 Chevrolet Silverado 3500 Regular Cab,,Not Rated,Not Rated,Not Rated,Not Rated,Not Rated,Not Rated,Not Rated,Not Rated,Not Rated,Not Rated,Not Rated,Not Rated,0,0, ,Not Rated,No,No,No,86,6,1,2009/CHEVROLET/SILVERADO 3500/2009 Chevrolet Silverado 3500 Regular Cab.png
5220,2009,CHEVROLET,SILVERADO 3500,2009 Chevrolet Silverado 3500 4-DR.,,Not Rated,Not Rated,Not Rated,Not Rated,Not Rated,Not Rated,Not Rated,Not Rated,Not Rated,Not Rated,Not Rated,Not Rated,0,0, ,Not Rated,No,No,No,86,6,1,2009/CHEVROLET/SILVERADO 3500/2009 Chevrolet Silverado 3500 4-DR..png
5221,2009,CHEVROLET,SILVERADO 3500,2009 Chevrolet Silverado 3500 Extended Cab,,Not Rated,Not Rated,Not Rated,Not Rated,Not Rated,Not Rated,Not Rated,Not Rated,Not Rated,Not Rated,Not Rated,Not Rated,0,0, ,Not Rated,No,No,No,86,6,1,2009/CHEVROLET/SILVERADO 3500/2009 Chevrolet Silverado 3500 Extended Cab.png
5074,2009,CHEVROLET,SUBURBAN,2009 Chevrolet Suburban 1500 4-DR. w/SAB,,Not Rated,Not Rated,5,5,Not Rated,5,5,Not Rated,Not Rated,Not Rated,3,3,0.237,0.237,No Tip,Not Rated,Standard,No,No,161,5,1,2009/CHEVROLET/SUBURBAN/2009 Chevrolet Suburban 1500 4-DR. w_SAB.png
5223,2009,CHEVROLET,SUBURBAN,2009 Chevrolet Suburban 2500 4-DR. w/SAB,,Not Rated,Not Rated,Not Rated,Not Rated,Not Rated,Not Rated,Not Rated,Not Rated,Not Rated,Not Rated,Not Rated,Not Rated,0,0, ,Not Rated,Standard,No,No,107,5,1,2009/CHEVROLET/SUBURBAN/2009 Chevrolet Suburban 2500 4-DR. w_SAB.png
5069,2009,CHEVROLET,TAHOE,2009 Chevrolet Tahoe 4-DR. w/SAB,,Not Rated,Not Rated,5,5,Not Rated,5,5,Not Rated,Not Rated,Not Rated,3,3,0.228,0.246,No Tip,Not Rated,Standard,No,No,302,5,2,2009/CHEVROLET/TAHOE/2009 Chevrolet Tahoe 4-DR. w_SAB.png
5070,2009,CHEVROLET,TAHOE HYBRID,2009 Chevrolet Tahoe Hybrid 4-DR. w/SAB,,Not Rated,Not Rated,5,5,Not Rated,5,5,Not Rated,Not Rated,Not Rated,3,3,0.228,0.246,No Tip,Not Rated,Standard,No,No,302,5,2,2009/CHEVROLET/TAHOE HYBRID/2009 Chevrolet Tahoe Hybrid 4-DR. w_SAB.png
5042,2009,CHEVROLET,TRAILBLAZER,2009 Chevrolet Trailblazer 4-DR. w/SAB,,Not Rated,Not Rated,3,4,Not Rated,5,5,Not Rated,Not Rated,Not Rated,4,3,0.191,0.204,No Tip,Not Rated,Standard,No,No,27,0,1,2009/CHEVROLET/TRAILBLAZER/2009 Chevrolet Trailblazer 4-DR. w_SAB.png
5388,2009,CHEVROLET,TRAVERSE,2009 Chevrolet Traverse 4-DR. w/SAB,,Not Rated,Not Rated,5,5,Not Rated,5,5,Not Rated,Not Rated,Not Rated,4,4,0.155,0.169,No Tip,Not Rated,Standard,No,No,447,8,3,2009/CHEVROLET/TRAVERSE/2009 Chevrolet Traverse 4-DR. w_SAB.png
5157,2009,CHRYSLER,300,2009 Chrysler 300 4-DR,,Not Rated,Not Rated,5,5,Not Rated,4,5,Not Rated,Not Rated,Not Rated,4,4,0,0.109, ,Not Rated,Optional,No,No,95,5,1,2009/CHRYSLER/300/2009 Chrysler 300 4-DR.png
5158,2009,CHRYSLER,ASPEN,2009 Chrysler Aspen 4-Dr. w/SAB,,Not Rated,Not Rated,5,5,Not Rated,Not Rated,Not Rated,Not Rated,Not Rated,Not Rated,4,3,0.191,0.212,No Tip,Not Rated,Standard,No,No,40,4,2,2009/CHRYSLER/ASPEN/2009 Chrysler Aspen 4-Dr. w_SAB.png
5156,2009,CHRYSLER,PT CRUISER,2009 Chrysler PT Cruiser 4-DR. w/SAB,,Not Rated,Not Rated,4,4,Not Rated,4,5,Not Rated,Not Rated,Not Rated,Not Rated,4,0,0.136, ,Not Rated,No,No,No,97,0,0,2009/CHRYSLER/PT CRUISER/2009 Chrysler PT Cruiser 4-DR. w_SAB.png
5153,2009,CHRYSLER,SEBRING,2009 Chrysler Sebring 4-DR. w/SAB,,Not Rated,Not Rated,5,5,Not Rated,5,4,Not Rated,Not Rated,Not Rated,Not Rated,4,0,0.113, ,Not Rated,Optional,No,No,45,2,0,2009/CHRYSLER/SEBRING/2009 Chrysler Sebring 4-DR. w_SAB.png
5154,2009,CHRYSLER,SEBRING,2009 Chrysler Sebring Convertible w/SAB,,Not Rated,Not Rated,4,5,Not Rated,5,5,Not Rated,Not Rated,Not Rated,Not Rated,4,0,0.116, ,Not Rated,Optional,No,No,45,2,0,2009/CHRYSLER/SEBRING/2009 Chrysler Sebring Convertible w_SAB.png
5155,2009,CHRYSLER,TOWN & COUNTRY,2009 Chrysler Town & Country w/SAB,,Not Rated,Not Rated,5,5,Not Rated,5,5,Not Rated,Not Rated,Not Rated,Not Rated,4,0,0.164, ,Not Rated,Standard,No,No,706,6,2,2009/CHRYSLER/TOWN & COUNTRY/2009 Chrysler Town & Country w_SAB.png
5166,2009,DODGE,AVENGER,2009 Dodge Avenger 4DR. w/SAB early release,,Not Rated,Not Rated,5,5,Not Rated,5,4,Not Rated,Not Rated,Not Rated,Not Rated,4,0,0.118, ,Not Rated,Optional,No,No,66,2,0,2009/DODGE/AVENGER/2009 Dodge Avenger 4DR. w_SAB early release.png
5445,2009,DODGE,AVENGER,2009 Dodge Avenger 4DR. w/SAB later release,,Not Rated,Not Rated,5,5,Not Rated,5,4,Not Rated,Not Rated,Not Rated,Not Rated,4,0,0.118, ,Not Rated,Optional,No,No,66,2,0,2009/DODGE/AVENGER/2009 Dodge Avenger 4DR. w_SAB later release.png
5160,2009,DODGE,CALIBER,2009 Dodge Caliber 4-DR. w/SAB,,Not Rated,Not Rated,5,5,Not Rated,5,5,Not Rated,Not Rated,Not Rated,Not Rated,4,0,0.155, ,Not Rated,Optional,No,No,230,1,0,2009/DODGE/CALIBER/2009 Dodge Caliber 4-DR. w_SAB.png
5383,2009,DODGE,CHALLENGER,2009 Dodge Challenger 2-DR. w/SAB,,Not Rated,Not Rated,5,5,Not Rated,5,5,Not Rated,Not Rated,Not Rated,Not Rated,4,0,0.111, ,Not Rated,Optional,No,No,132,7,1,2009/DODGE/CHALLENGER/2009 Dodge Challenger 2-DR. w_SAB.png
5161,2009,DODGE,CHARGER,2009 Dodge Charger 4-DR.,,Not Rated,Not Rated,5,5,Not Rated,4,5,Not Rated,Not Rated,Not Rated,4,4,0.109,0.109,No Tip,Not Rated,Optional,No,No,175,6,2,2009/DODGE/CHARGER/2009 Dodge Charger 4-DR..png
5164,2009,DODGE,DAKOTA,2009 Dodge Dakota 4-DR.,,Not Rated,Not Rated,5,5,Not Rated,5,5,Not Rated,Not Rated,Not Rated,4,4,0.179,0.191,No Tip,Not Rated,No,No,No,18,5,1,2009/DODGE/DAKOTA/2009 Dodge Dakota 4-DR..png
5165,2009,DODGE,DAKOTA,2009 Dodge Dakota Extended Cab,,Not Rated,Not Rated,5,5,Not Rated,5,Not Rated,Not Rated,Not Rated,Not Rated,4,4,0.179,0.191,No Tip,Not Rated,No,No,No,18,5,1,2009/DODGE/DAKOTA/2009 Dodge Dakota Extended Cab.png
5163,2009,DODGE,DURANGO,2009 Dodge Durango 4-DR. w/SAB,,Not Rated,Not Rated,5,5,Not Rated,Not Rated,Not Rated,Not Rated,Not Rated,Not Rated,4,3,0.191,0.212,No Tip,Not Rated,Standard,No,No,19,4,2,2009/DODGE/DURANGO/2009 Dodge Durango 4-DR. w_SAB.png
5159,2009,DODGE,GRAND CARAVAN,2009 Dodge Grand Caravan w/SAB,,Not Rated,Not Rated,5,5,Not Rated,5,5,Not Rated,Not Rated,Not Rated,Not Rated,4,0,0.164, ,Not Rated,Standard,No,No,542,7,2,2009/DODGE/GRAND CARAVAN/2009 Dodge Grand Caravan w_SAB.png
2846,2009,DODGE,JOURNEY,2009 Dodge Journey 4-DR. w/SAB,,Not Rated,Not Rated,5,5,Not Rated,5,5,Not Rated,Not Rated,Not Rated,4,4,0.179,0.185,No Tip,Not Rated,Standard,No,No,1591,8,4,2009/DODGE/JOURNEY/2009 Dodge Journey 4-DR. w_SAB.png
5162,2009,DODGE,NITRO,2009 Dodge Nitro 4-DR. w/SAB,,Not Rated,Not Rated,5,5,Not Rated,5,5,Not Rated,Not Rated,Not Rated,3,3,0.219,0.228,No Tip,Not Rated,Standard,No,No,36,1,1,2009/DODGE/NITRO/2009 Dodge Nitro 4-DR. w_SAB.png
5384,2009,DODGE,RAM 1500,2009 Dodge Ram 1500 4-DR. Crew Cab w/SAB,,Not Rated,Not Rated,5,5,Not Rated,Not Rated,Not Rated,Not Rated,Not Rated,Not Rated,3,4,0.219,0.198,No Tip,Not Rated,Standard,No,No,677,8,3,2009/DODGE/RAM 1500/2009 Dodge Ram 1500 4-DR. Crew Cab w_SAB.png
5385,2009,DODGE,RAM 1500,2009 Dodge Ram 1500 Regular Cab w/SAB,,Not Rated,Not Rated,5,5,Not Rated,Not Rated,Not Rated,Not Rated,Not Rated,Not Rated,3,4,0.219,0.198,No Tip,Not Rated,Standard,No,No,677,8,3,2009/DODGE/RAM 1500/2009 Dodge Ram 1500 Regular Cab w_SAB.png
5386,2009,DODGE,RAM 1500,2009 Dodge Ram 1500 4-DR. Quad Cab w/SAB,,Not Rated,Not Rated,5,5,Not Rated,Not Rated,Not Rated,Not Rated,Not Rated,Not Rated,3,4,0.219,0.198,No Tip,Not Rated,Standard,No,No,677,8,3,2009/DODGE/RAM 1500/2009 Dodge Ram 1500 4-DR. Quad Cab w_SAB.png
5246,2009,DODGE,RAM 2500,2009 Dodge Ram 2500 Extended Cab w/SAB,,Not Rated,Not Rated,Not Rated,Not Rated,Not Rated,Not Rated,Not Rated,Not Rated,Not Rated,Not Rated,Not Rated,Not Rated,0,0, ,Not Rated,No,No,No,223,11,3,2009/DODGE/RAM 2500/2009 Dodge Ram 2500 Extended Cab w_SAB.png
5247,2009,DODGE,RAM 2500,2009 Dodge Ram 2500 Regular Cab w/SAB,,Not Rated,Not Rated,Not Rated,Not Rated,Not Rated,Not Rated,Not Rated,Not Rated,Not Rated,Not Rated,Not Rated,Not Rated,0,0, ,Not Rated,No,No,No,223,11,3,2009/DODGE/RAM 2500/2009 Dodge Ram 2500 Regular Cab w_SAB.png
5248,2009,DODGE,RAM 2500,2009 Dodge Ram 2500 4-DR. Mega Cab w/SAB,,Not Rated,Not Rated,Not Rated,Not Rated,Not Rated,Not Rated,Not Rated,Not Rated,Not Rated,Not Rated,Not Rated,Not Rated,0,0, ,Not Rated,No,No,No,223,11,3,2009/DODGE/RAM 2500/2009 Dodge Ram 2500 4-DR. Mega Cab w_SAB.png
5431,2009,DODGE,SPRINTER,2009 Dodge Sprinter 2500 12-Passenger Wagon,,Not Rated,Not Rated,Not Rated,Not Rated,Not Rated,Not Rated,Not Rated,Not Rated,Not Rated,Not Rated,Not Rated,1,0,0, ,Not Rated,Standard,No,No,3,4,0,2009/DODGE/SPRINTER/2009 Dodge Sprinter 2500 12-Passenger Wagon.png
5249,2009,DODGE,VIPER,2009 Dodge Viper 2-DR.,,Not Rated,Not Rated,Not Rated,Not Rated,Not Rated,Not Rated,Not Rated,Not Rated,Not Rated,Not Rated,Not Rated,Not Rated,0,0, ,Not Rated,No,No,No,0,0,1,2009/DODGE/VIPER/2009 Dodge Viper 2-DR..png
5250,2009,DODGE,VIPER ROADSTER,2009 Dodge Viper Roadster,,Not Rated,Not Rated,Not Rated,Not Rated,Not Rated,Not Rated,Not Rated,Not Rated,Not Rated,Not Rated,Not Rated,Not Rated,0,0, ,Not Rated,No,No,No,0,0,1,2009/DODGE/VIPER ROADSTER/2009 Dodge Viper Roadster.png
5137,2009,FORD,CROWN VICTORIA,2009 Ford Crown Victoria 4-DR. 4-DR. w/SAB,,Not Rated,Not Rated,5,5,Not Rated,5,5,Not Rated,Not Rated,Not Rated,Not Rated,5,0,0.09, ,Not Rated,No,No,No,44,3,0,2009/FORD/CROWN VICTORIA/2009 Ford Crown Victoria 4-DR. 4-DR. w_SAB.png
5134,2009,FORD,E-150,2009 Ford E-150 Passenger Wagon,,Not Rated,Not Rated,Not Rated,Not Rated,Not Rated,Not Rated,Not Rated,Not Rated,Not Rated,Not Rated,Not Rated,3,0,0.279, ,Not Rated,Standard,No,No,8,16,0,2009/FORD/E-150/2009 Ford E-150 Passenger Wagon.png
5027,2009,FORD,E-350 12 PASSENGER,2009 Ford E-350 12 Passenger Wagon,,Not Rated,Not Rated,Not Rated,Not Rated,Not Rated,Not Rated,Not Rated,Not Rated,Not Rated,Not Rated,Not Rated,3,0,0.279, ,Not Rated,Standard,No,No,11,29,0,2009/FORD/E-350 12 PASSENGER/2009 Ford E-350 12 Passenger Wagon.png
5135,2009,FORD,E-350 15 PASSENGER,2009 Ford E-350 15 Passenger Wagon,,Not Rated,Not Rated,Not Rated,Not Rated,Not Rated,Not Rated,Not Rated,Not Rated,Not Rated,Not Rated,Not Rated,2,0,0.306, ,Not Rated,Standard,No,No,11,29,0,2009/FORD/E-350 15 PASSENGER/2009 Ford E-350 15 Passenger Wagon.png
5136,2009,FORD,EDGE,2009 Ford Edge 4-DR. w/SAB,,Not Rated,Not Rated,5,4,Not Rated,5,5,Not Rated,Not Rated,Not Rated,4,4,0.14,0.159,No Tip,Not Rated,Standard,No,No,260,8,0,2009/FORD/EDGE/2009 Ford Edge 4-DR. w_SAB.png
5130,2009,FORD,ESCAPE,2009 Ford Escape 4-DR. w/SAB,,Not Rated,Not Rated,5,5,Not Rated,5,5,Not Rated,Not Rated,Not Rated,3,3,0.204,0.237,No Tip,Not Rated,Standard,No,No,1674,4,3,2009/FORD/ESCAPE/2009 Ford Escape 4-DR. w_SAB.png
5131,2009,FORD,ESCAPE HYBRID,2009 Ford Escape Hybrid 4-DR. w/SAB,,Not Rated,Not Rated,5,5,Not Rated,5,5,Not Rated,Not Rated,Not Rated,3,3,0.204,0.228,No Tip,Not Rated,Standard,No,No,152,1,3,2009/FORD/ESCAPE HYBRID/2009 Ford Escape Hybrid 4-DR. w_SAB.png
5132,2009,FORD,EXPEDITION,2009 Ford Expedition 4-DR. w/SAB,,Not Rated,Not Rated,5,5,Not Rated,5,5,Not Rated,Not Rated,Not Rated,4,3,0.198,0.212,No Tip,Not Rated,Standard,No,No,28,2,0,2009/FORD/EXPEDITION/2009 Ford Expedition 4-DR. w_SAB.png
5133,2009,FORD,EXPEDITION,2009 Ford Expedition Extended 4-DR. w/SAB,,Not Rated,Not Rated,5,5,Not Rated,5,5,Not Rated,Not Rated,Not Rated,4,3,0.198,0.212,No Tip,Not Rated,Standard,No,No,28,2,0,2009/FORD/EXPEDITION/2009 Ford Expedition Extended 4-DR. w_SAB.png
5144,2009,FORD,EXPLORER,2009 Ford Explorer 4-DR. w/SAB,,Not Rated,Not Rated,5,5,Not Rated,5,5,Not Rated,Not Rated,Not Rated,3,3,0.228,0.237,No Tip,Not Rated,Standard,No,No,33,2,0,2009/FORD/EXPLORER/2009 Ford Explorer 4-DR. w_SAB.png
5145,2009,FORD,EXPLORER SPORT TRAC,2009 Ford Explorer Sport Trac 4-DR. w/SAB,,Not Rated,Not Rated,5,5,Not Rated,5,5,Not Rated,Not Rated,Not Rated,4,3,0.198,0.219,No Tip,Not Rated,Standard,No,No,5,1,0,2009/FORD/EXPLORER SPORT TRAC/2009 Ford Explorer Sport Trac 4-DR. w_SAB.png
5378,2009,FORD,F-150,2009 Ford F-150 Supercrew 4-DR. w/SAB,,Not Rated,Not Rated,5,5,Not Rated,5,5,Not Rated,Not Rated,Not Rated,3,4,0.228,0.198,No Tip,Not Rated,Standard,No,No,322,3,0,2009/FORD/F-150/2009 Ford F-150 Supercrew 4-DR. w_SAB.png
5379,2009,FORD,F-150,2009 Ford F-150 Supercab w/SAB,,Not Rated,Not Rated,5,5,Not Rated,5,5,Not Rated,Not Rated,Not Rated,3,4,0.228,0.198,No Tip,Not Rated,Standard,No,No,322,3,0,2009/FORD/F-150/2009 Ford F-150 Supercab w_SAB.png
5380,2009,FORD,F-150,2009 Ford F-150 Regular Cab w/SAB,,Not Rated,Not Rated,5,5,Not Rated,5,Not Rated,Not Rated,Not Rated,Not Rated,3,4,0.228,0.198,No Tip,Not Rated,Standard,No,No,322,3,0,2009/FORD/F-150/2009 Ford F-150 Regular Cab w_SAB.png
5236,2009,FORD,F-250,2009 Ford F-250 Supercrew 4-DR.,,Not Rated,Not Rated,Not Rated,Not Rated,Not Rated,Not Rated,Not Rated,Not Rated,Not Rated,Not Rated,3,4,0.237,0.191,No Tip,Not Rated,No,No,No,77,3,0,2009/FORD/F-250/2009 Ford F-250 Supercrew 4-DR..png
5237,2009,FORD,F-250,2009 Ford F-250 Supercab,,Not Rated,Not Rated,Not Rated,Not Rated,Not Rated,Not Rated,Not Rated,Not Rated,Not Rated,Not Rated,3,4,0.237,0.191,No Tip,Not Rated,No,No,No,77,3,0,2009/FORD/F-250/2009 Ford F-250 Supercab.png
5238,2009,FORD,F-250,2009 Ford F-250 Regular Cab,,Not Rated,Not Rated,Not Rated,Not Rated,Not Rated,Not Rated,Not Rated,Not Rated,Not Rated,Not Rated,3,4,0.237,0.191,No Tip,Not Rated,No,No,No,77,3,0,2009/FORD/F-250/2009 Ford F-250 Regular Cab.png
5239,2009,FORD,F-350,2009 Ford F-350 Supercrew 4-DR.,,Not Rated,Not Rated,Not Rated,Not Rated,Not Rated,Not Rated,Not Rated,Not Rated,Not Rated,Not Rated,Not Rated,Not Rated,0,0, ,Not Rated,No,No,No,46,9,0,2009/FORD/F-350/2009 Ford F-350 Supercrew 4-DR..png
5240,2009,FORD,F-350,2009 Ford F-350 Regular Cab,,Not Rated,Not Rated,Not Rated,Not Rated,Not Rated,Not Rated,Not Rated,Not Rated,Not Rated,Not Rated,Not Rated,Not Rated,0,0, ,Not Rated,No,No,No,46,9,0,2009/FORD/F-350/2009 Ford F-350 Regular Cab.png
5241,2009,FORD,F-350,2009 Ford F-350 Supercab,,Not Rated,Not Rated,Not Rated,Not Rated,Not Rated,Not Rated,Not Rated,Not Rated,Not Rated,Not Rated,Not Rated,Not Rated,0,0, ,Not Rated,No,No,No,46,9,0,2009/FORD/F-350/2009 Ford F-350 Supercab.png
5381,2009,FORD,FLEX,2009 Ford Flex 4-DR. w/SAB,,Not Rated,Not Rated,5,5,Not Rated,5,5,Not Rated,Not Rated,Not Rated,4,4,0.151,0.164,No Tip,Not Rated,Standard,No,No,180,2,0,2009/FORD/FLEX/2009 Ford Flex 4-DR. w_SAB.png
5138,2009,FORD,FOCUS,2009 Ford Focus 4-DR. w/SAB,,Not Rated,Not Rated,4,4,Not Rated,5,4,Not Rated,Not Rated,Not Rated,Not Rated,4,0,0.13, ,Not Rated,Optional,No,No,228,1,0,2009/FORD/FOCUS/2009 Ford Focus 4-DR. w_SAB.png
5139,2009,FORD,FOCUS,2009 Ford Focus 2-DR. Hatchback w/SAB,,Not Rated,Not Rated,5,5,Not Rated,3,3,Not Rated,Not Rated,Not Rated,Not Rated,4,0,0.14, ,Not Rated,Optional,No,No,228,1,0,2009/FORD/FOCUS/2009 Ford Focus 2-DR. Hatchback w_SAB.png
5127,2009,FORD,FUSION,2009 Ford Fusion 4-DR. w/SAB,,Not Rated,Not Rated,5,5,Not Rated,5,4,Not Rated,Not Rated,Not Rated,5,4,0.092,0.105,No Tip,Not Rated,Optional,No,No,1018,8,4,2009/FORD/FUSION/2009 Ford Fusion 4-DR. w_SAB.png
5128,2009,FORD,MUSTANG,2009 Ford Mustang 2-DR w/SAB,,Not Rated,Not Rated,5,5,Not Rated,5,4,Not Rated,Not Rated,Not Rated,Not Rated,5,0,0.087, ,Not Rated,No,No,No,181,7,0,2009/FORD/MUSTANG/2009 Ford Mustang 2-DR w_SAB.png
5129,2009,FORD,MUSTANG,2009 Ford Mustang 2-DR Convertible w/SAB,,Not Rated,Not Rated,5,5,Not Rated,5,5,Not Rated,Not Rated,Not Rated,Not Rated,5,0,0.087, ,Not Rated,No,No,No,181,7,0,2009/FORD/MUSTANG/2009 Ford Mustang 2-DR Convertible w_SAB.png
5142,2009,FORD,RANGER,2009 Ford Ranger Regular Cab,,Not Rated,Not Rated,5,4,Not Rated,5,Not Rated,Not Rated,Not Rated,Not Rated,3,3,0.267,0.219,No Tip,Not Rated,No,No,No,168,9,0,2009/FORD/RANGER/2009 Ford Ranger Regular Cab.png
5143,2009,FORD,RANGER,2009 Ford Ranger  Supercab,,Not Rated,Not Rated,5,4,Not Rated,4,Not Rated,Not Rated,Not Rated,Not Rated,3,3,0.267,0.219,No Tip,Not Rated,No,No,No,168,9,0,2009/FORD/RANGER/2009 Ford Ranger  Supercab.png
5140,2009,FORD,TAURUS,2009 Ford Taurus 4-DR. w/SAB,,Not Rated,Not Rated,5,5,Not Rated,5,5,Not Rated,Not Rated,Not Rated,4,4,0.113,0.105,No Tip,Not Rated,Standard,No,No,64,1,0,2009/FORD/TAURUS/2009 Ford Taurus 4-DR. w_SAB.png
5141,2009,FORD,TAURUS X,2009 Ford Taurus X 4-DR. w/SAB,,Not Rated,Not Rated,5,5,Not Rated,5,5,Not Rated,Not Rated,Not Rated,4,4,0.133,0.143,No Tip,Not Rated,Standard,No,No,11,2,0,2009/FORD/TAURUS X/2009 Ford Taurus X 4-DR. w_SAB.png
5041,2009,GMC,ACADIA,2009 GMC Acadia 4-DR. w/SAB,,Not Rated,Not Rated,5,5,Not Rated,5,5,Not Rated,Not Rated,Not Rated,4,4,0.155,0.169,No Tip,Not Rated,Standard,No,No,332,7,4,2009/GMC/ACADIA/2009 GMC Acadia 4-DR. w_SAB.png
5053,2009,GMC,CANYON,2009 GMC Canyon 4-DR.,,Not Rated,Not Rated,5,5,Not Rated,4,5,Not Rated,Not Rated,Not Rated,4,4,0.179,0.185,No Tip,Not Rated,Standard,No,No,29,3,0,2009/GMC/CANYON/2009 GMC Canyon 4-DR..png
5054,2009,GMC,CANYON,2009 GMC Canyon Regular Cab,,Not Rated,Not Rated,4,4,Not Rated,4,Not Rated,Not Rated,Not Rated,Not Rated,4,4,0.179,0.185,No Tip,Not Rated,Standard,No,No,29,3,0,2009/GMC/CANYON/2009 GMC Canyon Regular Cab.png
5055,2009,GMC,CANYON,2009 GMC Canyon Extended Cab,,Not Rated,Not Rated,4,4,Not Rated,4,Not Rated,Not Rated,Not Rated,Not Rated,4,4,0.179,0.185,No Tip,Not Rated,Standard,No,No,29,3,0,2009/GMC/CANYON/2009 GMC Canyon Extended Cab.png
5043,2009,GMC,ENVOY,2009 GMC Envoy 4-DR. w/SAB,,Not Rated,Not Rated,3,4,Not Rated,5,5,Not Rated,Not Rated,Not Rated,4,3,0.191,0.204,No Tip,Not Rated,Standard,No,No,17,0,1,2009/GMC/ENVOY/2009 GMC Envoy 4-DR. w_SAB.png
5433,2009,GMC,SAVANA 2500 12 PASSENGER,2009 GMC Savana 2500 12 Passenger Van w/SAB,,Not Rated,Not Rated,Not Rated,Not Rated,Not Rated,Not Rated,Not Rated,Not Rated,Not Rated,Not Rated,Not Rated,3,0,0.292, ,Not Rated,Standard,No,No,4,8,0,2009/GMC/SAVANA 2500 12 PASSENGER/2009 GMC Savana 2500 12 Passenger Van w_SAB.png
5444,2009,GMC,SAVANA 3500 12 PASSENGER,2009 GMC Savana 3500 12 Passenger Van w/SAB,,Not Rated,Not Rated,Not Rated,Not Rated,Not Rated,Not Rated,Not Rated,Not Rated,Not Rated,Not Rated,Not Rated,3,0,0.292, ,Not Rated,Standard,No,No,5,8,0,2009/GMC/SAVANA 3500 12 PASSENGER/2009 GMC Savana 3500 12 Passenger Van w_SAB.png
5049,2009,GMC,SAVANA 3500 15 PASSENGER,2009 GMC Savana 3500 15 Passenger Van w/SAB,,Not Rated,Not Rated,Not Rated,Not Rated,Not Rated,Not Rated,Not Rated,Not Rated,Not Rated,Not Rated,Not Rated,3,0,0.279, ,Not Rated,Standard,No,No,5,8,0,2009/GMC/SAVANA 3500 15 PASSENGER/2009 GMC Savana 3500 15 Passenger Van w_SAB.png
5047,2009,GMC,SAVANA CARGO 1500,2009 GMC Savana Cargo 1500 Van,,Not Rated,Not Rated,5,5,Not Rated,Not Rated,Not Rated,Not Rated,Not Rated,Not Rated,Not Rated,Not Rated,0,0, ,Not Rated,No,No,No,2,8,0,2009/GMC/SAVANA CARGO 1500/2009 GMC Savana Cargo 1500 Van.png
5046,2009,GMC,SAVANA PASSENGER 1500,2009 GMC Savana Passenger 1500 Van w/SAB,,Not Rated,Not Rated,5,5,Not Rated,Not Rated,Not Rated,Not Rated,Not Rated,Not Rated,3,3,0.228,0.279,No Tip,Not Rated,Standard,No,No,2,8,0,2009/GMC/SAVANA PASSENGER 1500/2009 GMC Savana Passenger 1500 Van w_SAB.png
5061,2009,GMC,SIERRA 1500,2009 GMC Sierra 1500 Regular Cab w/SAB,,Not Rated,Not Rated,5,5,Not Rated,5,Not Rated,Not Rated,Not Rated,Not Rated,4,4,0.185,0.191,No Tip,Not Rated,Optional,No,No,279,5,2,2009/GMC/SIERRA 1500/2009 GMC Sierra 1500 Regular Cab w_SAB.png
5062,2009,GMC,SIERRA 1500,2009 GMC Sierra 1500 Regular Cab,,Not Rated,Not Rated,5,5,Not Rated,5,Not Rated,Not Rated,Not Rated,Not Rated,4,4,0.185,0.191,No Tip,Not Rated,Optional,No,No,279,5,2,2009/GMC/SIERRA 1500/2009 GMC Sierra 1500 Regular Cab.png
5063,2009,GMC,SIERRA 1500,2009 GMC Sierra 1500 Extended Cab w/SAB,,Not Rated,Not Rated,5,5,Not Rated,5,5,Not Rated,Not Rated,Not Rated,4,4,0.185,0.191,No Tip,Not Rated,Standard,No,No,279,5,2,2009/GMC/SIERRA 1500/2009 GMC Sierra 1500 Extended Cab w_SAB.png
5064,2009,GMC,SIERRA 1500,2009 GMC Sierra 1500 Extended Cab,,Not Rated,Not Rated,5,5,Not Rated,5,5,Not Rated,Not Rated,Not Rated,4,4,0.185,0.191,No Tip,Not Rated,Standard,No,No,279,5,2,2009/GMC/SIERRA 1500/2009 GMC Sierra 1500 Extended Cab.png
5065,2009,GMC,SIERRA 1500,2009 GMC Sierra 1500 4-DR. w/SAB,,Not Rated,Not Rated,5,5,Not Rated,5,5,Not Rated,Not Rated,Not Rated,4,4,0.185,0.191,No Tip,Not Rated,Standard,No,No,279,5,2,2009/GMC/SIERRA 1500/2009 GMC Sierra 1500 4-DR. w_SAB.png
5066,2009,GMC,SIERRA 1500,2009 GMC Sierra 1500 4-DR.,,Not Rated,Not Rated,5,5,Not Rated,5,5,Not Rated,Not Rated,Not Rated,4,4,0.185,0.191,No Tip,Not Rated,Standard,No,No,279,5,2,2009/GMC/SIERRA 1500/2009 GMC Sierra 1500 4-DR..png
5224,2009,GMC,SIERRA 2500,2009 GMC Sierra 2500 Extended Cab,,Not Rated,Not Rated,Not Rated,Not Rated,Not Rated,Not Rated,Not Rated,Not Rated,Not Rated,Not Rated,4,3,0.191,0.204,No Tip,Not Rated,Standard,No,No,68,6,1,2009/GMC/SIERRA 2500/2009 GMC Sierra 2500 Extended Cab.png
5225,2009,GMC,SIERRA 2500,2009 GMC Sierra 2500 Regular Cab,,Not Rated,Not Rated,Not Rated,Not Rated,Not Rated,Not Rated,Not Rated,Not Rated,Not Rated,Not Rated,4,3,0.191,0.204,No Tip,Not Rated,Optional,No,No,68,6,1,2009/GMC/SIERRA 2500/2009 GMC Sierra 2500 Regular Cab.png
5233,2009,GMC,SIERRA 2500,2009 GMC Sierra 2500 4-DR.,,Not Rated,Not Rated,Not Rated,Not Rated,Not Rated,Not Rated,Not Rated,Not Rated,Not Rated,Not Rated,4,3,0.191,0.204,No Tip,Not Rated,Standard,No,No,68,6,1,2009/GMC/SIERRA 2500/2009 GMC Sierra 2500 4-DR..png
5226,2009,GMC,SIERRA 3500,2009 GMC Sierra 3500 Extended Cab,,Not Rated,Not Rated,Not Rated,Not Rated,Not Rated,Not Rated,Not Rated,Not Rated,Not Rated,Not Rated,Not Rated,Not Rated,0,0, ,Not Rated,No,No,No,41,6,1,2009/GMC/SIERRA 3500/2009 GMC Sierra 3500 Extended Cab.png
5227,2009,GMC,SIERRA 3500,2009 GMC Sierra 3500 Regular Cab,,Not Rated,Not Rated,Not Rated,Not Rated,Not Rated,Not Rated,Not Rated,Not Rated,Not Rated,Not Rated,Not Rated,Not Rated,0,0, ,Not Rated,No,No,No,41,6,1,2009/GMC/SIERRA 3500/2009 GMC Sierra 3500 Regular Cab.png
5228,2009,GMC,SIERRA 3500,2009 GMC Sierra 3500 4-DR.,,Not Rated,Not Rated,Not Rated,Not Rated,Not Rated,Not Rated,Not Rated,Not Rated,Not Rated,Not Rated,Not Rated,Not Rated,0,0, ,Not Rated,No,No,No,41,6,1,2009/GMC/SIERRA 3500/2009 GMC Sierra 3500 4-DR..png
5231,2009,GMC,SIERRA HYBRID,2009 GMC Sierra 1500 4-DR. Hybrid,,Not Rated,Not Rated,5,5,Not Rated,5,5,Not Rated,Not Rated,Not Rated,4,4,0.185,0.191,No Tip,Not Rated,Standard,No,No,270,5,2,2009/GMC/SIERRA HYBRID/2009 GMC Sierra 1500 4-DR. Hybrid.png
5235,2009,GMC,SIERRA HYBRID,2009 GMC Sierra 1500 4-DR. Hybrid w/SAB,,Not Rated,Not Rated,5,5,Not Rated,5,5,Not Rated,Not Rated,Not Rated,4,4,0.185,0.191,No Tip,Not Rated,Standard,No,No,270,5,2,2009/GMC/SIERRA HYBRID/2009 GMC Sierra 1500 4-DR. Hybrid w_SAB.png
5071,2009,GMC,YUKON,2009 GMC Yukon 4-DR. w/SAB,,Not Rated,Not Rated,5,5,Not Rated,5,5,Not Rated,Not Rated,Not Rated,3,3,0.228,0.246,No Tip,Not Rated,Standard,No,No,211,5,2,2009/GMC/YUKON/2009 GMC Yukon 4-DR. w_SAB.png
5072,2009,GMC,YUKON HYBRID,2009 GMC Yukon Hybrid 4-DR. w/SAB,,Not Rated,Not Rated,5,5,Not Rated,5,5,Not Rated,Not Rated,Not Rated,3,3,0.228,0.246,No Tip,Not Rated,Standard,No,No,107,5,2,2009/GMC/YUKON HYBRID/2009 GMC Yukon Hybrid 4-DR. w_SAB.png
5075,2009,GMC,YUKON XL,2009 GMC Yukon XL  4-DR. w/SAB,,Not Rated,Not Rated,5,5,Not Rated,5,5,Not Rated,Not Rated,Not Rated,3,3,0.237,0.237,No Tip,Not Rated,Standard,No,No,211,5,2,2009/GMC/YUKON XL/2009 GMC Yukon XL  4-DR. w_SAB.png
5112,2009,HONDA,ACCORD,2009 Honda Accord 2-DR. w/SAB,,Not Rated,Not Rated,5,5,Not Rated,4,5,Not Rated,Not Rated,Not Rated,Not Rated,5,0,0.097, ,Not Rated,Standard,No,No,718,11,2,2009/HONDA/ACCORD/2009 Honda Accord 2-DR. w_SAB.png
5374,2009,HONDA,ACCORD,2009 Honda Accord 4-DR. w/SAB,,Not Rated,Not Rated,5,5,Not Rated,5,3,Not Rated,Not Rated,Not Rated,Not Rated,5,0,0.095, ,Not Rated,Standard,No,No,718,11,2,2009/HONDA/ACCORD/2009 Honda Accord 4-DR. w_SAB.png
5107,2009,HONDA,CIVIC,2009 Honda Civic 4-DR. w/SAB,,Not Rated,Not Rated,5,5,Not Rated,4,5,Not Rated,Not Rated,Not Rated,Not Rated,4,0,0.105, ,Not Rated,Optional,No,No,393,8,0,2009/HONDA/CIVIC/2009 Honda Civic 4-DR. w_SAB.png
5108,2009,HONDA,CIVIC,2009 Honda Civic 2-DR. w/SAB,,Not Rated,Not Rated,5,5,Not Rated,4,5,Not Rated,Not Rated,Not Rated,Not Rated,4,0,0.103, ,Not Rated,Optional,No,No,393,8,0,2009/HONDA/CIVIC/2009 Honda Civic 2-DR. w_SAB.png
5110,2009,HONDA,CIVIC,2009 Honda Civic GX (CNG) 4-DR. w/SAB,,Not Rated,Not Rated,5,5,Not Rated,4,5,Not Rated,Not Rated,Not Rated,Not Rated,4,0,0.105, ,Not Rated,No,No,No,396,8,0,2009/HONDA/CIVIC/2009 Honda Civic GX (CNG) 4-DR. w_SAB.png
5109,2009,HONDA,CIVIC HYBRID,2009 Honda Civic Hybrid 4-DR. w/SAB,,Not Rated,Not Rated,5,5,Not Rated,4,5,Not Rated,Not Rated,Not Rated,Not Rated,4,0,0.105, ,Not Rated,Standard,No,No,421,8,1,2009/HONDA/CIVIC HYBRID/2009 Honda Civic Hybrid 4-DR. w_SAB.png
5103,2009,HONDA,CR-V,2009 Honda CR-V w/SAB,,Not Rated,Not Rated,5,5,Not Rated,5,5,Not Rated,Not Rated,Not Rated,4,4,0.155,0.174,No Tip,Not Rated,Standard,No,No,384,12,0,2009/HONDA/CR-V/2009 Honda CR-V w_SAB.png
5857,2009,HONDA,ELEMENT,2009 Honda Element 4-DR. w/SAB,,Not Rated,Not Rated,5,5,Not Rated,5,5,Not Rated,Not Rated,Not Rated,3,3,0.204,0.219,No Tip,Not Rated,Standard,No,No,29,9,3,2009/HONDA/ELEMENT/2009 Honda Element 4-DR. w_SAB.png
5377,2009,HONDA,FCX,2009 Honda FCX 4-DR w/SAB,,Not Rated,Not Rated,Not Rated,Not Rated,Not Rated,Not Rated,Not Rated,Not Rated,Not Rated,Not Rated,Not Rated,Not Rated,0,0, ,Not Rated,Standard,No,No,0,0,0,2009/HONDA/FCX/2009 Honda FCX 4-DR w_SAB.png
5376,2009,HONDA,FIT,2009 Honda Fit 4-DR. w/SAB,,Not Rated,Not Rated,5,5,Not Rated,5,4,Not Rated,Not Rated,Not Rated,Not Rated,4,0,0.124, ,Not Rated,Optional,No,No,286,11,0,2009/HONDA/FIT/2009 Honda Fit 4-DR. w_SAB.png
5105,2009,HONDA,ODYSSEY,2009 Honda Odyssey w/SAB,,Not Rated,Not Rated,5,5,Not Rated,5,5,Not Rated,Not Rated,Not Rated,Not Rated,4,0,0.14, ,Not Rated,Standard,No,No,198,4,2,2009/HONDA/ODYSSEY/2009 Honda Odyssey w_SAB.png
5029,2009,HONDA,PILOT,2009 Honda Pilot 4-DR. w/SAB,,Not Rated,Not Rated,5,5,Not Rated,5,5,Not Rated,Not Rated,Not Rated,4,4,0.164,0.174,No Tip,Not Rated,Standard,No,No,133,9,0,2009/HONDA/PILOT/2009 Honda Pilot 4-DR. w_SAB.png
5106,2009,HONDA,RIDGELINE,2009 Honda Ridgeline 4-DR. w/SAB,,Not Rated,Not Rated,5,5,Not Rated,5,5,Not Rated,Not Rated,Not Rated,4,Not Rated,0.143,0,No Tip,Not Rated,Standard,No,No,35,9,0,2009/HONDA/RIDGELINE/2009 Honda Ridgeline 4-DR. w_SAB.png
5111,2009,HONDA,S2000,2009 Honda S2000 Convertible,,Not Rated,Not Rated,4,4,Not Rated,5,Not Rated,Not Rated,Not Rated,Not Rated,Not Rated,5,0,0.082, ,Not Rated,Standard,No,No,0,0,0,2009/HONDA/S2000/2009 Honda S2000 Convertible.png
5387,2009,HUMMER,H2,2009 Hummer H2 4-DR Pickup w/SAB,https://static.nhtsa.gov/images/vehicles/5729_st0640_046.png,Not Rated,Not Rated,Not Rated,Not Rated,Not Rated,Not Rated,Not Rated,Not Rated,Not Rated,Not Rated,Not Rated,Not Rated,0,0, ,Not Rated,Standard,No,No,2,1,0,2009/HUMMER/H2/2009 Hummer H2 4-DR Pickup w_SAB.png
5392,2009,HUMMER,H2,2009 Hummer H2 4-DR w/SAB,https://static.nhtsa.gov/images/vehicles/5729_st0640_046.png,Not Rated,Not Rated,Not Rated,Not Rated,Not Rated,Not Rated,Not Rated,Not Rated,Not Rated,Not Rated,Not Rated,Not Rated,0,0, ,Not Rated,Standard,No,No,2,1,0,2009/HUMMER/H2/2009 Hummer H2 4-DR w_SAB.png
5387,2009,HUMMER,H2 4-DR Pickup w/SAB,2009 Hummer H2 4-DR Pickup w/SAB,,Not Rated,Not Rated,Not Rated,Not Rated,Not Rated,Not Rated,Not Rated,Not Rated,Not Rated,Not Rated,Not Rated,Not Rated,0,0, ,Not Rated,Standard,No,No,2,1,0,2009/HUMMER/H2 4-DR Pickup w/SAB/2009 Hummer H2 4-DR Pickup w_SAB.png
5392,2009,HUMMER,H2 4-DR w/SAB,2009 Hummer H2 4-DR w/SAB,,Not Rated,Not Rated,Not Rated,Not Rated,Not Rated,Not Rated,Not Rated,Not Rated,Not Rated,Not Rated,Not Rated,Not Rated,0,0, ,Not Rated,Standard,No,No,2,1,0,2009/HUMMER/H2 4-DR w/SAB/2009 Hummer H2 4-DR w_SAB.png
5035,2009,HUMMER,H3,2009 Hummer H3 4-DR w/SAB,,Not Rated,Not Rated,5,4,Not Rated,5,5,Not Rated,Not Rated,Not Rated,3,Not Rated,0.246,0,No Tip,Not Rated,Standard,No,No,79,3,0,2009/HUMMER/H3/2009 Hummer H3 4-DR w_SAB.png
5391,2009,HUMMER,H3T,2009 Hummer H3T 4-DR w/SAB,,Not Rated,Not Rated,Not Rated,Not Rated,Not Rated,Not Rated,Not Rated,Not Rated,Not Rated,Not Rated,Not Rated,Not Rated,0,0, ,Not Rated,Standard,No,No,0,0,0,2009/HUMMER/H3T/2009 Hummer H3T 4-DR w_SAB.png
5206,2009,HYUNDAI,ACCENT,2009 Hyundai Accent 4-DR. w/SAB,,Not Rated,Not Rated,5,5,Not Rated,4,3,Not Rated,Not Rated,Not Rated,Not Rated,4,0,0.124, ,Not Rated,No,No,No,101,2,0,2009/HYUNDAI/ACCENT/2009 Hyundai Accent 4-DR. w_SAB.png
5440,2009,HYUNDAI,ACCENT HATCHBACK,2009 Hyundai Accent Hatchback 3-DR. w/SAB,,Not Rated,Not Rated,Not Rated,Not Rated,Not Rated,Not Rated,Not Rated,Not Rated,Not Rated,Not Rated,Not Rated,Not Rated,0,0, ,Not Rated,No,No,No,101,2,0,2009/HYUNDAI/ACCENT HATCHBACK/2009 Hyundai Accent Hatchback 3-DR. w_SAB.png
5013,2009,HYUNDAI,AZERA,2009 Hyundai Azera 4-DR w/SAB,,Not Rated,Not Rated,4,4,Not Rated,5,5,Not Rated,Not Rated,Not Rated,Not Rated,4,0,0.107, ,Not Rated,Standard,No,No,26,5,1,2009/HYUNDAI/AZERA/2009 Hyundai Azera 4-DR w_SAB.png
5207,2009,HYUNDAI,ELANTRA,2009 Hyundai Elantra 4-DR. w/SAB,,Not Rated,Not Rated,5,5,Not Rated,4,4,Not Rated,Not Rated,Not Rated,Not Rated,4,0,0.107, ,Not Rated,Optional,No,No,277,4,2,2009/HYUNDAI/ELANTRA/2009 Hyundai Elantra 4-DR. w_SAB.png
5441,2009,HYUNDAI,ELANTRA TOURING,2009 Hyundai Elantra 4-DR. Wagon w/SAB,,Not Rated,Not Rated,5,5,Not Rated,4,4,Not Rated,Not Rated,Not Rated,Not Rated,4,0,0.107, ,Not Rated,Standard,No,No,277,4,2,2009/HYUNDAI/ELANTRA TOURING/2009 Hyundai Elantra 4-DR. Wagon w_SAB.png
5208,2009,HYUNDAI,ENTOURAGE,2009 Hyundai Entourage Van w/SAB,,Not Rated,Not Rated,5,5,Not Rated,5,5,Not Rated,Not Rated,Not Rated,Not Rated,4,0,0.136, ,Not Rated,Standard,No,No,0,0,0,2009/HYUNDAI/ENTOURAGE/2009 Hyundai Entourage Van w_SAB.png
5413,2009,HYUNDAI,GENESIS,2009 Hyundai Genesis 4-DR w/SAB,,Not Rated,Not Rated,5,5,Not Rated,5,5,Not Rated,Not Rated,Not Rated,Not Rated,5,0,0.095, ,Not Rated,Standard,No,No,234,3,1,2009/HYUNDAI/GENESIS/2009 Hyundai Genesis 4-DR w_SAB.png
5209,2009,HYUNDAI,SANTA FE,2009 Hyundai Santa Fe 4-DR w/SAB,,Not Rated,Not Rated,5,5,Not Rated,5,5,Not Rated,Not Rated,Not Rated,4,4,0.169,0.174,No Tip,Not Rated,Standard,No,No,354,3,1,2009/HYUNDAI/SANTA FE/2009 Hyundai Santa Fe 4-DR w_SAB.png
5012,2009,HYUNDAI,SONATA,2009 Hyundai Sonata 4-DR w/SAB,,Not Rated,Not Rated,5,5,Not Rated,5,5,Not Rated,Not Rated,Not Rated,Not Rated,4,0,0.103, ,Not Rated,Standard,No,No,456,2,3,2009/HYUNDAI/SONATA/2009 Hyundai Sonata 4-DR w_SAB.png
5210,2009,HYUNDAI,TUCSON,2009 Hyundai Tucson 4-DR w/SAB,,Not Rated,Not Rated,5,5,Not Rated,5,5,Not Rated,Not Rated,Not Rated,4,4,0.179,0.198,No Tip,Not Rated,Standard,No,No,16,1,0,2009/HYUNDAI/TUCSON/2009 Hyundai Tucson 4-DR w_SAB.png
5211,2009,HYUNDAI,VERACRUZ,2009 Hyundai Veracruz 4-DR. w/SAB,,Not Rated,Not Rated,5,5,Not Rated,5,5,Not Rated,Not Rated,Not Rated,4,4,0.159,0.169,No Tip,Not Rated,Standard,No,No,24,4,0,2009/HYUNDAI/VERACRUZ/2009 Hyundai Veracruz 4-DR. w_SAB.png
5316,2009,INFINITI,EX35,2009 Infiniti EX35 w/SAB,,Not Rated,Not Rated,4,4,Not Rated,5,5,Not Rated,Not Rated,Not Rated,4,4,0.13,0.13,No Tip,Not Rated,Standard,Optional,Optional,8,1,0,2009/INFINITI/EX35/2009 Infiniti EX35 w_SAB.png
5317,2009,INFINITI,FX35/50,2009 Infiniti FX35/50 4-DR. w/SAB,,Not Rated,Not Rated,Not Rated,Not Rated,Not Rated,Not Rated,Not Rated,Not Rated,Not Rated,Not Rated,Not Rated,Not Rated,0,0, ,Not Rated,Standard,Optional,Optional,23,1,1,2009/INFINITI/FX35/50/2009 Infiniti FX35_50 4-DR. w_SAB.png
5318,2009,INFINITI,G37,2009 Infiniti G37 4-DR w/SAB,,Not Rated,Not Rated,5,4,Not Rated,5,5,Not Rated,Not Rated,Not Rated,5,5,0.101,0.101,No Tip,Not Rated,Standard,No,No,166,0,0,2009/INFINITI/G37/2009 Infiniti G37 4-DR w_SAB.png
5319,2009,INFINITI,G37,2009 Infiniti G37 2-DR w/SAB,,Not Rated,Not Rated,Not Rated,Not Rated,Not Rated,Not Rated,Not Rated,Not Rated,Not Rated,Not Rated,Not Rated,Not Rated,0,0, ,Not Rated,Standard,No,No,166,0,0,2009/INFINITI/G37/2009 Infiniti G37 2-DR w_SAB.png
5439,2009,INFINITI,G37,2009 Infiniti G37 Convertible w/SAB,,Not Rated,Not Rated,Not Rated,Not Rated,Not Rated,Not Rated,Not Rated,Not Rated,Not Rated,Not Rated,Not Rated,Not Rated,0,0, ,Not Rated,Standard,No,No,166,0,0,2009/INFINITI/G37/2009 Infiniti G37 Convertible w_SAB.png
5320,2009,INFINITI,M35/45,2009 Infiniti M35/45 4-DR. w/SAB,,Not Rated,Not Rated,Not Rated,Not Rated,Not Rated,Not Rated,Not Rated,Not Rated,Not Rated,Not Rated,Not Rated,Not Rated,0,0, ,Not Rated,Standard,No,Optional,19,6,1,2009/INFINITI/M35/45/2009 Infiniti M35_45 4-DR. w_SAB.png
5019,2009,INFINITI,QX56,2009 Infiniti QX56 4-DR w/SAB,,Not Rated,Not Rated,5,4,Not Rated,Not Rated,Not Rated,Not Rated,Not Rated,Not Rated,3,3,0.219,0.212,No Tip,Not Rated,Standard,No,No,7,3,0,2009/INFINITI/QX56/2009 Infiniti QX56 4-DR w_SAB.png
5397,2009,JAGUAR,XF,2009 Jaguar XF 4-DR w/SAB,,Not Rated,Not Rated,Not Rated,Not Rated,Not Rated,Not Rated,Not Rated,Not Rated,Not Rated,Not Rated,Not Rated,Not Rated,0,0, ,Not Rated,Standard,No,No,90,6,0,2009/JAGUAR/XF/2009 Jaguar XF 4-DR w_SAB.png
5398,2009,JAGUAR,XJ,2009 Jaguar XJ 4-DR w/SAB,,Not Rated,Not Rated,Not Rated,Not Rated,Not Rated,Not Rated,Not Rated,Not Rated,Not Rated,Not Rated,Not Rated,Not Rated,0,0, ,Not Rated,Standard,No,No,0,0,0,2009/JAGUAR/XJ/2009 Jaguar XJ 4-DR w_SAB.png
5399,2009,JAGUAR,XK,2009 Jaguar XK 2-DR w/SAB,,Not Rated,Not Rated,Not Rated,Not Rated,Not Rated,Not Rated,Not Rated,Not Rated,Not Rated,Not Rated,Not Rated,Not Rated,0,0, ,Not Rated,Standard,No,No,2,1,0,2009/JAGUAR/XK/2009 Jaguar XK 2-DR w_SAB.png
5400,2009,JAGUAR,XK,2009 Jaguar XK Convertible w/SAB,,Not Rated,Not Rated,Not Rated,Not Rated,Not Rated,Not Rated,Not Rated,Not Rated,Not Rated,Not Rated,Not Rated,Not Rated,0,0, ,Not Rated,Standard,No,No,2,1,0,2009/JAGUAR/XK/2009 Jaguar XK Convertible w_SAB.png
5170,2009,JEEP,COMMANDER,2009 Jeep Commander 4-DR. w/SAB,,Not Rated,Not Rated,5,5,Not Rated,Not Rated,Not Rated,Not Rated,Not Rated,Not Rated,3,3,0.279,0.279,No Tip,Not Rated,Standard,No,No,58,3,0,2009/JEEP/COMMANDER/2009 Jeep Commander 4-DR. w_SAB.png
5167,2009,JEEP,COMPASS,2009 Jeep Compass 4-DR. w/SAB,,Not Rated,Not Rated,4,4,Not Rated,5,5,Not Rated,Not Rated,Not Rated,4,4,0.164,0.185,No Tip,Not Rated,Standard,No,No,64,2,0,2009/JEEP/COMPASS/2009 Jeep Compass 4-DR. w_SAB.png
5169,2009,JEEP,GRAND CHEROKEE,2009 Jeep Grand Cherokee 4-DR. w/SAB,,Not Rated,Not Rated,5,5,Not Rated,5,5,Not Rated,Not Rated,Not Rated,4,3,0.191,0.204,No Tip,Not Rated,Standard,No,No,138,3,0,2009/JEEP/GRAND CHEROKEE/2009 Jeep Grand Cherokee 4-DR. w_SAB.png
5173,2009,JEEP,LIBERTY,2009 Jeep Liberty 4-DR. w/SAB,,Not Rated,Not Rated,5,5,Not Rated,5,5,Not Rated,Not Rated,Not Rated,3,3,0.228,0.256,No Tip,Not Rated,Standard,No,No,108,1,1,2009/JEEP/LIBERTY/2009 Jeep Liberty 4-DR. w_SAB.png
5168,2009,JEEP,PATRIOT,2009 Jeep Patriot 4-DR. w/SAB,,Not Rated,Not Rated,4,5,Not Rated,5,5,Not Rated,Not Rated,Not Rated,4,4,0.164,0.185,No Tip,Not Rated,Standard,No,No,274,2,0,2009/JEEP/PATRIOT/2009 Jeep Patriot 4-DR. w_SAB.png
5172,2009,JEEP,WRANGLER,2009 Jeep Wrangler 2-DR.,,Not Rated,Not Rated,5,5,Not Rated,Not Rated,Not Rated,Not Rated,Not Rated,Not Rated,3,Not Rated,0.279,0,No Tip,Not Rated,Standard,No,No,452,7,4,2009/JEEP/WRANGLER/2009 Jeep Wrangler 2-DR..png
5171,2009,JEEP,WRANGLER UNLIMITED,2009 Jeep Wrangler Unlimited 4-DR.,,Not Rated,Not Rated,5,5,Not Rated,Not Rated,Not Rated,Not Rated,Not Rated,Not Rated,3,4,0.279,0.198,No Tip,Not Rated,Standard,No,No,556,8,4,2009/JEEP/WRANGLER UNLIMITED/2009 Jeep Wrangler Unlimited 4-DR..png
5242,2009,KIA,AMANTI,2009 Kia Amanti 4-DR w/SAB,,Not Rated,Not Rated,Not Rated,Not Rated,Not Rated,Not Rated,Not Rated,Not Rated,Not Rated,Not Rated,Not Rated,Not Rated,0,0, ,Not Rated,Standard,No,No,4,1,0,2009/KIA/AMANTI/2009 Kia Amanti 4-DR w_SAB.png
5414,2009,KIA,BORREGO,2009 Kia Borrego 4-DR w/SAB,,Not Rated,Not Rated,5,5,Not Rated,5,5,Not Rated,Not Rated,Not Rated,4,4,0.179,0.198,No Tip,Not Rated,Standard,No,No,87,3,0,2009/KIA/BORREGO/2009 Kia Borrego 4-DR w_SAB.png
5196,2009,KIA,OPTIMA,2009 Kia Optima 4-DR w/SAB,,Not Rated,Not Rated,5,5,Not Rated,5,5,Not Rated,Not Rated,Not Rated,Not Rated,4,0,0.111, ,Not Rated,Standard,No,No,116,1,2,2009/KIA/OPTIMA/2009 Kia Optima 4-DR w_SAB.png
5197,2009,KIA,RIO,2009 Kia Rio 5-DR. w/SAB,,Not Rated,Not Rated,4,5,Not Rated,4,3,Not Rated,Not Rated,Not Rated,Not Rated,4,0,0, ,Not Rated,No,No,No,41,0,0,2009/KIA/RIO/2009 Kia Rio 5-DR. w_SAB.png
5198,2009,KIA,RIO,2009 Kia Rio 4-DR. w/SAB,,Not Rated,Not Rated,4,5,Not Rated,4,3,Not Rated,Not Rated,Not Rated,Not Rated,4,0,0.118, ,Not Rated,No,No,No,41,0,0,2009/KIA/RIO/2009 Kia Rio 4-DR. w_SAB.png
5199,2009,KIA,RONDO,2009 Kia Rondo 4-DR. w/SAB,,Not Rated,Not Rated,5,5,Not Rated,5,4,Not Rated,Not Rated,Not Rated,Not Rated,4,0,0.133, ,Not Rated,Standard,No,No,72,2,1,2009/KIA/RONDO/2009 Kia Rondo 4-DR. w_SAB.png
5200,2009,KIA,SEDONA,2009 Kia Sedona Van SWB w/SAB,,Not Rated,Not Rated,5,5,Not Rated,5,5,Not Rated,Not Rated,Not Rated,Not Rated,4,0,0.136, ,Not Rated,Standard,No,No,47,5,0,2009/KIA/SEDONA/2009 Kia Sedona Van SWB w_SAB.png
5201,2009,KIA,SEDONA,2009 Kia Sedona Van LWB w/SAB,,Not Rated,Not Rated,5,5,Not Rated,5,5,Not Rated,Not Rated,Not Rated,Not Rated,4,0,0.136, ,Not Rated,Standard,No,No,47,5,0,2009/KIA/SEDONA/2009 Kia Sedona Van LWB w_SAB.png
5202,2009,KIA,SORENTO,2009 Kia Sorento 4-DR. w/SAB,,Not Rated,Not Rated,5,5,Not Rated,5,5,Not Rated,Not Rated,Not Rated,4,3,0.191,0.212,No Tip,Not Rated,Standard,No,No,54,3,1,2009/KIA/SORENTO/2009 Kia Sorento 4-DR. w_SAB.png
5203,2009,KIA,SPECTRA,2009 Kia Spectra 4-DR w/SAB,,Not Rated,Not Rated,5,5,Not Rated,4,4,Not Rated,Not Rated,Not Rated,Not Rated,4,0,0.133, ,Not Rated,No,No,No,114,0,1,2009/KIA/SPECTRA/2009 Kia Spectra 4-DR w_SAB.png
5204,2009,KIA,SPECTRA,2009 Kia Spectra 5-DR w/SAB,,Not Rated,Not Rated,5,5,Not Rated,4,4,Not Rated,Not Rated,Not Rated,Not Rated,4,0,0.133, ,Not Rated,No,No,No,114,0,1,2009/KIA/SPECTRA/2009 Kia Spectra 5-DR w_SAB.png
5205,2009,KIA,SPORTAGE,2009 Kia Sportage 4-DR w/SAB,,Not Rated,Not Rated,5,5,Not Rated,5,5,Not Rated,Not Rated,Not Rated,4,3,0.174,0.204,No Tip,Not Rated,Standard,No,No,80,3,1,2009/KIA/SPORTAGE/2009 Kia Sportage 4-DR w_SAB.png
5401,2009,LAND ROVER,LR2,2009 Land Rover LR2 4-DR w/SAB,,Not Rated,Not Rated,Not Rated,Not Rated,Not Rated,Not Rated,Not Rated,Not Rated,Not Rated,Not Rated,Not Rated,Not Rated,0,0, ,Not Rated,Standard,No,No,29,0,0,2009/LAND ROVER/LR2/2009 Land Rover LR2 4-DR w_SAB.png
5402,2009,LAND ROVER,LR3,2009 Land Rover LR3 4-DR w/SAB,,Not Rated,Not Rated,Not Rated,Not Rated,Not Rated,Not Rated,Not Rated,Not Rated,Not Rated,Not Rated,Not Rated,Not Rated,0,0, ,Not Rated,Standard,No,No,3,0,0,2009/LAND ROVER/LR3/2009 Land Rover LR3 4-DR w_SAB.png
5403,2009,LAND ROVER,RANGE ROVER,2009 Land Rover Range Rover 4-DR w/SAB,,Not Rated,Not Rated,Not Rated,Not Rated,Not Rated,Not Rated,Not Rated,Not Rated,Not Rated,Not Rated,Not Rated,Not Rated,0,0, ,Not Rated,Standard,No,No,14,5,0,2009/LAND ROVER/RANGE ROVER/2009 Land Rover Range Rover 4-DR w_SAB.png
5404,2009,LAND ROVER,RANGE ROVER SPORT,2009 Land Rover Range Rover Sport 4-DR w/SAB,,Not Rated,Not Rated,Not Rated,Not Rated,Not Rated,Not Rated,Not Rated,Not Rated,Not Rated,Not Rated,Not Rated,Not Rated,0,0, ,Not Rated,Standard,No,No,14,5,0,2009/LAND ROVER/RANGE ROVER SPORT/2009 Land Rover Range Rover Sport 4-DR w_SAB.png
5363,2009,LEXUS,ES350,2009 Lexus ES350 w/SAB,,Not Rated,Not Rated,5,5,Not Rated,5,4,Not Rated,Not Rated,Not Rated,Not Rated,4,0,0.109, ,Not Rated,Standard,Optional,No,173,5,2,2009/LEXUS/ES350/2009 Lexus ES350 w_SAB.png
5364,2009,LEXUS,GS350/460,2009 Lexus GS350/460 w/SAB,,Not Rated,Not Rated,Not Rated,Not Rated,Not Rated,Not Rated,Not Rated,Not Rated,Not Rated,Not Rated,Not Rated,Not Rated,0,0, ,Not Rated,Standard,Optional,No,10,3,1,2009/LEXUS/GS350/460/2009 Lexus GS350_460 w_SAB.png
5365,2009,LEXUS,GS450H HYBRID,2009 Lexus GS450h w/SAB,,Not Rated,Not Rated,Not Rated,Not Rated,Not Rated,Not Rated,Not Rated,Not Rated,Not Rated,Not Rated,Not Rated,Not Rated,0,0, ,Not Rated,Standard,Optional,No,2,2,1,2009/LEXUS/GS450H HYBRID/2009 Lexus GS450h w_SAB.png
5366,2009,LEXUS,GX470,2009 Lexus GX470 4-DR w/SAB,,Not Rated,Not Rated,Not Rated,Not Rated,Not Rated,Not Rated,Not Rated,Not Rated,Not Rated,Not Rated,Not Rated,Not Rated,0,0, ,Not Rated,Standard,No,No,1,1,0,2009/LEXUS/GX470/2009 Lexus GX470 4-DR w_SAB.png
5367,2009,LEXUS,IS F,2009 Lexus IS F 4-DR w/SAB,,Not Rated,Not Rated,Not Rated,Not Rated,Not Rated,Not Rated,Not Rated,Not Rated,Not Rated,Not Rated,Not Rated,Not Rated,0,0, ,Not Rated,Standard,Optional,No,40,8,1,2009/LEXUS/IS F/2009 Lexus IS F 4-DR w_SAB.png
5368,2009,LEXUS,IS250/350,2009 Lexus IS250/350 4-DR w/SAB,,Not Rated,Not Rated,4,4,Not Rated,5,4,Not Rated,Not Rated,Not Rated,5,5,0.101,0.101,No Tip,Not Rated,Standard,Optional,No,90,10,1,2009/LEXUS/IS250/350/2009 Lexus IS250_350 4-DR w_SAB.png
5369,2009,LEXUS,LS460/460L,2009 Lexus LS460/460L 4-DR w/SAB,,Not Rated,Not Rated,Not Rated,Not Rated,Not Rated,Not Rated,Not Rated,Not Rated,Not Rated,Not Rated,Not Rated,Not Rated,0,0, ,Not Rated,Standard,No,No,24,2,0,2009/LEXUS/LS460/460L/2009 Lexus LS460_460L 4-DR w_SAB.png
5370,2009,LEXUS,LS600HL HYBRID,2009 Lexus LS600hL 4-DR w/SAB,,Not Rated,Not Rated,Not Rated,Not Rated,Not Rated,Not Rated,Not Rated,Not Rated,Not Rated,Not Rated,Not Rated,Not Rated,0,0, ,Not Rated,Standard,Optional,No,13,1,1,2009/LEXUS/LS600HL HYBRID/2009 Lexus LS600hL 4-DR w_SAB.png
5371,2009,LEXUS,LX570,2009 Lexus LX570 4-DR w/SAB,,Not Rated,Not Rated,Not Rated,Not Rated,Not Rated,Not Rated,Not Rated,Not Rated,Not Rated,Not Rated,Not Rated,Not Rated,0,0, ,Not Rated,Standard,Optional,No,4,3,1,2009/LEXUS/LX570/2009 Lexus LX570 4-DR w_SAB.png
5372,2009,LEXUS,RX350,2009 Lexus RX350 w/SAB,,Not Rated,Not Rated,5,5,Not Rated,5,5,Not Rated,Not Rated,Not Rated,4,4,0.191,0.198,No Tip,Not Rated,Standard,No,No,129,0,0,2009/LEXUS/RX350/2009 Lexus RX350 w_SAB.png
5373,2009,LEXUS,SC430,2009 Lexus SC430 Convertible w/SAB,,Not Rated,Not Rated,Not Rated,Not Rated,Not Rated,Not Rated,Not Rated,Not Rated,Not Rated,Not Rated,Not Rated,Not Rated,0,0, ,Not Rated,Standard,No,No,0,3,1,2009/LEXUS/SC430/2009 Lexus SC430 Convertible w_SAB.png
5382,2009,LINCOLN,MKS,2009 Lincoln MKS 4-DR. w/SAB (Early release),,Not Rated,Not Rated,4,5,Not Rated,5,5,Not Rated,Not Rated,Not Rated,4,4,0.118,0.118,No Tip,Not Rated,Standard,No,No,56,1,0,2009/LINCOLN/MKS/2009 Lincoln MKS 4-DR. w_SAB (Early release).png
5434,2009,LINCOLN,MKS,2009 Lincoln MKS 4-DR. w/SAB (Later release),,Not Rated,Not Rated,5,5,Not Rated,5,5,Not Rated,Not Rated,Not Rated,4,4,0.118,0.118,No Tip,Not Rated,Standard,No,No,56,1,0,2009/LINCOLN/MKS/2009 Lincoln MKS 4-DR. w_SAB (Later release).png
5148,2009,LINCOLN,MKX,2009 Lincoln MKX 4-DR. w/SAB,,Not Rated,Not Rated,5,4,Not Rated,5,5,Not Rated,Not Rated,Not Rated,4,4,0.14,0.159,No Tip,Not Rated,Standard,No,No,65,7,0,2009/LINCOLN/MKX/2009 Lincoln MKX 4-DR. w_SAB.png
5124,2009,LINCOLN,MKZ,2009 Lincoln MKZ 4-DR. w/SAB,,Not Rated,Not Rated,5,5,Not Rated,5,4,Not Rated,Not Rated,Not Rated,5,4,0.092,0.105,No Tip,Not Rated,Standard,No,No,114,7,3,2009/LINCOLN/MKZ/2009 Lincoln MKZ 4-DR. w_SAB.png
5146,2009,LINCOLN,NAVIGATOR,2009 Lincoln Navigator Extended 4 DR. w/SAB,,Not Rated,Not Rated,5,5,Not Rated,5,5,Not Rated,Not Rated,Not Rated,4,3,0.191,0.212,No Tip,Not Rated,Standard,No,No,10,1,0,2009/LINCOLN/NAVIGATOR/2009 Lincoln Navigator Extended 4 DR. w_SAB.png
5147,2009,LINCOLN,NAVIGATOR,2009 Lincoln Navigator 4 DR. w/SAB,,Not Rated,Not Rated,5,5,Not Rated,5,5,Not Rated,Not Rated,Not Rated,4,3,0.191,0.212,No Tip,Not Rated,Standard,No,No,10,1,0,2009/LINCOLN/NAVIGATOR/2009 Lincoln Navigator 4 DR. w_SAB.png
5149,2009,LINCOLN,TOWN CAR,2009 Lincoln Town Car 4-DR. w/SAB,,Not Rated,Not Rated,5,5,Not Rated,5,5,Not Rated,Not Rated,Not Rated,Not Rated,5,0,0.095, ,Not Rated,No,No,No,5,3,0,2009/LINCOLN/TOWN CAR/2009 Lincoln Town Car 4-DR. w_SAB.png
5121,2009,MAZDA,B-SERIES,2009 Mazda B-Series 2-DR.,,Not Rated,Not Rated,5,4,Not Rated,5,Not Rated,Not Rated,Not Rated,Not Rated,Not Rated,3,0,0.219, ,Not Rated,No,No,No,4,5,0,2009/MAZDA/B-SERIES/2009 Mazda B-Series 2-DR..png
5122,2009,MAZDA,B-SERIES,2009 Mazda B-Series Extended Cab,,Not Rated,Not Rated,5,4,Not Rated,4,Not Rated,Not Rated,Not Rated,Not Rated,3,3,0.267,0.219,No Tip,Not Rated,No,No,No,4,5,0,2009/MAZDA/B-SERIES/2009 Mazda B-Series Extended Cab.png
5117,2009,MAZDA,CX-7,2009 Mazda CX-7 4-DR. w/SAB,,Not Rated,Not Rated,5,5,Not Rated,5,5,Not Rated,Not Rated,Not Rated,4,4,0.147,0.147,No Tip,Not Rated,Standard,No,No,64,6,0,2009/MAZDA/CX-7/2009 Mazda CX-7 4-DR. w_SAB.png
5120,2009,MAZDA,CX-9,2009 Mazda CX-9 4-DR.w/SAB,,Not Rated,Not Rated,5,5,Not Rated,5,5,Not Rated,Not Rated,Not Rated,4,4,0.143,0.151,No Tip,Not Rated,Standard,No,No,58,7,1,2009/MAZDA/CX-9/2009 Mazda CX-9 4-DR.w_SAB.png
5118,2009,MAZDA,MAZDA3,2009 Mazda3 4-DR. w/SAB,,Not Rated,Not Rated,4,4,Not Rated,Not Rated,Not Rated,Not Rated,Not Rated,Not Rated,Not Rated,4,0,0.105, ,Not Rated,Optional,No,No,119,4,1,2009/MAZDA/MAZDA3/2009 Mazda3 4-DR. w_SAB.png
5119,2009,MAZDA,MAZDA3,2009 Mazda3 5-DR. Hatchback w/SAB,,Not Rated,Not Rated,4,4,Not Rated,Not Rated,Not Rated,Not Rated,Not Rated,Not Rated,Not Rated,4,0,0.105, ,Not Rated,Optional,No,No,119,4,1,2009/MAZDA/MAZDA3/2009 Mazda3 5-DR. Hatchback w_SAB.png
5314,2009,MAZDA,MAZDA5,2009 Mazda5 5-DR. Hatchback w/SAB,,Not Rated,Not Rated,5,5,Not Rated,5,4,Not Rated,Not Rated,Not Rated,Not Rated,4,0,0.14, ,Not Rated,No,No,No,63,3,1,2009/MAZDA/MAZDA5/2009 Mazda5 5-DR. Hatchback w_SAB.png
5315,2009,MAZDA,MAZDA6,2009 Mazda6 4-DR.  w/SAB,,Not Rated,Not Rated,5,5,Not Rated,5,5,Not Rated,Not Rated,Not Rated,Not Rated,5,0,0.093, ,Not Rated,Standard,No,No,384,10,2,2009/MAZDA/MAZDA6/2009 Mazda6 4-DR.  w_SAB.png
5251,2009,MAZDA,MX-5/ MIATA,2009 Mazda MX-5/Miata Convertible w/SAB,,Not Rated,Not Rated,Not Rated,Not Rated,Not Rated,Not Rated,Not Rated,Not Rated,Not Rated,Not Rated,Not Rated,Not Rated,0,0, ,Not Rated,Optional,No,No,3,0,0,2009/MAZDA/MX-5/ MIATA/2009 Mazda MX-5_Miata Convertible w_SAB.png
5116,2009,MAZDA,RX-8,2009 Mazda RX-8 2-DR. w/SAB,,Not Rated,Not Rated,4,5,Not Rated,4,4,Not Rated,Not Rated,Not Rated,Not Rated,5,0,0, ,Not Rated,Optional,No,No,8,4,1,2009/MAZDA/RX-8/2009 Mazda RX-8 2-DR. w_SAB.png
5252,2009,MAZDA,TRIBUTE,2009 Mazda Tribute 4-DR. w/SAB,,Not Rated,Not Rated,5,5,Not Rated,5,5,Not Rated,Not Rated,Not Rated,3,3,0.204,0.237,No Tip,Not Rated,Standard,No,No,35,2,0,2009/MAZDA/TRIBUTE/2009 Mazda Tribute 4-DR. w_SAB.png
5253,2009,MAZDA,TRIBUTE HYBRID,2009 Mazda Tribute Hybrid 4-DR. w/SAB,,Not Rated,Not Rated,5,5,Not Rated,5,5,Not Rated,Not Rated,Not Rated,3,3,0.204,0.228,No Tip,Not Rated,Standard,No,No,1,0,1,2009/MAZDA/TRIBUTE HYBRID/2009 Mazda Tribute Hybrid 4-DR. w_SAB.png
5254,2009,MERCEDES-BENZ,C-CLASS,2009 Mercedes-Benz C-Class 4-DR. w/SAB,,Not Rated,Not Rated,4,4,Not Rated,5,5,Not Rated,Not Rated,Not Rated,4,4,0.105,0.105,No Tip,Not Rated,Standard,No,No,667,8,3,2009/MERCEDES-BENZ/C-CLASS/2009 Mercedes-Benz C-Class 4-DR. w_SAB.png
5435,2009,MERCEDES-BENZ,CL-CLASS,2009 Mercedes-Benz CL-Class 2-DR w/SAB,,Not Rated,Not Rated,Not Rated,Not Rated,Not Rated,Not Rated,Not Rated,Not Rated,Not Rated,Not Rated,Not Rated,Not Rated,0,0, ,Not Rated,Standard,Optional,No,2,0,1,2009/MERCEDES-BENZ/CL-CLASS/2009 Mercedes-Benz CL-Class 2-DR w_SAB.png
5255,2009,MERCEDES-BENZ,CLK-CLASS,2009 Mercedes-Benz CLK-Class 2-DR w/SAB,,Not Rated,Not Rated,Not Rated,Not Rated,Not Rated,Not Rated,Not Rated,Not Rated,Not Rated,Not Rated,Not Rated,Not Rated,0,0, ,Not Rated,Standard,No,No,9,3,1,2009/MERCEDES-BENZ/CLK-CLASS/2009 Mercedes-Benz CLK-Class 2-DR w_SAB.png
5256,2009,MERCEDES-BENZ,CLK-CLASS,2009 Mercedes-Benz CLK-Class Convertible w/SAB,,Not Rated,Not Rated,Not Rated,Not Rated,Not Rated,Not Rated,Not Rated,Not Rated,Not Rated,Not Rated,Not Rated,Not Rated,0,0, ,Not Rated,Standard,No,No,9,3,1,2009/MERCEDES-BENZ/CLK-CLASS/2009 Mercedes-Benz CLK-Class Convertible w_SAB.png
5257,2009,MERCEDES-BENZ,CLS-CLASS,2009 Mercedes-Benz CLS 4-DR. w/SAB,,Not Rated,Not Rated,Not Rated,Not Rated,Not Rated,Not Rated,Not Rated,Not Rated,Not Rated,Not Rated,Not Rated,Not Rated,0,0, ,Not Rated,Standard,Optional,No,6,3,1,2009/MERCEDES-BENZ/CLS-CLASS/2009 Mercedes-Benz CLS 4-DR. w_SAB.png
5258,2009,MERCEDES-BENZ,E-CLASS,2009 Mercedes-Benz E-Class Wagon 4-DR. w/SAB,,Not Rated,Not Rated,4,4,Not Rated,5,5,Not Rated,Not Rated,Not Rated,5,5,0.101,0.101,No Tip,Not Rated,Standard,Optional,No,84,4,0,2009/MERCEDES-BENZ/E-CLASS/2009 Mercedes-Benz E-Class Wagon 4-DR. w_SAB.png
5259,2009,MERCEDES-BENZ,E-CLASS,2009 Mercedes-Benz E-Class 4-DR. w/SAB,,Not Rated,Not Rated,4,4,Not Rated,5,5,Not Rated,Not Rated,Not Rated,5,5,0.101,0.101,No Tip,Not Rated,Standard,Optional,No,84,4,0,2009/MERCEDES-BENZ/E-CLASS/2009 Mercedes-Benz E-Class 4-DR. w_SAB.png
5260,2009,MERCEDES-BENZ,G-CLASS,2009 Mercedes-Benz G-Class 4-DR w/SAB,,Not Rated,Not Rated,Not Rated,Not Rated,Not Rated,Not Rated,Not Rated,Not Rated,Not Rated,Not Rated,Not Rated,Not Rated,0,0, ,Not Rated,Standard,No,No,2,2,0,2009/MERCEDES-BENZ/G-CLASS/2009 Mercedes-Benz G-Class 4-DR w_SAB.png
5854,2009,MERCEDES-BENZ,GL-CLASS,2009 Mercedes-Benz GL-Class 4-DR w/SAB,,Not Rated,Not Rated,Not Rated,Not Rated,Not Rated,Not Rated,Not Rated,Not Rated,Not Rated,Not Rated,Not Rated,Not Rated,0,0, ,Not Rated,Standard,Optional,No,28,3,1,2009/MERCEDES-BENZ/GL-CLASS/2009 Mercedes-Benz GL-Class 4-DR w_SAB.png
5261,2009,MERCEDES-BENZ,MAYBACH 57,2009 Mercedes-Benz Maybach 57 4-DR w/SAB,,Not Rated,Not Rated,Not Rated,Not Rated,Not Rated,Not Rated,Not Rated,Not Rated,Not Rated,Not Rated,Not Rated,Not Rated,0,0, ,Not Rated,Standard,Optional,No,0,0,0,2009/MERCEDES-BENZ/MAYBACH 57/2009 Mercedes-Benz Maybach 57 4-DR w_SAB.png
5262,2009,MERCEDES-BENZ,MAYBACH 62,2009 Mercedes-Benz Maybach 62 4-DR w/SAB,,Not Rated,Not Rated,Not Rated,Not Rated,Not Rated,Not Rated,Not Rated,Not Rated,Not Rated,Not Rated,Not Rated,Not Rated,0,0, ,Not Rated,Standard,Optional,No,0,0,0,2009/MERCEDES-BENZ/MAYBACH 62/2009 Mercedes-Benz Maybach 62 4-DR w_SAB.png
5263,2009,MERCEDES-BENZ,ML-CLASS,2009 Mercedes-Benz ML-Class 4-DR w/SAB,,Not Rated,Not Rated,5,5,Not Rated,5,5,Not Rated,Not Rated,Not Rated,4,4,0.179,0.174,No Tip,Not Rated,Standard,Optional,No,127,3,1,2009/MERCEDES-BENZ/ML-CLASS/2009 Mercedes-Benz ML-Class 4-DR w_SAB.png
5264,2009,MERCEDES-BENZ,R-CLASS,2009 Mercedes-Benz R-Class 4-DR. w/SAB,,Not Rated,Not Rated,Not Rated,Not Rated,Not Rated,Not Rated,Not Rated,Not Rated,Not Rated,Not Rated,Not Rated,Not Rated,0,0, ,Not Rated,Standard,Optional,No,17,3,1,2009/MERCEDES-BENZ/R-CLASS/2009 Mercedes-Benz R-Class 4-DR. w_SAB.png
5436,2009,MERCEDES-BENZ,S-CLASS,2009 Mercedes-Benz S-Class 4-DR w/SAB,,Not Rated,Not Rated,Not Rated,Not Rated,Not Rated,Not Rated,Not Rated,Not Rated,Not Rated,Not Rated,Not Rated,Not Rated,0,0, ,Not Rated,Standard,Optional,No,13,1,0,2009/MERCEDES-BENZ/S-CLASS/2009 Mercedes-Benz S-Class 4-DR w_SAB.png
5265,2009,MERCEDES-BENZ,SL-CLASS,2009 Mercedes-Benz SL-Class Convertible w/SAB,,Not Rated,Not Rated,Not Rated,Not Rated,Not Rated,Not Rated,Not Rated,Not Rated,Not Rated,Not Rated,Not Rated,Not Rated,0,0, ,Not Rated,Standard,Optional,No,18,1,0,2009/MERCEDES-BENZ/SL-CLASS/2009 Mercedes-Benz SL-Class Convertible w_SAB.png
5267,2009,MERCEDES-BENZ,SLK-CLASS,2009 Mercedes-Benz SLK-Class - Convertible w/SAB,,Not Rated,Not Rated,Not Rated,Not Rated,Not Rated,Not Rated,Not Rated,Not Rated,Not Rated,Not Rated,Not Rated,Not Rated,0,0, ,Not Rated,Standard,No,No,3,1,0,2009/MERCEDES-BENZ/SLK-CLASS/2009 Mercedes-Benz SLK-Class - Convertible w_SAB.png
5266,2009,MERCEDES-BENZ,SLR-CLASS,2009 Mercedes-Benz SLR-Class 2-DR w/SAB,,Not Rated,Not Rated,Not Rated,Not Rated,Not Rated,Not Rated,Not Rated,Not Rated,Not Rated,Not Rated,Not Rated,Not Rated,0,0, ,Not Rated,Standard,No,No,0,0,0,2009/MERCEDES-BENZ/SLR-CLASS/2009 Mercedes-Benz SLR-Class 2-DR w_SAB.png
5150,2009,MERCURY,GRAND MARQUIS,2009 Mercury Grand Marquis 4-DR. w/SAB,,Not Rated,Not Rated,5,5,Not Rated,5,5,Not Rated,Not Rated,Not Rated,Not Rated,5,0,0.09, ,Not Rated,No,No,No,26,2,0,2009/MERCURY/GRAND MARQUIS/2009 Mercury Grand Marquis 4-DR. w_SAB.png
5125,2009,MERCURY,MARINER,2009 Mercury Mariner 4-DR. w/SAB,,Not Rated,Not Rated,5,5,Not Rated,5,5,Not Rated,Not Rated,Not Rated,3,3,0.204,0.237,No Tip,Not Rated,Standard,No,No,311,2,2,2009/MERCURY/MARINER/2009 Mercury Mariner 4-DR. w_SAB.png
5126,2009,MERCURY,MARINER HYBRID,2009 Mercury Mariner Hybrid 4-DR. w/SAB,,Not Rated,Not Rated,5,5,Not Rated,5,5,Not Rated,Not Rated,Not Rated,3,3,0.204,0.228,No Tip,Not Rated,Standard,No,No,21,0,2,2009/MERCURY/MARINER HYBRID/2009 Mercury Mariner Hybrid 4-DR. w_SAB.png
5123,2009,MERCURY,MILAN,2009 Mercury Milan 4-DR. w/SAB,,Not Rated,Not Rated,5,5,Not Rated,5,4,Not Rated,Not Rated,Not Rated,5,4,0.092,0.105,No Tip,Not Rated,Optional,No,No,226,7,4,2009/MERCURY/MILAN/2009 Mercury Milan 4-DR. w_SAB.png
5152,2009,MERCURY,MOUNTAINEER,2009 Mercury Mountaineer 4-DR. w/SAB,,Not Rated,Not Rated,5,5,Not Rated,5,5,Not Rated,Not Rated,Not Rated,3,3,0.228,0.237,No Tip,Not Rated,Standard,No,No,6,0,0,2009/MERCURY/MOUNTAINEER/2009 Mercury Mountaineer 4-DR. w_SAB.png
5151,2009,MERCURY,SABLE,2009 Mercury Sable 4-DR. w/SAB,,Not Rated,Not Rated,5,5,Not Rated,5,5,Not Rated,Not Rated,Not Rated,4,4,0.113,0.105,No Tip,Not Rated,Standard,No,No,20,0,0,2009/MERCURY/SABLE/2009 Mercury Sable 4-DR. w_SAB.png
5405,2009,MINI,CLUBMAN,2009 MINI Clubman w/SAB,,Not Rated,Not Rated,Not Rated,Not Rated,Not Rated,Not Rated,Not Rated,Not Rated,Not Rated,Not Rated,Not Rated,Not Rated,0,0, ,Not Rated,Standard,No,No,39,1,0,2009/MINI/CLUBMAN/2009 MINI Clubman w_SAB.png
5406,2009,MINI,CLUBMAN S,2009 MINI Clubman S w/SAB,,Not Rated,Not Rated,Not Rated,Not Rated,Not Rated,Not Rated,Not Rated,Not Rated,Not Rated,Not Rated,Not Rated,Not Rated,0,0, ,Not Rated,Standard,No,No,50,2,1,2009/MINI/CLUBMAN S/2009 MINI Clubman S w_SAB.png
5407,2009,MINI,COOPER,2009 MINI Cooper w/SAB,,Not Rated,Not Rated,4,4,Not Rated,5,4,Not Rated,Not Rated,Not Rated,Not Rated,5,0,0.101, ,Not Rated,Optional,No,No,151,1,0,2009/MINI/COOPER/2009 MINI Cooper w_SAB.png
5408,2009,MINI,COOPER,2009 MINI Cooper Convertible w/SAB,,Not Rated,Not Rated,Not Rated,Not Rated,Not Rated,Not Rated,Not Rated,Not Rated,Not Rated,Not Rated,Not Rated,5,0,0.101, ,Not Rated,Optional,No,No,168,2,0,2009/MINI/COOPER/2009 MINI Cooper Convertible w_SAB.png
5409,2009,MINI,COOPER S,2009 MINI Cooper S Convertible w/SAB,,Not Rated,Not Rated,Not Rated,Not Rated,Not Rated,Not Rated,Not Rated,Not Rated,Not Rated,Not Rated,Not Rated,5,0,0.101, ,Not Rated,Optional,No,No,36,2,1,2009/MINI/COOPER S/2009 MINI Cooper S Convertible w_SAB.png
5410,2009,MINI,COOPER S,2009 MINI Cooper S w/SAB,,Not Rated,Not Rated,4,4,Not Rated,5,4,Not Rated,Not Rated,Not Rated,Not Rated,5,0,0.101, ,Not Rated,Optional,No,No,278,3,1,2009/MINI/COOPER S/2009 MINI Cooper S w_SAB.png
5411,2009,MINI,JOHN COOPER WORKS,2009 MINI John Cooper Works w/SAB,,Not Rated,Not Rated,4,4,Not Rated,5,4,Not Rated,Not Rated,Not Rated,Not Rated,5,0,0.101, ,Not Rated,Optional,No,No,9,4,1,2009/MINI/JOHN COOPER WORKS/2009 MINI John Cooper Works w_SAB.png
5412,2009,MINI,JOHN COOPER WORKS,2009 MINI John Cooper Works Convertible w/SAB,,Not Rated,Not Rated,Not Rated,Not Rated,Not Rated,Not Rated,Not Rated,Not Rated,Not Rated,Not Rated,Not Rated,5,0,0.101, ,Not Rated,Optional,No,No,13,4,1,2009/MINI/JOHN COOPER WORKS/2009 MINI John Cooper Works Convertible w_SAB.png
5243,2009,MITSUBISHI,ECLIPSE HATCHBACK,2009 Mitsubishi Eclipse Hatchback 3-DR w/SAB,,Not Rated,Not Rated,Not Rated,Not Rated,Not Rated,Not Rated,Not Rated,Not Rated,Not Rated,Not Rated,Not Rated,Not Rated,0,0, ,Not Rated,Optional,No,No,42,1,0,2009/MITSUBISHI/ECLIPSE HATCHBACK/2009 Mitsubishi Eclipse Hatchback 3-DR w_SAB.png
5244,2009,MITSUBISHI,ECLIPSE SPYDER,2009 Mitsubishi Eclipse Spyder Convertible w/SAB,,Not Rated,Not Rated,Not Rated,Not Rated,Not Rated,Not Rated,Not Rated,Not Rated,Not Rated,Not Rated,Not Rated,Not Rated,0,0, ,Not Rated,Optional,No,No,7,1,0,2009/MITSUBISHI/ECLIPSE SPYDER/2009 Mitsubishi Eclipse Spyder Convertible w_SAB.png
5245,2009,MITSUBISHI,ENDEAVOR,2009 Mitsubishi Endeavor 5-DR w/SAB,,Not Rated,Not Rated,Not Rated,Not Rated,Not Rated,Not Rated,Not Rated,Not Rated,Not Rated,Not Rated,Not Rated,Not Rated,0,0, ,Not Rated,Standard,No,No,0,1,0,2009/MITSUBISHI/ENDEAVOR/2009 Mitsubishi Endeavor 5-DR w_SAB.png
5175,2009,MITSUBISHI,GALANT,2009 Mitsubishi Galant 4-DR. w/SAB,,Not Rated,Not Rated,4,5,Not Rated,5,5,Not Rated,Not Rated,Not Rated,Not Rated,4,0,0.107, ,Not Rated,No,No,No,16,0,0,2009/MITSUBISHI/GALANT/2009 Mitsubishi Galant 4-DR. w_SAB.png
5176,2009,MITSUBISHI,LANCER,2009 Mitsubishi Lancer 4-DR w/SAB,,Not Rated,Not Rated,5,4,Not Rated,5,4,Not Rated,Not Rated,Not Rated,4,4,0.121,0.121,No Tip,Not Rated,Optional,No,No,121,9,0,2009/MITSUBISHI/LANCER/2009 Mitsubishi Lancer 4-DR w_SAB.png
5334,2009,MITSUBISHI,LANCER EVOLUTION,2009 Mitsubishi Lancer Evolution 4-DR w/SAB,,Not Rated,Not Rated,Not Rated,Not Rated,Not Rated,Not Rated,Not Rated,Not Rated,Not Rated,Not Rated,Not Rated,Not Rated,0,0, ,Not Rated,Standard,No,No,2,5,0,2009/MITSUBISHI/LANCER EVOLUTION/2009 Mitsubishi Lancer Evolution 4-DR w_SAB.png
5335,2009,MITSUBISHI,LANCER SPORTBACK HATCHBACK,2009 Mitsubishi Lancer Sportback Hatchback 5-DR w/SAB,,Not Rated,Not Rated,5,4,Not Rated,5,4,Not Rated,Not Rated,Not Rated,Not Rated,Not Rated,0,0, ,Not Rated,Optional,No,No,98,9,0,2009/MITSUBISHI/LANCER SPORTBACK HATCHBACK/2009 Mitsubishi Lancer Sportback Hatchback 5-DR w_SAB.png
5174,2009,MITSUBISHI,OUTLANDER,2009 Mitsubishi Outlander 4-DR w/SAB,,Not Rated,Not Rated,5,5,Not Rated,5,5,Not Rated,Not Rated,Not Rated,4,4,0.169,0.191,No Tip,Not Rated,Standard,No,No,45,13,0,2009/MITSUBISHI/OUTLANDER/2009 Mitsubishi Outlander 4-DR w_SAB.png
5177,2009,MITSUBISHI,RAIDER CLUB,2009 Mitsubishi Raider Club,,Not Rated,Not Rated,5,5,Not Rated,5,Not Rated,Not Rated,Not Rated,Not Rated,4,4,0.179,0.191,No Tip,Not Rated,No,No,No,1,2,1,2009/MITSUBISHI/RAIDER CLUB/2009 Mitsubishi Raider Club.png
5178,2009,MITSUBISHI,RAIDER QUAD,2009 Mitsubishi Raider Quad Cab,,Not Rated,Not Rated,5,5,Not Rated,5,5,Not Rated,Not Rated,Not Rated,4,4,0.179,0.191,No Tip,Not Rated,No,No,No,1,2,1,2009/MITSUBISHI/RAIDER QUAD/2009 Mitsubishi Raider Quad Cab.png
5321,2009,NISSAN,350Z ROADSTER,2009 Nissan 350Z Convertible w/SAB,,Not Rated,Not Rated,5,4,Not Rated,5,Not Rated,Not Rated,Not Rated,Not Rated,Not Rated,5,0,0.082, ,Not Rated,Optional,No,No,5,0,0,2009/NISSAN/350Z ROADSTER/2009 Nissan 350Z Convertible w_SAB.png
5438,2009,NISSAN,370Z,2009 Nissan 370Z 2-Dr. w/SAB,,Not Rated,Not Rated,Not Rated,Not Rated,Not Rated,Not Rated,Not Rated,Not Rated,Not Rated,Not Rated,Not Rated,Not Rated,0,0, ,Not Rated,Standard,No,No,153,0,1,2009/NISSAN/370Z/2009 Nissan 370Z 2-Dr. w_SAB.png
5322,2009,NISSAN,ALTIMA,2009 Nissan Altima 4-DR. w/SAB,,Not Rated,Not Rated,5,5,Not Rated,5,5,Not Rated,Not Rated,Not Rated,Not Rated,4,0,0.105, ,Not Rated,Optional,No,No,1546,4,0,2009/NISSAN/ALTIMA/2009 Nissan Altima 4-DR. w_SAB.png
5323,2009,NISSAN,ALTIMA,2009 Nissan Altima 2-DR. w/SAB,,Not Rated,Not Rated,4,4,Not Rated,5,5,Not Rated,Not Rated,Not Rated,Not Rated,5,0,0.093, ,Not Rated,Optional,No,No,1546,4,0,2009/NISSAN/ALTIMA/2009 Nissan Altima 2-DR. w_SAB.png
5324,2009,NISSAN,ALTIMA HYBRID,2009 Nissan Altima 4-DR Hybrid w/SAB,,Not Rated,Not Rated,5,5,Not Rated,5,5,Not Rated,Not Rated,Not Rated,Not Rated,4,0,0.107, ,Not Rated,Standard,No,No,1600,4,1,2009/NISSAN/ALTIMA HYBRID/2009 Nissan Altima 4-DR Hybrid w_SAB.png
5016,2009,NISSAN,ARMADA,2009 Nissan Armada 4-DR w/SAB,,Not Rated,Not Rated,5,4,Not Rated,Not Rated,Not Rated,Not Rated,Not Rated,Not Rated,3,3,0.219,0.212,No Tip,Not Rated,Standard,No,No,23,4,0,2009/NISSAN/ARMADA/2009 Nissan Armada 4-DR w_SAB.png
5437,2009,NISSAN,CUBE,2009 Nissan Cube w/SAB (Early Release),,Not Rated,Not Rated,4,4,Not Rated,5,4,Not Rated,Not Rated,Not Rated,Not Rated,4,0,0.174, ,Not Rated,Standard,No,No,98,2,2,2009/NISSAN/CUBE/2009 Nissan Cube w_SAB (Early Release).png
5875,2009,NISSAN,CUBE,2009 Nissan Cube w/SAB (Later Release),,Not Rated,Not Rated,4,4,Not Rated,5,5,Not Rated,Not Rated,Not Rated,Not Rated,4,0,0.174, ,Not Rated,Standard,No,No,98,2,2,2009/NISSAN/CUBE/2009 Nissan Cube w_SAB (Later Release).png
5886,2009,NISSAN,CUBE CARGO,2009 Nissan Cube Cargo Van w/SAB (early release),,Not Rated,Not Rated,4,4,Not Rated,5,Not Rated,Not Rated,Not Rated,Not Rated,Not Rated,Not Rated,0,0, ,Not Rated,Standard,No,No,98,2,2,2009/NISSAN/CUBE CARGO/2009 Nissan Cube Cargo Van w_SAB (early release).png
5887,2009,NISSAN,CUBE CARGO,2009 Nissan Cube Cargo Van w/SAB (later release),,Not Rated,Not Rated,4,4,Not Rated,5,Not Rated,Not Rated,Not Rated,Not Rated,Not Rated,Not Rated,0,0, ,Not Rated,Standard,No,No,98,2,2,2009/NISSAN/CUBE CARGO/2009 Nissan Cube Cargo Van w_SAB (later release).png
5326,2009,NISSAN,FRONTIER CREW CAB,2009 Nissan Frontier 4-DR.,,Not Rated,Not Rated,4,4,Not Rated,5,5,Not Rated,Not Rated,Not Rated,4,3,0.198,0.212,No Tip,Not Rated,Optional,No,No,37,5,1,2009/NISSAN/FRONTIER CREW CAB/2009 Nissan Frontier 4-DR..png
5325,2009,NISSAN,FRONTIER KING CAB,2009 Nissan Frontier Extended Cab,,Not Rated,Not Rated,4,5,Not Rated,5,Not Rated,Not Rated,Not Rated,Not Rated,4,3,0.198,0.212,No Tip,Not Rated,Optional,No,No,37,5,1,2009/NISSAN/FRONTIER KING CAB/2009 Nissan Frontier Extended Cab.png
5333,2009,NISSAN,GT-R,2009 Nissan GT-R 2-DR,,Not Rated,Not Rated,Not Rated,Not Rated,Not Rated,Not Rated,Not Rated,Not Rated,Not Rated,Not Rated,Not Rated,Not Rated,0,0, ,Not Rated,Standard,No,No,19,1,1,2009/NISSAN/GT-R/2009 Nissan GT-R 2-DR.png
5327,2009,NISSAN,MAXIMA,2009 Nissan Maxima 4-DR. w/SAB,,Not Rated,Not Rated,5,5,Not Rated,5,5,Not Rated,Not Rated,Not Rated,Not Rated,5,0,0.101, ,Not Rated,Standard,No,No,338,1,0,2009/NISSAN/MAXIMA/2009 Nissan Maxima 4-DR. w_SAB.png
2847,2009,NISSAN,MURANO,2009 Nissan Murano 4-DR. w/SAB,,Not Rated,Not Rated,4,4,Not Rated,5,5,Not Rated,Not Rated,Not Rated,4,4,0.185,0.179,No Tip,Not Rated,Standard,No,No,632,4,2,2009/NISSAN/MURANO/2009 Nissan Murano 4-DR. w_SAB.png
5328,2009,NISSAN,PATHFINDER,2009 Nissan Pathfinder 4-DR w/SAB,,Not Rated,Not Rated,4,4,Not Rated,Not Rated,Not Rated,Not Rated,Not Rated,Not Rated,3,3,0.228,0.237,No Tip,Not Rated,Standard,No,No,37,4,1,2009/NISSAN/PATHFINDER/2009 Nissan Pathfinder 4-DR w_SAB.png
5329,2009,NISSAN,QUEST,2009 Nissan Quest Van w/SAB,,Not Rated,Not Rated,5,5,Not Rated,5,5,Not Rated,Not Rated,Not Rated,Not Rated,4,0,0.121, ,Not Rated,Optional,No,No,22,2,1,2009/NISSAN/QUEST/2009 Nissan Quest Van w_SAB.png
5330,2009,NISSAN,ROGUE,2009 Nissan Rogue 4-DR w/SAB,,Not Rated,Not Rated,5,4,Not Rated,5,5,Not Rated,Not Rated,Not Rated,4,4,0.179,0.198,No Tip,Not Rated,Standard,No,No,318,3,0,2009/NISSAN/ROGUE/2009 Nissan Rogue 4-DR w_SAB.png
5331,2009,NISSAN,SENTRA,2009 Nissan Sentra 4-DR.w/SAB,,Not Rated,Not Rated,5,5,Not Rated,5,4,Not Rated,Not Rated,Not Rated,Not Rated,4,0,0.116, ,Not Rated,No,No,No,55,1,0,2009/NISSAN/SENTRA/2009 Nissan Sentra 4-DR.w_SAB.png
5017,2009,NISSAN,TITAN,2009 Nissan Titan 4-DR.,,Not Rated,Not Rated,5,4,Not Rated,Not Rated,Not Rated,Not Rated,Not Rated,Not Rated,3,4,0.212,0.191,No Tip,Not Rated,Optional,No,No,47,4,0,2009/NISSAN/TITAN/2009 Nissan Titan 4-DR..png
5018,2009,NISSAN,TITAN,2009 Nissan Titan Extended Cab,,Not Rated,Not Rated,5,4,Not Rated,Not Rated,Not Rated,Not Rated,Not Rated,Not Rated,3,4,0.212,0.191,No Tip,Not Rated,Optional,No,No,47,4,0,2009/NISSAN/TITAN/2009 Nissan Titan Extended Cab.png
5021,2009,NISSAN,VERSA,2009 Nissan Versa 4-DR w/SAB,,Not Rated,Not Rated,4,4,Not Rated,4,4,Not Rated,Not Rated,Not Rated,Not Rated,4,0,0.14, ,Not Rated,No,No,No,501,8,2,2009/NISSAN/VERSA/2009 Nissan Versa 4-DR w_SAB.png
5022,2009,NISSAN,VERSA HATCHBACK,2009 Nissan Versa Hatchback w/SAB,,Not Rated,Not Rated,4,4,Not Rated,4,4,Not Rated,Not Rated,Not Rated,Not Rated,4,0,0.14, ,Not Rated,No,No,No,501,8,2,2009/NISSAN/VERSA HATCHBACK/2009 Nissan Versa Hatchback w_SAB.png
5332,2009,NISSAN,XTERRA,2009 Nissan Xterra 4-DR w/SAB,,Not Rated,Not Rated,4,4,Not Rated,5,5,Not Rated,Not Rated,Not Rated,3,3,0.256,0.246,No Tip,Not Rated,Standard,No,No,18,5,1,2009/NISSAN/XTERRA/2009 Nissan Xterra 4-DR w_SAB.png
5394,2009,PONTIAC,G3,2009 Pontiac G3 5-DR. Hatchback w/SAB,,Not Rated,Not Rated,5,5,Not Rated,4,4,Not Rated,Not Rated,Not Rated,Not Rated,4,0,0.133, ,Not Rated,No,No,No,18,1,0,2009/PONTIAC/G3/2009 Pontiac G3 5-DR. Hatchback w_SAB.png
5085,2009,PONTIAC,G5,2009 Pontiac G5 2-DR. w/SAB,,Not Rated,Not Rated,4,5,Not Rated,4,4,Not Rated,Not Rated,Not Rated,Not Rated,4,0,0.109, ,Not Rated,Optional,No,No,75,6,2,2009/PONTIAC/G5/2009 Pontiac G5 2-DR. w_SAB.png
5090,2009,PONTIAC,G6,2009 Pontiac G6 Convertible w/SAB,,Not Rated,Not Rated,Not Rated,Not Rated,Not Rated,Not Rated,Not Rated,Not Rated,Not Rated,Not Rated,Not Rated,5,0,0.099, ,Not Rated,Standard,No,No,706,5,1,2009/PONTIAC/G6/2009 Pontiac G6 Convertible w_SAB.png
5091,2009,PONTIAC,G6,2009 Pontiac G6 2-DR.w/SAB,,Not Rated,Not Rated,5,4,Not Rated,5,5,Not Rated,Not Rated,Not Rated,Not Rated,5,0,0.099, ,Not Rated,Optional,No,No,706,5,1,2009/PONTIAC/G6/2009 Pontiac G6 2-DR.w_SAB.png
5092,2009,PONTIAC,G6,2009 Pontiac G6 4-DR w/SAB,,Not Rated,Not Rated,5,4,Not Rated,5,5,Not Rated,Not Rated,Not Rated,Not Rated,4,0,0.105, ,Not Rated,Optional,No,No,706,5,1,2009/PONTIAC/G6/2009 Pontiac G6 4-DR w_SAB.png
5229,2009,PONTIAC,G8,2009 Pontiac G8 4-DR w/SAB,,Not Rated,Not Rated,Not Rated,Not Rated,Not Rated,Not Rated,Not Rated,Not Rated,Not Rated,Not Rated,Not Rated,Not Rated,0,0, ,Not Rated,Standard,No,No,144,4,0,2009/PONTIAC/G8/2009 Pontiac G8 4-DR w_SAB.png
5081,2009,PONTIAC,SOLSTICE,2009 Pontiac Solstice Convertible,,Not Rated,Not Rated,4,4,Not Rated,4,Not Rated,Not Rated,Not Rated,Not Rated,Not Rated,5,0,0, ,Not Rated,Standard,No,No,36,4,2,2009/PONTIAC/SOLSTICE/2009 Pontiac Solstice Convertible.png
5393,2009,PONTIAC,SOLSTICE,2009 Pontiac Solstice 2-DR.,,Not Rated,Not Rated,4,4,Not Rated,4,Not Rated,Not Rated,Not Rated,Not Rated,Not Rated,5,0,0, ,Not Rated,Standard,No,No,36,4,2,2009/PONTIAC/SOLSTICE/2009 Pontiac Solstice 2-DR..png
5038,2009,PONTIAC,TORRENT,2009 Pontiac Torrent 4-DR. w/SAB,,Not Rated,Not Rated,5,5,Not Rated,4,4,Not Rated,Not Rated,Not Rated,4,4,0.164,0.185,No Tip,Not Rated,Standard,No,No,17,0,0,2009/PONTIAC/TORRENT/2009 Pontiac Torrent 4-DR. w_SAB.png
2845,2009,PONTIAC,VIBE,2009 Pontiac Vibe 4-DR. w/SAB,,Not Rated,Not Rated,5,5,Not Rated,5,4,Not Rated,Not Rated,Not Rated,4,4,0.136,0.136,No Tip,Not Rated,Standard,No,No,527,9,2,2009/PONTIAC/VIBE/2009 Pontiac Vibe 4-DR. w_SAB.png
5181,2009,PORSCHE,911 CARRERA,2009 Porsche 911 Carrera 2-DR w/SAB,,Not Rated,Not Rated,Not Rated,Not Rated,Not Rated,Not Rated,Not Rated,Not Rated,Not Rated,Not Rated,Not Rated,Not Rated,0,0, ,Not Rated,Standard,No,No,1,1,0,2009/PORSCHE/911 CARRERA/2009 Porsche 911 Carrera 2-DR w_SAB.png
5182,2009,PORSCHE,911 CARRERA 4,2009 Porsche 911 Carrera 4 2-DR w/SAB,,Not Rated,Not Rated,Not Rated,Not Rated,Not Rated,Not Rated,Not Rated,Not Rated,Not Rated,Not Rated,Not Rated,Not Rated,0,0, ,Not Rated,Standard,No,No,1,0,0,2009/PORSCHE/911 CARRERA 4/2009 Porsche 911 Carrera 4 2-DR w_SAB.png
5183,2009,PORSCHE,911 CARRERA 4 CABRIOLET,2009 Porsche 911 Carrera 4 Cabriolet w/SAB,,Not Rated,Not Rated,Not Rated,Not Rated,Not Rated,Not Rated,Not Rated,Not Rated,Not Rated,Not Rated,Not Rated,Not Rated,0,0, ,Not Rated,Standard,No,No,1,0,0,2009/PORSCHE/911 CARRERA 4 CABRIOLET/2009 Porsche 911 Carrera 4 Cabriolet w_SAB.png
5184,2009,PORSCHE,911 CARRERA CABRIOLET,2009 Porsche 911 Carrera Cabriolet w/SAB,,Not Rated,Not Rated,Not Rated,Not Rated,Not Rated,Not Rated,Not Rated,Not Rated,Not Rated,Not Rated,Not Rated,Not Rated,0,0, ,Not Rated,Standard,No,No,1,1,0,2009/PORSCHE/911 CARRERA CABRIOLET/2009 Porsche 911 Carrera Cabriolet w_SAB.png
5185,2009,PORSCHE,911 TARGA,2009 Porsche 911 Targa 2-DR w/SAB,,Not Rated,Not Rated,Not Rated,Not Rated,Not Rated,Not Rated,Not Rated,Not Rated,Not Rated,Not Rated,Not Rated,Not Rated,0,0, ,Not Rated,Standard,No,No,1,0,0,2009/PORSCHE/911 TARGA/2009 Porsche 911 Targa 2-DR w_SAB.png
5186,2009,PORSCHE,911 TURBO,2009 Porsche 911 Turbo 2-DR w/SAB,,Not Rated,Not Rated,Not Rated,Not Rated,Not Rated,Not Rated,Not Rated,Not Rated,Not Rated,Not Rated,Not Rated,Not Rated,0,0, ,Not Rated,Standard,No,No,2,1,0,2009/PORSCHE/911 TURBO/2009 Porsche 911 Turbo 2-DR w_SAB.png
5187,2009,PORSCHE,911 TURBO CABRIOLET,2009 Porsche 911 Turbo Cabriolet w/SAB,,Not Rated,Not Rated,Not Rated,Not Rated,Not Rated,Not Rated,Not Rated,Not Rated,Not Rated,Not Rated,Not Rated,Not Rated,0,0, ,Not Rated,Standard,No,No,2,1,0,2009/PORSCHE/911 TURBO CABRIOLET/2009 Porsche 911 Turbo Cabriolet w_SAB.png
5188,2009,PORSCHE,BOXSTER,2009 Porsche Boxster Convertible w/SAB,,Not Rated,Not Rated,Not Rated,Not Rated,Not Rated,Not Rated,Not Rated,Not Rated,Not Rated,Not Rated,Not Rated,Not Rated,0,0, ,Not Rated,Standard,No,No,3,0,0,2009/PORSCHE/BOXSTER/2009 Porsche Boxster Convertible w_SAB.png
5189,2009,PORSCHE,CAYENNE,2009 Porsche Cayenne 4-DR w/SAB,,Not Rated,Not Rated,Not Rated,Not Rated,Not Rated,Not Rated,Not Rated,Not Rated,Not Rated,Not Rated,Not Rated,Not Rated,0,0, ,Not Rated,Standard,No,No,13,2,0,2009/PORSCHE/CAYENNE/2009 Porsche Cayenne 4-DR w_SAB.png
5190,2009,PORSCHE,CAYMAN,2009 Porsche Cayman 2-DR w/SAB,,Not Rated,Not Rated,Not Rated,Not Rated,Not Rated,Not Rated,Not Rated,Not Rated,Not Rated,Not Rated,Not Rated,Not Rated,0,0, ,Not Rated,Standard,No,No,2,0,0,2009/PORSCHE/CAYMAN/2009 Porsche Cayman 2-DR w_SAB.png
5099,2009,SAAB,9-3,2009 Saab 9-3 4-DR w/SAB,,Not Rated,Not Rated,4,4,Not Rated,5,4,Not Rated,Not Rated,Not Rated,4,4,0.121,0.121,No Tip,Not Rated,Standard,No,No,43,3,1,2009/SAAB/9-3/2009 Saab 9-3 4-DR w_SAB.png
5230,2009,SAAB,9-3,2009 Saab 9-3 Convertible w/SAB,,Not Rated,Not Rated,Not Rated,Not Rated,Not Rated,Not Rated,Not Rated,Not Rated,Not Rated,Not Rated,Not Rated,Not Rated,0,0, ,Not Rated,Standard,No,No,43,3,1,2009/SAAB/9-3/2009 Saab 9-3 Convertible w_SAB.png
5100,2009,SAAB,9-3 WAGON,2009 Saab 9-3 Wagon w/SAB,,Not Rated,Not Rated,4,4,Not Rated,5,4,Not Rated,Not Rated,Not Rated,4,4,0.127,0.127,No Tip,Not Rated,Standard,No,No,43,3,1,2009/SAAB/9-3 WAGON/2009 Saab 9-3 Wagon w_SAB.png
5101,2009,SAAB,9-5,2009 Saab 9-5 4-DR. w/SAB,,Not Rated,Not Rated,5,5,Not Rated,5,4,Not Rated,Not Rated,Not Rated,Not Rated,4,0,0.118, ,Not Rated,Standard,No,No,2,1,1,2009/SAAB/9-5/2009 Saab 9-5 4-DR. w_SAB.png
5102,2009,SAAB,9-5 WAGON,2009 Saab 9-5 Wagon w/SAB,,Not Rated,Not Rated,5,5,Not Rated,5,4,Not Rated,Not Rated,Not Rated,Not Rated,4,0,0.13, ,Not Rated,Standard,No,No,2,1,1,2009/SAAB/9-5 WAGON/2009 Saab 9-5 Wagon w_SAB.png
5674,2009,SAAB,9-7X,2009 Saab 9-7X 4-DR w/SAB,,Not Rated,Not Rated,3,4,Not Rated,5,5,Not Rated,Not Rated,Not Rated,4,Not Rated,0.191,0,No Tip,Not Rated,Standard,No,No,17,0,1,2009/SAAB/9-7X/2009 Saab 9-7X 4-DR w_SAB.png
5389,2009,SATURN,ASTRA,2009 Saturn Astra 2-DR w/SAB,,Not Rated,Not Rated,Not Rated,Not Rated,Not Rated,Not Rated,Not Rated,Not Rated,Not Rated,Not Rated,Not Rated,Not Rated,0,0, ,Not Rated,Standard,No,No,2,1,1,2009/SATURN/ASTRA/2009 Saturn Astra 2-DR w_SAB.png
5395,2009,SATURN,ASTRA,2009 Saturn Astra 4-DR w/SAB,,Not Rated,Not Rated,Not Rated,Not Rated,Not Rated,Not Rated,Not Rated,Not Rated,Not Rated,Not Rated,Not Rated,Not Rated,0,0, ,Not Rated,Optional,No,No,2,1,1,2009/SATURN/ASTRA/2009 Saturn Astra 4-DR w_SAB.png
5093,2009,SATURN,AURA,2009 Saturn Aura 4-DR. w/SAB,,Not Rated,Not Rated,5,5,Not Rated,5,5,Not Rated,Not Rated,Not Rated,Not Rated,4,0,0.116, ,Not Rated,Standard,No,No,386,5,1,2009/SATURN/AURA/2009 Saturn Aura 4-DR. w_SAB.png
5094,2009,SATURN,AURA HYBRID,2009 Saturn Aura Hybrid 4-DR. w/SAB,,Not Rated,Not Rated,5,5,Not Rated,5,5,Not Rated,Not Rated,Not Rated,Not Rated,4,0,0.116, ,Not Rated,Standard,No,No,2,0,0,2009/SATURN/AURA HYBRID/2009 Saturn Aura Hybrid 4-DR. w_SAB.png
5040,2009,SATURN,OUTLOOK,2009 Saturn Outlook 4-DR. w/SAB,,Not Rated,Not Rated,5,5,Not Rated,5,5,Not Rated,Not Rated,Not Rated,4,4,0.155,0.169,No Tip,Not Rated,Standard,No,No,192,7,3,2009/SATURN/OUTLOOK/2009 Saturn Outlook 4-DR. w_SAB.png
5082,2009,SATURN,SKY,2009 Saturn Sky Convertible,,Not Rated,Not Rated,4,4,Not Rated,4,Not Rated,Not Rated,Not Rated,Not Rated,Not Rated,5,0,0, ,Not Rated,Standard,No,No,46,4,2,2009/SATURN/SKY/2009 Saturn Sky Convertible.png
5024,2009,SATURN,VUE,2009 Saturn VUE 4-DR w/SAB,,Not Rated,Not Rated,5,5,Not Rated,5,5,Not Rated,Not Rated,Not Rated,4,4,0.159,0.185,No Tip,Not Rated,Standard,No,No,125,2,0,2009/SATURN/VUE/2009 Saturn VUE 4-DR w_SAB.png
5026,2009,SATURN,VUE HYBRID,2009 Saturn VUE Hybrid 4-DR. w/SAB,,Not Rated,Not Rated,5,5,Not Rated,5,5,Not Rated,Not Rated,Not Rated,4,4,0.159,0.185,No Tip,Not Rated,Standard,No,No,125,2,0,2009/SATURN/VUE HYBRID/2009 Saturn VUE Hybrid 4-DR. w_SAB.png
5179,2009,SMART,FORTWO,2009 Smart Fortwo Cabriolet w/SAB,,Not Rated,Not Rated,Not Rated,Not Rated,Not Rated,Not Rated,Not Rated,Not Rated,Not Rated,Not Rated,Not Rated,3,0,0.212, ,Not Rated,Standard,No,No,100,1,2,2009/SMART/FORTWO/2009 Smart Fortwo Cabriolet w_SAB.png
5180,2009,SMART,FORTWO,2009 Smart Fortwo 2-Dr. w/SAB,,Not Rated,Not Rated,4,3,Not Rated,5,Not Rated,Not Rated,Not Rated,Not Rated,Not Rated,3,0,0.212, ,Not Rated,Standard,No,No,100,1,2,2009/SMART/FORTWO/2009 Smart Fortwo 2-Dr. w_SAB.png
5020,2009,SUBARU,FORESTER,2009 Subaru Forester 4-DR. w/SAB,,Not Rated,Not Rated,5,5,Not Rated,5,5,Not Rated,Not Rated,Not Rated,4,Not Rated,0.179,0,No Tip,Not Rated,Standard,No,No,178,18,0,2009/SUBARU/FORESTER/2009 Subaru Forester 4-DR. w_SAB.png
5030,2009,SUBARU,IMPREZA,2009 Subaru Impreza 4-DR w/SAB,,Not Rated,Not Rated,5,5,Not Rated,5,4,Not Rated,Not Rated,Not Rated,4,Not Rated,0.103,0,No Tip,Not Rated,Standard,No,No,112,15,0,2009/SUBARU/IMPREZA/2009 Subaru Impreza 4-DR w_SAB.png
5031,2009,SUBARU,IMPREZA,2009 Subaru Impreza 4-DR Wagon w/SAB,,Not Rated,Not Rated,5,5,Not Rated,5,4,Not Rated,Not Rated,Not Rated,4,Not Rated,0.103,0,No Tip,Not Rated,Standard,No,No,112,15,0,2009/SUBARU/IMPREZA/2009 Subaru Impreza 4-DR Wagon w_SAB.png
5032,2009,SUBARU,LEGACY,2009 Subaru Legacy 4-DR. w/SAB,,Not Rated,Not Rated,5,5,Not Rated,5,5,Not Rated,Not Rated,Not Rated,4,Not Rated,0.107,0,No Tip,Not Rated,Optional,No,No,65,13,0,2009/SUBARU/LEGACY/2009 Subaru Legacy 4-DR. w_SAB.png
5033,2009,SUBARU,OUTBACK,2009 Subaru Outback 4-DR Wagon w/SAB,,Not Rated,Not Rated,5,5,Not Rated,5,5,Not Rated,Not Rated,Not Rated,4,Not Rated,0.159,0,No Tip,Not Rated,Standard,No,No,108,14,0,2009/SUBARU/OUTBACK/2009 Subaru Outback 4-DR Wagon w_SAB.png
5034,2009,SUBARU,TRIBECA,2009 Subaru Tribeca 4-DR. w/SAB,,Not Rated,Not Rated,5,5,Not Rated,5,5,Not Rated,Not Rated,Not Rated,4,Not Rated,0.164,0,No Tip,Not Rated,Standard,No,No,14,9,0,2009/SUBARU/TRIBECA/2009 Subaru Tribeca 4-DR. w_SAB.png
5336,2009,SUZUKI,EQUATOR CREW CAB,2009 Suzuki Equator Crew Cab 4-DR. w/SAB,,Not Rated,Not Rated,4,4,Not Rated,Not Rated,Not Rated,Not Rated,Not Rated,Not Rated,4,3,0.198,0.212,No Tip,Not Rated,Optional,No,No,5,1,0,2009/SUZUKI/EQUATOR CREW CAB/2009 Suzuki Equator Crew Cab 4-DR. w_SAB.png
5337,2009,SUZUKI,EQUATOR KING CAB,2009 Suzuki Equator King Cab w/SAB,,Not Rated,Not Rated,4,5,Not Rated,Not Rated,Not Rated,Not Rated,Not Rated,Not Rated,4,3,0.198,0.212,No Tip,Not Rated,Optional,No,No,5,1,0,2009/SUZUKI/EQUATOR KING CAB/2009 Suzuki Equator King Cab w_SAB.png
5279,2009,SUZUKI,GRAND VITARA,2009 Suzuki Grand Vitara 4-DR. w/SAB,,Not Rated,Not Rated,4,4,Not Rated,5,5,Not Rated,Not Rated,Not Rated,4,4,0.185,0.191,No Tip,Not Rated,Standard,No,No,14,4,1,2009/SUZUKI/GRAND VITARA/2009 Suzuki Grand Vitara 4-DR. w_SAB.png
5281,2009,SUZUKI,SX4,2009 Suzuki SX-4 4-DR w/SAB,,Not Rated,Not Rated,4,4,Not Rated,5,4,Not Rated,Not Rated,Not Rated,Not Rated,4,0,0.133, ,Not Rated,Optional,No,No,48,3,1,2009/SUZUKI/SX4/2009 Suzuki SX-4 4-DR w_SAB.png
5282,2009,SUZUKI,SX4,2009 Suzuki SX-4 4-DR Wagon w/SAB,,Not Rated,Not Rated,4,4,Not Rated,5,4,Not Rated,Not Rated,Not Rated,4,4,0.133,0.133,No Tip,Not Rated,Standard,No,No,48,3,1,2009/SUZUKI/SX4/2009 Suzuki SX-4 4-DR Wagon w_SAB.png
5280,2009,SUZUKI,XL7,2009 Suzuki XL7 4-DR w/SAB,,Not Rated,Not Rated,5,5,Not Rated,5,5,Not Rated,Not Rated,Not Rated,4,4,0.164,0.179,No Tip,Not Rated,Standard,No,No,5,0,0,2009/SUZUKI/XL7/2009 Suzuki XL7 4-DR w_SAB.png
5338,2009,TOYOTA,4RUNNER,2009 Toyota 4Runner 4-DR. w/SAB,,Not Rated,Not Rated,4,4,Not Rated,5,5,Not Rated,Not Rated,Not Rated,3,3,0.204,0.219,No Tip,Not Rated,Standard,No,No,22,6,1,2009/TOYOTA/4RUNNER/2009 Toyota 4Runner 4-DR. w_SAB.png
5339,2009,TOYOTA,AVALON,2009 Toyota Avalon 4-DR. w/SAB,,Not Rated,Not Rated,5,5,Not Rated,5,5,Not Rated,Not Rated,Not Rated,Not Rated,4,0,0.111, ,Not Rated,Standard,No,No,91,7,0,2009/TOYOTA/AVALON/2009 Toyota Avalon 4-DR. w_SAB.png
5340,2009,TOYOTA,CAMRY,2009 Toyota Camry 4-DR. w/SAB,,Not Rated,Not Rated,5,5,Not Rated,5,5,Not Rated,Not Rated,Not Rated,Not Rated,4,0,0.107, ,Not Rated,Optional,No,No,1402,10,4,2009/TOYOTA/CAMRY/2009 Toyota Camry 4-DR. w_SAB.png
5341,2009,TOYOTA,CAMRY HYBRID,2009 Toyota Camry Hybrid  4-DR. w/SAB,,Not Rated,Not Rated,5,5,Not Rated,5,5,Not Rated,Not Rated,Not Rated,Not Rated,4,0,0.107, ,Not Rated,Standard,No,No,1401,10,4,2009/TOYOTA/CAMRY HYBRID/2009 Toyota Camry Hybrid  4-DR. w_SAB.png
2843,2009,TOYOTA,COROLLA,2009 Toyota Corolla 4-DR. w/SAB,,Not Rated,Not Rated,4,4,Not Rated,5,4,Not Rated,Not Rated,Not Rated,Not Rated,4,0,0.121, ,Not Rated,Optional,No,No,1533,13,3,2009/TOYOTA/COROLLA/2009 Toyota Corolla 4-DR. w_SAB.png
5342,2009,TOYOTA,FJ CRUISER,2009 Toyota FJ Cruiser  w/SAB 4-DR.,,Not Rated,Not Rated,5,4,Not Rated,5,5,Not Rated,Not Rated,Not Rated,3,3,0.267,0.256,No Tip,Not Rated,Standard,No,No,6,12,0,2009/TOYOTA/FJ CRUISER/2009 Toyota FJ Cruiser  w_SAB 4-DR..png
5343,2009,TOYOTA,HIGHLANDER,2009 Toyota Highlander 4-DR. w/SAB,,Not Rated,Not Rated,5,4,Not Rated,5,5,Not Rated,Not Rated,Not Rated,4,4,0.174,0.198,No Tip,Not Rated,Standard,No,No,134,9,2,2009/TOYOTA/HIGHLANDER/2009 Toyota Highlander 4-DR. w_SAB.png
5344,2009,TOYOTA,HIGHLANDER HYBRID,2009 Toyota Highlander Hybrid 4-DR. w/SAB,,Not Rated,Not Rated,5,4,Not Rated,5,5,Not Rated,Not Rated,Not Rated,4,4,0.174,0.198,No Tip,Not Rated,Standard,No,No,174,10,3,2009/TOYOTA/HIGHLANDER HYBRID/2009 Toyota Highlander Hybrid 4-DR. w_SAB.png
5345,2009,TOYOTA,LANDCRUISER,2009 Toyota Landcruiser 4-DR w/SAB,,Not Rated,Not Rated,Not Rated,Not Rated,Not Rated,Not Rated,Not Rated,Not Rated,Not Rated,Not Rated,Not Rated,Not Rated,0,0, ,Not Rated,Standard,Optional,No,6,7,0,2009/TOYOTA/LANDCRUISER/2009 Toyota Landcruiser 4-DR w_SAB.png
2844,2009,TOYOTA,MATRIX,2009 Toyota Matrix 4-DR. w/SAB,,Not Rated,Not Rated,5,5,Not Rated,5,4,Not Rated,Not Rated,Not Rated,4,4,0.136,0.136,No Tip,Not Rated,Optional,No,No,192,3,1,2009/TOYOTA/MATRIX/2009 Toyota Matrix 4-DR. w_SAB.png
5346,2009,TOYOTA,PRIUS,2009 Toyota Prius 4-DR.w/SAB,,Not Rated,Not Rated,4,4,Not Rated,5,4,Not Rated,Not Rated,Not Rated,Not Rated,4,0,0.13, ,Not Rated,Optional,No,No,498,6,2,2009/TOYOTA/PRIUS/2009 Toyota Prius 4-DR.w_SAB.png
5347,2009,TOYOTA,RAV4,2009 Toyota RAV4 4-DR. w/SAB,,Not Rated,Not Rated,5,4,Not Rated,5,5,Not Rated,Not Rated,Not Rated,4,4,0.174,0.185,No Tip,Not Rated,Standard,No,No,323,15,3,2009/TOYOTA/RAV4/2009 Toyota RAV4 4-DR. w_SAB.png
5348,2009,TOYOTA,SCION TC,2009 Toyota Scion tC 2-DR w/SAB,,Not Rated,Not Rated,5,4,Not Rated,5,5,Not Rated,Not Rated,Not Rated,Not Rated,4,0,0.116, ,Not Rated,No,No,No,0,0,0,2009/TOYOTA/SCION TC/2009 Toyota Scion tC 2-DR w_SAB.png
5349,2009,TOYOTA,SCION XB,2009 Toyota Scion xB Wagon w/SAB,,Not Rated,Not Rated,4,4,Not Rated,5,5,Not Rated,Not Rated,Not Rated,Not Rated,4,0,0.14, ,Not Rated,Standard,No,No,0,0,0,2009/TOYOTA/SCION XB/2009 Toyota Scion xB Wagon w_SAB.png
5350,2009,TOYOTA,SCION XD,2009 Toyota Scion xD 4-DR w/SAB,,Not Rated,Not Rated,4,4,Not Rated,5,5,Not Rated,Not Rated,Not Rated,Not Rated,4,0,0.151, ,Not Rated,Optional,No,No,0,0,0,2009/TOYOTA/SCION XD/2009 Toyota Scion xD 4-DR w_SAB.png
5351,2009,TOYOTA,SEQUOIA,2009 Toyota Sequoia 4-DR w/SAB,,Not Rated,Not Rated,5,4,Not Rated,Not Rated,Not Rated,Not Rated,Not Rated,Not Rated,4,4,0.185,0.185,No Tip,Not Rated,Standard,No,No,6,9,0,2009/TOYOTA/SEQUOIA/2009 Toyota Sequoia 4-DR w_SAB.png
5352,2009,TOYOTA,SIENNA,2009 Toyota Sienna w/SAB,,Not Rated,Not Rated,4,5,Not Rated,5,5,Not Rated,Not Rated,Not Rated,4,4,0.169,0.159,No Tip,Not Rated,Standard,No,No,206,10,0,2009/TOYOTA/SIENNA/2009 Toyota Sienna w_SAB.png
5353,2009,TOYOTA,TACOMA,2009 Toyota Tacoma Regular Cab w/SAB,,Not Rated,Not Rated,5,5,Not Rated,5,Not Rated,Not Rated,Not Rated,Not Rated,4,4,0.191,0.147,No Tip,Not Rated,Standard,No,No,515,13,0,2009/TOYOTA/TACOMA/2009 Toyota Tacoma Regular Cab w_SAB.png
5354,2009,TOYOTA,TACOMA,2009 Toyota Tacoma Extended Cab w/SAB,,Not Rated,Not Rated,5,5,Not Rated,5,Not Rated,Not Rated,Not Rated,Not Rated,4,4,0.191,0.147,No Tip,Not Rated,Standard,No,No,515,13,0,2009/TOYOTA/TACOMA/2009 Toyota Tacoma Extended Cab w_SAB.png
5355,2009,TOYOTA,TACOMA,2009 Toyota Tacoma 4-DR.w/SAB,,Not Rated,Not Rated,5,5,Not Rated,5,5,Not Rated,Not Rated,Not Rated,4,4,0.191,0.147,No Tip,Not Rated,Standard,No,No,515,13,0,2009/TOYOTA/TACOMA/2009 Toyota Tacoma 4-DR.w_SAB.png
5356,2009,TOYOTA,TUNDRA,2009 Toyota Tundra Extended Cab w/SAB,,Not Rated,Not Rated,4,4,Not Rated,Not Rated,Not Rated,Not Rated,Not Rated,Not Rated,4,3,0.198,0.204,No Tip,Not Rated,Standard,No,No,38,13,0,2009/TOYOTA/TUNDRA/2009 Toyota Tundra Extended Cab w_SAB.png
5357,2009,TOYOTA,TUNDRA,2009 Toyota Tundra Regular Cab w/SAB,,Not Rated,Not Rated,4,4,Not Rated,Not Rated,Not Rated,Not Rated,Not Rated,Not Rated,4,3,0.198,0.204,No Tip,Not Rated,Standard,No,No,38,13,0,2009/TOYOTA/TUNDRA/2009 Toyota Tundra Regular Cab w_SAB.png
5358,2009,TOYOTA,TUNDRA,2009 Toyota Tundra 4-DR. w/SAB,,Not Rated,Not Rated,4,4,Not Rated,Not Rated,Not Rated,Not Rated,Not Rated,Not Rated,4,3,0.198,0.204,No Tip,Not Rated,Standard,No,No,38,13,0,2009/TOYOTA/TUNDRA/2009 Toyota Tundra 4-DR. w_SAB.png
5362,2009,TOYOTA,VENZA,2009 Toyota Venza 4-DR w/SAB,,Not Rated,Not Rated,5,5,Not Rated,5,5,Not Rated,Not Rated,Not Rated,4,4,0.143,0.155,No Tip,Not Rated,Standard,No,No,171,8,0,2009/TOYOTA/VENZA/2009 Toyota Venza 4-DR w_SAB.png
5359,2009,TOYOTA,YARIS,2009 Toyota Yaris 4-DR.  w/SAB,,Not Rated,Not Rated,4,4,Not Rated,4,4,Not Rated,Not Rated,Not Rated,Not Rated,4,0,0.13, ,Not Rated,No,No,No,103,10,2,2009/TOYOTA/YARIS/2009 Toyota Yaris 4-DR.  w_SAB.png
5360,2009,TOYOTA,YARIS LIFTBACK,2009 Toyota Yaris Liftback 2-DR  w/SAB,,Not Rated,Not Rated,5,4,Not Rated,5,3,Not Rated,Not Rated,Not Rated,Not Rated,4,0,0.14, ,Not Rated,No,No,No,103,10,2,2009/TOYOTA/YARIS LIFTBACK/2009 Toyota Yaris Liftback 2-DR  w_SAB.png
5361,2009,TOYOTA,YARIS LIFTBACK,2009 Toyota Yaris Liftback 5-DR  w/SAB,,Not Rated,Not Rated,4,4,Not Rated,4,4,Not Rated,Not Rated,Not Rated,Not Rated,4,0,0.14, ,Not Rated,No,No,No,103,10,2,2009/TOYOTA/YARIS LIFTBACK/2009 Toyota Yaris Liftback 5-DR  w_SAB.png
5307,2009,VOLKSWAGEN,CC,2009 Volkswagen CC 4-DR. w/SAB,,Not Rated,Not Rated,4,4,Not Rated,5,4,Not Rated,Not Rated,Not Rated,4,4,0.118,0.118,No Tip,Not Rated,Standard,No,No,136,4,2,2009/VOLKSWAGEN/CC/2009 Volkswagen CC 4-DR. w_SAB.png
5297,2009,VOLKSWAGEN,EOS,2009 Volkswagen Eos Convertible w/SAB,,Not Rated,Not Rated,Not Rated,Not Rated,Not Rated,Not Rated,Not Rated,Not Rated,Not Rated,Not Rated,Not Rated,Not Rated,0,0, ,Not Rated,Standard,No,No,81,2,1,2009/VOLKSWAGEN/EOS/2009 Volkswagen Eos Convertible w_SAB.png
5298,2009,VOLKSWAGEN,GLI,2009 Volkswagen GLI 4-DR. w/SAB,,Not Rated,Not Rated,4,4,Not Rated,5,5,Not Rated,Not Rated,Not Rated,Not Rated,4,0,0.121, ,Not Rated,Standard,No,No,8,0,0,2009/VOLKSWAGEN/GLI/2009 Volkswagen GLI 4-DR. w_SAB.png
5299,2009,VOLKSWAGEN,GTI,2009 Volkswagen GTI 2-DR. w/SAB,,Not Rated,Not Rated,Not Rated,Not Rated,Not Rated,Not Rated,Not Rated,Not Rated,Not Rated,Not Rated,Not Rated,Not Rated,0,0, ,Not Rated,Standard,No,No,166,2,1,2009/VOLKSWAGEN/GTI/2009 Volkswagen GTI 2-DR. w_SAB.png
5300,2009,VOLKSWAGEN,GTI,2009 Volkswagen GTI 4-DR. w/SAB,,Not Rated,Not Rated,4,4,Not Rated,5,5,Not Rated,Not Rated,Not Rated,Not Rated,4,0,0.121, ,Not Rated,Standard,No,No,166,2,1,2009/VOLKSWAGEN/GTI/2009 Volkswagen GTI 4-DR. w_SAB.png
5301,2009,VOLKSWAGEN,JETTA,2009 Volkswagen Jetta Sportwagen 4-DR. w/SAB,,Not Rated,Not Rated,4,4,Not Rated,5,5,Not Rated,Not Rated,Not Rated,Not Rated,4,0,0.121, ,Not Rated,Standard,No,No,901,7,6,2009/VOLKSWAGEN/JETTA/2009 Volkswagen Jetta Sportwagen 4-DR. w_SAB.png
5302,2009,VOLKSWAGEN,JETTA,2009 Volkswagen Jetta 4-DR. w/SAB,,Not Rated,Not Rated,4,4,Not Rated,5,5,Not Rated,Not Rated,Not Rated,Not Rated,4,0,0.121, ,Not Rated,Standard,No,No,901,7,6,2009/VOLKSWAGEN/JETTA/2009 Volkswagen Jetta 4-DR. w_SAB.png
5303,2009,VOLKSWAGEN,NEW BEETLE,2009 Volkswagen New Beetle Convertible w/SAB,,Not Rated,Not Rated,4,4,Not Rated,Not Rated,Not Rated,Not Rated,Not Rated,Not Rated,Not Rated,4,0,0.113, ,Not Rated,Standard,No,No,0,0,0,2009/VOLKSWAGEN/NEW BEETLE/2009 Volkswagen New Beetle Convertible w_SAB.png
5304,2009,VOLKSWAGEN,NEW BEETLE,2009 Volkswagen New Beetle 2-DR. w/SAB,,Not Rated,Not Rated,4,4,Not Rated,5,3,Not Rated,Not Rated,Not Rated,Not Rated,4,0,0.113, ,Not Rated,Standard,No,No,0,0,0,2009/VOLKSWAGEN/NEW BEETLE/2009 Volkswagen New Beetle 2-DR. w_SAB.png
5305,2009,VOLKSWAGEN,PASSAT,2009 Volkswagen Passat Wagon w/SAB,,Not Rated,Not Rated,4,4,Not Rated,5,4,Not Rated,Not Rated,Not Rated,Not Rated,4,0,0.118, ,Not Rated,Standard,No,No,152,4,1,2009/VOLKSWAGEN/PASSAT/2009 Volkswagen Passat Wagon w_SAB.png
5306,2009,VOLKSWAGEN,PASSAT,2009 Volkswagen Passat 4-DR. w/SAB,,Not Rated,Not Rated,4,4,Not Rated,5,4,Not Rated,Not Rated,Not Rated,Not Rated,4,0,0.118, ,Not Rated,Standard,No,No,152,4,1,2009/VOLKSWAGEN/PASSAT/2009 Volkswagen Passat 4-DR. w_SAB.png
5308,2009,VOLKSWAGEN,RABBIT,2009 Volkswagen Rabbit 4-DR. w/SAB,,Not Rated,Not Rated,4,4,Not Rated,5,5,Not Rated,Not Rated,Not Rated,Not Rated,4,0,0.121, ,Not Rated,Standard,No,No,62,2,0,2009/VOLKSWAGEN/RABBIT/2009 Volkswagen Rabbit 4-DR. w_SAB.png
5309,2009,VOLKSWAGEN,RABBIT,2009 Volkswagen Rabbit 2-DR. w/SAB,,Not Rated,Not Rated,Not Rated,Not Rated,Not Rated,Not Rated,Not Rated,Not Rated,Not Rated,Not Rated,Not Rated,Not Rated,0,0, ,Not Rated,Standard,No,No,62,2,0,2009/VOLKSWAGEN/RABBIT/2009 Volkswagen Rabbit 2-DR. w_SAB.png
5311,2009,VOLKSWAGEN,ROUTAN,2009 Volkswagen Routan w/SAB,,Not Rated,Not Rated,5,5,Not Rated,5,5,Not Rated,Not Rated,Not Rated,Not Rated,4,0,0.164, ,Not Rated,Standard,No,No,293,6,0,2009/VOLKSWAGEN/ROUTAN/2009 Volkswagen Routan w_SAB.png
5313,2009,VOLKSWAGEN,TIGUAN,2009 Volkswagen Tiguan 4-Dr. w/SAB,,Not Rated,Not Rated,5,5,Not Rated,5,5,Not Rated,Not Rated,Not Rated,4,4,0.174,0.185,No Tip,Not Rated,Standard,No,No,166,3,1,2009/VOLKSWAGEN/TIGUAN/2009 Volkswagen Tiguan 4-Dr. w_SAB.png
5310,2009,VOLKSWAGEN,TOUAREG 2,2009 Volkswagen Touareg  2 4-Dr. w/SAB,,Not Rated,Not Rated,5,5,Not Rated,5,5,Not Rated,Not Rated,Not Rated,4,Not Rated,0,0, ,Not Rated,Standard,No,No,19,2,1,2009/VOLKSWAGEN/TOUAREG 2/2009 Volkswagen Touareg  2 4-Dr. w_SAB.png
5277,2009,VOLVO,C30,2009 Volvo C30 2-DR w/SAB,,Not Rated,Not Rated,Not Rated,Not Rated,Not Rated,Not Rated,Not Rated,Not Rated,Not Rated,Not Rated,Not Rated,Not Rated,0,0, ,Not Rated,Standard,Optional,Optional,6,2,0,2009/VOLVO/C30/2009 Volvo C30 2-DR w_SAB.png
5278,2009,VOLVO,C70,2009 Volvo C70 Convertible  w/SAB,,Not Rated,Not Rated,Not Rated,Not Rated,Not Rated,Not Rated,Not Rated,Not Rated,Not Rated,Not Rated,Not Rated,Not Rated,0,0, ,Not Rated,Standard,Optional,Optional,10,3,0,2009/VOLVO/C70/2009 Volvo C70 Convertible  w_SAB.png
5270,2009,VOLVO,S40,2009 Volvo S40 4-DR. w/SAB,,Not Rated,Not Rated,4,5,Not Rated,5,5,Not Rated,Not Rated,Not Rated,4,4,0.111,0.111,No Tip,Not Rated,Standard,Optional,Optional,10,3,0,2009/VOLVO/S40/2009 Volvo S40 4-DR. w_SAB.png
5271,2009,VOLVO,S60,2009 Volvo S60 4-DR. w/SAB,,Not Rated,Not Rated,4,4,Not Rated,5,5,Not Rated,Not Rated,Not Rated,5,5,0.093,0.093,No Tip,Not Rated,Standard,Optional,Optional,6,3,0,2009/VOLVO/S60/2009 Volvo S60 4-DR. w_SAB.png
5274,2009,VOLVO,S80,2009 Volvo S80 4-DR. w/SAB,,Not Rated,Not Rated,Not Rated,Not Rated,Not Rated,Not Rated,Not Rated,Not Rated,Not Rated,Not Rated,Not Rated,Not Rated,0,0, ,Not Rated,Standard,Optional,Optional,16,5,0,2009/VOLVO/S80/2009 Volvo S80 4-DR. w_SAB.png
5273,2009,VOLVO,V50,2009 Volvo V50 Wagon w/SAB,,Not Rated,Not Rated,Not Rated,Not Rated,Not Rated,Not Rated,Not Rated,Not Rated,Not Rated,Not Rated,Not Rated,Not Rated,0,0, ,Not Rated,Standard,Optional,Optional,2,3,0,2009/VOLVO/V50/2009 Volvo V50 Wagon w_SAB.png
5275,2009,VOLVO,V70,2009 Volvo V70 4-DR. Wagon w/SAB,,Not Rated,Not Rated,Not Rated,Not Rated,Not Rated,Not Rated,Not Rated,Not Rated,Not Rated,Not Rated,Not Rated,Not Rated,0,0, ,Not Rated,Standard,Optional,Optional,4,3,0,2009/VOLVO/V70/2009 Volvo V70 4-DR. Wagon w_SAB.png
5430,2009,VOLVO,XC60,2009 Volvo XC60 4-DR. w/SAB,,Not Rated,Not Rated,Not Rated,Not Rated,Not Rated,Not Rated,Not Rated,Not Rated,Not Rated,Not Rated,Not Rated,Not Rated,0,0, ,Not Rated,Standard,Optional,Optional,0,1,0,2009/VOLVO/XC60/2009 Volvo XC60 4-DR. w_SAB.png
5276,2009,VOLVO,XC70,2009 Volvo XC70 4-DR. Wagon w/SAB,,Not Rated,Not Rated,Not Rated,Not Rated,Not Rated,Not Rated,Not Rated,Not Rated,Not Rated,Not Rated,Not Rated,Not Rated,0,0, ,Not Rated,Standard,Optional,Optional,15,5,0,2009/VOLVO/XC70/2009 Volvo XC70 4-DR. Wagon w_SAB.png
5272,2009,VOLVO,XC90,2009 Volvo XC90 4-DR. w/SAB,,Not Rated,Not Rated,5,5,Not Rated,5,5,Not Rated,Not Rated,Not Rated,4,4,0.179,0.191,No Tip,Not Rated,Standard,Optional,Optional,7,1,0,2009/VOLVO/XC90/2009 Volvo XC90 4-DR. w_SAB.png