VehicleId,ModelYear,Make,Model,VehicleDescription,VehiclePicture,OverallRating,OverallFrontCrashRating,FrontCrashDriversideRating,FrontCrashPassengersideRating,OverallSideCrashRating,SideCrashDriversideRating,SideCrashPassengersideRating,CombinedSideBarrierAndPoleRatingFront,CombinedSideBarrierAndPoleRatingRear,SideBarrierRatingOverall,RolloverRating,RolloverRating2,RolloverPossibility,RolloverPossibility2,DynamicTipResult,SidePoleCrashRating,NHTSAElectronicStabilityControl,NHTSAForwardCollisionWarning,NHTSALaneDepartureWarning,ComplaintsCount,RecallsCount,InvestigationCount,ImagePath
5829,2010,ACURA,MDX,2010 Acura MDX 4-DR. w/SAB,,Not Rated,Not Rated,5,5,Not Rated,5,5,Not Rated,Not Rated,Not Rated,4,Not Rated,0.14,0,No Tip,Not Rated,Standard,Optional,No,45,1,0,2010/ACURA/MDX/2010 Acura MDX 4-DR. w_SAB.png
5459,2010,ACURA,RDX,2010 Acura RDX 4-DR. w/SAB,,Not Rated,Not Rated,5,5,Not Rated,5,5,Not Rated,Not Rated,Not Rated,4,Not Rated,0.155,0,No Tip,Not Rated,Standard,No,No,22,2,0,2010/ACURA/RDX/2010 Acura RDX 4-DR. w_SAB.png
5460,2010,ACURA,RL,2010 Acura RL 4-DR. w/SAB,,Not Rated,Not Rated,5,5,Not Rated,5,5,Not Rated,Not Rated,Not Rated,5,Not Rated,0.097,0,No Tip,Not Rated,Standard,Optional,No,9,7,0,2010/ACURA/RL/2010 Acura RL 4-DR. w_SAB.png
5830,2010,ACURA,TL,2010 Acura TL 4-DR. w/SAB,,Not Rated,Not Rated,5,5,Not Rated,5,5,Not Rated,Not Rated,Not Rated,5,5,0.093,0.093,No Tip,Not Rated,Standard,No,No,64,3,0,2010/ACURA/TL/2010 Acura TL 4-DR. w_SAB.png
5473,2010,ACURA,TSX,2010 Acura TSX  4-DR. w/SAB,,Not Rated,Not Rated,5,5,Not Rated,5,5,Not Rated,Not Rated,Not Rated,Not Rated,5,0,0.099, ,Not Rated,Standard,No,No,63,7,0,2010/ACURA/TSX/2010 Acura TSX  4-DR. w_SAB.png
5877,2010,ACURA,ZDX,2010 Acura ZDX  4-DR. w/SAB,,Not Rated,Not Rated,5,5,Not Rated,5,5,Not Rated,Not Rated,Not Rated,4,Not Rated,0.13,0,No Tip,Not Rated,Standard,Optional,No,9,10,0,2010/ACURA/ZDX/2010 Acura ZDX  4-DR. w_SAB.png
5519,2010,AUDI,A3,2010 Audi A3 4-DR. w/SAB,,Not Rated,Not Rated,Not Rated,Not Rated,Not Rated,Not Rated,Not Rated,Not Rated,Not Rated,Not Rated,Not Rated,Not Rated,0,0, ,Not Rated,Standard,No,No,50,5,4,2010/AUDI/A3/2010 Audi A3 4-DR. w_SAB.png
5520,2010,AUDI,A4,2010 Audi A4 4-DR. w/SAB,,Not Rated,Not Rated,5,5,Not Rated,5,5,Not Rated,Not Rated,Not Rated,5,5,0.099,0.099,No Tip,Not Rated,Standard,Optional,No,64,0,0,2010/AUDI/A4/2010 Audi A4 4-DR. w_SAB.png
5521,2010,AUDI,A4 AVANT,2010 Audi A4 Avant Wagon 4-DR. w/SAB,,Not Rated,Not Rated,5,5,Not Rated,5,5,Not Rated,Not Rated,Not Rated,5,Not Rated,0.099,0,No Tip,Not Rated,Standard,Optional,No,64,0,0,2010/AUDI/A4 AVANT/2010 Audi A4 Avant Wagon 4-DR. w_SAB.png
5523,2010,AUDI,A5,2010 Audi A5 2-DR w/SAB,,Not Rated,Not Rated,Not Rated,Not Rated,Not Rated,Not Rated,Not Rated,Not Rated,Not Rated,Not Rated,Not Rated,Not Rated,0,0, ,Not Rated,Standard,Optional,Optional,34,0,0,2010/AUDI/A5/2010 Audi A5 2-DR w_SAB.png
5522,2010,AUDI,A5 CABRIOLET,2010 Audi A5 Cabriolet  w/SAB,,Not Rated,Not Rated,Not Rated,Not Rated,Not Rated,Not Rated,Not Rated,Not Rated,Not Rated,Not Rated,Not Rated,Not Rated,0,0, ,Not Rated,Standard,Optional,No,50,2,0,2010/AUDI/A5 CABRIOLET/2010 Audi A5 Cabriolet  w_SAB.png
5524,2010,AUDI,A6,2010 Audi A6  4-DR. w/SAB,,Not Rated,Not Rated,Not Rated,Not Rated,Not Rated,Not Rated,Not Rated,Not Rated,Not Rated,Not Rated,Not Rated,Not Rated,0,0, ,Not Rated,Standard,No,No,17,3,0,2010/AUDI/A6/2010 Audi A6  4-DR. w_SAB.png
5525,2010,AUDI,A6 AVANT,2010 Audi A6 Avant Wagon w/SAB,,Not Rated,Not Rated,Not Rated,Not Rated,Not Rated,Not Rated,Not Rated,Not Rated,Not Rated,Not Rated,Not Rated,Not Rated,0,0, ,Not Rated,Standard,No,No,17,3,0,2010/AUDI/A6 AVANT/2010 Audi A6 Avant Wagon w_SAB.png
5526,2010,AUDI,A8,2010 Audi A8 4-DR. w/SAB,,Not Rated,Not Rated,Not Rated,Not Rated,Not Rated,Not Rated,Not Rated,Not Rated,Not Rated,Not Rated,Not Rated,Not Rated,0,0, ,Not Rated,Standard,Optional,Optional,1,1,0,2010/AUDI/A8/2010 Audi A8 4-DR. w_SAB.png
5527,2010,AUDI,Q5,2010 Audi Q5 4-DR. w/SAB,,Not Rated,Not Rated,5,5,Not Rated,5,5,Not Rated,Not Rated,Not Rated,4,Not Rated,0.151,0,No Tip,Not Rated,Standard,No,No,99,4,0,2010/AUDI/Q5/2010 Audi Q5 4-DR. w_SAB.png
5528,2010,AUDI,Q7,2010 Audi Q7 4-DR. w/SAB,,Not Rated,Not Rated,5,5,Not Rated,5,5,Not Rated,Not Rated,Not Rated,4,Not Rated,0.185,0,No Tip,Not Rated,Standard,Optional,No,29,3,1,2010/AUDI/Q7/2010 Audi Q7 4-DR. w_SAB.png
5529,2010,AUDI,R8,2010 Audi R8 2-DR w/SAB,,Not Rated,Not Rated,Not Rated,Not Rated,Not Rated,Not Rated,Not Rated,Not Rated,Not Rated,Not Rated,Not Rated,Not Rated,0,0, ,Not Rated,Standard,No,No,0,0,0,2010/AUDI/R8/2010 Audi R8 2-DR w_SAB.png
5536,2010,AUDI,S4,2010 Audi S4 4-DR. w/SAB,,Not Rated,Not Rated,5,5,Not Rated,5,5,Not Rated,Not Rated,Not Rated,5,5,0.099,0.099,No Tip,Not Rated,Standard,Optional,No,60,0,0,2010/AUDI/S4/2010 Audi S4 4-DR. w_SAB.png
5537,2010,AUDI,S4 AVANT,2010 Audi S4 Avant Wagon 4-DR. w/SAB,,Not Rated,Not Rated,5,5,Not Rated,5,5,Not Rated,Not Rated,Not Rated,5,Not Rated,0.099,0,No Tip,Not Rated,Standard,Optional,No,60,0,0,2010/AUDI/S4 AVANT/2010 Audi S4 Avant Wagon 4-DR. w_SAB.png
5530,2010,AUDI,S5,2010 Audi S5 2-DR w/SAB,,Not Rated,Not Rated,Not Rated,Not Rated,Not Rated,Not Rated,Not Rated,Not Rated,Not Rated,Not Rated,Not Rated,Not Rated,0,0, ,Not Rated,Standard,Optional,Optional,20,0,0,2010/AUDI/S5/2010 Audi S5 2-DR w_SAB.png
5538,2010,AUDI,S5 CABRIOLET,2010 Audi S5 Cabriolet  w/SAB,,Not Rated,Not Rated,Not Rated,Not Rated,Not Rated,Not Rated,Not Rated,Not Rated,Not Rated,Not Rated,Not Rated,Not Rated,0,0, ,Not Rated,Standard,Optional,No,28,2,0,2010/AUDI/S5 CABRIOLET/2010 Audi S5 Cabriolet  w_SAB.png
5531,2010,AUDI,S6,2010 Audi S6 4-DR. w/SAB,,Not Rated,Not Rated,Not Rated,Not Rated,Not Rated,Not Rated,Not Rated,Not Rated,Not Rated,Not Rated,Not Rated,Not Rated,0,0, ,Not Rated,Standard,No,No,1,2,0,2010/AUDI/S6/2010 Audi S6 4-DR. w_SAB.png
5532,2010,AUDI,TT,2010 Audi TT 2-DR w/SAB,,Not Rated,Not Rated,Not Rated,Not Rated,Not Rated,Not Rated,Not Rated,Not Rated,Not Rated,Not Rated,Not Rated,Not Rated,0,0, ,Not Rated,Standard,No,No,4,1,1,2010/AUDI/TT/2010 Audi TT 2-DR w_SAB.png
5533,2010,AUDI,TT,2010 Audi TT Convertible w/SAB,,Not Rated,Not Rated,Not Rated,Not Rated,Not Rated,Not Rated,Not Rated,Not Rated,Not Rated,Not Rated,Not Rated,Not Rated,0,0, ,Not Rated,Standard,No,No,4,1,1,2010/AUDI/TT/2010 Audi TT Convertible w_SAB.png
5534,2010,AUDI,TTS,2010 Audi TTS Convertible w/SAB,,Not Rated,Not Rated,Not Rated,Not Rated,Not Rated,Not Rated,Not Rated,Not Rated,Not Rated,Not Rated,Not Rated,Not Rated,0,0, ,Not Rated,Standard,No,No,0,0,0,2010/AUDI/TTS/2010 Audi TTS Convertible w_SAB.png
5535,2010,AUDI,TTS,2010 Audi TTS 2-DR w/SAB,,Not Rated,Not Rated,Not Rated,Not Rated,Not Rated,Not Rated,Not Rated,Not Rated,Not Rated,Not Rated,Not Rated,Not Rated,0,0, ,Not Rated,Standard,No,No,0,0,0,2010/AUDI/TTS/2010 Audi TTS 2-DR w_SAB.png
5591,2010,BMW,128I/135I,2010 BMW 128i/135i w/SAB,,Not Rated,Not Rated,Not Rated,Not Rated,Not Rated,Not Rated,Not Rated,Not Rated,Not Rated,Not Rated,Not Rated,Not Rated,0,0, ,Not Rated,Standard,No,No,45,10,1,2010/BMW/128I/135I/2010 BMW 128i_135i w_SAB.png
5592,2010,BMW,128I/135I,2010 BMW 128i/135i Convertible w/SAB,,Not Rated,Not Rated,Not Rated,Not Rated,Not Rated,Not Rated,Not Rated,Not Rated,Not Rated,Not Rated,Not Rated,Not Rated,0,0, ,Not Rated,Standard,No,No,45,10,1,2010/BMW/128I/135I/2010 BMW 128i_135i Convertible w_SAB.png
5593,2010,BMW,3 SERIES,2010 BMW 3 Series 2-DR. w/SAB,,Not Rated,Not Rated,4,4,Not Rated,5,5,Not Rated,Not Rated,Not Rated,5,5,0.093,0.093,No Tip,Not Rated,Standard,No,No,267,12,1,2010/BMW/3 SERIES/2010 BMW 3 Series 2-DR. w_SAB.png
5595,2010,BMW,3 SERIES,2010 BMW 3 Series Convertible w/SAB,,Not Rated,Not Rated,Not Rated,Not Rated,Not Rated,Not Rated,Not Rated,Not Rated,Not Rated,Not Rated,Not Rated,5,0,0.093, ,Not Rated,Standard,No,No,267,12,1,2010/BMW/3 SERIES/2010 BMW 3 Series Convertible w_SAB.png
5596,2010,BMW,3 SERIES,2010 BMW 3 Series 4-DR. w/SAB,,Not Rated,Not Rated,4,4,Not Rated,5,5,Not Rated,Not Rated,Not Rated,4,4,0.103,0.103,No Tip,Not Rated,Standard,No,No,267,12,1,2010/BMW/3 SERIES/2010 BMW 3 Series 4-DR. w_SAB.png
5594,2010,BMW,3 SERIES WAGON,2010 BMW 3 Series Wagon w/SAB,,Not Rated,Not Rated,4,4,Not Rated,5,5,Not Rated,Not Rated,Not Rated,4,4,0.103,0.103,No Tip,Not Rated,Standard,No,No,267,12,1,2010/BMW/3 SERIES WAGON/2010 BMW 3 Series Wagon w_SAB.png
5597,2010,BMW,5 SERIES,2010 BMW 5 Series 4-DR w/SAB (except GT),,Not Rated,Not Rated,3,5,Not Rated,5,5,Not Rated,Not Rated,Not Rated,4,4,0.105,0.105,No Tip,Not Rated,Standard,No,Optional,180,12,0,2010/BMW/5 SERIES/2010 BMW 5 Series 4-DR w_SAB (except GT).png
5871,2010,BMW,5 SERIES GT,2010 BMW 5 Series GT 4-DR w/SAB,,Not Rated,Not Rated,Not Rated,Not Rated,Not Rated,Not Rated,Not Rated,Not Rated,Not Rated,Not Rated,Not Rated,Not Rated,0,0, ,Not Rated,Standard,No,Optional,21,10,0,2010/BMW/5 SERIES GT/2010 BMW 5 Series GT 4-DR w_SAB.png
5598,2010,BMW,5 SERIES WAGON,2010 BMW 5 Series Wagon w/SAB,,Not Rated,Not Rated,3,5,Not Rated,5,5,Not Rated,Not Rated,Not Rated,4,Not Rated,0.105,0,No Tip,Not Rated,Standard,No,Optional,6,5,0,2010/BMW/5 SERIES WAGON/2010 BMW 5 Series Wagon w_SAB.png
5599,2010,BMW,6 SERIES,2010 BMW 6 Series Convertible w/SAB,,Not Rated,Not Rated,Not Rated,Not Rated,Not Rated,Not Rated,Not Rated,Not Rated,Not Rated,Not Rated,Not Rated,Not Rated,0,0, ,Not Rated,Standard,No,Optional,5,2,0,2010/BMW/6 SERIES/2010 BMW 6 Series Convertible w_SAB.png
5600,2010,BMW,6 SERIES,2010 BMW 6 Series 2-DR w/SAB,,Not Rated,Not Rated,Not Rated,Not Rated,Not Rated,Not Rated,Not Rated,Not Rated,Not Rated,Not Rated,Not Rated,Not Rated,0,0, ,Not Rated,Standard,No,Optional,5,2,0,2010/BMW/6 SERIES/2010 BMW 6 Series 2-DR w_SAB.png
5601,2010,BMW,7 SERIES,2010 BMW 7 Series 4-DR w/SAB,,Not Rated,Not Rated,Not Rated,Not Rated,Not Rated,Not Rated,Not Rated,Not Rated,Not Rated,Not Rated,Not Rated,Not Rated,0,0, ,Not Rated,Standard,No,Optional,48,3,0,2010/BMW/7 SERIES/2010 BMW 7 Series 4-DR w_SAB.png
5602,2010,BMW,X3,2010 BMW X3 4-DR w/SAB,,Not Rated,Not Rated,Not Rated,Not Rated,Not Rated,Not Rated,Not Rated,Not Rated,Not Rated,Not Rated,Not Rated,Not Rated,0,0, ,Not Rated,Standard,No,No,85,8,0,2010/BMW/X3/2010 BMW X3 4-DR w_SAB.png
5603,2010,BMW,X5,2010 BMW X5  4-DR. w/SAB,,Not Rated,Not Rated,5,4,Not Rated,5,5,Not Rated,Not Rated,Not Rated,4,Not Rated,0.174,0,No Tip,Not Rated,Standard,No,No,147,22,2,2010/BMW/X5/2010 BMW X5  4-DR. w_SAB.png
5604,2010,BMW,X6,2010 BMW X6  4-DR. w/SAB,,Not Rated,Not Rated,Not Rated,Not Rated,Not Rated,Not Rated,Not Rated,Not Rated,Not Rated,Not Rated,Not Rated,Not Rated,0,0, ,Not Rated,Standard,No,No,19,12,2,2010/BMW/X6/2010 BMW X6  4-DR. w_SAB.png
5590,2010,BMW,Z4,2010 BMW Z4 Roadster w/SAB,,Not Rated,Not Rated,Not Rated,Not Rated,Not Rated,Not Rated,Not Rated,Not Rated,Not Rated,Not Rated,Not Rated,Not Rated,0,0, ,Not Rated,Standard,No,No,9,5,0,2010/BMW/Z4/2010 BMW Z4 Roadster w_SAB.png
5652,2010,BUICK,ENCLAVE,2010 Buick Enclave 4-DR. w/SAB,,Not Rated,Not Rated,5,5,Not Rated,5,5,Not Rated,Not Rated,Not Rated,4,4,0.155,0.169,No Tip,Not Rated,Standard,No,No,275,6,2,2010/BUICK/ENCLAVE/2010 Buick Enclave 4-DR. w_SAB.png
5653,2010,BUICK,LACROSSE,2010 Buick Lacrosse 4-DR w/SAB,,Not Rated,Not Rated,5,5,Not Rated,5,5,Not Rated,Not Rated,Not Rated,4,4,0.118,0.118,No Tip,Not Rated,Standard,No,No,188,2,0,2010/BUICK/LACROSSE/2010 Buick Lacrosse 4-DR w_SAB.png
5654,2010,BUICK,LUCERNE,2010 Buick Lucerne 4-DR. w/SAB,,Not Rated,Not Rated,5,5,Not Rated,4,4,Not Rated,Not Rated,Not Rated,Not Rated,5,0,0.101, ,Not Rated,Optional,No,Optional,54,2,0,2010/BUICK/LUCERNE/2010 Buick Lucerne 4-DR. w_SAB.png
5664,2010,CADILLAC,CTS,2010 Cadillac CTS 4-DR. Wagon w/SAB,,Not Rated,Not Rated,4,5,Not Rated,5,5,Not Rated,Not Rated,Not Rated,4,4,0.103,0.103,No Tip,Not Rated,Standard,No,No,0,0,0,2010/CADILLAC/CTS/2010 Cadillac CTS 4-DR. Wagon w_SAB.png
5751,2010,CADILLAC,CTS,2010 Cadillac CTS 4-DR. w/SAB,,Not Rated,Not Rated,4,5,Not Rated,5,5,Not Rated,Not Rated,Not Rated,4,4,0.103,0.103,No Tip,Not Rated,Standard,No,No,67,3,0,2010/CADILLAC/CTS/2010 Cadillac CTS 4-DR. w_SAB.png
5662,2010,CADILLAC,CTS - V,2010 Cadillac CTS V 4-DR. w/SAB,,Not Rated,Not Rated,4,4,Not Rated,5,5,Not Rated,Not Rated,Not Rated,4,4,0.103,0.103,No Tip,Not Rated,Standard,No,No,1,0,0,2010/CADILLAC/CTS - V/2010 Cadillac CTS V 4-DR. w_SAB.png
5655,2010,CADILLAC,DTS,2010 Cadillac DTS 4-DR w/SAB,,Not Rated,Not Rated,5,4,Not Rated,4,4,Not Rated,Not Rated,Not Rated,Not Rated,4,0,0.111, ,Not Rated,Standard,Optional,Optional,22,3,0,2010/CADILLAC/DTS/2010 Cadillac DTS 4-DR w_SAB.png
5656,2010,CADILLAC,ESCALADE,2010 Cadillac Escalade 4-DR. w/SAB,,Not Rated,Not Rated,5,5,Not Rated,Not Rated,Not Rated,Not Rated,Not Rated,Not Rated,3,3,0.228,0.246,No Tip,Not Rated,Standard,No,No,43,3,2,2010/CADILLAC/ESCALADE/2010 Cadillac Escalade 4-DR. w_SAB.png
5657,2010,CADILLAC,ESCALADE ESV,2010 Cadillac Escalade ESV 4-DR. w/SAB,,Not Rated,Not Rated,5,5,Not Rated,Not Rated,Not Rated,Not Rated,Not Rated,Not Rated,3,3,0.237,0.237,No Tip,Not Rated,Standard,No,No,42,3,1,2010/CADILLAC/ESCALADE ESV/2010 Cadillac Escalade ESV 4-DR. w_SAB.png
5658,2010,CADILLAC,ESCALADE EXT,2010 Cadillac Escalade EXT w/SAB,,Not Rated,Not Rated,5,5,Not Rated,Not Rated,Not Rated,Not Rated,Not Rated,Not Rated,3,Not Rated,0.212,0,No Tip,Not Rated,Standard,No,No,39,3,1,2010/CADILLAC/ESCALADE EXT/2010 Cadillac Escalade EXT w_SAB.png
5659,2010,CADILLAC,ESCALADE HYBRID,2010 Cadillac Escalade 4-DR. Hybrid w/SAB,,Not Rated,Not Rated,5,5,Not Rated,Not Rated,Not Rated,Not Rated,Not Rated,Not Rated,3,3,0.228,0.246,No Tip,Not Rated,Standard,No,No,38,3,2,2010/CADILLAC/ESCALADE HYBRID/2010 Cadillac Escalade 4-DR. Hybrid w_SAB.png
5660,2010,CADILLAC,SRX,2010 Cadillac SRX 4-DR. w/SAB,,Not Rated,Not Rated,5,4,Not Rated,5,5,Not Rated,Not Rated,Not Rated,4,4,0.164,0.179,No Tip,Not Rated,Standard,No,No,474,6,1,2010/CADILLAC/SRX/2010 Cadillac SRX 4-DR. w_SAB.png
5661,2010,CADILLAC,STS,2010 Cadillac STS 4-DR w/SAB,,Not Rated,Not Rated,4,4,Not Rated,4,5,Not Rated,Not Rated,Not Rated,5,5,0.099,0.101,No Tip,Not Rated,Standard,Optional,Optional,4,0,0,2010/CADILLAC/STS/2010 Cadillac STS 4-DR w_SAB.png
5679,2010,CHEVROLET,AVALANCHE,2010 Chevrolet Avalanche 4-DR w/SAB,,Not Rated,Not Rated,5,5,Not Rated,Not Rated,Not Rated,Not Rated,Not Rated,Not Rated,3,3,0.212,0.228,No Tip,Not Rated,Standard,No,No,117,4,1,2010/CHEVROLET/AVALANCHE/2010 Chevrolet Avalanche 4-DR w_SAB.png
5680,2010,CHEVROLET,AVEO,2010 Chevrolet Aveo 5-DR. Hatchback w/SAB,,Not Rated,Not Rated,5,5,Not Rated,4,4,Not Rated,Not Rated,Not Rated,Not Rated,4,0,0.133, ,Not Rated,No,No,No,66,1,0,2010/CHEVROLET/AVEO/2010 Chevrolet Aveo 5-DR. Hatchback w_SAB.png
5681,2010,CHEVROLET,AVEO,2010 Chevrolet Aveo 4-DR. w/SAB,,Not Rated,Not Rated,5,4,Not Rated,4,3,Not Rated,Not Rated,Not Rated,Not Rated,4,0,0.133, ,Not Rated,No,No,No,66,1,0,2010/CHEVROLET/AVEO/2010 Chevrolet Aveo 4-DR. w_SAB.png
5716,2010,CHEVROLET,CAMARO,2010 Chevrolet Camaro 2-DR. w/SAB,,Not Rated,Not Rated,4,4,Not Rated,5,Not Rated,Not Rated,Not Rated,Not Rated,Not Rated,5,0,0.087, ,Not Rated,Standard,No,No,295,3,0,2010/CHEVROLET/CAMARO/2010 Chevrolet Camaro 2-DR. w_SAB.png
5682,2010,CHEVROLET,COBALT,2010 Chevrolet Cobalt 4-DR w/SAB,,Not Rated,Not Rated,4,5,Not Rated,3,5,Not Rated,Not Rated,Not Rated,Not Rated,4,0,0.111, ,Not Rated,Optional,No,No,582,6,1,2010/CHEVROLET/COBALT/2010 Chevrolet Cobalt 4-DR w_SAB.png
5683,2010,CHEVROLET,COBALT,2010 Chevrolet Cobalt 2-DR  w/SAB,,Not Rated,Not Rated,4,5,Not Rated,4,4,Not Rated,Not Rated,Not Rated,Not Rated,4,0,0.109, ,Not Rated,Optional,No,No,582,6,1,2010/CHEVROLET/COBALT/2010 Chevrolet Cobalt 2-DR  w_SAB.png
5686,2010,CHEVROLET,COLORADO CREW CAB,2010 Chevrolet Colorado Crew Cab 4-DR. w/SAB,,Not Rated,Not Rated,5,5,Not Rated,3,5,Not Rated,Not Rated,Not Rated,4,4,0.179,0.185,No Tip,Not Rated,Standard,No,No,28,2,0,2010/CHEVROLET/COLORADO CREW CAB/2010 Chevrolet Colorado Crew Cab 4-DR. w_SAB.png
5685,2010,CHEVROLET,COLORADO EXTENDED CAB,2010 Chevrolet Colorado Extended Cab w/SAB  (Early release),,Not Rated,Not Rated,4,4,Not Rated,3,Not Rated,Not Rated,Not Rated,Not Rated,4,4,0.179,0.185,No Tip,Not Rated,Standard,No,No,28,2,0,2010/CHEVROLET/COLORADO EXTENDED CAB/2010 Chevrolet Colorado Extended Cab w_SAB  (Early release).png
5881,2010,CHEVROLET,COLORADO EXTENDED CAB,2010 Chevrolet Colorado Extended Cab w/SAB (Later release),,Not Rated,Not Rated,4,4,Not Rated,4,Not Rated,Not Rated,Not Rated,Not Rated,4,4,0.179,0.185,No Tip,Not Rated,Standard,No,No,28,2,0,2010/CHEVROLET/COLORADO EXTENDED CAB/2010 Chevrolet Colorado Extended Cab w_SAB (Later release).png
5684,2010,CHEVROLET,COLORADO REGULAR CAB,2010 Chevrolet Colorado Regular Cab w/SAB  (Early release),,Not Rated,Not Rated,4,4,Not Rated,3,Not Rated,Not Rated,Not Rated,Not Rated,4,4,0.179,0.185,No Tip,Not Rated,Standard,No,No,28,2,0,2010/CHEVROLET/COLORADO REGULAR CAB/2010 Chevrolet Colorado Regular Cab w_SAB  (Early release).png
5882,2010,CHEVROLET,COLORADO REGULAR CAB,2010 Chevrolet Colorado Regular Cab w/SAB (Later release),,Not Rated,Not Rated,4,4,Not Rated,4,Not Rated,Not Rated,Not Rated,Not Rated,4,4,0.179,0.185,No Tip,Not Rated,Standard,No,No,28,2,0,2010/CHEVROLET/COLORADO REGULAR CAB/2010 Chevrolet Colorado Regular Cab w_SAB (Later release).png
5687,2010,CHEVROLET,CORVETTE,2010 Chevrolet Corvette 2-DR Convertible w/SAB,,Not Rated,Not Rated,Not Rated,Not Rated,Not Rated,Not Rated,Not Rated,Not Rated,Not Rated,Not Rated,Not Rated,Not Rated,0,0, ,Not Rated,Standard,No,No,84,0,0,2010/CHEVROLET/CORVETTE/2010 Chevrolet Corvette 2-DR Convertible w_SAB.png
5688,2010,CHEVROLET,CORVETTE,2010 Chevrolet Corvette 2-DR w/SAB,,Not Rated,Not Rated,Not Rated,Not Rated,Not Rated,Not Rated,Not Rated,Not Rated,Not Rated,Not Rated,Not Rated,Not Rated,0,0, ,Not Rated,Standard,No,No,84,0,0,2010/CHEVROLET/CORVETTE/2010 Chevrolet Corvette 2-DR w_SAB.png
5689,2010,CHEVROLET,CORVETTE Z06,2010 Chevrolet Corvette Z06 2-DR w/SAB,,Not Rated,Not Rated,Not Rated,Not Rated,Not Rated,Not Rated,Not Rated,Not Rated,Not Rated,Not Rated,Not Rated,Not Rated,0,0, ,Not Rated,Standard,No,No,84,0,0,2010/CHEVROLET/CORVETTE Z06/2010 Chevrolet Corvette Z06 2-DR w_SAB.png
5690,2010,CHEVROLET,CORVETTE ZR1,2010 Chevrolet Corvette ZR1 2-DR w/SAB,,Not Rated,Not Rated,Not Rated,Not Rated,Not Rated,Not Rated,Not Rated,Not Rated,Not Rated,Not Rated,Not Rated,Not Rated,0,0, ,Not Rated,Standard,No,No,84,0,0,2010/CHEVROLET/CORVETTE ZR1/2010 Chevrolet Corvette ZR1 2-DR w_SAB.png
5691,2010,CHEVROLET,EQUINOX,2010 Chevrolet Equinox 4-DR. w/SAB,,Not Rated,Not Rated,5,5,Not Rated,5,5,Not Rated,Not Rated,Not Rated,4,4,0.174,0.191,No Tip,Not Rated,Standard,No,No,784,3,3,2010/CHEVROLET/EQUINOX/2010 Chevrolet Equinox 4-DR. w_SAB.png
5692,2010,CHEVROLET,EXPRESS 1500 CARGO,2010 Chevrolet Express 1500 Cargo Van w/SAB,,Not Rated,Not Rated,5,5,Not Rated,Not Rated,Not Rated,Not Rated,Not Rated,Not Rated,Not Rated,Not Rated,0,0, ,Not Rated,No,No,No,19,5,0,2010/CHEVROLET/EXPRESS 1500 CARGO/2010 Chevrolet Express 1500 Cargo Van w_SAB.png
5693,2010,CHEVROLET,EXPRESS 1500 PASSENGER,2010 Chevrolet Express 1500 Passenger Van w/SAB,,Not Rated,Not Rated,5,5,Not Rated,Not Rated,Not Rated,Not Rated,Not Rated,Not Rated,3,3,0.228,0.279,No Tip,Not Rated,Standard,No,No,19,5,0,2010/CHEVROLET/EXPRESS 1500 PASSENGER/2010 Chevrolet Express 1500 Passenger Van w_SAB.png
5694,2010,CHEVROLET,EXPRESS 2500 12 PASSENGER,2010 Chevrolet Express 2500 12 Passenger Van w/SAB,,Not Rated,Not Rated,Not Rated,Not Rated,Not Rated,Not Rated,Not Rated,Not Rated,Not Rated,Not Rated,Not Rated,3,0,0.292, ,Not Rated,Standard,No,No,22,5,0,2010/CHEVROLET/EXPRESS 2500 12 PASSENGER/2010 Chevrolet Express 2500 12 Passenger Van w_SAB.png
5695,2010,CHEVROLET,EXPRESS 3500 12 PASSENGER,2010 Chevrolet Express Van 3500 12 Passenger Van w/SAB,,Not Rated,Not Rated,Not Rated,Not Rated,Not Rated,Not Rated,Not Rated,Not Rated,Not Rated,Not Rated,Not Rated,3,0,0.292, ,Not Rated,Standard,No,No,19,6,0,2010/CHEVROLET/EXPRESS 3500 12 PASSENGER/2010 Chevrolet Express Van 3500 12 Passenger Van w_SAB.png
5696,2010,CHEVROLET,EXPRESS 3500 15 PASSENGER,2010 Chevrolet Express Van 3500 15 Passenger Van w/SAB,,Not Rated,Not Rated,Not Rated,Not Rated,Not Rated,Not Rated,Not Rated,Not Rated,Not Rated,Not Rated,Not Rated,3,0,0.279, ,Not Rated,Standard,No,No,19,6,0,2010/CHEVROLET/EXPRESS 3500 15 PASSENGER/2010 Chevrolet Express Van 3500 15 Passenger Van w_SAB.png
5697,2010,CHEVROLET,HHR,2010 Chevrolet HHR 2-DR. Panel Truck w/SAB,,Not Rated,Not Rated,5,5,Not Rated,5,Not Rated,Not Rated,Not Rated,Not Rated,Not Rated,Not Rated,0,0, ,Not Rated,Standard,No,No,515,4,0,2010/CHEVROLET/HHR/2010 Chevrolet HHR 2-DR. Panel Truck w_SAB.png
5698,2010,CHEVROLET,HHR,2010 Chevrolet HHR 4-DR. w/SAB,,Not Rated,Not Rated,5,5,Not Rated,5,5,Not Rated,Not Rated,Not Rated,Not Rated,4,0,0.143, ,Not Rated,Standard,No,No,515,4,0,2010/CHEVROLET/HHR/2010 Chevrolet HHR 4-DR. w_SAB.png
5699,2010,CHEVROLET,IMPALA,2010 Chevrolet Impala 4-DR w/SAB,,Not Rated,Not Rated,5,5,Not Rated,5,4,Not Rated,Not Rated,Not Rated,Not Rated,4,0,0.113, ,Not Rated,Standard,No,No,441,4,0,2010/CHEVROLET/IMPALA/2010 Chevrolet Impala 4-DR w_SAB.png
5700,2010,CHEVROLET,MALIBU,2010 Chevrolet Malibu 4-DR w/SAB,,Not Rated,Not Rated,5,5,Not Rated,5,5,Not Rated,Not Rated,Not Rated,Not Rated,4,0,0.109, ,Not Rated,Standard,No,No,1356,4,0,2010/CHEVROLET/MALIBU/2010 Chevrolet Malibu 4-DR w_SAB.png
5708,2010,CHEVROLET,SILVERADO 1500 CREW CAB,2010 Chevrolet Silverado 1500 Crew Cab 4-DR. w/SAB,,Not Rated,Not Rated,5,5,Not Rated,Not Rated,Not Rated,Not Rated,Not Rated,Not Rated,4,4,0.185,0.191,No Tip,Not Rated,Standard,No,No,421,4,2,2010/CHEVROLET/SILVERADO 1500 CREW CAB/2010 Chevrolet Silverado 1500 Crew Cab 4-DR. w_SAB.png
5709,2010,CHEVROLET,SILVERADO 1500 EXTENDED CAB,2010 Chevrolet Silverado 1500 Extended Cab w/SAB,,Not Rated,Not Rated,5,5,Not Rated,Not Rated,Not Rated,Not Rated,Not Rated,Not Rated,4,4,0.185,0.191,No Tip,Not Rated,Standard,No,No,421,4,2,2010/CHEVROLET/SILVERADO 1500 EXTENDED CAB/2010 Chevrolet Silverado 1500 Extended Cab w_SAB.png
5710,2010,CHEVROLET,SILVERADO 1500 HYBRID,2010 Chevrolet Silverado 1500 4-DR. Hybrid w/SAB,,Not Rated,Not Rated,5,5,Not Rated,Not Rated,Not Rated,Not Rated,Not Rated,Not Rated,4,4,0.185,0.191,No Tip,Not Rated,Standard,No,No,421,4,2,2010/CHEVROLET/SILVERADO 1500 HYBRID/2010 Chevrolet Silverado 1500 4-DR. Hybrid w_SAB.png
5707,2010,CHEVROLET,SILVERADO 1500 REGULAR CAB,2010 Chevrolet Silverado 1500 Regular Cab w/SAB,,Not Rated,Not Rated,5,5,Not Rated,Not Rated,Not Rated,Not Rated,Not Rated,Not Rated,4,4,0.185,0.191,No Tip,Not Rated,Standard,No,No,421,4,2,2010/CHEVROLET/SILVERADO 1500 REGULAR CAB/2010 Chevrolet Silverado 1500 Regular Cab w_SAB.png
5701,2010,CHEVROLET,SILVERADO 2500 CREW CAB,2010 Chevrolet Silverado 2500 Crew Cab 4-DR.,,Not Rated,Not Rated,Not Rated,Not Rated,Not Rated,Not Rated,Not Rated,Not Rated,Not Rated,Not Rated,4,3,0.191,0.204,No Tip,Not Rated,Standard,No,No,83,6,1,2010/CHEVROLET/SILVERADO 2500 CREW CAB/2010 Chevrolet Silverado 2500 Crew Cab 4-DR..png
5704,2010,CHEVROLET,SILVERADO 2500 EXTENDED CAB,2010 Chevrolet Silverado 2500 Extended Cab,,Not Rated,Not Rated,Not Rated,Not Rated,Not Rated,Not Rated,Not Rated,Not Rated,Not Rated,Not Rated,4,3,0.191,0.204,No Tip,Not Rated,Standard,No,No,83,6,1,2010/CHEVROLET/SILVERADO 2500 EXTENDED CAB/2010 Chevrolet Silverado 2500 Extended Cab.png
5705,2010,CHEVROLET,SILVERADO 2500 REGULAR CAB,2010 Chevrolet Silverado 2500 Regular Cab,,Not Rated,Not Rated,Not Rated,Not Rated,Not Rated,Not Rated,Not Rated,Not Rated,Not Rated,Not Rated,4,3,0.191,0.204,No Tip,Not Rated,Standard,No,No,83,6,1,2010/CHEVROLET/SILVERADO 2500 REGULAR CAB/2010 Chevrolet Silverado 2500 Regular Cab.png
5703,2010,CHEVROLET,SILVERADO 3500 CREW CAB,2010 Chevrolet Silverado 3500  Crew Cab4-DR.,,Not Rated,Not Rated,Not Rated,Not Rated,Not Rated,Not Rated,Not Rated,Not Rated,Not Rated,Not Rated,Not Rated,Not Rated,0,0, ,Not Rated,No,No,No,64,6,1,2010/CHEVROLET/SILVERADO 3500 CREW CAB/2010 Chevrolet Silverado 3500  Crew Cab4-DR..png
5702,2010,CHEVROLET,SILVERADO 3500 EXTENDED CAB,2010 Chevrolet Silverado 3500 Extended Cab,,Not Rated,Not Rated,Not Rated,Not Rated,Not Rated,Not Rated,Not Rated,Not Rated,Not Rated,Not Rated,Not Rated,Not Rated,0,0, ,Not Rated,No,No,No,64,6,1,2010/CHEVROLET/SILVERADO 3500 EXTENDED CAB/2010 Chevrolet Silverado 3500 Extended Cab.png
5706,2010,CHEVROLET,SILVERADO 3500 REGULAR CAB,2010 Chevrolet Silverado 3500 Regular Cab,,Not Rated,Not Rated,Not Rated,Not Rated,Not Rated,Not Rated,Not Rated,Not Rated,Not Rated,Not Rated,Not Rated,Not Rated,0,0, ,Not Rated,No,No,No,64,6,1,2010/CHEVROLET/SILVERADO 3500 REGULAR CAB/2010 Chevrolet Silverado 3500 Regular Cab.png
5711,2010,CHEVROLET,SUBURBAN 1500,2010 Chevrolet Suburban 1500 4-DR. w/SAB,,Not Rated,Not Rated,5,5,Not Rated,Not Rated,Not Rated,Not Rated,Not Rated,Not Rated,3,3,0.237,0.237,No Tip,Not Rated,Standard,No,No,170,4,1,2010/CHEVROLET/SUBURBAN 1500/2010 Chevrolet Suburban 1500 4-DR. w_SAB.png
5712,2010,CHEVROLET,SUBURBAN 2500,2010 Chevrolet Suburban 2500 4-DR. w/SAB,,Not Rated,Not Rated,Not Rated,Not Rated,Not Rated,Not Rated,Not Rated,Not Rated,Not Rated,Not Rated,Not Rated,Not Rated,0,0, ,Not Rated,Standard,No,No,122,4,1,2010/CHEVROLET/SUBURBAN 2500/2010 Chevrolet Suburban 2500 4-DR. w_SAB.png
5713,2010,CHEVROLET,TAHOE,2010 Chevrolet Tahoe 4-DR. w/SAB,,Not Rated,Not Rated,5,5,Not Rated,Not Rated,Not Rated,Not Rated,Not Rated,Not Rated,3,3,0.228,0.246,No Tip,Not Rated,Standard,No,No,319,5,3,2010/CHEVROLET/TAHOE/2010 Chevrolet Tahoe 4-DR. w_SAB.png
5714,2010,CHEVROLET,TAHOE HYBRID,2010 Chevrolet Tahoe Hybrid 4-DR. w/SAB,,Not Rated,Not Rated,5,5,Not Rated,5,5,Not Rated,Not Rated,Not Rated,3,3,0.228,0.246,No Tip,Not Rated,Standard,No,No,319,5,3,2010/CHEVROLET/TAHOE HYBRID/2010 Chevrolet Tahoe Hybrid 4-DR. w_SAB.png
5715,2010,CHEVROLET,TRAVERSE,2010 Chevrolet Traverse 4-DR. w/SAB,,Not Rated,Not Rated,5,5,Not Rated,5,5,Not Rated,Not Rated,Not Rated,4,4,0.155,0.169,No Tip,Not Rated,Standard,No,No,668,5,2,2010/CHEVROLET/TRAVERSE/2010 Chevrolet Traverse 4-DR. w_SAB.png
5641,2010,CHRYSLER,300,2010 Chrysler 300 4-DR w/SAB,,Not Rated,Not Rated,5,5,Not Rated,5,5,Not Rated,Not Rated,Not Rated,4,4,0,0.109, ,Not Rated,Optional,No,No,137,7,1,2010/CHRYSLER/300/2010 Chrysler 300 4-DR w_SAB.png
5859,2010,CHRYSLER,PT CRUISER,2010 Chrysler PT Cruiser 4-DR. w/SAB,,Not Rated,Not Rated,4,4,Not Rated,4,5,Not Rated,Not Rated,Not Rated,Not Rated,4,0,0.136, ,Not Rated,No,No,No,22,0,0,2010/CHRYSLER/PT CRUISER/2010 Chrysler PT Cruiser 4-DR. w_SAB.png
5642,2010,CHRYSLER,SEBRING,2010 Chrysler Sebring Convertible w/SAB,,Not Rated,Not Rated,4,5,Not Rated,5,5,Not Rated,Not Rated,Not Rated,Not Rated,4,0,0.116, ,Not Rated,Optional,No,No,104,3,0,2010/CHRYSLER/SEBRING/2010 Chrysler Sebring Convertible w_SAB.png
5643,2010,CHRYSLER,SEBRING,2010 Chrysler Sebring 4-DR. w/SAB,,Not Rated,Not Rated,5,5,Not Rated,5,4,Not Rated,Not Rated,Not Rated,Not Rated,4,0,0.113, ,Not Rated,Optional,No,No,104,3,0,2010/CHRYSLER/SEBRING/2010 Chrysler Sebring 4-DR. w_SAB.png
5644,2010,CHRYSLER,TOWN & COUNTRY,2010 Chrysler Town & Country w/SAB,,Not Rated,Not Rated,5,5,Not Rated,5,5,Not Rated,Not Rated,Not Rated,Not Rated,4,0,0.164, ,Not Rated,Standard,No,No,1554,5,2,2010/CHRYSLER/TOWN & COUNTRY/2010 Chrysler Town & Country w_SAB.png
5624,2010,DODGE,AVENGER,2010 Dodge Avenger 4DR. w/SAB,,Not Rated,Not Rated,5,5,Not Rated,5,4,Not Rated,Not Rated,Not Rated,Not Rated,4,0,0.118, ,Not Rated,Optional,No,No,162,3,0,2010/DODGE/AVENGER/2010 Dodge Avenger 4DR. w_SAB.png
5625,2010,DODGE,CALIBER,2010 Dodge Caliber 4-DR. w/SAB,,Not Rated,Not Rated,5,5,Not Rated,5,5,Not Rated,Not Rated,Not Rated,Not Rated,4,0,0.155, ,Not Rated,Optional,No,No,157,2,1,2010/DODGE/CALIBER/2010 Dodge Caliber 4-DR. w_SAB.png
5626,2010,DODGE,CHALLENGER,2010 Dodge Challenger 2-DR. w/SAB,,Not Rated,Not Rated,5,5,Not Rated,5,5,Not Rated,Not Rated,Not Rated,Not Rated,4,0,0.111, ,Not Rated,Optional,No,No,298,7,1,2010/DODGE/CHALLENGER/2010 Dodge Challenger 2-DR. w_SAB.png
5627,2010,DODGE,CHARGER,2010 Dodge Charger 4-DR. w/SAB,,Not Rated,Not Rated,5,5,Not Rated,5,5,Not Rated,Not Rated,Not Rated,4,4,0.109,0.109,No Tip,Not Rated,Optional,No,No,237,6,1,2010/DODGE/CHARGER/2010 Dodge Charger 4-DR. w_SAB.png
5628,2010,DODGE,DAKOTA CREW CAB,2010 Dodge Dakota Crew 4-DR.,,Not Rated,Not Rated,5,5,Not Rated,5,5,Not Rated,Not Rated,Not Rated,4,4,0.179,0.191,No Tip,Not Rated,No,No,No,35,7,1,2010/DODGE/DAKOTA CREW CAB/2010 Dodge Dakota Crew 4-DR..png
5629,2010,DODGE,DAKOTA EXTENDED CAB,2010 Dodge Dakota Extended Cab,,Not Rated,Not Rated,5,5,Not Rated,5,Not Rated,Not Rated,Not Rated,Not Rated,4,4,0.179,0.191,No Tip,Not Rated,No,No,No,35,7,1,2010/DODGE/DAKOTA EXTENDED CAB/2010 Dodge Dakota Extended Cab.png
5630,2010,DODGE,GRAND CARAVAN,2010 Dodge Grand Caravan w/SAB,,Not Rated,Not Rated,5,5,Not Rated,5,5,Not Rated,Not Rated,Not Rated,Not Rated,4,0,0.164, ,Not Rated,Standard,No,No,1038,8,3,2010/DODGE/GRAND CARAVAN/2010 Dodge Grand Caravan w_SAB.png
5885,2010,DODGE,GRAND CARAVAN CARGO,2010 Dodge Grand Caravan Cargo Van,,Not Rated,Not Rated,5,5,Not Rated,Not Rated,Not Rated,Not Rated,Not Rated,Not Rated,Not Rated,Not Rated,0,0, ,Not Rated,Standard,No,No,1038,8,3,2010/DODGE/GRAND CARAVAN CARGO/2010 Dodge Grand Caravan Cargo Van.png
5631,2010,DODGE,JOURNEY,2010 Dodge Journey 4-DR. w/SAB,,Not Rated,Not Rated,5,5,Not Rated,5,5,Not Rated,Not Rated,Not Rated,4,4,0.179,0.185,No Tip,Not Rated,Standard,No,No,1081,4,4,2010/DODGE/JOURNEY/2010 Dodge Journey 4-DR. w_SAB.png
5632,2010,DODGE,NITRO,2010 Dodge Nitro 4-DR. w/SAB,,Not Rated,Not Rated,5,5,Not Rated,5,5,Not Rated,Not Rated,Not Rated,3,3,0.219,0.228,No Tip,Not Rated,Standard,No,No,78,3,3,2010/DODGE/NITRO/2010 Dodge Nitro 4-DR. w_SAB.png
5635,2010,DODGE,RAM 1500 CREW CAB,2010 Dodge Ram 1500 4-DR. Crew Cab w/SAB,,Not Rated,Not Rated,5,5,Not Rated,Not Rated,Not Rated,Not Rated,Not Rated,Not Rated,3,4,0.219,0.198,No Tip,Not Rated,Standard,No,No,28,5,2,2010/DODGE/RAM 1500 CREW CAB/2010 Dodge Ram 1500 4-DR. Crew Cab w_SAB.png
5633,2010,DODGE,RAM 1500 QUAD CAB,2010 Dodge Ram 1500 4-DR. Quad Cab w/SAB,,Not Rated,Not Rated,5,5,Not Rated,Not Rated,Not Rated,Not Rated,Not Rated,Not Rated,3,4,0.219,0.198,No Tip,Not Rated,Standard,No,No,28,5,2,2010/DODGE/RAM 1500 QUAD CAB/2010 Dodge Ram 1500 4-DR. Quad Cab w_SAB.png
5634,2010,DODGE,RAM 1500 REGULAR CAB,2010 Dodge Ram 1500 Regular Cab w/SAB,,Not Rated,Not Rated,5,5,Not Rated,Not Rated,Not Rated,Not Rated,Not Rated,Not Rated,3,4,0.219,0.198,No Tip,Not Rated,Standard,No,No,28,5,2,2010/DODGE/RAM 1500 REGULAR CAB/2010 Dodge Ram 1500 Regular Cab w_SAB.png
5638,2010,DODGE,RAM 2500,2010 Dodge Ram 2500 Extended Cab w/SAB,,Not Rated,Not Rated,Not Rated,Not Rated,Not Rated,Not Rated,Not Rated,Not Rated,Not Rated,Not Rated,3,4,0.237,0.155,No Tip,Not Rated,No,No,No,27,5,2,2010/DODGE/RAM 2500/2010 Dodge Ram 2500 Extended Cab w_SAB.png
5637,2010,DODGE,RAM 2500 MEGA CAB,2010 Dodge Ram 2500 4-DR. Mega Cab w/SAB,,Not Rated,Not Rated,Not Rated,Not Rated,Not Rated,Not Rated,Not Rated,Not Rated,Not Rated,Not Rated,3,4,0.237,0.155,No Tip,Not Rated,No,No,No,27,5,2,2010/DODGE/RAM 2500 MEGA CAB/2010 Dodge Ram 2500 4-DR. Mega Cab w_SAB.png
5636,2010,DODGE,RAM 2500 REGULAR CAB,2010 Dodge Ram 2500 Regular Cab w/SAB,,Not Rated,Not Rated,Not Rated,Not Rated,Not Rated,Not Rated,Not Rated,Not Rated,Not Rated,Not Rated,3,4,0.237,0.155,No Tip,Not Rated,No,No,No,27,5,2,2010/DODGE/RAM 2500 REGULAR CAB/2010 Dodge Ram 2500 Regular Cab w_SAB.png
5639,2010,DODGE,VIPER,2010 Dodge Viper 2-DR.,,Not Rated,Not Rated,Not Rated,Not Rated,Not Rated,Not Rated,Not Rated,Not Rated,Not Rated,Not Rated,Not Rated,Not Rated,0,0, ,Not Rated,No,No,No,1,0,1,2010/DODGE/VIPER/2010 Dodge Viper 2-DR..png
5640,2010,DODGE,VIPER ROADSTER,2010 Dodge Viper Roadster,,Not Rated,Not Rated,Not Rated,Not Rated,Not Rated,Not Rated,Not Rated,Not Rated,Not Rated,Not Rated,Not Rated,Not Rated,0,0, ,Not Rated,No,No,No,0,0,1,2010/DODGE/VIPER ROADSTER/2010 Dodge Viper Roadster.png
5554,2010,FORD,CROWN VICTORIA,2010 Ford Crown Victoria 4-DR. 4-DR. w/SAB,,Not Rated,Not Rated,5,5,Not Rated,5,5,Not Rated,Not Rated,Not Rated,Not Rated,5,0,0.09, ,Not Rated,No,No,No,12,2,0,2010/FORD/CROWN VICTORIA/2010 Ford Crown Victoria 4-DR. 4-DR. w_SAB.png
5555,2010,FORD,E-150 (WAGON),2010 Ford E-150 Passenger Wagon,,Not Rated,Not Rated,Not Rated,Not Rated,Not Rated,Not Rated,Not Rated,Not Rated,Not Rated,Not Rated,Not Rated,3,0,0.279, ,Not Rated,Standard,No,No,10,9,0,2010/FORD/E-150 (WAGON)/2010 Ford E-150 Passenger Wagon.png
5556,2010,FORD,E-350 12 PASSENGER,2010 Ford E-350 12 Passenger Wagon,,Not Rated,Not Rated,Not Rated,Not Rated,Not Rated,Not Rated,Not Rated,Not Rated,Not Rated,Not Rated,Not Rated,3,0,0.279, ,Not Rated,Standard,No,No,17,18,0,2010/FORD/E-350 12 PASSENGER/2010 Ford E-350 12 Passenger Wagon.png
5557,2010,FORD,E-350 15 PASSENGER,2010 Ford E-350 15 Passenger Wagon,,Not Rated,Not Rated,Not Rated,Not Rated,Not Rated,Not Rated,Not Rated,Not Rated,Not Rated,Not Rated,Not Rated,2,0,0.306, ,Not Rated,Standard,No,No,17,18,0,2010/FORD/E-350 15 PASSENGER/2010 Ford E-350 15 Passenger Wagon.png
5558,2010,FORD,EDGE,2010 Ford Edge 4-DR. w/SAB,,Not Rated,Not Rated,5,4,Not Rated,5,5,Not Rated,Not Rated,Not Rated,4,4,0.14,0.159,No Tip,Not Rated,Standard,No,No,672,7,0,2010/FORD/EDGE/2010 Ford Edge 4-DR. w_SAB.png
5559,2010,FORD,ESCAPE,2010 Ford Escape 4-DR. w/SAB,,Not Rated,Not Rated,5,5,Not Rated,5,5,Not Rated,Not Rated,Not Rated,3,3,0.204,0.237,No Tip,Not Rated,Standard,No,No,2121,5,5,2010/FORD/ESCAPE/2010 Ford Escape 4-DR. w_SAB.png
5560,2010,FORD,ESCAPE HYBRID,2010 Ford Escape Hybrid 4-DR. w/SAB,,Not Rated,Not Rated,5,5,Not Rated,5,5,Not Rated,Not Rated,Not Rated,3,3,0.204,0.228,No Tip,Not Rated,Standard,No,No,2121,5,5,2010/FORD/ESCAPE HYBRID/2010 Ford Escape Hybrid 4-DR. w_SAB.png
5562,2010,FORD,EXPEDITION,2010 Ford Expedition Extended 4-DR. w/SAB,,Not Rated,Not Rated,5,5,Not Rated,5,5,Not Rated,Not Rated,Not Rated,4,3,0.198,0.212,No Tip,Not Rated,Standard,No,No,58,0,0,2010/FORD/EXPEDITION/2010 Ford Expedition Extended 4-DR. w_SAB.png
5561,2010,FORD,EXPEDITION EXTENDED,2010 Ford Expedition 4-DR. w/SAB,,Not Rated,Not Rated,5,5,Not Rated,5,5,Not Rated,Not Rated,Not Rated,4,3,0.198,0.212,No Tip,Not Rated,Standard,No,No,58,0,0,2010/FORD/EXPEDITION EXTENDED/2010 Ford Expedition 4-DR. w_SAB.png
5563,2010,FORD,EXPLORER,2010 Ford Explorer 4-DR. w/SAB,,Not Rated,Not Rated,5,5,Not Rated,5,5,Not Rated,Not Rated,Not Rated,3,3,0.228,0.237,No Tip,Not Rated,Standard,No,No,115,2,1,2010/FORD/EXPLORER/2010 Ford Explorer 4-DR. w_SAB.png
5564,2010,FORD,EXPLORER SPORT TRAC,2010 Ford Explorer Sport Trac 4-DR. w/SAB,,Not Rated,Not Rated,5,5,Not Rated,5,5,Not Rated,Not Rated,Not Rated,4,3,0.198,0.219,No Tip,Not Rated,Standard,No,No,30,1,1,2010/FORD/EXPLORER SPORT TRAC/2010 Ford Explorer Sport Trac 4-DR. w_SAB.png
5565,2010,FORD,F-150 EXTENDED CAB,2010 Ford F-150 Super Crew 4-DR. w/SAB,,Not Rated,Not Rated,5,5,Not Rated,5,5,Not Rated,Not Rated,Not Rated,3,4,0.228,0.198,No Tip,Not Rated,Standard,No,No,838,1,0,2010/FORD/F-150 EXTENDED CAB/2010 Ford F-150 Super Crew 4-DR. w_SAB.png
5567,2010,FORD,F-150 REGULAR CAB,2010 Ford F-150 Regular Cab w/SAB,,Not Rated,Not Rated,5,5,Not Rated,5,Not Rated,Not Rated,Not Rated,Not Rated,3,4,0.228,0.198,No Tip,Not Rated,Standard,No,No,838,1,0,2010/FORD/F-150 REGULAR CAB/2010 Ford F-150 Regular Cab w_SAB.png
5566,2010,FORD,F-150 SUPERCAB,2010 Ford F-150 Supercab w/SAB,,Not Rated,Not Rated,5,5,Not Rated,5,5,Not Rated,Not Rated,Not Rated,3,4,0.228,0.198,No Tip,Not Rated,Standard,No,No,846,1,0,2010/FORD/F-150 SUPERCAB/2010 Ford F-150 Supercab w_SAB.png
5570,2010,FORD,F-250 REGULAR CAB,2010 Ford F-250 Regular Cab,,Not Rated,Not Rated,Not Rated,Not Rated,Not Rated,Not Rated,Not Rated,Not Rated,Not Rated,Not Rated,3,4,0.237,0.191,No Tip,Not Rated,No,No,No,105,1,0,2010/FORD/F-250 REGULAR CAB/2010 Ford F-250 Regular Cab.png
5569,2010,FORD,F-250 SUPERCAB,2010 Ford F-250 Supercab,,Not Rated,Not Rated,Not Rated,Not Rated,Not Rated,Not Rated,Not Rated,Not Rated,Not Rated,Not Rated,3,4,0.237,0.191,No Tip,Not Rated,No,No,No,113,1,0,2010/FORD/F-250 SUPERCAB/2010 Ford F-250 Supercab.png
5568,2010,FORD,F-250 SUPERCREW,2010 Ford F-250 Supercrew 4-DR.,,Not Rated,Not Rated,Not Rated,Not Rated,Not Rated,Not Rated,Not Rated,Not Rated,Not Rated,Not Rated,3,4,0.237,0.191,No Tip,Not Rated,No,No,No,113,1,0,2010/FORD/F-250 SUPERCREW/2010 Ford F-250 Supercrew 4-DR..png
5572,2010,FORD,F-350 REGULAR CAB,2010 Ford F-350 Regular Cab,,Not Rated,Not Rated,Not Rated,Not Rated,Not Rated,Not Rated,Not Rated,Not Rated,Not Rated,Not Rated,Not Rated,Not Rated,0,0, ,Not Rated,No,No,No,50,8,0,2010/FORD/F-350 REGULAR CAB/2010 Ford F-350 Regular Cab.png
5573,2010,FORD,F-350 SUPERCAB,2010 Ford F-350 Supercab,,Not Rated,Not Rated,Not Rated,Not Rated,Not Rated,Not Rated,Not Rated,Not Rated,Not Rated,Not Rated,Not Rated,Not Rated,0,0, ,Not Rated,No,No,No,60,11,0,2010/FORD/F-350 SUPERCAB/2010 Ford F-350 Supercab.png
5571,2010,FORD,F-350 SUPERCREW,2010 Ford F-350 Supercrew 4-DR.,,Not Rated,Not Rated,Not Rated,Not Rated,Not Rated,Not Rated,Not Rated,Not Rated,Not Rated,Not Rated,Not Rated,Not Rated,0,0, ,Not Rated,No,No,No,60,11,0,2010/FORD/F-350 SUPERCREW/2010 Ford F-350 Supercrew 4-DR..png
5574,2010,FORD,FLEX,2010 Ford Flex 4-DR. w/SAB,,Not Rated,Not Rated,5,5,Not Rated,5,5,Not Rated,Not Rated,Not Rated,4,4,0.151,0.164,No Tip,Not Rated,Standard,No,No,139,1,0,2010/FORD/FLEX/2010 Ford Flex 4-DR. w_SAB.png
5575,2010,FORD,FOCUS,2010 Ford Focus 4-DR. w/SAB,,Not Rated,Not Rated,4,4,Not Rated,5,4,Not Rated,Not Rated,Not Rated,Not Rated,4,0,0.13, ,Not Rated,Standard,No,No,286,0,0,2010/FORD/FOCUS/2010 Ford Focus 4-DR. w_SAB.png
5576,2010,FORD,FOCUS,2010 Ford Focus 2-DR. Hatchback w/SAB,,Not Rated,Not Rated,5,5,Not Rated,3,3,Not Rated,Not Rated,Not Rated,Not Rated,4,0,0.14, ,Not Rated,Standard,No,No,286,0,0,2010/FORD/FOCUS/2010 Ford Focus 2-DR. Hatchback w_SAB.png
5446,2010,FORD,FUSION,2010 Ford Fusion 4-DR. w/SAB,,Not Rated,Not Rated,5,5,Not Rated,5,4,Not Rated,Not Rated,Not Rated,5,4,0.092,0.105,No Tip,Not Rated,Standard,No,No,5113,13,9,2010/FORD/FUSION/2010 Ford Fusion 4-DR. w_SAB.png
5453,2010,FORD,FUSION HYBRID,2010 Ford Fusion Hybrid 4-DR. w/SAB,,Not Rated,Not Rated,5,5,Not Rated,5,4,Not Rated,Not Rated,Not Rated,5,4,0.092,0.105,No Tip,Not Rated,Standard,No,No,788,0,5,2010/FORD/FUSION HYBRID/2010 Ford Fusion Hybrid 4-DR. w_SAB.png
5449,2010,FORD,MUSTANG,2010 Ford Mustang 2-DR w/SAB,,Not Rated,Not Rated,5,5,Not Rated,5,5,Not Rated,Not Rated,Not Rated,Not Rated,5,0,0.087, ,Not Rated,Standard,No,No,260,6,0,2010/FORD/MUSTANG/2010 Ford Mustang 2-DR w_SAB.png
5450,2010,FORD,MUSTANG,2010 Ford Mustang 2-DR Convertible w/SAB (Early Release),,Not Rated,Not Rated,5,5,Not Rated,5,4,Not Rated,Not Rated,Not Rated,Not Rated,5,0,0.087, ,Not Rated,Standard,No,No,260,6,0,2010/FORD/MUSTANG/2010 Ford Mustang 2-DR Convertible w_SAB (Early Release).png
5870,2010,FORD,MUSTANG,2010 Ford Mustang 2-DR Convertible w/SAB (Later Release),,Not Rated,Not Rated,5,5,Not Rated,5,5,Not Rated,Not Rated,Not Rated,Not Rated,5,0,0.087, ,Not Rated,Standard,No,No,260,6,0,2010/FORD/MUSTANG/2010 Ford Mustang 2-DR Convertible w_SAB (Later Release).png
5578,2010,FORD,RANGER REGULAR,2010 Ford Ranger Regular Cab w/SAB,,Not Rated,Not Rated,5,4,Not Rated,5,Not Rated,Not Rated,Not Rated,Not Rated,Not Rated,3,0,0.219, ,Not Rated,Standard,No,No,155,9,0,2010/FORD/RANGER REGULAR/2010 Ford Ranger Regular Cab w_SAB.png
5577,2010,FORD,RANGER SUPERCAB,2010 Ford Ranger Supercab 2-DR w/SAB,,Not Rated,Not Rated,5,4,Not Rated,5,Not Rated,Not Rated,Not Rated,Not Rated,3,3,0.267,0.219,No Tip,Not Rated,Standard,No,No,163,9,0,2010/FORD/RANGER SUPERCAB/2010 Ford Ranger Supercab 2-DR w_SAB.png
5874,2010,FORD,RANGER SUPERCAB,2010 Ford Ranger Supercab 4-DR  w/SAB,,Not Rated,Not Rated,5,4,Not Rated,5,Not Rated,Not Rated,Not Rated,Not Rated,3,3,0.267,0.219,No Tip,Not Rated,Standard,No,No,163,9,0,2010/FORD/RANGER SUPERCAB/2010 Ford Ranger Supercab 4-DR  w_SAB.png
5579,2010,FORD,TAURUS,2010 Ford Taurus 4-DR. w/SAB,,Not Rated,Not Rated,5,5,Not Rated,5,5,Not Rated,Not Rated,Not Rated,4,4,0.113,0.113,No Tip,Not Rated,Standard,Optional,No,202,3,0,2010/FORD/TAURUS/2010 Ford Taurus 4-DR. w_SAB.png
5880,2010,FORD,TRANSIT CONNECT VAN,2010 Ford Transit Connect Van,,Not Rated,Not Rated,5,4,Not Rated,5,Not Rated,Not Rated,Not Rated,Not Rated,Not Rated,Not Rated,0,0, ,Not Rated,Optional,No,No,42,1,0,2010/FORD/TRANSIT CONNECT VAN/2010 Ford Transit Connect Van.png
5587,2010,FORD,TRANSIT CONNECT WAGON,2010 Ford Transit Connect Wagon,,Not Rated,Not Rated,5,4,Not Rated,5,5,Not Rated,Not Rated,Not Rated,Not Rated,3,0,0.256, ,Not Rated,Optional,No,No,42,1,0,2010/FORD/TRANSIT CONNECT WAGON/2010 Ford Transit Connect Wagon.png
5855,2010,FREIGHTLINER,SPRINTER,2010 Freightliner Sprinter 2500 12-Passenger Wagon,,Not Rated,Not Rated,Not Rated,Not Rated,Not Rated,Not Rated,Not Rated,Not Rated,Not Rated,Not Rated,Not Rated,1,0,0, ,Not Rated,Standard,No,No,7,5,1,2010/FREIGHTLINER/SPRINTER/2010 Freightliner Sprinter 2500 12-Passenger Wagon.png
5717,2010,GMC,ACADIA,2010 GMC Acadia 4-DR. w/SAB,,Not Rated,Not Rated,5,5,Not Rated,5,5,Not Rated,Not Rated,Not Rated,4,4,0.155,0.169,No Tip,Not Rated,Standard,No,No,347,4,2,2010/GMC/ACADIA/2010 GMC Acadia 4-DR. w_SAB.png
5718,2010,GMC,CANYON CREW CAB,2010 GMC Canyon Crew Cab 4-DR. w/SAB,,Not Rated,Not Rated,5,5,Not Rated,3,5,Not Rated,Not Rated,Not Rated,4,4,0.179,0.185,No Tip,Not Rated,Standard,No,No,13,2,0,2010/GMC/CANYON CREW CAB/2010 GMC Canyon Crew Cab 4-DR. w_SAB.png
5720,2010,GMC,CANYON EXTENDED CAB,2010 GMC Canyon Extended Cab w/SAB (Early Release),,Not Rated,Not Rated,4,4,Not Rated,3,Not Rated,Not Rated,Not Rated,Not Rated,4,4,0.179,0.185,No Tip,Not Rated,Standard,No,No,13,2,0,2010/GMC/CANYON EXTENDED CAB/2010 GMC Canyon Extended Cab w_SAB (Early Release).png
5883,2010,GMC,CANYON EXTENDED CAB,2010 GMC Canyon Extended Cab w/SAB (Later release),,Not Rated,Not Rated,4,4,Not Rated,4,Not Rated,Not Rated,Not Rated,Not Rated,4,4,0.179,0.185,No Tip,Not Rated,Standard,No,No,13,2,0,2010/GMC/CANYON EXTENDED CAB/2010 GMC Canyon Extended Cab w_SAB (Later release).png
5719,2010,GMC,CANYON REGULAR CAB,2010 GMC Canyon Regular Cab w/SAB (Early Release),,Not Rated,Not Rated,4,4,Not Rated,3,Not Rated,Not Rated,Not Rated,Not Rated,4,4,0.179,0.185,No Tip,Not Rated,Standard,No,No,13,2,0,2010/GMC/CANYON REGULAR CAB/2010 GMC Canyon Regular Cab w_SAB (Early Release).png
5884,2010,GMC,CANYON REGULAR CAB,2010 GMC Canyon Regular Cab w/SAB (Later release),,Not Rated,Not Rated,4,4,Not Rated,4,Not Rated,Not Rated,Not Rated,Not Rated,4,4,0.179,0.185,No Tip,Not Rated,Standard,No,No,13,2,0,2010/GMC/CANYON REGULAR CAB/2010 GMC Canyon Regular Cab w_SAB (Later release).png
5724,2010,GMC,SAVANA 1500 CARGO,2010 GMC Savana 1500 Cargo  Van w/SAB,,Not Rated,Not Rated,5,5,Not Rated,Not Rated,Not Rated,Not Rated,Not Rated,Not Rated,Not Rated,Not Rated,0,0, ,Not Rated,No,No,No,5,4,0,2010/GMC/SAVANA 1500 CARGO/2010 GMC Savana 1500 Cargo  Van w_SAB.png
5725,2010,GMC,SAVANA 1500 PASSENGER,2010 GMC Savana 1500 Passenger Van w/SAB,,Not Rated,Not Rated,5,5,Not Rated,Not Rated,Not Rated,Not Rated,Not Rated,Not Rated,3,3,0.228,0.279,No Tip,Not Rated,Standard,No,No,5,4,0,2010/GMC/SAVANA 1500 PASSENGER/2010 GMC Savana 1500 Passenger Van w_SAB.png
5721,2010,GMC,SAVANA 2500 12 PASSENGER,2010 GMC Savana 2500 12 Passenger Van w/SAB,,Not Rated,Not Rated,Not Rated,Not Rated,Not Rated,Not Rated,Not Rated,Not Rated,Not Rated,Not Rated,Not Rated,3,0,0.292, ,Not Rated,Standard,No,No,4,4,0,2010/GMC/SAVANA 2500 12 PASSENGER/2010 GMC Savana 2500 12 Passenger Van w_SAB.png
5722,2010,GMC,SAVANA 3500 12 PASSENGER,2010 GMC Savana 3500 12 Passenger Van w/SAB,,Not Rated,Not Rated,Not Rated,Not Rated,Not Rated,Not Rated,Not Rated,Not Rated,Not Rated,Not Rated,Not Rated,3,0,0.292, ,Not Rated,Standard,No,No,4,4,0,2010/GMC/SAVANA 3500 12 PASSENGER/2010 GMC Savana 3500 12 Passenger Van w_SAB.png
5723,2010,GMC,SAVANA 3500 15 PASSENGER,2010 GMC Savana 3500 15 Passenger Van w/SAB,,Not Rated,Not Rated,Not Rated,Not Rated,Not Rated,Not Rated,Not Rated,Not Rated,Not Rated,Not Rated,Not Rated,3,0,0.279, ,Not Rated,Standard,No,No,4,4,0,2010/GMC/SAVANA 3500 15 PASSENGER/2010 GMC Savana 3500 15 Passenger Van w_SAB.png
5728,2010,GMC,SIERRA 1500 CREW CAB,2010 GMC Sierra 1500 Crew Cab 4-DR. w/SAB,,Not Rated,Not Rated,5,5,Not Rated,Not Rated,Not Rated,Not Rated,Not Rated,Not Rated,4,4,0.185,0.191,No Tip,Not Rated,Standard,No,No,215,5,2,2010/GMC/SIERRA 1500 CREW CAB/2010 GMC Sierra 1500 Crew Cab 4-DR. w_SAB.png
5727,2010,GMC,SIERRA 1500 EXTENDED CAB,2010 GMC Sierra 1500 Extended Cab w/SAB,,Not Rated,Not Rated,5,5,Not Rated,Not Rated,Not Rated,Not Rated,Not Rated,Not Rated,4,4,0.185,0.191,No Tip,Not Rated,Standard,No,No,215,5,2,2010/GMC/SIERRA 1500 EXTENDED CAB/2010 GMC Sierra 1500 Extended Cab w_SAB.png
5735,2010,GMC,SIERRA 1500 HYBRID,2010 GMC Sierra 1500 4-DR. Hybrid w/SAB,,Not Rated,Not Rated,5,5,Not Rated,Not Rated,Not Rated,Not Rated,Not Rated,Not Rated,4,4,0.185,0.191,No Tip,Not Rated,Standard,No,No,215,5,2,2010/GMC/SIERRA 1500 HYBRID/2010 GMC Sierra 1500 4-DR. Hybrid w_SAB.png
5726,2010,GMC,SIERRA 1500 REGULAR CAB,2010 GMC Sierra 1500 Regular Cab w/SAB,,Not Rated,Not Rated,5,5,Not Rated,Not Rated,Not Rated,Not Rated,Not Rated,Not Rated,4,4,0.185,0.191,No Tip,Not Rated,Standard,No,No,215,5,2,2010/GMC/SIERRA 1500 REGULAR CAB/2010 GMC Sierra 1500 Regular Cab w_SAB.png
5734,2010,GMC,SIERRA 2500 CREW CAB,2010 GMC Sierra 2500 Crew Cab 4-DR.,,Not Rated,Not Rated,Not Rated,Not Rated,Not Rated,Not Rated,Not Rated,Not Rated,Not Rated,Not Rated,4,3,0.191,0.204,No Tip,Not Rated,Standard,No,No,59,6,1,2010/GMC/SIERRA 2500 CREW CAB/2010 GMC Sierra 2500 Crew Cab 4-DR..png
5729,2010,GMC,SIERRA 2500 EXTENDED CAB,2010 GMC Sierra 2500 Extended Cab,,Not Rated,Not Rated,Not Rated,Not Rated,Not Rated,Not Rated,Not Rated,Not Rated,Not Rated,Not Rated,4,3,0.191,0.204,No Tip,Not Rated,Standard,No,No,44,6,1,2010/GMC/SIERRA 2500 EXTENDED CAB/2010 GMC Sierra 2500 Extended Cab.png
5730,2010,GMC,SIERRA 2500 REGULAR CAB,2010 GMC Sierra 2500 Regular Cab,,Not Rated,Not Rated,Not Rated,Not Rated,Not Rated,Not Rated,Not Rated,Not Rated,Not Rated,Not Rated,4,3,0.191,0.204,No Tip,Not Rated,Standard,No,No,44,6,1,2010/GMC/SIERRA 2500 REGULAR CAB/2010 GMC Sierra 2500 Regular Cab.png
5733,2010,GMC,SIERRA 3500 CREW CAB,2010 GMC Sierra 3500 Crew Cab 4-DR.,,Not Rated,Not Rated,Not Rated,Not Rated,Not Rated,Not Rated,Not Rated,Not Rated,Not Rated,Not Rated,Not Rated,Not Rated,0,0, ,Not Rated,No,No,No,36,6,1,2010/GMC/SIERRA 3500 CREW CAB/2010 GMC Sierra 3500 Crew Cab 4-DR..png
5731,2010,GMC,SIERRA 3500 EXTENDED CAB,2010 GMC Sierra 3500 Extended Cab,,Not Rated,Not Rated,Not Rated,Not Rated,Not Rated,Not Rated,Not Rated,Not Rated,Not Rated,Not Rated,Not Rated,Not Rated,0,0, ,Not Rated,No,No,No,36,6,1,2010/GMC/SIERRA 3500 EXTENDED CAB/2010 GMC Sierra 3500 Extended Cab.png
5732,2010,GMC,SIERRA 3500 REGULAR CAB,2010 GMC Sierra 3500 Regular Cab,,Not Rated,Not Rated,Not Rated,Not Rated,Not Rated,Not Rated,Not Rated,Not Rated,Not Rated,Not Rated,Not Rated,Not Rated,0,0, ,Not Rated,No,No,No,36,6,1,2010/GMC/SIERRA 3500 REGULAR CAB/2010 GMC Sierra 3500 Regular Cab.png
5740,2010,GMC,TERRAIN,2010 GMC Terrain 4-DR. w/SAB,,Not Rated,Not Rated,5,5,Not Rated,5,5,Not Rated,Not Rated,Not Rated,4,4,0.174,0.191,No Tip,Not Rated,Standard,No,No,294,3,3,2010/GMC/TERRAIN/2010 GMC Terrain 4-DR. w_SAB.png
5736,2010,GMC,YUKON,2010 GMC Yukon 4-DR. w/SAB,,Not Rated,Not Rated,5,5,Not Rated,Not Rated,Not Rated,Not Rated,Not Rated,Not Rated,3,3,0.228,0.246,No Tip,Not Rated,Standard,No,No,229,4,1,2010/GMC/YUKON/2010 GMC Yukon 4-DR. w_SAB.png
5737,2010,GMC,YUKON HYBRID,2010 GMC Yukon Hybrid 4-DR. w/SAB,,Not Rated,Not Rated,5,5,Not Rated,5,5,Not Rated,Not Rated,Not Rated,3,3,0.228,0.246,No Tip,Not Rated,Standard,No,No,107,4,2,2010/GMC/YUKON HYBRID/2010 GMC Yukon Hybrid 4-DR. w_SAB.png
5738,2010,GMC,YUKON XL 1500,2010 GMC Yukon XL  1500 4-DR. w/SAB,,Not Rated,Not Rated,5,5,Not Rated,Not Rated,Not Rated,Not Rated,Not Rated,Not Rated,3,3,0.237,0.237,No Tip,Not Rated,Standard,No,No,175,4,1,2010/GMC/YUKON XL 1500/2010 GMC Yukon XL  1500 4-DR. w_SAB.png
5739,2010,GMC,YUKON XL 2500,2010 GMC Yukon XL  2500 4-DR. w/SAB,,Not Rated,Not Rated,Not Rated,Not Rated,Not Rated,Not Rated,Not Rated,Not Rated,Not Rated,Not Rated,Not Rated,Not Rated,0,0, ,Not Rated,Standard,No,No,134,4,1,2010/GMC/YUKON XL 2500/2010 GMC Yukon XL  2500 4-DR. w_SAB.png
5831,2010,HONDA,ACCORD,2010 Honda Accord 4-DR. w/SAB,,Not Rated,Not Rated,5,5,Not Rated,5,3,Not Rated,Not Rated,Not Rated,Not Rated,5,0,0.095, ,Not Rated,Standard,No,No,578,13,1,2010/HONDA/ACCORD/2010 Honda Accord 4-DR. w_SAB.png
5832,2010,HONDA,ACCORD,2010 Honda Accord 2-DR. w/SAB,,Not Rated,Not Rated,5,5,Not Rated,4,5,Not Rated,Not Rated,Not Rated,Not Rated,5,0,0.097, ,Not Rated,Standard,No,No,578,13,1,2010/HONDA/ACCORD/2010 Honda Accord 2-DR. w_SAB.png
5856,2010,HONDA,ACCORD CROSSTOUR,2010 Honda Accord Crosstour 4-DR. w/SAB,,Not Rated,Not Rated,5,5,Not Rated,5,5,Not Rated,Not Rated,Not Rated,4,4,0.118,0.127,No Tip,Not Rated,Standard,No,No,638,14,1,2010/HONDA/ACCORD CROSSTOUR/2010 Honda Accord Crosstour 4-DR. w_SAB.png
5834,2010,HONDA,CIVIC,2010 Honda Civic 2-DR. w/SAB,,Not Rated,Not Rated,5,5,Not Rated,4,5,Not Rated,Not Rated,Not Rated,Not Rated,4,0,0.103, ,Not Rated,Optional,No,No,395,8,0,2010/HONDA/CIVIC/2010 Honda Civic 2-DR. w_SAB.png
5835,2010,HONDA,CIVIC,2010 Honda Civic 4-DR. w/SAB,,Not Rated,Not Rated,5,5,Not Rated,4,5,Not Rated,Not Rated,Not Rated,Not Rated,4,0,0.105, ,Not Rated,Optional,No,No,395,8,0,2010/HONDA/CIVIC/2010 Honda Civic 4-DR. w_SAB.png
5833,2010,HONDA,CIVIC CNG,2010 Honda Civic GX (CNG) 4-DR. w/SAB,,Not Rated,Not Rated,5,5,Not Rated,4,5,Not Rated,Not Rated,Not Rated,Not Rated,4,0,0.105, ,Not Rated,No,No,No,396,8,0,2010/HONDA/CIVIC CNG/2010 Honda Civic GX (CNG) 4-DR. w_SAB.png
5836,2010,HONDA,CIVIC HYBRID,2010 Honda Civic Hybrid 4-DR. w/SAB,,Not Rated,Not Rated,5,5,Not Rated,4,5,Not Rated,Not Rated,Not Rated,Not Rated,4,0,0.105, ,Not Rated,Standard,No,No,407,8,1,2010/HONDA/CIVIC HYBRID/2010 Honda Civic Hybrid 4-DR. w_SAB.png
5858,2010,HONDA,CR-V,2010 Honda CR-V w/SAB,,Not Rated,Not Rated,5,5,Not Rated,5,5,Not Rated,Not Rated,Not Rated,4,4,0.155,0.174,No Tip,Not Rated,Standard,No,No,477,15,0,2010/HONDA/CR-V/2010 Honda CR-V w_SAB.png
5104,2010,HONDA,ELEMENT,2010 Honda Element 4-DR. w/SAB,,Not Rated,Not Rated,5,5,Not Rated,5,5,Not Rated,Not Rated,Not Rated,3,3,0.204,0.219,No Tip,Not Rated,Standard,No,No,30,11,3,2010/HONDA/ELEMENT/2010 Honda Element 4-DR. w_SAB.png
5837,2010,HONDA,FCX,2010 Honda FCX 4-DR w/SAB,,Not Rated,Not Rated,Not Rated,Not Rated,Not Rated,Not Rated,Not Rated,Not Rated,Not Rated,Not Rated,Not Rated,Not Rated,0,0, ,Not Rated,Standard,No,No,0,1,0,2010/HONDA/FCX/2010 Honda FCX 4-DR w_SAB.png
5838,2010,HONDA,FIT,2010 Honda Fit 4-DR. w/SAB,,Not Rated,Not Rated,5,5,Not Rated,5,4,Not Rated,Not Rated,Not Rated,Not Rated,4,0,0.124, ,Not Rated,Optional,No,No,183,12,0,2010/HONDA/FIT/2010 Honda Fit 4-DR. w_SAB.png
5442,2010,HONDA,INSIGHT,2010 Honda Insight 4-DR. w/SAB,,Not Rated,Not Rated,5,4,Not Rated,5,4,Not Rated,Not Rated,Not Rated,Not Rated,4,0,0.113, ,Not Rated,Optional,No,No,118,10,1,2010/HONDA/INSIGHT/2010 Honda Insight 4-DR. w_SAB.png
5458,2010,HONDA,ODYSSEY,2010 Honda Odyssey w/SAB,,Not Rated,Not Rated,5,5,Not Rated,5,5,Not Rated,Not Rated,Not Rated,Not Rated,4,0,0.14, ,Not Rated,Standard,No,No,253,2,0,2010/HONDA/ODYSSEY/2010 Honda Odyssey w_SAB.png
5457,2010,HONDA,PILOT,2010 Honda Pilot 4-DR. w/SAB,,Not Rated,Not Rated,5,5,Not Rated,5,5,Not Rated,Not Rated,Not Rated,4,4,0.164,0.174,No Tip,Not Rated,Standard,No,No,111,10,0,2010/HONDA/PILOT/2010 Honda Pilot 4-DR. w_SAB.png
5839,2010,HONDA,RIDGELINE,2010 Honda Ridgeline 4-DR. w/SAB,,Not Rated,Not Rated,5,5,Not Rated,5,5,Not Rated,Not Rated,Not Rated,4,Not Rated,0.143,0,No Tip,Not Rated,Standard,No,No,42,10,0,2010/HONDA/RIDGELINE/2010 Honda Ridgeline 4-DR. w_SAB.png
5666,2010,HUMMER,H2 PICKUP,2010 Hummer H2 4-DR Pickup w/SAB,,Not Rated,Not Rated,Not Rated,Not Rated,Not Rated,Not Rated,Not Rated,Not Rated,Not Rated,Not Rated,Not Rated,Not Rated,0,0, ,Not Rated,Standard,No,No,0,0,0,2010/HUMMER/H2 PICKUP/2010 Hummer H2 4-DR Pickup w_SAB.png
5665,2010,HUMMER,H2 SUV,2010 Hummer H2 4-DR w/SAB,,Not Rated,Not Rated,Not Rated,Not Rated,Not Rated,Not Rated,Not Rated,Not Rated,Not Rated,Not Rated,Not Rated,Not Rated,0,0, ,Not Rated,Standard,No,No,0,0,0,2010/HUMMER/H2 SUV/2010 Hummer H2 4-DR w_SAB.png
5667,2010,HUMMER,H3,2010 Hummer H3 4-DR w/SAB,,Not Rated,Not Rated,5,4,Not Rated,5,5,Not Rated,Not Rated,Not Rated,3,Not Rated,0.246,0,No Tip,Not Rated,Standard,No,No,7,2,0,2010/HUMMER/H3/2010 Hummer H3 4-DR w_SAB.png
5668,2010,HUMMER,H3T,2010 Hummer H3T 4-DR w/SAB,,Not Rated,Not Rated,Not Rated,Not Rated,Not Rated,Not Rated,Not Rated,Not Rated,Not Rated,Not Rated,Not Rated,Not Rated,0,0, ,Not Rated,Standard,No,No,7,2,0,2010/HUMMER/H3T/2010 Hummer H3T 4-DR w_SAB.png
5753,2010,HYUNDAI,ACCENT,2010 Hyundai Accent 4-DR. w/SAB,,Not Rated,Not Rated,5,5,Not Rated,4,3,Not Rated,Not Rated,Not Rated,Not Rated,4,0,0.124, ,Not Rated,No,No,No,87,1,0,2010/HYUNDAI/ACCENT/2010 Hyundai Accent 4-DR. w_SAB.png
5754,2010,HYUNDAI,ACCENT HATCHBACK,2010 Hyundai Accent Hatchback 3-DR. w/SAB,,Not Rated,Not Rated,5,5,Not Rated,4,4,Not Rated,Not Rated,Not Rated,Not Rated,4,0,0.127, ,Not Rated,No,No,No,87,1,0,2010/HYUNDAI/ACCENT HATCHBACK/2010 Hyundai Accent Hatchback 3-DR. w_SAB.png
5755,2010,HYUNDAI,AZERA,2010 Hyundai Azera 4-DR w/SAB,,Not Rated,Not Rated,4,4,Not Rated,5,5,Not Rated,Not Rated,Not Rated,Not Rated,4,0,0.107, ,Not Rated,Standard,No,No,8,3,1,2010/HYUNDAI/AZERA/2010 Hyundai Azera 4-DR w_SAB.png
5756,2010,HYUNDAI,ELANTRA,2010 Hyundai Elantra 4-DR. w/SAB,,Not Rated,Not Rated,5,5,Not Rated,4,4,Not Rated,Not Rated,Not Rated,Not Rated,4,0,0.107, ,Not Rated,Optional,No,No,447,4,2,2010/HYUNDAI/ELANTRA/2010 Hyundai Elantra 4-DR. w_SAB.png
5757,2010,HYUNDAI,ELANTRA TOURING,2010 Hyundai Elantra Touring 4-DR. Wagon w/SAB,,Not Rated,Not Rated,5,5,Not Rated,4,4,Not Rated,Not Rated,Not Rated,Not Rated,4,0,0.107, ,Not Rated,Standard,No,No,447,4,2,2010/HYUNDAI/ELANTRA TOURING/2010 Hyundai Elantra Touring 4-DR. Wagon w_SAB.png
5758,2010,HYUNDAI,ENTOURAGE,2010 Hyundai Entourage Van w/SAB,,Not Rated,Not Rated,5,5,Not Rated,5,5,Not Rated,Not Rated,Not Rated,Not Rated,4,0,0.136, ,Not Rated,Standard,No,No,0,0,0,2010/HYUNDAI/ENTOURAGE/2010 Hyundai Entourage Van w_SAB.png
5759,2010,HYUNDAI,GENESIS,2010 Hyundai Genesis 4-DR w/SAB,,Not Rated,Not Rated,5,5,Not Rated,5,5,Not Rated,Not Rated,Not Rated,Not Rated,5,0,0.095, ,Not Rated,Standard,No,No,156,5,1,2010/HYUNDAI/GENESIS/2010 Hyundai Genesis 4-DR w_SAB.png
5466,2010,HYUNDAI,GENESIS COUPE,2010 Hyundai Genesis Coupe w/SAB (Early release),,Not Rated,Not Rated,4,4,Not Rated,5,Not Rated,Not Rated,Not Rated,Not Rated,Not Rated,5,0,0.082, ,Not Rated,Standard,No,No,156,5,1,2010/HYUNDAI/GENESIS COUPE/2010 Hyundai Genesis Coupe w_SAB (Early release).png
5467,2010,HYUNDAI,GENESIS COUPE,2010 Hyundai Genesis Coupe w/SAB (Later release),,Not Rated,Not Rated,5,4,Not Rated,5,Not Rated,Not Rated,Not Rated,Not Rated,Not Rated,5,0,0.082, ,Not Rated,Standard,No,No,156,5,1,2010/HYUNDAI/GENESIS COUPE/2010 Hyundai Genesis Coupe w_SAB (Later release).png
5760,2010,HYUNDAI,SANTA FE,2010 Hyundai Santa Fe 4-DR w/SAB,,Not Rated,Not Rated,5,5,Not Rated,5,5,Not Rated,Not Rated,Not Rated,4,4,0.169,0.174,No Tip,Not Rated,Standard,No,No,255,3,3,2010/HYUNDAI/SANTA FE/2010 Hyundai Santa Fe 4-DR w_SAB.png
5454,2010,HYUNDAI,SONATA,2010 Hyundai Sonata 4-DR w/SAB,,Not Rated,Not Rated,5,5,Not Rated,5,5,Not Rated,Not Rated,Not Rated,Not Rated,4,0,0.103, ,Not Rated,Standard,No,No,345,2,3,2010/HYUNDAI/SONATA/2010 Hyundai Sonata 4-DR w_SAB.png
5878,2010,HYUNDAI,TUCSON,2010 Hyundai Tucson 4-DR. w/SAB,,Not Rated,Not Rated,Not Rated,Not Rated,Not Rated,Not Rated,Not Rated,Not Rated,Not Rated,Not Rated,Not Rated,Not Rated,0,0, ,Not Rated,Standard,No,No,57,4,2,2010/HYUNDAI/TUCSON/2010 Hyundai Tucson 4-DR. w_SAB.png
5761,2010,HYUNDAI,VERACRUZ,2010 Hyundai Veracruz 4-DR. w/SAB,,Not Rated,Not Rated,5,5,Not Rated,5,5,Not Rated,Not Rated,Not Rated,4,4,0.159,0.169,No Tip,Not Rated,Standard,No,No,88,5,1,2010/HYUNDAI/VERACRUZ/2010 Hyundai Veracruz 4-DR. w_SAB.png
5817,2010,INFINITI,EX35 WAGON,2010 Infiniti EX35 Wagon w/SAB,,Not Rated,Not Rated,4,4,Not Rated,5,5,Not Rated,Not Rated,Not Rated,4,4,0.13,0.13,No Tip,Not Rated,Standard,Optional,Optional,15,1,0,2010/INFINITI/EX35 WAGON/2010 Infiniti EX35 Wagon w_SAB.png
5818,2010,INFINITI,FX35/50,2010 Infiniti FX35/50 4-DR. w/SAB,,Not Rated,Not Rated,Not Rated,Not Rated,Not Rated,Not Rated,Not Rated,Not Rated,Not Rated,Not Rated,Not Rated,Not Rated,0,0, ,Not Rated,Standard,Optional,Optional,15,0,0,2010/INFINITI/FX35/50/2010 Infiniti FX35_50 4-DR. w_SAB.png
5819,2010,INFINITI,G37,2010 Infiniti G37 Convertible w/SAB,,Not Rated,Not Rated,Not Rated,Not Rated,Not Rated,Not Rated,Not Rated,Not Rated,Not Rated,Not Rated,Not Rated,Not Rated,0,0, ,Not Rated,Standard,No,No,76,0,0,2010/INFINITI/G37/2010 Infiniti G37 Convertible w_SAB.png
5820,2010,INFINITI,G37,2010 Infiniti G37 2-DR w/SAB,,Not Rated,Not Rated,Not Rated,Not Rated,Not Rated,Not Rated,Not Rated,Not Rated,Not Rated,Not Rated,Not Rated,Not Rated,0,0, ,Not Rated,Standard,No,No,76,0,0,2010/INFINITI/G37/2010 Infiniti G37 2-DR w_SAB.png
5821,2010,INFINITI,G37,2010 Infiniti G37 4-DR w/SAB,,Not Rated,Not Rated,5,4,Not Rated,5,5,Not Rated,Not Rated,Not Rated,5,5,0.101,0.101,No Tip,Not Rated,Standard,No,No,76,0,0,2010/INFINITI/G37/2010 Infiniti G37 4-DR w_SAB.png
5822,2010,INFINITI,M35/45,2010 Infiniti M35/45 4-DR. w/SAB,,Not Rated,Not Rated,Not Rated,Not Rated,Not Rated,Not Rated,Not Rated,Not Rated,Not Rated,Not Rated,Not Rated,Not Rated,0,0, ,Not Rated,Standard,No,Optional,21,6,1,2010/INFINITI/M35/45/2010 Infiniti M35_45 4-DR. w_SAB.png
5455,2010,INFINITI,QX56,2010 Infiniti QX56 4-DR w/SAB,,Not Rated,Not Rated,5,4,Not Rated,Not Rated,Not Rated,Not Rated,Not Rated,Not Rated,3,3,0.219,0.212,No Tip,Not Rated,Standard,No,No,25,3,0,2010/INFINITI/QX56/2010 Infiniti QX56 4-DR w_SAB.png
5482,2010,JAGUAR,XF,2010 Jaguar XF 4-DR w/SAB,,Not Rated,Not Rated,Not Rated,Not Rated,Not Rated,Not Rated,Not Rated,Not Rated,Not Rated,Not Rated,Not Rated,Not Rated,0,0, ,Not Rated,Standard,No,No,106,10,1,2010/JAGUAR/XF/2010 Jaguar XF 4-DR w_SAB.png
5483,2010,JAGUAR,XJ,2010 Jaguar XJ 4-DR w/SAB,,Not Rated,Not Rated,Not Rated,Not Rated,Not Rated,Not Rated,Not Rated,Not Rated,Not Rated,Not Rated,Not Rated,Not Rated,0,0, ,Not Rated,Standard,Optional,No,0,3,0,2010/JAGUAR/XJ/2010 Jaguar XJ 4-DR w_SAB.png
5484,2010,JAGUAR,XK,2010 Jaguar XK Convertible w/SAB,,Not Rated,Not Rated,Not Rated,Not Rated,Not Rated,Not Rated,Not Rated,Not Rated,Not Rated,Not Rated,Not Rated,Not Rated,0,0, ,Not Rated,Standard,No,No,6,2,0,2010/JAGUAR/XK/2010 Jaguar XK Convertible w_SAB.png
5485,2010,JAGUAR,XK,2010 Jaguar XK 2-DR w/SAB,,Not Rated,Not Rated,Not Rated,Not Rated,Not Rated,Not Rated,Not Rated,Not Rated,Not Rated,Not Rated,Not Rated,Not Rated,0,0, ,Not Rated,Standard,No,No,6,2,0,2010/JAGUAR/XK/2010 Jaguar XK 2-DR w_SAB.png
5645,2010,JEEP,COMMANDER,2010 Jeep Commander 4-DR. w/SAB,,Not Rated,Not Rated,5,5,Not Rated,Not Rated,Not Rated,Not Rated,Not Rated,Not Rated,3,3,0.279,0.279,No Tip,Not Rated,Standard,No,No,45,4,0,2010/JEEP/COMMANDER/2010 Jeep Commander 4-DR. w_SAB.png
5646,2010,JEEP,COMPASS,2010 Jeep Compass 4-DR. w/SAB,,Not Rated,Not Rated,4,4,Not Rated,5,5,Not Rated,Not Rated,Not Rated,4,4,0.164,0.185,No Tip,Not Rated,Standard,No,No,81,3,1,2010/JEEP/COMPASS/2010 Jeep Compass 4-DR. w_SAB.png
5647,2010,JEEP,GRAND CHEROKEE,2010 Jeep Grand Cherokee 4-DR. w/SAB,,Not Rated,Not Rated,5,5,Not Rated,5,5,Not Rated,Not Rated,Not Rated,4,3,0.191,0.204,No Tip,Not Rated,Standard,No,No,117,5,0,2010/JEEP/GRAND CHEROKEE/2010 Jeep Grand Cherokee 4-DR. w_SAB.png
5648,2010,JEEP,LIBERTY,2010 Jeep Liberty 4-DR. w/SAB,,Not Rated,Not Rated,5,5,Not Rated,5,5,Not Rated,Not Rated,Not Rated,3,3,0.228,0.256,No Tip,Not Rated,Standard,No,No,194,2,3,2010/JEEP/LIBERTY/2010 Jeep Liberty 4-DR. w_SAB.png
5649,2010,JEEP,PATRIOT,2010 Jeep Patriot 4-DR. w/SAB,,Not Rated,Not Rated,4,5,Not Rated,5,5,Not Rated,Not Rated,Not Rated,4,4,0.164,0.185,No Tip,Not Rated,Standard,No,No,187,3,1,2010/JEEP/PATRIOT/2010 Jeep Patriot 4-DR. w_SAB.png
5650,2010,JEEP,WRANGLER,2010 Jeep Wrangler 2-DR.,,Not Rated,Not Rated,5,5,Not Rated,Not Rated,Not Rated,Not Rated,Not Rated,Not Rated,3,Not Rated,0.279,0,No Tip,Not Rated,Standard,No,No,681,11,6,2010/JEEP/WRANGLER/2010 Jeep Wrangler 2-DR..png
5651,2010,JEEP,WRANGLER UNLIMITED,2010 Jeep Wrangler Unlimited 4-DR.,,Not Rated,Not Rated,5,5,Not Rated,Not Rated,Not Rated,Not Rated,Not Rated,Not Rated,3,4,0.279,0.198,No Tip,Not Rated,Standard,No,No,681,11,6,2010/JEEP/WRANGLER UNLIMITED/2010 Jeep Wrangler Unlimited 4-DR..png
5741,2010,KIA,BORREGO,2010 Kia Borrego A3.8 4-DR w/SAB,,Not Rated,Not Rated,5,5,Not Rated,5,5,Not Rated,Not Rated,Not Rated,4,4,0.179,0.198,No Tip,Not Rated,Standard,No,No,2,2,1,2010/KIA/BORREGO/2010 Kia Borrego A3.8 4-DR w_SAB.png
5762,2010,KIA,BORREGO,2010 Kia Borrego T4.6 4-DR w/SAB,,Not Rated,Not Rated,Not Rated,Not Rated,Not Rated,5,5,Not Rated,Not Rated,Not Rated,4,4,0.179,0.198,No Tip,Not Rated,Standard,No,No,2,2,1,2010/KIA/BORREGO/2010 Kia Borrego T4.6 4-DR w_SAB.png
5749,2010,KIA,FORTE,2010 Kia Forte 2-DR. w/SAB,,Not Rated,Not Rated,Not Rated,Not Rated,Not Rated,Not Rated,Not Rated,Not Rated,Not Rated,Not Rated,Not Rated,Not Rated,0,0, ,Not Rated,Standard,No,No,228,3,3,2010/KIA/FORTE/2010 Kia Forte 2-DR. w_SAB.png
5750,2010,KIA,FORTE,2010 Kia Forte 4-DR. w/SAB (Early release),,Not Rated,Not Rated,5,5,Not Rated,5,3,Not Rated,Not Rated,Not Rated,Not Rated,4,0,0.103, ,Not Rated,Standard,No,No,217,3,3,2010/KIA/FORTE/2010 Kia Forte 4-DR. w_SAB (Early release).png
5742,2010,KIA,OPTIMA,2010 Kia Optima 4-DR w/SAB,,Not Rated,Not Rated,5,5,Not Rated,5,5,Not Rated,Not Rated,Not Rated,Not Rated,4,0,0.111, ,Not Rated,Standard,No,No,75,1,2,2010/KIA/OPTIMA/2010 Kia Optima 4-DR w_SAB.png
5743,2010,KIA,RIO,2010 Kia Rio 5-DR. w/SAB,,Not Rated,Not Rated,4,5,Not Rated,4,3,Not Rated,Not Rated,Not Rated,Not Rated,4,0,0.118, ,Not Rated,No,No,No,26,0,0,2010/KIA/RIO/2010 Kia Rio 5-DR. w_SAB.png
5744,2010,KIA,RIO,2010 Kia Rio 4-DR. w/SAB,,Not Rated,Not Rated,4,5,Not Rated,4,3,Not Rated,Not Rated,Not Rated,Not Rated,4,0,0.118, ,Not Rated,No,No,No,26,0,0,2010/KIA/RIO/2010 Kia Rio 4-DR. w_SAB.png
5745,2010,KIA,RONDO,2010 Kia Rondo 4-DR. w/SAB,,Not Rated,Not Rated,5,5,Not Rated,5,4,Not Rated,Not Rated,Not Rated,Not Rated,4,0,0.133, ,Not Rated,Standard,No,No,9,2,2,2010/KIA/RONDO/2010 Kia Rondo 4-DR. w_SAB.png
5746,2010,KIA,SEDONA,2010 Kia Sedona Van SWB w/SAB,,Not Rated,Not Rated,5,5,Not Rated,5,5,Not Rated,Not Rated,Not Rated,Not Rated,4,0,0.136, ,Not Rated,Standard,No,No,31,5,0,2010/KIA/SEDONA/2010 Kia Sedona Van SWB w_SAB.png
5747,2010,KIA,SEDONA,2010 Kia Sedona Van LWB w/SAB,,Not Rated,Not Rated,5,5,Not Rated,5,5,Not Rated,Not Rated,Not Rated,Not Rated,4,0,0.136, ,Not Rated,Standard,No,No,31,5,0,2010/KIA/SEDONA/2010 Kia Sedona Van LWB w_SAB.png
5470,2010,KIA,SOUL,2010 Kia Soul 4-DR. w/SAB,,Not Rated,Not Rated,5,5,Not Rated,5,4,Not Rated,Not Rated,Not Rated,Not Rated,4,0.151,0.151,No Tip,Not Rated,Optional,No,No,133,3,3,2010/KIA/SOUL/2010 Kia Soul 4-DR. w_SAB.png
5748,2010,KIA,SPORTAGE,2010 Kia Sportage 4-DR w/SAB,,Not Rated,Not Rated,5,5,Not Rated,5,5,Not Rated,Not Rated,Not Rated,4,3,0.174,0.204,No Tip,Not Rated,Standard,No,No,20,2,1,2010/KIA/SPORTAGE/2010 Kia Sportage 4-DR w_SAB.png
5486,2010,LAND ROVER,LR2,2010 Land Rover LR2 4-DR w/SAB,,Not Rated,Not Rated,Not Rated,Not Rated,Not Rated,Not Rated,Not Rated,Not Rated,Not Rated,Not Rated,Not Rated,Not Rated,0,0, ,Not Rated,Standard,No,No,21,2,0,2010/LAND ROVER/LR2/2010 Land Rover LR2 4-DR w_SAB.png
5487,2010,LAND ROVER,LR4,2010 Land Rover LR4 4-DR w/SAB,,Not Rated,Not Rated,Not Rated,Not Rated,Not Rated,Not Rated,Not Rated,Not Rated,Not Rated,Not Rated,Not Rated,Not Rated,0,0, ,Not Rated,Standard,No,No,15,1,1,2010/LAND ROVER/LR4/2010 Land Rover LR4 4-DR w_SAB.png
5488,2010,LAND ROVER,RANGE ROVER,2010 Land Rover Range Rover 4-DR w/SAB,,Not Rated,Not Rated,Not Rated,Not Rated,Not Rated,Not Rated,Not Rated,Not Rated,Not Rated,Not Rated,Not Rated,Not Rated,0,0, ,Not Rated,Standard,No,No,57,7,2,2010/LAND ROVER/RANGE ROVER/2010 Land Rover Range Rover 4-DR w_SAB.png
5489,2010,LAND ROVER,RANGE ROVER SPORT,2010 Land Rover Range Rover Sport 4-DR w/SAB,,Not Rated,Not Rated,Not Rated,Not Rated,Not Rated,Not Rated,Not Rated,Not Rated,Not Rated,Not Rated,Not Rated,Not Rated,0,0, ,Not Rated,Standard,No,No,57,7,2,2010/LAND ROVER/RANGE ROVER SPORT/2010 Land Rover Range Rover Sport 4-DR w_SAB.png
5798,2010,LEXUS,ES350,2010 Lexus ES350 w/SAB,,Not Rated,Not Rated,5,5,Not Rated,5,4,Not Rated,Not Rated,Not Rated,Not Rated,4,0,0.109, ,Not Rated,Standard,Optional,No,177,5,1,2010/LEXUS/ES350/2010 Lexus ES350 w_SAB.png
5763,2010,LEXUS,GS350/460,2010 Lexus GS350/460 w/SAB,,Not Rated,Not Rated,Not Rated,Not Rated,Not Rated,Not Rated,Not Rated,Not Rated,Not Rated,Not Rated,Not Rated,Not Rated,0,0, ,Not Rated,Standard,Optional,No,17,3,0,2010/LEXUS/GS350/460/2010 Lexus GS350_460 w_SAB.png
5764,2010,LEXUS,GS450H HYBRID,2010 Lexus GS450h w/SAB,,Not Rated,Not Rated,Not Rated,Not Rated,Not Rated,Not Rated,Not Rated,Not Rated,Not Rated,Not Rated,Not Rated,Not Rated,0,0, ,Not Rated,Standard,Optional,No,10,2,0,2010/LEXUS/GS450H HYBRID/2010 Lexus GS450h w_SAB.png
5765,2010,LEXUS,GX460,2010 Lexus GX460 4-DR w/SAB,,Not Rated,Not Rated,Not Rated,Not Rated,Not Rated,Not Rated,Not Rated,Not Rated,Not Rated,Not Rated,Not Rated,Not Rated,0,0, ,Not Rated,Standard,Optional,No,38,5,1,2010/LEXUS/GX460/2010 Lexus GX460 4-DR w_SAB.png
5774,2010,LEXUS,HS250H HYBRID,2010 Lexus HS250h w/SAB,,Not Rated,Not Rated,5,5,Not Rated,5,5,Not Rated,Not Rated,Not Rated,Not Rated,4,0,0.13, ,Not Rated,Standard,Optional,No,144,7,2,2010/LEXUS/HS250H HYBRID/2010 Lexus HS250h w_SAB.png
5766,2010,LEXUS,IS F,2010 Lexus IS F 4-DR w/SAB,,Not Rated,Not Rated,Not Rated,Not Rated,Not Rated,Not Rated,Not Rated,Not Rated,Not Rated,Not Rated,Not Rated,Not Rated,0,0, ,Not Rated,Standard,Optional,No,39,6,1,2010/LEXUS/IS F/2010 Lexus IS F 4-DR w_SAB.png
5767,2010,LEXUS,IS250/350,2010 Lexus IS250/350 4-DR w/SAB,,Not Rated,Not Rated,4,4,Not Rated,5,4,Not Rated,Not Rated,Not Rated,5,5,0.101,0.101,No Tip,Not Rated,Standard,Optional,No,107,9,1,2010/LEXUS/IS250/350/2010 Lexus IS250_350 4-DR w_SAB.png
5772,2010,LEXUS,IS250C/350C,2010 Lexus IS250C/350C Convertible w/SAB,,Not Rated,Not Rated,Not Rated,Not Rated,Not Rated,Not Rated,Not Rated,Not Rated,Not Rated,Not Rated,Not Rated,Not Rated,0,0, ,Not Rated,Standard,Optional,No,107,9,1,2010/LEXUS/IS250C/350C/2010 Lexus IS250C_350C Convertible w_SAB.png
5768,2010,LEXUS,LS460/460L,2010 Lexus LS460/460L 4-DR w/SAB,,Not Rated,Not Rated,Not Rated,Not Rated,Not Rated,Not Rated,Not Rated,Not Rated,Not Rated,Not Rated,Not Rated,Not Rated,0,0, ,Not Rated,Standard,No,No,32,2,0,2010/LEXUS/LS460/460L/2010 Lexus LS460_460L 4-DR w_SAB.png
5769,2010,LEXUS,LS600HL HYBRID,2010 Lexus LS600hL 4-DR w/SAB,,Not Rated,Not Rated,Not Rated,Not Rated,Not Rated,Not Rated,Not Rated,Not Rated,Not Rated,Not Rated,Not Rated,Not Rated,0,0, ,Not Rated,Standard,Optional,No,8,2,1,2010/LEXUS/LS600HL HYBRID/2010 Lexus LS600hL 4-DR w_SAB.png
5770,2010,LEXUS,LX570,2010 Lexus LX570 4-DR w/SAB,,Not Rated,Not Rated,Not Rated,Not Rated,Not Rated,Not Rated,Not Rated,Not Rated,Not Rated,Not Rated,Not Rated,Not Rated,0,0, ,Not Rated,No,Optional,No,5,3,1,2010/LEXUS/LX570/2010 Lexus LX570 4-DR w_SAB.png
5471,2010,LEXUS,RX350,2010 Lexus RX350 4-DR. w/SAB,,Not Rated,Not Rated,5,5,Not Rated,5,5,Not Rated,Not Rated,Not Rated,4,4,0.164,0.179,No Tip,Not Rated,Standard,Optional,No,167,1,0,2010/LEXUS/RX350/2010 Lexus RX350 4-DR. w_SAB.png
5773,2010,LEXUS,RX450H HYBRID,2010 Lexus RX450h w/SAB,,Not Rated,Not Rated,5,5,Not Rated,5,5,Not Rated,Not Rated,Not Rated,4,4,0.164,0.179,No Tip,Not Rated,Standard,Optional,No,94,1,1,2010/LEXUS/RX450H HYBRID/2010 Lexus RX450h w_SAB.png
5771,2010,LEXUS,SC430,2010 Lexus SC430 Convertible w/SAB,,Not Rated,Not Rated,Not Rated,Not Rated,Not Rated,Not Rated,Not Rated,Not Rated,Not Rated,Not Rated,Not Rated,Not Rated,0,0, ,Not Rated,Standard,No,No,0,3,1,2010/LEXUS/SC430/2010 Lexus SC430 Convertible w_SAB.png
5451,2010,LINCOLN,MKS,2010 Lincoln MKS 4-DR. w/SAB,,Not Rated,Not Rated,5,5,Not Rated,5,5,Not Rated,Not Rated,Not Rated,4,4,0.118,0.118,No Tip,Not Rated,Standard,Optional,No,51,0,0,2010/LINCOLN/MKS/2010 Lincoln MKS 4-DR. w_SAB.png
5586,2010,LINCOLN,MKT,2010 Lincoln MKT 4-DR. w/SAB,,Not Rated,Not Rated,5,5,Not Rated,5,5,Not Rated,Not Rated,Not Rated,4,4,0.151,0.164,No Tip,Not Rated,Standard,Optional,No,65,0,0,2010/LINCOLN/MKT/2010 Lincoln MKT 4-DR. w_SAB.png
5580,2010,LINCOLN,MKX,2010 Lincoln MKX 4-DR. w/SAB,,Not Rated,Not Rated,5,4,Not Rated,5,5,Not Rated,Not Rated,Not Rated,4,4,0.14,0.159,No Tip,Not Rated,Standard,No,No,111,7,0,2010/LINCOLN/MKX/2010 Lincoln MKX 4-DR. w_SAB.png
5447,2010,LINCOLN,MKZ,2010 Lincoln MKZ 4-DR. w/SAB,,Not Rated,Not Rated,5,5,Not Rated,5,4,Not Rated,Not Rated,Not Rated,5,4,0.092,0.105,No Tip,Not Rated,Standard,No,No,168,9,3,2010/LINCOLN/MKZ/2010 Lincoln MKZ 4-DR. w_SAB.png
5581,2010,LINCOLN,NAVIGATOR,2010 Lincoln Navigator 4 DR. w/SAB,,Not Rated,Not Rated,5,5,Not Rated,5,5,Not Rated,Not Rated,Not Rated,4,3,0.191,0.212,No Tip,Not Rated,Standard,No,No,16,0,0,2010/LINCOLN/NAVIGATOR/2010 Lincoln Navigator 4 DR. w_SAB.png
5582,2010,LINCOLN,NAVIGATOR EXTENDED,2010 Lincoln Navigator Extended 4 DR. w/SAB,,Not Rated,Not Rated,5,5,Not Rated,5,5,Not Rated,Not Rated,Not Rated,4,3,0.191,0.212,No Tip,Not Rated,Standard,No,No,16,0,0,2010/LINCOLN/NAVIGATOR EXTENDED/2010 Lincoln Navigator Extended 4 DR. w_SAB.png
5583,2010,LINCOLN,TOWN CAR,2010 Lincoln Town Car 4-DR. w/SAB,,Not Rated,Not Rated,5,5,Not Rated,5,5,Not Rated,Not Rated,Not Rated,Not Rated,5,0,0.095, ,Not Rated,No,No,No,13,3,0,2010/LINCOLN/TOWN CAR/2010 Lincoln Town Car 4-DR. w_SAB.png
5474,2010,MAZDA,CX-7,2010 Mazda CX-7 4-DR. w/SAB,,Not Rated,Not Rated,5,5,Not Rated,5,5,Not Rated,Not Rated,Not Rated,4,4,0.147,0.147,No Tip,Not Rated,Standard,No,No,155,5,0,2010/MAZDA/CX-7/2010 Mazda CX-7 4-DR. w_SAB.png
5475,2010,MAZDA,CX-9,2010 Mazda CX-9 4-DR.w/SAB,,Not Rated,Not Rated,5,5,Not Rated,5,5,Not Rated,Not Rated,Not Rated,4,4,0.143,0.151,No Tip,Not Rated,Standard,No,No,194,6,3,2010/MAZDA/CX-9/2010 Mazda CX-9 4-DR.w_SAB.png
5468,2010,MAZDA,MAZDA3,2010 Mazda3 4-DR. w/SAB,,Not Rated,Not Rated,5,5,Not Rated,5,4,Not Rated,Not Rated,Not Rated,Not Rated,4,0,0.109, ,Not Rated,Optional,No,No,685,3,1,2010/MAZDA/MAZDA3/2010 Mazda3 4-DR. w_SAB.png
5469,2010,MAZDA,MAZDA3,2010 Mazda3 5-DR. Hatchback w/SAB,,Not Rated,Not Rated,5,5,Not Rated,5,4,Not Rated,Not Rated,Not Rated,Not Rated,4,0,0.109, ,Not Rated,Standard,No,No,685,3,1,2010/MAZDA/MAZDA3/2010 Mazda3 5-DR. Hatchback w_SAB.png
5476,2010,MAZDA,MAZDA5,2010 Mazda5 5-DR. Hatchback w/SAB,,Not Rated,Not Rated,5,5,Not Rated,5,4,Not Rated,Not Rated,Not Rated,Not Rated,4,0,0.14, ,Not Rated,Standard,No,No,57,1,0,2010/MAZDA/MAZDA5/2010 Mazda5 5-DR. Hatchback w_SAB.png
5477,2010,MAZDA,MAZDA6,2010 Mazda6 4-DR.  w/SAB,,Not Rated,Not Rated,5,5,Not Rated,5,5,Not Rated,Not Rated,Not Rated,Not Rated,5,0,0.093, ,Not Rated,Standard,No,No,224,9,1,2010/MAZDA/MAZDA6/2010 Mazda6 4-DR.  w_SAB.png
5478,2010,MAZDA,MX-5/ MIATA,2010 Mazda MX-5/Miata Convertible w/SAB,,Not Rated,Not Rated,Not Rated,Not Rated,Not Rated,Not Rated,Not Rated,Not Rated,Not Rated,Not Rated,Not Rated,Not Rated,0,0, ,Not Rated,Optional,No,No,4,0,0,2010/MAZDA/MX-5/ MIATA/2010 Mazda MX-5_Miata Convertible w_SAB.png
5479,2010,MAZDA,RX-8,2010 Mazda RX-8 2-DR. w/SAB,,Not Rated,Not Rated,4,5,Not Rated,4,4,Not Rated,Not Rated,Not Rated,Not Rated,5,0,0, ,Not Rated,Optional,No,No,5,4,1,2010/MAZDA/RX-8/2010 Mazda RX-8 2-DR. w_SAB.png
5480,2010,MAZDA,TRIBUTE,2010 Mazda Tribute 4-DR. w/SAB,,Not Rated,Not Rated,5,5,Not Rated,5,5,Not Rated,Not Rated,Not Rated,3,3,0.204,0.237,No Tip,Not Rated,Standard,No,No,39,3,0,2010/MAZDA/TRIBUTE/2010 Mazda Tribute 4-DR. w_SAB.png
5481,2010,MAZDA,TRIBUTE HYBRID,2010 Mazda Tribute Hybrid 4-DR. w/SAB,,Not Rated,Not Rated,5,5,Not Rated,5,5,Not Rated,Not Rated,Not Rated,3,3,0.204,0.228,No Tip,Not Rated,Standard,No,No,39,3,1,2010/MAZDA/TRIBUTE HYBRID/2010 Mazda Tribute Hybrid 4-DR. w_SAB.png
5840,2010,MERCEDES-BENZ,C-CLASS,2010 Mercedes-Benz C-Class 4-DR. w/SAB,,Not Rated,Not Rated,Not Rated,Not Rated,Not Rated,Not Rated,Not Rated,Not Rated,Not Rated,Not Rated,4,4,0.105,0.105,No Tip,Not Rated,Standard,No,No,475,7,2,2010/MERCEDES-BENZ/C-CLASS/2010 Mercedes-Benz C-Class 4-DR. w_SAB.png
5841,2010,MERCEDES-BENZ,CL-CLASS,2010 Mercedes-Benz CL-Class 2-DR w/SAB,,Not Rated,Not Rated,Not Rated,Not Rated,Not Rated,Not Rated,Not Rated,Not Rated,Not Rated,Not Rated,Not Rated,Not Rated,0,0, ,Not Rated,Standard,Optional,No,2,0,1,2010/MERCEDES-BENZ/CL-CLASS/2010 Mercedes-Benz CL-Class 2-DR w_SAB.png
5842,2010,MERCEDES-BENZ,CLS-CLASS,2010 Mercedes-Benz CLS 4-DR. w/SAB,,Not Rated,Not Rated,Not Rated,Not Rated,Not Rated,Not Rated,Not Rated,Not Rated,Not Rated,Not Rated,Not Rated,Not Rated,0,0, ,Not Rated,Standard,No,No,1,3,1,2010/MERCEDES-BENZ/CLS-CLASS/2010 Mercedes-Benz CLS 4-DR. w_SAB.png
5843,2010,MERCEDES-BENZ,E-CLASS,2010 Mercedes-Benz E-Class 4-DR. w/SAB,,Not Rated,Not Rated,4,4,Not Rated,5,5,Not Rated,Not Rated,Not Rated,5,5,0.099,0.099,No Tip,Not Rated,Standard,Optional,Optional,255,6,2,2010/MERCEDES-BENZ/E-CLASS/2010 Mercedes-Benz E-Class 4-DR. w_SAB.png
5850,2010,MERCEDES-BENZ,E-CLASS,2010 Mercedes-Benz E-Class 2-DR. w/SAB,,Not Rated,Not Rated,Not Rated,Not Rated,Not Rated,Not Rated,Not Rated,Not Rated,Not Rated,Not Rated,Not Rated,Not Rated,0,0, ,Not Rated,Standard,Optional,Optional,255,6,2,2010/MERCEDES-BENZ/E-CLASS/2010 Mercedes-Benz E-Class 2-DR. w_SAB.png
5844,2010,MERCEDES-BENZ,G-CLASS,2010 Mercedes-Benz G-Class 4-DR w/SAB,,Not Rated,Not Rated,Not Rated,Not Rated,Not Rated,Not Rated,Not Rated,Not Rated,Not Rated,Not Rated,Not Rated,Not Rated,0,0, ,Not Rated,Standard,No,No,0,1,0,2010/MERCEDES-BENZ/G-CLASS/2010 Mercedes-Benz G-Class 4-DR w_SAB.png
5851,2010,MERCEDES-BENZ,GL-CLASS,2010 Mercedes-Benz GL-Class 4-DR w/SAB,,Not Rated,Not Rated,Not Rated,Not Rated,Not Rated,Not Rated,Not Rated,Not Rated,Not Rated,Not Rated,Not Rated,Not Rated,0,0, ,Not Rated,Standard,No,No,66,3,1,2010/MERCEDES-BENZ/GL-CLASS/2010 Mercedes-Benz GL-Class 4-DR w_SAB.png
5852,2010,MERCEDES-BENZ,GLK-CLASS,2010 Mercedes-Benz GLK-Class 4-DR w/SAB,,Not Rated,Not Rated,Not Rated,Not Rated,Not Rated,Not Rated,Not Rated,Not Rated,Not Rated,Not Rated,Not Rated,Not Rated,0,0, ,Not Rated,Standard,No,No,240,5,1,2010/MERCEDES-BENZ/GLK-CLASS/2010 Mercedes-Benz GLK-Class 4-DR w_SAB.png
5845,2010,MERCEDES-BENZ,MAYBACH,2010 Mercedes-Benz Maybach  4-DR w/SAB,,Not Rated,Not Rated,Not Rated,Not Rated,Not Rated,Not Rated,Not Rated,Not Rated,Not Rated,Not Rated,Not Rated,Not Rated,0,0, ,Not Rated,Standard,No,No,0,0,0,2010/MERCEDES-BENZ/MAYBACH/2010 Mercedes-Benz Maybach  4-DR w_SAB.png
5472,2010,MERCEDES-BENZ,ML-CLASS,2010 Mercedes-Benz ML-Class 4-DR w/SAB,,Not Rated,Not Rated,5,5,Not Rated,5,5,Not Rated,Not Rated,Not Rated,4,4,0.179,0.174,No Tip,Not Rated,Standard,No,No,105,3,1,2010/MERCEDES-BENZ/ML-CLASS/2010 Mercedes-Benz ML-Class 4-DR w_SAB.png
5853,2010,MERCEDES-BENZ,ML-CLASS HYBRID,2010 Mercedes-Benz ML-Class Hybrid  4-DR w/SAB,,Not Rated,Not Rated,5,5,Not Rated,5,5,Not Rated,Not Rated,Not Rated,4,Not Rated,0.179,0,No Tip,Not Rated,Standard,No,No,105,3,1,2010/MERCEDES-BENZ/ML-CLASS HYBRID/2010 Mercedes-Benz ML-Class Hybrid  4-DR w_SAB.png
5846,2010,MERCEDES-BENZ,R-CLASS,2010 Mercedes-Benz R-Class 4-DR. w/SAB,,Not Rated,Not Rated,Not Rated,Not Rated,Not Rated,Not Rated,Not Rated,Not Rated,Not Rated,Not Rated,Not Rated,Not Rated,0,0, ,Not Rated,Standard,No,No,13,3,1,2010/MERCEDES-BENZ/R-CLASS/2010 Mercedes-Benz R-Class 4-DR. w_SAB.png
5847,2010,MERCEDES-BENZ,S-CLASS,2010 Mercedes-Benz S-Class 4-DR w/SAB,,Not Rated,Not Rated,Not Rated,Not Rated,Not Rated,Not Rated,Not Rated,Not Rated,Not Rated,Not Rated,Not Rated,Not Rated,0,0, ,Not Rated,Standard,Optional,Optional,33,0,0,2010/MERCEDES-BENZ/S-CLASS/2010 Mercedes-Benz S-Class 4-DR w_SAB.png
5848,2010,MERCEDES-BENZ,SL-CLASS,2010 Mercedes-Benz SL-Class Convertible w/SAB,,Not Rated,Not Rated,Not Rated,Not Rated,Not Rated,Not Rated,Not Rated,Not Rated,Not Rated,Not Rated,Not Rated,Not Rated,0,0, ,Not Rated,Standard,No,No,0,0,0,2010/MERCEDES-BENZ/SL-CLASS/2010 Mercedes-Benz SL-Class Convertible w_SAB.png
5849,2010,MERCEDES-BENZ,SLK-CLASS,2010 Mercedes-Benz SLK-Class - Convertible w/SAB,,Not Rated,Not Rated,Not Rated,Not Rated,Not Rated,Not Rated,Not Rated,Not Rated,Not Rated,Not Rated,Not Rated,Not Rated,0,0, ,Not Rated,Standard,No,No,0,0,0,2010/MERCEDES-BENZ/SLK-CLASS/2010 Mercedes-Benz SLK-Class - Convertible w_SAB.png
5584,2010,MERCURY,GRAND MARQUIS,2010 Mercury Grand Marquis 4-DR. w/SAB,,Not Rated,Not Rated,5,5,Not Rated,5,5,Not Rated,Not Rated,Not Rated,Not Rated,5,0,0.09, ,Not Rated,No,No,No,24,2,0,2010/MERCURY/GRAND MARQUIS/2010 Mercury Grand Marquis 4-DR. w_SAB.png
5588,2010,MERCURY,MARINER,2010 Mercury Mariner 4-DR. w/SAB,,Not Rated,Not Rated,5,5,Not Rated,5,5,Not Rated,Not Rated,Not Rated,3,3,0.204,0.237,No Tip,Not Rated,Standard,No,No,278,3,4,2010/MERCURY/MARINER/2010 Mercury Mariner 4-DR. w_SAB.png
5589,2010,MERCURY,MARINER HYBRID,2010 Mercury Mariner Hybrid 4-DR. w/SAB,,Not Rated,Not Rated,5,5,Not Rated,5,5,Not Rated,Not Rated,Not Rated,3,3,0.204,0.228,No Tip,Not Rated,Standard,No,No,278,3,4,2010/MERCURY/MARINER HYBRID/2010 Mercury Mariner Hybrid 4-DR. w_SAB.png
5448,2010,MERCURY,MILAN,2010 Mercury Milan 4-DR. w/SAB,,Not Rated,Not Rated,5,5,Not Rated,5,4,Not Rated,Not Rated,Not Rated,5,4,0.092,0.105,No Tip,Not Rated,Standard,No,No,1059,13,7,2010/MERCURY/MILAN/2010 Mercury Milan 4-DR. w_SAB.png
5452,2010,MERCURY,MILAN HYBRID,2010 Mercury Milan  Hybrid 4-DR. w/SAB,,Not Rated,Not Rated,5,5,Not Rated,5,4,Not Rated,Not Rated,Not Rated,5,4,0.092,0.105,No Tip,Not Rated,Standard,No,No,1059,13,7,2010/MERCURY/MILAN HYBRID/2010 Mercury Milan  Hybrid 4-DR. w_SAB.png
5585,2010,MERCURY,MOUNTAINEER,2010 Mercury Mountaineer 4-DR. w/SAB,,Not Rated,Not Rated,5,5,Not Rated,5,5,Not Rated,Not Rated,Not Rated,3,3,0.228,0.237,No Tip,Not Rated,Standard,No,No,13,1,1,2010/MERCURY/MOUNTAINEER/2010 Mercury Mountaineer 4-DR. w_SAB.png
5605,2010,MINI,CLUBMAN,2010 MINI Clubman w/SAB,,Not Rated,Not Rated,Not Rated,Not Rated,Not Rated,Not Rated,Not Rated,Not Rated,Not Rated,Not Rated,Not Rated,Not Rated,0,0, ,Not Rated,Standard,No,No,28,1,0,2010/MINI/CLUBMAN/2010 MINI Clubman w_SAB.png
5606,2010,MINI,CLUBMAN S,2010 MINI Clubman S w/SAB,,Not Rated,Not Rated,Not Rated,Not Rated,Not Rated,Not Rated,Not Rated,Not Rated,Not Rated,Not Rated,Not Rated,Not Rated,0,0, ,Not Rated,Standard,No,No,13,2,1,2010/MINI/CLUBMAN S/2010 MINI Clubman S w_SAB.png
5613,2010,MINI,CLUBMAN S JOHN COOPER WORKS,2010 MINI John Cooper Works Clubman w/SAB,,Not Rated,Not Rated,Not Rated,Not Rated,Not Rated,Not Rated,Not Rated,Not Rated,Not Rated,Not Rated,Not Rated,Not Rated,0,0, ,Not Rated,Standard,No,No,0,3,1,2010/MINI/CLUBMAN S JOHN COOPER WORKS/2010 MINI John Cooper Works Clubman w_SAB.png
5607,2010,MINI,COOPER,2010 MINI Cooper Convertible w/SAB,,Not Rated,Not Rated,Not Rated,Not Rated,Not Rated,Not Rated,Not Rated,Not Rated,Not Rated,Not Rated,Not Rated,5,0,0.101, ,Not Rated,Standard,No,No,102,3,1,2010/MINI/COOPER/2010 MINI Cooper Convertible w_SAB.png
5608,2010,MINI,COOPER,2010 MINI Cooper w/SAB,,Not Rated,Not Rated,4,4,Not Rated,5,4,Not Rated,Not Rated,Not Rated,Not Rated,5,0,0.101, ,Not Rated,Standard,No,No,92,2,0,2010/MINI/COOPER/2010 MINI Cooper w_SAB.png
5609,2010,MINI,COOPER S,2010 MINI Cooper S w/SAB,,Not Rated,Not Rated,4,4,Not Rated,5,4,Not Rated,Not Rated,Not Rated,Not Rated,5,0,0.101, ,Not Rated,Standard,No,No,59,4,1,2010/MINI/COOPER S/2010 MINI Cooper S w_SAB.png
5610,2010,MINI,COOPER S,2010 MINI Cooper S Convertible w/SAB,,Not Rated,Not Rated,Not Rated,Not Rated,Not Rated,Not Rated,Not Rated,Not Rated,Not Rated,Not Rated,Not Rated,5,0,0.101, ,Not Rated,Standard,No,No,69,4,1,2010/MINI/COOPER S/2010 MINI Cooper S Convertible w_SAB.png
5611,2010,MINI,JOHN COOPER WORKS,2010 MINI John Cooper Works Convertible w/SAB,,Not Rated,Not Rated,Not Rated,Not Rated,Not Rated,Not Rated,Not Rated,Not Rated,Not Rated,Not Rated,Not Rated,5,0,0.101, ,Not Rated,Standard,No,No,0,3,1,2010/MINI/JOHN COOPER WORKS/2010 MINI John Cooper Works Convertible w_SAB.png
5612,2010,MINI,JOHN COOPER WORKS,2010 MINI John Cooper Works w/SAB,,Not Rated,Not Rated,4,4,Not Rated,5,4,Not Rated,Not Rated,Not Rated,Not Rated,5,0,0.101, ,Not Rated,Standard,No,No,0,3,1,2010/MINI/JOHN COOPER WORKS/2010 MINI John Cooper Works w_SAB.png
5614,2010,MITSUBISHI,ECLIPSE HATCHBACK,2010 Mitsubishi Eclipse Hatchback 3-DR w/SAB,,Not Rated,Not Rated,Not Rated,Not Rated,Not Rated,Not Rated,Not Rated,Not Rated,Not Rated,Not Rated,Not Rated,Not Rated,0,0, ,Not Rated,Standard,No,No,1,0,0,2010/MITSUBISHI/ECLIPSE HATCHBACK/2010 Mitsubishi Eclipse Hatchback 3-DR w_SAB.png
5615,2010,MITSUBISHI,ECLIPSE SPYDER,2010 Mitsubishi Eclipse Spyder Convertible w/SAB,,Not Rated,Not Rated,Not Rated,Not Rated,Not Rated,Not Rated,Not Rated,Not Rated,Not Rated,Not Rated,Not Rated,Not Rated,0,0, ,Not Rated,Standard,No,No,1,0,0,2010/MITSUBISHI/ECLIPSE SPYDER/2010 Mitsubishi Eclipse Spyder Convertible w_SAB.png
5616,2010,MITSUBISHI,ENDEAVOR,2010 Mitsubishi Endeavor 5-DR w/SAB,,Not Rated,Not Rated,Not Rated,Not Rated,Not Rated,Not Rated,Not Rated,Not Rated,Not Rated,Not Rated,Not Rated,Not Rated,0,0, ,Not Rated,Standard,No,No,11,2,0,2010/MITSUBISHI/ENDEAVOR/2010 Mitsubishi Endeavor 5-DR w_SAB.png
5617,2010,MITSUBISHI,GALANT,2010 Mitsubishi Galant 4-DR. w/SAB,,Not Rated,Not Rated,4,5,Not Rated,5,5,Not Rated,Not Rated,Not Rated,Not Rated,4,0,0.107, ,Not Rated,Standard,No,No,9,1,0,2010/MITSUBISHI/GALANT/2010 Mitsubishi Galant 4-DR. w_SAB.png
5618,2010,MITSUBISHI,LANCER,2010 Mitsubishi Lancer 4-DR w/SAB,,Not Rated,Not Rated,5,4,Not Rated,5,4,Not Rated,Not Rated,Not Rated,4,4,0.121,0.121,No Tip,Not Rated,Standard,No,No,85,7,0,2010/MITSUBISHI/LANCER/2010 Mitsubishi Lancer 4-DR w_SAB.png
5619,2010,MITSUBISHI,LANCER EVOLUTION,2010 Mitsubishi Lancer Evolution 4-DR w/SAB,,Not Rated,Not Rated,Not Rated,Not Rated,Not Rated,Not Rated,Not Rated,Not Rated,Not Rated,Not Rated,Not Rated,Not Rated,0,0, ,Not Rated,Standard,No,No,79,7,0,2010/MITSUBISHI/LANCER EVOLUTION/2010 Mitsubishi Lancer Evolution 4-DR w_SAB.png
5620,2010,MITSUBISHI,LANCER SPORTBACK HATCHBACK,2010 Mitsubishi Lancer Sportback Hatchback 5-DR w/SAB,,Not Rated,Not Rated,5,4,Not Rated,5,4,Not Rated,Not Rated,Not Rated,Not Rated,Not Rated,0,0, ,Not Rated,Standard,No,No,53,6,0,2010/MITSUBISHI/LANCER SPORTBACK HATCHBACK/2010 Mitsubishi Lancer Sportback Hatchback 5-DR w_SAB.png
5621,2010,MITSUBISHI,OUTLANDER,2010 Mitsubishi Outlander 4-DR w/SAB,,Not Rated,Not Rated,5,5,Not Rated,5,5,Not Rated,Not Rated,Not Rated,4,4,0.169,0.191,No Tip,Not Rated,Standard,No,No,60,10,0,2010/MITSUBISHI/OUTLANDER/2010 Mitsubishi Outlander 4-DR w_SAB.png
5622,2010,MITSUBISHI,RAIDER CLUB,2010 Mitsubishi Raider Club,,Not Rated,Not Rated,5,5,Not Rated,5,Not Rated,Not Rated,Not Rated,Not Rated,4,4,0.179,0.191,No Tip,Not Rated,No,No,No,0,0,0,2010/MITSUBISHI/RAIDER CLUB/2010 Mitsubishi Raider Club.png
5623,2010,MITSUBISHI,RAIDER QUAD,2010 Mitsubishi Raider Quad Cab,,Not Rated,Not Rated,5,5,Not Rated,5,5,Not Rated,Not Rated,Not Rated,4,4,0.179,0.191,No Tip,Not Rated,No,No,No,0,0,0,2010/MITSUBISHI/RAIDER QUAD/2010 Mitsubishi Raider Quad Cab.png
5799,2010,NISSAN,370Z,2010 Nissan 370Z 2-Dr. w/SAB,,Not Rated,Not Rated,Not Rated,Not Rated,Not Rated,Not Rated,Not Rated,Not Rated,Not Rated,Not Rated,Not Rated,Not Rated,0,0, ,Not Rated,Standard,No,No,110,0,1,2010/NISSAN/370Z/2010 Nissan 370Z 2-Dr. w_SAB.png
5816,2010,NISSAN,370Z ROADSTER,2010 Nissan 370Z Roadster w/SAB,,Not Rated,Not Rated,Not Rated,Not Rated,Not Rated,Not Rated,Not Rated,Not Rated,Not Rated,Not Rated,Not Rated,Not Rated,0,0, ,Not Rated,Standard,No,No,110,0,1,2010/NISSAN/370Z ROADSTER/2010 Nissan 370Z Roadster w_SAB.png
5800,2010,NISSAN,ALTIMA,2010 Nissan Altima 4-DR. w/SAB,,Not Rated,Not Rated,5,5,Not Rated,5,4,Not Rated,Not Rated,Not Rated,Not Rated,4,0,0.105, ,Not Rated,Standard,No,No,378,3,0,2010/NISSAN/ALTIMA/2010 Nissan Altima 4-DR. w_SAB.png
5801,2010,NISSAN,ALTIMA,2010 Nissan Altima 2-DR. w/SAB,,Not Rated,Not Rated,4,4,Not Rated,5,5,Not Rated,Not Rated,Not Rated,Not Rated,5,0,0.093, ,Not Rated,Standard,No,No,378,3,0,2010/NISSAN/ALTIMA/2010 Nissan Altima 2-DR. w_SAB.png
5802,2010,NISSAN,ALTIMA HYBRID,2010 Nissan Altima 4-DR Hybrid w/SAB,,Not Rated,Not Rated,5,5,Not Rated,5,4,Not Rated,Not Rated,Not Rated,Not Rated,4,0,0.107, ,Not Rated,Standard,No,No,390,3,1,2010/NISSAN/ALTIMA HYBRID/2010 Nissan Altima 4-DR Hybrid w_SAB.png
5456,2010,NISSAN,ARMADA,2010 Nissan Armada 4-DR w/SAB,,Not Rated,Not Rated,5,4,Not Rated,Not Rated,Not Rated,Not Rated,Not Rated,Not Rated,3,3,0.219,0.212,No Tip,Not Rated,Standard,No,No,48,5,0,2010/NISSAN/ARMADA/2010 Nissan Armada 4-DR w_SAB.png
5876,2010,NISSAN,CUBE,2010 Nissan Cube w/SAB,,Not Rated,Not Rated,4,4,Not Rated,5,5,Not Rated,Not Rated,Not Rated,Not Rated,4,0,0.174, ,Not Rated,Standard,No,No,53,1,1,2010/NISSAN/CUBE/2010 Nissan Cube w_SAB.png
5888,2010,NISSAN,CUBE CARGO,2010 Nissan Cube Cargo Van w/SAB,,Not Rated,Not Rated,4,4,Not Rated,5,Not Rated,Not Rated,Not Rated,Not Rated,Not Rated,Not Rated,0,0, ,Not Rated,Standard,No,No,53,1,1,2010/NISSAN/CUBE CARGO/2010 Nissan Cube Cargo Van w_SAB.png
5803,2010,NISSAN,FRONTIER CREW CAB,2010 Nissan Frontier Crew Cab w/SAB,,Not Rated,Not Rated,4,4,Not Rated,5,5,Not Rated,Not Rated,Not Rated,4,3,0.198,0.212,No Tip,Not Rated,Standard,No,No,59,6,1,2010/NISSAN/FRONTIER CREW CAB/2010 Nissan Frontier Crew Cab w_SAB.png
5804,2010,NISSAN,FRONTIER KING CAB,2010 Nissan Frontier King Cab w/SAB,,Not Rated,Not Rated,4,5,Not Rated,5,Not Rated,Not Rated,Not Rated,Not Rated,4,3,0.198,0.212,No Tip,Not Rated,Optional,No,No,59,6,1,2010/NISSAN/FRONTIER KING CAB/2010 Nissan Frontier King Cab w_SAB.png
5805,2010,NISSAN,GT-R,2010 Nissan GT-R 2-DR w/SAB,,Not Rated,Not Rated,Not Rated,Not Rated,Not Rated,Not Rated,Not Rated,Not Rated,Not Rated,Not Rated,Not Rated,Not Rated,0,0, ,Not Rated,Standard,No,No,11,0,0,2010/NISSAN/GT-R/2010 Nissan GT-R 2-DR w_SAB.png
5806,2010,NISSAN,MAXIMA,2010 Nissan Maxima 4-DR. w/SAB,,Not Rated,Not Rated,5,5,Not Rated,5,5,Not Rated,Not Rated,Not Rated,Not Rated,5,0,0.101, ,Not Rated,Standard,No,No,275,1,0,2010/NISSAN/MAXIMA/2010 Nissan Maxima 4-DR. w_SAB.png
5807,2010,NISSAN,MURANO,2010 Nissan Murano 4-DR. w/SAB,,Not Rated,Not Rated,4,4,Not Rated,5,5,Not Rated,Not Rated,Not Rated,4,4,0.185,0.179,No Tip,Not Rated,Standard,No,No,188,0,0,2010/NISSAN/MURANO/2010 Nissan Murano 4-DR. w_SAB.png
5808,2010,NISSAN,PATHFINDER,2010 Nissan Pathfinder 4-DR w/SAB,,Not Rated,Not Rated,4,4,Not Rated,Not Rated,Not Rated,Not Rated,Not Rated,Not Rated,3,3,0.228,0.237,No Tip,Not Rated,Standard,No,No,40,5,1,2010/NISSAN/PATHFINDER/2010 Nissan Pathfinder 4-DR w_SAB.png
5809,2010,NISSAN,ROGUE,2010 Nissan Rogue 4-DR w/SAB,,Not Rated,Not Rated,4,4,Not Rated,5,5,Not Rated,Not Rated,Not Rated,4,4,0.179,0.198,No Tip,Not Rated,Standard,No,No,282,2,0,2010/NISSAN/ROGUE/2010 Nissan Rogue 4-DR w_SAB.png
5810,2010,NISSAN,SENTRA,2010 Nissan Sentra 4-DR.w/SAB,,Not Rated,Not Rated,5,5,Not Rated,5,4,Not Rated,Not Rated,Not Rated,Not Rated,4,0,0.116, ,Not Rated,Optional,No,No,144,3,0,2010/NISSAN/SENTRA/2010 Nissan Sentra 4-DR.w_SAB.png
5812,2010,NISSAN,TITAN CREW CAB,2010 Nissan Titan Crew Cab 4-DR. w/SAB,,Not Rated,Not Rated,5,4,Not Rated,Not Rated,Not Rated,Not Rated,Not Rated,Not Rated,3,4,0.212,0.191,No Tip,Not Rated,Standard,No,No,45,4,0,2010/NISSAN/TITAN CREW CAB/2010 Nissan Titan Crew Cab 4-DR. w_SAB.png
5811,2010,NISSAN,TITAN KING CAB,2010 Nissan Titan King Cab w/SAB,,Not Rated,Not Rated,5,4,Not Rated,Not Rated,Not Rated,Not Rated,Not Rated,Not Rated,3,4,0.212,0.191,No Tip,Not Rated,Standard,No,No,45,4,0,2010/NISSAN/TITAN KING CAB/2010 Nissan Titan King Cab w_SAB.png
5813,2010,NISSAN,VERSA,2010 Nissan Versa 4-DR w/SAB,,Not Rated,Not Rated,4,4,Not Rated,4,4,Not Rated,Not Rated,Not Rated,Not Rated,4,0,0.14, ,Not Rated,Optional,No,No,267,8,2,2010/NISSAN/VERSA/2010 Nissan Versa 4-DR w_SAB.png
5814,2010,NISSAN,VERSA HATCHBACK,2010 Nissan Versa Hatchback w/SAB,,Not Rated,Not Rated,4,4,Not Rated,4,4,Not Rated,Not Rated,Not Rated,Not Rated,4,0,0.14, ,Not Rated,Optional,No,No,267,8,2,2010/NISSAN/VERSA HATCHBACK/2010 Nissan Versa Hatchback w_SAB.png
5815,2010,NISSAN,XTERRA,2010 Nissan Xterra 4-DR w/SAB,,Not Rated,Not Rated,4,4,Not Rated,5,5,Not Rated,Not Rated,Not Rated,3,3,0.256,0.246,No Tip,Not Rated,Standard,No,No,38,6,1,2010/NISSAN/XTERRA/2010 Nissan Xterra 4-DR w_SAB.png
5669,2010,PONTIAC,G6,2010 Pontiac G6 4-DR w/SAB,,Not Rated,Not Rated,5,4,Not Rated,5,5,Not Rated,Not Rated,Not Rated,Not Rated,4,0,0.105, ,Not Rated,Standard,No,No,269,3,0,2010/PONTIAC/G6/2010 Pontiac G6 4-DR w_SAB.png
5670,2010,PONTIAC,VIBE,2010 Pontiac Vibe 4-DR. w/SAB,,Not Rated,Not Rated,5,5,Not Rated,5,4,Not Rated,Not Rated,Not Rated,4,4,0.136,0.136,No Tip,Not Rated,Standard,No,No,58,8,2,2010/PONTIAC/VIBE/2010 Pontiac Vibe 4-DR. w_SAB.png
5496,2010,PORSCHE,911 CARRERA,2010 Porsche 911 Carrera 2-DR w/SAB,,Not Rated,Not Rated,Not Rated,Not Rated,Not Rated,Not Rated,Not Rated,Not Rated,Not Rated,Not Rated,Not Rated,Not Rated,0,0, ,Not Rated,Standard,No,No,1,1,0,2010/PORSCHE/911 CARRERA/2010 Porsche 911 Carrera 2-DR w_SAB.png
5497,2010,PORSCHE,911 CARRERA 4,2010 Porsche 911 Carrera 4 2-DR w/SAB,,Not Rated,Not Rated,Not Rated,Not Rated,Not Rated,Not Rated,Not Rated,Not Rated,Not Rated,Not Rated,Not Rated,Not Rated,0,0, ,Not Rated,Standard,No,No,1,0,0,2010/PORSCHE/911 CARRERA 4/2010 Porsche 911 Carrera 4 2-DR w_SAB.png
5498,2010,PORSCHE,911 CARRERA 4 CABRIOLET,2010 Porsche 911 Carrera 4 Cabriolet w/SAB,,Not Rated,Not Rated,Not Rated,Not Rated,Not Rated,Not Rated,Not Rated,Not Rated,Not Rated,Not Rated,Not Rated,Not Rated,0,0, ,Not Rated,Standard,No,No,1,0,0,2010/PORSCHE/911 CARRERA 4 CABRIOLET/2010 Porsche 911 Carrera 4 Cabriolet w_SAB.png
5499,2010,PORSCHE,911 CARRERA CABRIOLET,2010 Porsche 911 Carrera Cabriolet w/SAB,,Not Rated,Not Rated,Not Rated,Not Rated,Not Rated,Not Rated,Not Rated,Not Rated,Not Rated,Not Rated,Not Rated,Not Rated,0,0, ,Not Rated,Standard,No,No,1,1,0,2010/PORSCHE/911 CARRERA CABRIOLET/2010 Porsche 911 Carrera Cabriolet w_SAB.png
5506,2010,PORSCHE,911 GT3,2010 Porsche 911 GT3 2-DR w/SAB,,Not Rated,Not Rated,Not Rated,Not Rated,Not Rated,Not Rated,Not Rated,Not Rated,Not Rated,Not Rated,Not Rated,Not Rated,0,0, ,Not Rated,Standard,No,No,4,2,1,2010/PORSCHE/911 GT3/2010 Porsche 911 GT3 2-DR w_SAB.png
5500,2010,PORSCHE,911 TARGA,2010 Porsche 911 Targa 4 2-DR w/SAB,,Not Rated,Not Rated,Not Rated,Not Rated,Not Rated,Not Rated,Not Rated,Not Rated,Not Rated,Not Rated,Not Rated,Not Rated,0,0, ,Not Rated,Standard,No,No,1,0,0,2010/PORSCHE/911 TARGA/2010 Porsche 911 Targa 4 2-DR w_SAB.png
5501,2010,PORSCHE,911 TURBO,2010 Porsche 911 Turbo 2-DR w/SAB,,Not Rated,Not Rated,Not Rated,Not Rated,Not Rated,Not Rated,Not Rated,Not Rated,Not Rated,Not Rated,Not Rated,Not Rated,0,0, ,Not Rated,Standard,No,No,1,3,1,2010/PORSCHE/911 TURBO/2010 Porsche 911 Turbo 2-DR w_SAB.png
5502,2010,PORSCHE,911 TURBO CABRIOLET,2010 Porsche 911 Turbo Cabriolet w/SAB,,Not Rated,Not Rated,Not Rated,Not Rated,Not Rated,Not Rated,Not Rated,Not Rated,Not Rated,Not Rated,Not Rated,Not Rated,0,0, ,Not Rated,Standard,No,No,1,3,1,2010/PORSCHE/911 TURBO CABRIOLET/2010 Porsche 911 Turbo Cabriolet w_SAB.png
5503,2010,PORSCHE,BOXSTER,2010 Porsche Boxster Convertible w/SAB,,Not Rated,Not Rated,Not Rated,Not Rated,Not Rated,Not Rated,Not Rated,Not Rated,Not Rated,Not Rated,Not Rated,Not Rated,0,0, ,Not Rated,Standard,No,No,2,0,0,2010/PORSCHE/BOXSTER/2010 Porsche Boxster Convertible w_SAB.png
5504,2010,PORSCHE,CAYENNE,2010 Porsche Cayenne 4-DR w/SAB,,Not Rated,Not Rated,Not Rated,Not Rated,Not Rated,Not Rated,Not Rated,Not Rated,Not Rated,Not Rated,Not Rated,Not Rated,0,0, ,Not Rated,Standard,No,No,1,2,0,2010/PORSCHE/CAYENNE/2010 Porsche Cayenne 4-DR w_SAB.png
5505,2010,PORSCHE,CAYMAN,2010 Porsche Cayman 2-DR w/SAB,,Not Rated,Not Rated,Not Rated,Not Rated,Not Rated,Not Rated,Not Rated,Not Rated,Not Rated,Not Rated,Not Rated,Not Rated,0,0, ,Not Rated,Standard,No,No,5,0,0,2010/PORSCHE/CAYMAN/2010 Porsche Cayman 2-DR w_SAB.png
5507,2010,PORSCHE,PANAMERA,2010 Porsche Panamera 4-DR w/SAB,,Not Rated,Not Rated,Not Rated,Not Rated,Not Rated,Not Rated,Not Rated,Not Rated,Not Rated,Not Rated,Not Rated,Not Rated,0,0, ,Not Rated,Standard,No,No,5,1,0,2010/PORSCHE/PANAMERA/2010 Porsche Panamera 4-DR w_SAB.png
5675,2010,SAAB,9-3,2010 Saab 9-3 Convertible w/SAB,,Not Rated,Not Rated,Not Rated,Not Rated,Not Rated,Not Rated,Not Rated,Not Rated,Not Rated,Not Rated,Not Rated,Not Rated,0,0, ,Not Rated,Standard,No,No,30,4,1,2010/SAAB/9-3/2010 Saab 9-3 Convertible w_SAB.png
5676,2010,SAAB,9-3,2010 Saab 9-3 4-DR w/SAB,,Not Rated,Not Rated,4,4,Not Rated,5,4,Not Rated,Not Rated,Not Rated,4,4,0.121,0.121,No Tip,Not Rated,Standard,No,No,30,4,1,2010/SAAB/9-3/2010 Saab 9-3 4-DR w_SAB.png
5677,2010,SAAB,9-3 WAGON,2010 Saab 9-3 Wagon w/SAB,,Not Rated,Not Rated,4,4,Not Rated,5,4,Not Rated,Not Rated,Not Rated,4,4,0.127,0.127,No Tip,Not Rated,Standard,No,No,30,3,0,2010/SAAB/9-3 WAGON/2010 Saab 9-3 Wagon w_SAB.png
5678,2010,SAAB,9-5,2010 Saab 9-5 4-DR. w/SAB,,Not Rated,Not Rated,Not Rated,Not Rated,Not Rated,Not Rated,Not Rated,Not Rated,Not Rated,Not Rated,Not Rated,Not Rated,0,0, ,Not Rated,Standard,Optional,No,2,0,0,2010/SAAB/9-5/2010 Saab 9-5 4-DR. w_SAB.png
5671,2010,SATURN,AURA,2010 Saturn Aura 4-DR. w/SAB,,Not Rated,Not Rated,5,5,Not Rated,5,5,Not Rated,Not Rated,Not Rated,Not Rated,4,0,0.116, ,Not Rated,Standard,No,No,2,2,0,2010/SATURN/AURA/2010 Saturn Aura 4-DR. w_SAB.png
5672,2010,SATURN,OUTLOOK,2010 Saturn Outlook 4-DR. w/SAB,,Not Rated,Not Rated,5,5,Not Rated,5,5,Not Rated,Not Rated,Not Rated,4,4,0.155,0.169,No Tip,Not Rated,Standard,No,No,16,4,2,2010/SATURN/OUTLOOK/2010 Saturn Outlook 4-DR. w_SAB.png
5673,2010,SATURN,VUE,2010 Saturn VUE 4-DR w/SAB,,Not Rated,Not Rated,5,5,Not Rated,5,5,Not Rated,Not Rated,Not Rated,4,4,0.159,0.185,No Tip,Not Rated,Standard,No,No,6,0,0,2010/SATURN/VUE/2010 Saturn VUE 4-DR w_SAB.png
5508,2010,SMART,FORTWO,2010 Smart Fortwo Cabriolet w/SAB,,Not Rated,Not Rated,Not Rated,Not Rated,Not Rated,Not Rated,Not Rated,Not Rated,Not Rated,Not Rated,Not Rated,3,0,0.212, ,Not Rated,Standard,No,No,6,0,0,2010/SMART/FORTWO/2010 Smart Fortwo Cabriolet w_SAB.png
5509,2010,SMART,FORTWO,2010 Smart Fortwo 2-Dr. w/SAB,,Not Rated,Not Rated,4,3,Not Rated,5,Not Rated,Not Rated,Not Rated,Not Rated,Not Rated,3,0,0.212, ,Not Rated,Standard,No,No,6,0,0,2010/SMART/FORTWO/2010 Smart Fortwo 2-Dr. w_SAB.png
5490,2010,SUBARU,FORESTER,2010 Subaru Forester 4-DR. w/SAB,,Not Rated,Not Rated,5,5,Not Rated,5,5,Not Rated,Not Rated,Not Rated,4,Not Rated,0.179,0,No Tip,Not Rated,Standard,No,No,261,17,0,2010/SUBARU/FORESTER/2010 Subaru Forester 4-DR. w_SAB.png
5492,2010,SUBARU,IMPREZA,2010 Subaru Impreza 4-DR w/SAB,,Not Rated,Not Rated,5,5,Not Rated,5,4,Not Rated,Not Rated,Not Rated,4,Not Rated,0.103,0,No Tip,Not Rated,Standard,No,No,46,15,0,2010/SUBARU/IMPREZA/2010 Subaru Impreza 4-DR w_SAB.png
5491,2010,SUBARU,IMPREZA WAGON,2010 Subaru Impreza 4-DR Wagon w/SAB,,Not Rated,Not Rated,5,5,Not Rated,5,4,Not Rated,Not Rated,Not Rated,4,Not Rated,0.103,0,No Tip,Not Rated,Standard,No,No,46,15,0,2010/SUBARU/IMPREZA WAGON/2010 Subaru Impreza 4-DR Wagon w_SAB.png
5493,2010,SUBARU,LEGACY,2010 Subaru Legacy 4-DR. w/SAB,,Not Rated,Not Rated,5,5,Not Rated,5,5,Not Rated,Not Rated,Not Rated,5,Not Rated,0.101,0,No Tip,Not Rated,Standard,No,No,150,18,0,2010/SUBARU/LEGACY/2010 Subaru Legacy 4-DR. w_SAB.png
5494,2010,SUBARU,OUTBACK,2010 Subaru Outback 4-DR  w/SAB,,Not Rated,Not Rated,5,5,Not Rated,5,5,Not Rated,Not Rated,Not Rated,4,Not Rated,0.174,0,No Tip,Not Rated,Standard,No,No,359,18,0,2010/SUBARU/OUTBACK/2010 Subaru Outback 4-DR  w_SAB.png
5495,2010,SUBARU,TRIBECA,2010 Subaru Tribeca 4-DR. w/SAB,,Not Rated,Not Rated,5,5,Not Rated,5,5,Not Rated,Not Rated,Not Rated,4,Not Rated,0.164,0,No Tip,Not Rated,Standard,No,No,8,10,0,2010/SUBARU/TRIBECA/2010 Subaru Tribeca 4-DR. w_SAB.png
5824,2010,SUZUKI,EQUATOR CREW CAB,2010 Suzuki Equator Crew Cab 4-DR. w/SAB,,Not Rated,Not Rated,4,4,Not Rated,5,5,Not Rated,Not Rated,Not Rated,4,3,0.198,0.212,No Tip,Not Rated,Standard,No,No,7,3,0,2010/SUZUKI/EQUATOR CREW CAB/2010 Suzuki Equator Crew Cab 4-DR. w_SAB.png
5823,2010,SUZUKI,EQUATOR KING CAB,2010 Suzuki Equator King Cab w/SAB,,Not Rated,Not Rated,4,5,Not Rated,5,Not Rated,Not Rated,Not Rated,Not Rated,4,3,0.198,0.212,No Tip,Not Rated,Optional,No,No,7,3,0,2010/SUZUKI/EQUATOR KING CAB/2010 Suzuki Equator King Cab w_SAB.png
5825,2010,SUZUKI,GRAND VITARA,2010 Suzuki Grand Vitara 4-DR. w/SAB,,Not Rated,Not Rated,4,4,Not Rated,5,5,Not Rated,Not Rated,Not Rated,4,4,0.185,0.191,No Tip,Not Rated,Standard,No,No,20,5,1,2010/SUZUKI/GRAND VITARA/2010 Suzuki Grand Vitara 4-DR. w_SAB.png
5828,2010,SUZUKI,KIZASHI,2010 Suzuki Kizashi 4-DR w/SAB,,Not Rated,Not Rated,5,5,Not Rated,5,5,Not Rated,Not Rated,Not Rated,4,4,0.109,0.109,No Tip,Not Rated,Standard,No,No,22,6,0,2010/SUZUKI/KIZASHI/2010 Suzuki Kizashi 4-DR w_SAB.png
5826,2010,SUZUKI,SX4,2010 Suzuki SX-4 4-DR Wagon w/SAB,,Not Rated,Not Rated,4,4,Not Rated,5,4,Not Rated,Not Rated,Not Rated,4,4,0.133,0.133,No Tip,Not Rated,Standard,No,No,21,5,1,2010/SUZUKI/SX4/2010 Suzuki SX-4 4-DR Wagon w_SAB.png
5827,2010,SUZUKI,SX4,2010 Suzuki SX-4 4-DR w/SAB,,Not Rated,Not Rated,4,4,Not Rated,5,4,Not Rated,Not Rated,Not Rated,Not Rated,4,0,0.133, ,Not Rated,Optional,No,No,21,5,1,2010/SUZUKI/SX4/2010 Suzuki SX-4 4-DR w_SAB.png
5775,2010,TOYOTA,4RUNNER,2010 Toyota 4Runner 4-DR. w/SAB,,Not Rated,Not Rated,5,4,Not Rated,5,5,Not Rated,Not Rated,Not Rated,3,3,0.246,0.246,No Tip,Not Rated,Standard,No,No,145,12,1,2010/TOYOTA/4RUNNER/2010 Toyota 4Runner 4-DR. w_SAB.png
5776,2010,TOYOTA,AVALON,2010 Toyota Avalon 4-DR. w/SAB,,Not Rated,Not Rated,5,5,Not Rated,5,5,Not Rated,Not Rated,Not Rated,Not Rated,4,0,0.111, ,Not Rated,Standard,No,No,44,7,0,2010/TOYOTA/AVALON/2010 Toyota Avalon 4-DR. w_SAB.png
5461,2010,TOYOTA,CAMRY,2010 Toyota Camry 4-DR. w/SAB,,Not Rated,Not Rated,5,5,Not Rated,5,5,Not Rated,Not Rated,Not Rated,Not Rated,4,0,0.107, ,Not Rated,Standard,No,No,608,9,2,2010/TOYOTA/CAMRY/2010 Toyota Camry 4-DR. w_SAB.png
5462,2010,TOYOTA,CAMRY HYBRID,2010 Toyota Camry Hybrid  4-DR. w/SAB,,Not Rated,Not Rated,5,5,Not Rated,5,5,Not Rated,Not Rated,Not Rated,Not Rated,4,0,0.107, ,Not Rated,Standard,No,No,608,9,2,2010/TOYOTA/CAMRY HYBRID/2010 Toyota Camry Hybrid  4-DR. w_SAB.png
5463,2010,TOYOTA,COROLLA,2010 Toyota Corolla 4-DR. w/SAB,,Not Rated,Not Rated,4,4,Not Rated,5,4,Not Rated,Not Rated,Not Rated,Not Rated,4,0,0.121, ,Not Rated,Standard,No,No,1258,17,3,2010/TOYOTA/COROLLA/2010 Toyota Corolla 4-DR. w_SAB.png
5777,2010,TOYOTA,FJ CRUISER,2010 Toyota FJ Cruiser  w/SAB 4-DR.,,Not Rated,Not Rated,5,4,Not Rated,5,5,Not Rated,Not Rated,Not Rated,3,3,0.267,0.256,No Tip,Not Rated,Standard,No,No,64,12,0,2010/TOYOTA/FJ CRUISER/2010 Toyota FJ Cruiser  w_SAB 4-DR..png
5778,2010,TOYOTA,HIGHLANDER,2010 Toyota Highlander 4-DR. w/SAB,,Not Rated,Not Rated,5,4,Not Rated,5,5,Not Rated,Not Rated,Not Rated,4,4,0.174,0.198,No Tip,Not Rated,Standard,No,No,237,11,3,2010/TOYOTA/HIGHLANDER/2010 Toyota Highlander 4-DR. w_SAB.png
5779,2010,TOYOTA,HIGHLANDER HYBRID,2010 Toyota Highlander Hybrid 4-DR. w/SAB,,Not Rated,Not Rated,5,4,Not Rated,5,5,Not Rated,Not Rated,Not Rated,4,4,0.174,0.198,No Tip,Not Rated,Standard,No,No,237,11,3,2010/TOYOTA/HIGHLANDER HYBRID/2010 Toyota Highlander Hybrid 4-DR. w_SAB.png
5780,2010,TOYOTA,LANDCRUISER,2010 Toyota Landcruiser 4-DR w/SAB,,Not Rated,Not Rated,Not Rated,Not Rated,Not Rated,Not Rated,Not Rated,Not Rated,Not Rated,Not Rated,Not Rated,Not Rated,0,0, ,Not Rated,No,No,No,3,6,0,2010/TOYOTA/LANDCRUISER/2010 Toyota Landcruiser 4-DR w_SAB.png
5464,2010,TOYOTA,MATRIX,2010 Toyota Matrix 4-DR. w/SAB,,Not Rated,Not Rated,5,5,Not Rated,5,4,Not Rated,Not Rated,Not Rated,4,4,0.136,0.136,No Tip,Not Rated,Standard,No,No,45,4,1,2010/TOYOTA/MATRIX/2010 Toyota Matrix 4-DR. w_SAB.png
5781,2010,TOYOTA,PRIUS,2010 Toyota Prius 4-DR.w/SAB,,Not Rated,Not Rated,4,4,Not Rated,5,4,Not Rated,Not Rated,Not Rated,Not Rated,4,0,0.121, ,Not Rated,Standard,Optional,No,2816,10,4,2010/TOYOTA/PRIUS/2010 Toyota Prius 4-DR.w_SAB.png
5797,2010,TOYOTA,PRIUS PLUG-IN,2010 Toyota Prius Plug-in  4-DR.w/SAB,,Not Rated,Not Rated,Not Rated,Not Rated,Not Rated,Not Rated,Not Rated,Not Rated,Not Rated,Not Rated,Not Rated,Not Rated,0,0, ,Not Rated,Standard,No,No,2822,10,4,2010/TOYOTA/PRIUS PLUG-IN/2010 Toyota Prius Plug-in  4-DR.w_SAB.png
5782,2010,TOYOTA,RAV4,2010 Toyota RAV4 4-DR. w/SAB,,Not Rated,Not Rated,5,4,Not Rated,5,5,Not Rated,Not Rated,Not Rated,4,4,0.174,0.185,No Tip,Not Rated,Standard,No,No,398,14,1,2010/TOYOTA/RAV4/2010 Toyota RAV4 4-DR. w_SAB.png
5783,2010,TOYOTA,SCION TC,2010 Toyota Scion tC 2-DR w/SAB,,Not Rated,Not Rated,5,4,Not Rated,5,5,Not Rated,Not Rated,Not Rated,Not Rated,4,0,0.116, ,Not Rated,No,No,No,0,0,0,2010/TOYOTA/SCION TC/2010 Toyota Scion tC 2-DR w_SAB.png
5465,2010,TOYOTA,SCION XB,2010 Toyota Scion xB Wagon w/SAB,,Not Rated,Not Rated,4,4,Not Rated,5,5,Not Rated,Not Rated,Not Rated,Not Rated,4,0,0.14, ,Not Rated,Standard,No,No,0,0,0,2010/TOYOTA/SCION XB/2010 Toyota Scion xB Wagon w_SAB.png
5784,2010,TOYOTA,SCION XD,2010 Toyota Scion xD 4-DR w/SAB,,Not Rated,Not Rated,4,4,Not Rated,5,5,Not Rated,Not Rated,Not Rated,Not Rated,4,0,0.151, ,Not Rated,Standard,No,No,0,0,0,2010/TOYOTA/SCION XD/2010 Toyota Scion xD 4-DR w_SAB.png
5785,2010,TOYOTA,SEQUOIA,2010 Toyota Sequoia 4-DR w/SAB,,Not Rated,Not Rated,Not Rated,Not Rated,Not Rated,Not Rated,Not Rated,Not Rated,Not Rated,Not Rated,4,4,0.185,0.185,No Tip,Not Rated,Standard,No,No,30,10,0,2010/TOYOTA/SEQUOIA/2010 Toyota Sequoia 4-DR w_SAB.png
5786,2010,TOYOTA,SIENNA,2010 Toyota Sienna w/SAB,,Not Rated,Not Rated,4,5,Not Rated,5,5,Not Rated,Not Rated,Not Rated,4,4,0.169,0.159,No Tip,Not Rated,Standard,Optional,No,171,8,0,2010/TOYOTA/SIENNA/2010 Toyota Sienna w_SAB.png
5788,2010,TOYOTA,TACOMA ACCESS CAB,2010 Toyota Tacoma Access Cab w/SAB,,Not Rated,Not Rated,5,5,Not Rated,5,Not Rated,Not Rated,Not Rated,Not Rated,4,4,0.191,0.147,No Tip,Not Rated,Standard,No,No,288,13,0,2010/TOYOTA/TACOMA ACCESS CAB/2010 Toyota Tacoma Access Cab w_SAB.png
5789,2010,TOYOTA,TACOMA CREW CAB,2010 Toyota Tacoma Crew Cab 4-DR.w/SAB,,Not Rated,Not Rated,5,5,Not Rated,5,5,Not Rated,Not Rated,Not Rated,4,4,0.191,0.147,No Tip,Not Rated,Standard,No,No,288,13,0,2010/TOYOTA/TACOMA CREW CAB/2010 Toyota Tacoma Crew Cab 4-DR.w_SAB.png
5787,2010,TOYOTA,TACOMA REGULAR CAB,2010 Toyota Tacoma Regular Cab w/SAB,,Not Rated,Not Rated,5,5,Not Rated,5,Not Rated,Not Rated,Not Rated,Not Rated,4,4,0.191,0.147,No Tip,Not Rated,Standard,No,No,288,13,0,2010/TOYOTA/TACOMA REGULAR CAB/2010 Toyota Tacoma Regular Cab w_SAB.png
5792,2010,TOYOTA,TUNDRA CREW CAB,2010 Toyota Tundra Crew Cab w/SAB,,Not Rated,Not Rated,5,5,Not Rated,Not Rated,Not Rated,Not Rated,Not Rated,Not Rated,4,3,0.198,0.204,No Tip,Not Rated,Standard,No,No,162,16,0,2010/TOYOTA/TUNDRA CREW CAB/2010 Toyota Tundra Crew Cab w_SAB.png
5790,2010,TOYOTA,TUNDRA DOUBLE CAB,2010 Toyota Tundra Double Cab w/SAB,,Not Rated,Not Rated,5,5,Not Rated,Not Rated,Not Rated,Not Rated,Not Rated,Not Rated,4,3,0.198,0.204,No Tip,Not Rated,Standard,No,No,162,16,0,2010/TOYOTA/TUNDRA DOUBLE CAB/2010 Toyota Tundra Double Cab w_SAB.png
5791,2010,TOYOTA,TUNDRA REGULAR CAB,2010 Toyota Tundra Regular Cab w/SAB,,Not Rated,Not Rated,4,5,Not Rated,Not Rated,Not Rated,Not Rated,Not Rated,Not Rated,4,3,0.198,0.204,No Tip,Not Rated,Standard,No,No,162,16,0,2010/TOYOTA/TUNDRA REGULAR CAB/2010 Toyota Tundra Regular Cab w_SAB.png
5793,2010,TOYOTA,VENZA,2010 Toyota Venza 4-DR w/SAB,,Not Rated,Not Rated,5,5,Not Rated,5,5,Not Rated,Not Rated,Not Rated,4,4,0.143,0.155,No Tip,Not Rated,Standard,No,No,78,9,0,2010/TOYOTA/VENZA/2010 Toyota Venza 4-DR w_SAB.png
5794,2010,TOYOTA,YARIS,2010 Toyota Yaris 4-DR.  w/SAB,,Not Rated,Not Rated,4,4,Not Rated,4,4,Not Rated,Not Rated,Not Rated,Not Rated,4,0,0.13, ,Not Rated,Standard,No,No,90,9,1,2010/TOYOTA/YARIS/2010 Toyota Yaris 4-DR.  w_SAB.png
5795,2010,TOYOTA,YARIS LIFTBACK,2010 Toyota Yaris Liftback 2-DR  w/SAB,,Not Rated,Not Rated,5,4,Not Rated,5,3,Not Rated,Not Rated,Not Rated,Not Rated,4,0,0.14, ,Not Rated,Standard,No,No,90,9,1,2010/TOYOTA/YARIS LIFTBACK/2010 Toyota Yaris Liftback 2-DR  w_SAB.png
5796,2010,TOYOTA,YARIS LIFTBACK,2010 Toyota Yaris Liftback 5-DR  w/SAB,,Not Rated,Not Rated,4,4,Not Rated,4,4,Not Rated,Not Rated,Not Rated,Not Rated,4,0,0.14, ,Not Rated,Standard,No,No,90,9,1,2010/TOYOTA/YARIS LIFTBACK/2010 Toyota Yaris Liftback 5-DR  w_SAB.png
5539,2010,VOLKSWAGEN,CC,2010 Volkswagen CC 4-DR. w/SAB,,Not Rated,Not Rated,4,4,Not Rated,5,4,Not Rated,Not Rated,Not Rated,4,4,0.118,0.118,No Tip,Not Rated,Standard,No,No,242,4,3,2010/VOLKSWAGEN/CC/2010 Volkswagen CC 4-DR. w_SAB.png
5553,2010,VOLKSWAGEN,EOS,2010 Volkswagen Eos Convertible w/SAB,,Not Rated,Not Rated,Not Rated,Not Rated,Not Rated,Not Rated,Not Rated,Not Rated,Not Rated,Not Rated,Not Rated,Not Rated,0,0, ,Not Rated,Standard,No,No,69,2,3,2010/VOLKSWAGEN/EOS/2010 Volkswagen Eos Convertible w_SAB.png
5548,2010,VOLKSWAGEN,GOLF,2010 Volkswagen Golf 2-DR. w/SAB,,Not Rated,Not Rated,Not Rated,Not Rated,Not Rated,Not Rated,Not Rated,Not Rated,Not Rated,Not Rated,Not Rated,Not Rated,0,0, ,Not Rated,Standard,No,No,69,4,4,2010/VOLKSWAGEN/GOLF/2010 Volkswagen Golf 2-DR. w_SAB.png
5549,2010,VOLKSWAGEN,GOLF,2010 Volkswagen Golf 4-DR. w/SAB,,Not Rated,Not Rated,4,4,Not Rated,5,5,Not Rated,Not Rated,Not Rated,Not Rated,4,0,0.121, ,Not Rated,Standard,No,No,69,4,4,2010/VOLKSWAGEN/GOLF/2010 Volkswagen Golf 4-DR. w_SAB.png
5540,2010,VOLKSWAGEN,GTI,2010 Volkswagen GTI 4-DR. w/SAB,,Not Rated,Not Rated,4,4,Not Rated,5,5,Not Rated,Not Rated,Not Rated,Not Rated,4,0,0.121, ,Not Rated,Standard,No,No,53,1,1,2010/VOLKSWAGEN/GTI/2010 Volkswagen GTI 4-DR. w_SAB.png
5541,2010,VOLKSWAGEN,GTI,2010 Volkswagen GTI 2-DR. w/SAB,,Not Rated,Not Rated,Not Rated,Not Rated,Not Rated,Not Rated,Not Rated,Not Rated,Not Rated,Not Rated,Not Rated,Not Rated,0,0, ,Not Rated,Standard,No,No,53,1,1,2010/VOLKSWAGEN/GTI/2010 Volkswagen GTI 2-DR. w_SAB.png
5542,2010,VOLKSWAGEN,JETTA,2010 Volkswagen Jetta 4-DR. w/SAB,,Not Rated,Not Rated,4,4,Not Rated,5,5,Not Rated,Not Rated,Not Rated,Not Rated,4,0,0.121, ,Not Rated,Standard,No,No,875,6,5,2010/VOLKSWAGEN/JETTA/2010 Volkswagen Jetta 4-DR. w_SAB.png
5543,2010,VOLKSWAGEN,JETTA SPORTWAGEN,2010 Volkswagen Jetta Sportwagen 4-DR. w/SAB,,Not Rated,Not Rated,4,4,Not Rated,5,5,Not Rated,Not Rated,Not Rated,Not Rated,4,0,0.121, ,Not Rated,Standard,No,No,875,6,5,2010/VOLKSWAGEN/JETTA SPORTWAGEN/2010 Volkswagen Jetta Sportwagen 4-DR. w_SAB.png
5544,2010,VOLKSWAGEN,NEW BEETLE,2010 Volkswagen New Beetle Convertible w/SAB,,Not Rated,Not Rated,4,4,Not Rated,Not Rated,Not Rated,Not Rated,Not Rated,Not Rated,Not Rated,4,0,0.113, ,Not Rated,Standard,No,No,0,0,0,2010/VOLKSWAGEN/NEW BEETLE/2010 Volkswagen New Beetle Convertible w_SAB.png
5545,2010,VOLKSWAGEN,NEW BEETLE,2010 Volkswagen New Beetle 2-DR. w/SAB,,Not Rated,Not Rated,4,4,Not Rated,5,3,Not Rated,Not Rated,Not Rated,Not Rated,4,0,0.113, ,Not Rated,Standard,No,No,0,0,0,2010/VOLKSWAGEN/NEW BEETLE/2010 Volkswagen New Beetle 2-DR. w_SAB.png
5546,2010,VOLKSWAGEN,PASSAT,2010 Volkswagen Passat 4-DR. w/SAB,,Not Rated,Not Rated,4,4,Not Rated,5,4,Not Rated,Not Rated,Not Rated,Not Rated,4,0,0.118, ,Not Rated,Standard,No,No,163,4,3,2010/VOLKSWAGEN/PASSAT/2010 Volkswagen Passat 4-DR. w_SAB.png
5547,2010,VOLKSWAGEN,PASSAT WAGON,2010 Volkswagen Passat Wagon w/SAB,,Not Rated,Not Rated,4,4,Not Rated,5,4,Not Rated,Not Rated,Not Rated,Not Rated,4,0,0.118, ,Not Rated,Standard,No,No,9,2,0,2010/VOLKSWAGEN/PASSAT WAGON/2010 Volkswagen Passat Wagon w_SAB.png
5550,2010,VOLKSWAGEN,ROUTAN,2010 Volkswagen Routan w/SAB,,Not Rated,Not Rated,5,5,Not Rated,5,5,Not Rated,Not Rated,Not Rated,Not Rated,4,0,0.164, ,Not Rated,Standard,No,No,240,2,0,2010/VOLKSWAGEN/ROUTAN/2010 Volkswagen Routan w_SAB.png
5551,2010,VOLKSWAGEN,TIGUAN,2010 Volkswagen Tiguan 4-Dr. w/SAB,,Not Rated,Not Rated,5,5,Not Rated,5,5,Not Rated,Not Rated,Not Rated,4,4,0.174,0.185,No Tip,Not Rated,Standard,No,No,109,2,3,2010/VOLKSWAGEN/TIGUAN/2010 Volkswagen Tiguan 4-Dr. w_SAB.png
5552,2010,VOLKSWAGEN,TOUAREG 2,2010 Volkswagen Touareg 2 4-Dr. w/SAB,,Not Rated,Not Rated,5,5,Not Rated,5,5,Not Rated,Not Rated,Not Rated,4,Not Rated,0,0, ,Not Rated,Standard,No,No,25,1,1,2010/VOLKSWAGEN/TOUAREG 2/2010 Volkswagen Touareg 2 4-Dr. w_SAB.png
5510,2010,VOLVO,C30,2010 Volvo C30 2-DR w/SAB,,Not Rated,Not Rated,Not Rated,Not Rated,Not Rated,Not Rated,Not Rated,Not Rated,Not Rated,Not Rated,Not Rated,Not Rated,0,0, ,Not Rated,Standard,No,No,6,2,0,2010/VOLVO/C30/2010 Volvo C30 2-DR w_SAB.png
5511,2010,VOLVO,C70,2010 Volvo C70 Convertible  w/SAB,,Not Rated,Not Rated,Not Rated,Not Rated,Not Rated,Not Rated,Not Rated,Not Rated,Not Rated,Not Rated,Not Rated,Not Rated,0,0, ,Not Rated,Standard,No,No,4,2,0,2010/VOLVO/C70/2010 Volvo C70 Convertible  w_SAB.png
5512,2010,VOLVO,S40,2010 Volvo S40 4-DR. w/SAB,,Not Rated,Not Rated,4,5,Not Rated,5,5,Not Rated,Not Rated,Not Rated,4,4,0.111,0.111,No Tip,Not Rated,Standard,No,No,9,3,0,2010/VOLVO/S40/2010 Volvo S40 4-DR. w_SAB.png
5513,2010,VOLVO,S80,2010 Volvo S80 4-DR. w/SAB,,Not Rated,Not Rated,Not Rated,Not Rated,Not Rated,Not Rated,Not Rated,Not Rated,Not Rated,Not Rated,Not Rated,Not Rated,0,0, ,Not Rated,Standard,Optional,Optional,27,5,0,2010/VOLVO/S80/2010 Volvo S80 4-DR. w_SAB.png
5514,2010,VOLVO,V50,2010 Volvo V50 Wagon w/SAB,,Not Rated,Not Rated,Not Rated,Not Rated,Not Rated,Not Rated,Not Rated,Not Rated,Not Rated,Not Rated,Not Rated,Not Rated,0,0, ,Not Rated,Standard,No,No,2,3,0,2010/VOLVO/V50/2010 Volvo V50 Wagon w_SAB.png
5515,2010,VOLVO,V70,2010 Volvo V70 4-DR. Wagon w/SAB,,Not Rated,Not Rated,Not Rated,Not Rated,Not Rated,Not Rated,Not Rated,Not Rated,Not Rated,Not Rated,Not Rated,Not Rated,0,0, ,Not Rated,Standard,Optional,Optional,4,3,0,2010/VOLVO/V70/2010 Volvo V70 4-DR. Wagon w_SAB.png
5516,2010,VOLVO,XC60,2010 Volvo XC60 4-DR. w/SAB,,Not Rated,Not Rated,Not Rated,Not Rated,Not Rated,Not Rated,Not Rated,Not Rated,Not Rated,Not Rated,Not Rated,Not Rated,0,0, ,Not Rated,Standard,Optional,Optional,56,7,0,2010/VOLVO/XC60/2010 Volvo XC60 4-DR. w_SAB.png
5517,2010,VOLVO,XC70,2010 Volvo XC70 4-DR. Wagon w/SAB,,Not Rated,Not Rated,Not Rated,Not Rated,Not Rated,Not Rated,Not Rated,Not Rated,Not Rated,Not Rated,Not Rated,Not Rated,0,0, ,Not Rated,Standard,Optional,Optional,15,5,0,2010/VOLVO/XC70/2010 Volvo XC70 4-DR. Wagon w_SAB.png
5518,2010,VOLVO,XC90,2010 Volvo XC90 4-DR. w/SAB,,Not Rated,Not Rated,5,5,Not Rated,5,5,Not Rated,Not Rated,Not Rated,4,4,0.179,0.191,No Tip,Not Rated,Standard,No,No,12,3,0,2010/VOLVO/XC90/2010 Volvo XC90 4-DR. w_SAB.png