VehicleId,ModelYear,Make,Model,VehicleDescription,VehiclePicture,OverallRating,OverallFrontCrashRating,FrontCrashDriversideRating,FrontCrashPassengersideRating,OverallSideCrashRating,SideCrashDriversideRating,SideCrashPassengersideRating,CombinedSideBarrierAndPoleRatingFront,CombinedSideBarrierAndPoleRatingRear,SideBarrierRatingOverall,RolloverRating,RolloverRating2,RolloverPossibility,RolloverPossibility2,DynamicTipResult,SidePoleCrashRating,NHTSAElectronicStabilityControl,NHTSAForwardCollisionWarning,NHTSALaneDepartureWarning,ComplaintsCount,RecallsCount,InvestigationCount,ImagePath
14822,2020,ACURA,ILX,2020 Acura ILX 4 DR FWD,,5,4,5,4,5,5,5,5,5,5,4,Not Rated,0.107,0,No Tip,5,Standard,Standard,Standard,9,2,1,2020/ACURA/ILX/2020 Acura ILX 4 DR FWD.png
14488,2020,ACURA,MDX,2020 Acura MDX SUV FWD,,5,5,5,5,5,5,5,5,5,5,4,Not Rated,0.164,0,No Tip,5,Standard,Standard,Standard,183,6,3,2020/ACURA/MDX/2020 Acura MDX SUV FWD.png
14491,2020,ACURA,MDX,2020 Acura MDX SUV AWD,,5,5,5,5,5,5,5,5,5,5,4,Not Rated,0.164,0,No Tip,5,Standard,Standard,Standard,183,6,3,2020/ACURA/MDX/2020 Acura MDX SUV AWD.png
14489,2020,ACURA,MDX SPORT HYBRID,2020 Acura MDX SPORT HYBRID SUV AWD,,5,5,5,5,5,5,5,5,5,5,4,Not Rated,0.164,0,No Tip,5,Standard,Standard,Standard,5,1,1,2020/ACURA/MDX SPORT HYBRID/2020 Acura MDX SPORT HYBRID SUV AWD.png
14960,2020,ACURA,NSX,2020 Acura NSX 2 DR AWD,,Not Rated,Not Rated,Not Rated,Not Rated,Not Rated,Not Rated,Not Rated,Not Rated,Not Rated,Not Rated,Not Rated,Not Rated,0,0, ,Not Rated,Standard,No,No,0,1,1,2020/ACURA/NSX/2020 Acura NSX 2 DR AWD.png
14142,2020,ACURA,RDX,2020 Acura RDX SUV FWD,,5,4,4,4,5,5,5,5,5,5,4,Not Rated,0.165,0,No Tip,5,Standard,Standard,Standard,318,4,0,2020/ACURA/RDX/2020 Acura RDX SUV FWD.png
14143,2020,ACURA,RDX,2020 Acura RDX SUV AWD,,5,4,4,4,5,5,5,5,5,5,4,Not Rated,0.15,0,No Tip,5,Standard,Standard,Standard,318,4,0,2020/ACURA/RDX/2020 Acura RDX SUV AWD.png
14144,2020,ACURA,RLX,2020 Acura RLX 4 DR FWD,,5,5,5,5,5,5,5,5,5,5,5,Not Rated,0.097,0,No Tip,5,Standard,Standard,Standard,0,1,0,2020/ACURA/RLX/2020 Acura RLX 4 DR FWD.png
14145,2020,ACURA,RLX SPORT HYBRID,2020 Acura RLX SPORT HYBRID 4 DR AWD,,Not Rated,Not Rated,Not Rated,Not Rated,5,5,5,5,5,5,5,Not Rated,0.097,0,No Tip,5,Standard,Standard,Standard,0,0,1,2020/ACURA/RLX SPORT HYBRID/2020 Acura RLX SPORT HYBRID 4 DR AWD.png
14113,2020,ACURA,TLX,2020 Acura TLX 4 DR FWD,,5,5,5,5,5,5,5,5,5,5,5,Not Rated,0.098,0,No Tip,5,Standard,Standard,Standard,58,4,3,2020/ACURA/TLX/2020 Acura TLX 4 DR FWD.png
14114,2020,ACURA,TLX,2020 Acura TLX 4 DR AWD,,5,5,5,5,5,5,5,5,5,5,5,Not Rated,0.098,0,No Tip,5,Standard,Standard,Standard,58,4,3,2020/ACURA/TLX/2020 Acura TLX 4 DR AWD.png
14263,2020,ALFA,4C SPIDER,2020 Alfa 4C Spider C RWD,,Not Rated,Not Rated,Not Rated,Not Rated,Not Rated,Not Rated,Not Rated,Not Rated,Not Rated,Not Rated,Not Rated,Not Rated,0,0, ,Not Rated,Standard,No,No,0,0,0,2020/ALFA/4C SPIDER/2020 Alfa 4C Spider C RWD.png
14267,2020,ALFA,ALFA ROMEO STELVIO QUADRIFOGLIO,2020 Alfa Alfa Romeo Stelvio Quadrifoglio SUV AWD,,Not Rated,Not Rated,Not Rated,Not Rated,Not Rated,Not Rated,Not Rated,Not Rated,Not Rated,Not Rated,Not Rated,Not Rated,0,0, ,Not Rated,Standard,Optional,No,0,0,0,2020/ALFA/ALFA ROMEO STELVIO QUADRIFOGLIO/2020 Alfa Alfa Romeo Stelvio Quadrifoglio SUV AWD.png
14264,2020,ALFA,GIULIA,2020 Alfa Giulia 4 DR RWD,,Not Rated,Not Rated,Not Rated,Not Rated,Not Rated,Not Rated,Not Rated,Not Rated,Not Rated,Not Rated,Not Rated,Not Rated,0,0, ,Not Rated,Standard,Optional,Optional,13,9,0,2020/ALFA/GIULIA/2020 Alfa Giulia 4 DR RWD.png
14286,2020,ALFA,GIULIA,2020 Alfa Giulia 4 DR AWD,,Not Rated,Not Rated,Not Rated,Not Rated,Not Rated,Not Rated,Not Rated,Not Rated,Not Rated,Not Rated,Not Rated,Not Rated,0,0, ,Not Rated,Standard,Optional,Optional,13,9,0,2020/ALFA/GIULIA/2020 Alfa Giulia 4 DR AWD.png
14265,2020,ALFA,GIULIA QUADRIFOGLIO,2020 Alfa Giulia Quadrifoglio 4 DR RWD,,Not Rated,Not Rated,Not Rated,Not Rated,Not Rated,Not Rated,Not Rated,Not Rated,Not Rated,Not Rated,Not Rated,Not Rated,0,0, ,Not Rated,Standard,Optional,Optional,0,0,0,2020/ALFA/GIULIA QUADRIFOGLIO/2020 Alfa Giulia Quadrifoglio 4 DR RWD.png
14266,2020,ALFA,STELVIO,2020 Alfa Stelvio SUV RWD,,Not Rated,Not Rated,Not Rated,Not Rated,Not Rated,Not Rated,Not Rated,Not Rated,Not Rated,Not Rated,Not Rated,Not Rated,0,0, ,Not Rated,Standard,Optional,No,4,3,0,2020/ALFA/STELVIO/2020 Alfa Stelvio SUV RWD.png
14287,2020,ALFA,STELVIO,2020 Alfa Stelvio SUV AWD,,Not Rated,Not Rated,Not Rated,Not Rated,Not Rated,Not Rated,Not Rated,Not Rated,Not Rated,Not Rated,Not Rated,Not Rated,0,0, ,Not Rated,Standard,Optional,No,4,3,0,2020/ALFA/STELVIO/2020 Alfa Stelvio SUV AWD.png
14764,2020,AUDI,A3,2020 Audi A3 4 DR FWD,,5,4,4,5,5,5,5,5,5,5,4,Not Rated,0.109,0,No Tip,5,Standard,Standard,Optional,15,3,1,2020/AUDI/A3/2020 Audi A3 4 DR FWD.png
14803,2020,AUDI,A3,2020 Audi A3 4 DR AWD,,5,4,4,5,5,5,5,5,5,5,4,Not Rated,0.109,0,No Tip,5,Standard,Standard,Optional,15,3,1,2020/AUDI/A3/2020 Audi A3 4 DR AWD.png
14767,2020,AUDI,A3 CABRIOLET,2020 Audi A3 Cabriolet C FWD,,Not Rated,Not Rated,Not Rated,Not Rated,Not Rated,Not Rated,Not Rated,Not Rated,Not Rated,Not Rated,Not Rated,Not Rated,0,0, ,Not Rated,Standard,Standard,Optional,15,3,1,2020/AUDI/A3 CABRIOLET/2020 Audi A3 Cabriolet C FWD.png
14804,2020,AUDI,A3 CABRIOLET,2020 Audi A3 Cabriolet C AWD,,Not Rated,Not Rated,Not Rated,Not Rated,Not Rated,Not Rated,Not Rated,Not Rated,Not Rated,Not Rated,Not Rated,Not Rated,0,0, ,Not Rated,Standard,Standard,Optional,15,3,1,2020/AUDI/A3 CABRIOLET/2020 Audi A3 Cabriolet C AWD.png
14769,2020,AUDI,A4,2020 Audi A4 4 DR FWD,,5,4,4,4,5,5,5,5,5,5,5,Not Rated,0.099,0,No Tip,5,Standard,Standard,Optional,122,3,0,2020/AUDI/A4/2020 Audi A4 4 DR FWD.png
14805,2020,AUDI,A4,2020 Audi A4 4 DR AWD,,5,4,4,4,5,5,5,5,5,5,5,Not Rated,0.099,0, ,5,Standard,Standard,Optional,122,3,0,2020/AUDI/A4/2020 Audi A4 4 DR AWD.png
14768,2020,AUDI,A4 ALLROAD,2020 Audi A4 allroad SW AWD,,Not Rated,Not Rated,Not Rated,Not Rated,5,5,5,5,5,5,Not Rated,Not Rated,0,0, ,5,Standard,Standard,Optional,152,3,0,2020/AUDI/A4 ALLROAD/2020 Audi A4 allroad SW AWD.png
14773,2020,AUDI,A5,2020 Audi A5 2 DR AWD,,Not Rated,Not Rated,Not Rated,Not Rated,Not Rated,Not Rated,Not Rated,Not Rated,Not Rated,Not Rated,Not Rated,Not Rated,0,0, ,Not Rated,Standard,Standard,Optional,60,4,0,2020/AUDI/A5/2020 Audi A5 2 DR AWD.png
14771,2020,AUDI,A5 CABIOLET,2020 Audi A5 Cabiolet C AWD,,Not Rated,Not Rated,Not Rated,Not Rated,Not Rated,Not Rated,Not Rated,Not Rated,Not Rated,Not Rated,Not Rated,Not Rated,0,0, ,Not Rated,Standard,Standard,Optional,0,1,0,2020/AUDI/A5 CABIOLET/2020 Audi A5 Cabiolet C AWD.png
14775,2020,AUDI,A5 SPORTBACK,2020 Audi A5 Sportback 4 DR AWD,,5,4,4,4,5,5,5,5,5,5,5,Not Rated,0.099,0, ,5,Standard,Standard,Optional,60,4,0,2020/AUDI/A5 SPORTBACK/2020 Audi A5 Sportback 4 DR AWD.png
14778,2020,AUDI,A6,2020 Audi A6 4 DR FWD,,5,4,5,4,5,5,5,5,5,5,5,Not Rated,0.089,0,No Tip,5,Standard,Standard,No,22,9,0,2020/AUDI/A6/2020 Audi A6 4 DR FWD.png
14806,2020,AUDI,A6,2020 Audi A6 4 DR AWD,,5,4,5,4,5,5,5,5,5,5,5,Not Rated,0.089,0,No Tip,5,Standard,Standard,No,22,9,0,2020/AUDI/A6/2020 Audi A6 4 DR AWD.png
15918,2020,AUDI,A6 (WITH REAR SEAT SABS),2020 Audi A6 (With Rear Seat SABs)  4 DR AWD,,5,4,5,4,5,5,5,5,5,5,5,Not Rated,0.089,0,No Tip,5,Standard,Standard,No,22,9,0,2020/AUDI/A6 (WITH REAR SEAT SABS)/2020 Audi A6 (With Rear Seat SABs)  4 DR AWD.png
15919,2020,AUDI,A6 (WITH REAR SEAT SABS),2020 Audi A6 (With Rear Seat SABs) 4 DR FWD,,5,4,5,4,5,5,5,5,5,5,5,Not Rated,0.089,0,No Tip,5,Standard,Standard,No,22,9,0,2020/AUDI/A6 (WITH REAR SEAT SABS)/2020 Audi A6 (With Rear Seat SABs) 4 DR FWD.png
14777,2020,AUDI,A6 ALLROAD,2020 Audi A6 allroad SW AWD,,5,4,5,4,5,5,5,5,5,5,5,Not Rated,0.089,0,No Tip,5,Standard,Standard,No,8,4,0,2020/AUDI/A6 ALLROAD/2020 Audi A6 allroad SW AWD.png
14780,2020,AUDI,A7,2020 Audi A7 4 DR AWD,,Not Rated,Not Rated,Not Rated,Not Rated,5,5,5,5,5,5,Not Rated,Not Rated,0,0, ,5,Standard,Standard,No,2,8,0,2020/AUDI/A7/2020 Audi A7 4 DR AWD.png
15920,2020,AUDI,A7 (WITH REAR SEAT SABS),2020 Audi A7 (With Rear Seat SABs) 4 DR AWD,,Not Rated,Not Rated,Not Rated,Not Rated,5,5,5,5,5,5,Not Rated,Not Rated,0,0, ,5,Standard,Standard,No,2,8,0,2020/AUDI/A7 (WITH REAR SEAT SABS)/2020 Audi A7 (With Rear Seat SABs) 4 DR AWD.png
14783,2020,AUDI,A7 PHEV,2020 Audi A7 PHEV 4 DR AWD,,Not Rated,Not Rated,Not Rated,Not Rated,Not Rated,Not Rated,Not Rated,Not Rated,Not Rated,Not Rated,Not Rated,Not Rated,0,0, ,Not Rated,Standard,Standard,No,2,8,0,2020/AUDI/A7 PHEV/2020 Audi A7 PHEV 4 DR AWD.png
14784,2020,AUDI,A8L,2020 Audi A8L 4 DR AWD,,Not Rated,Not Rated,Not Rated,Not Rated,Not Rated,Not Rated,Not Rated,Not Rated,Not Rated,Not Rated,Not Rated,Not Rated,0,0, ,Not Rated,Standard,Standard,No,0,0,0,2020/AUDI/A8L/2020 Audi A8L 4 DR AWD.png
14785,2020,AUDI,A8L PHEV,2020 Audi A8L PHEV 4 DR AWD,,Not Rated,Not Rated,Not Rated,Not Rated,Not Rated,Not Rated,Not Rated,Not Rated,Not Rated,Not Rated,Not Rated,Not Rated,0,0, ,Not Rated,Standard,Standard,No,0,0,0,2020/AUDI/A8L PHEV/2020 Audi A8L PHEV 4 DR AWD.png
14801,2020,AUDI,E-TRON,2020 Audi e-tron SUV AWD,,5,4,4,4,5,5,5,5,5,5,5,Not Rated,0.092,0,No Tip,5,Standard,Standard,No,1,4,1,2020/AUDI/E-TRON/2020 Audi e-tron SUV AWD.png
14802,2020,AUDI,E-TRON SPORTBACK,2020 Audi e-tron Sportback SUV AWD,,5,4,4,4,5,5,5,5,5,5,5,Not Rated,0.092,0,No Tip,5,Standard,Standard,No,3,4,1,2020/AUDI/E-TRON SPORTBACK/2020 Audi e-tron Sportback SUV AWD.png
14787,2020,AUDI,Q3,2020 Audi Q3 SUV AWD,,5,4,4,4,5,5,5,5,5,5,4,Not Rated,0.164,0,No Tip,5,Standard,Standard,No,62,2,0,2020/AUDI/Q3/2020 Audi Q3 SUV AWD.png
14788,2020,AUDI,Q5,2020 Audi Q5 SUV AWD,,5,5,5,5,5,5,5,5,5,5,4,Not Rated,0.164,0,No Tip,5,Standard,Standard,Optional,22,6,0,2020/AUDI/Q5/2020 Audi Q5 SUV AWD.png
14790,2020,AUDI,Q5 PHEV,2020 Audi Q5 PHEV SUV AWD,,Not Rated,Not Rated,Not Rated,Not Rated,Not Rated,Not Rated,Not Rated,Not Rated,Not Rated,Not Rated,Not Rated,Not Rated,0,0, ,Not Rated,Standard,Standard,Optional,0,0,1,2020/AUDI/Q5 PHEV/2020 Audi Q5 PHEV SUV AWD.png
14956,2020,AUDI,Q7,2020 Audi Q7 SUV AWD,,Not Rated,Not Rated,Not Rated,Not Rated,5,5,5,5,5,5,4,Not Rated,0.157,0,No Tip,5,Standard,Standard,No,20,5,0,2020/AUDI/Q7/2020 Audi Q7 SUV AWD.png
14792,2020,AUDI,Q8,2020 Audi Q8 SUV AWD,,5,5,4,5,5,5,5,5,5,5,4,Not Rated,0.158,0,No Tip,5,Standard,Standard,No,25,3,0,2020/AUDI/Q8/2020 Audi Q8 SUV AWD.png
14795,2020,AUDI,R8,2020 Audi R8 2 DR AWD,,Not Rated,Not Rated,Not Rated,Not Rated,Not Rated,Not Rated,Not Rated,Not Rated,Not Rated,Not Rated,Not Rated,Not Rated,0,0, ,Not Rated,Standard,No,No,1,0,0,2020/AUDI/R8/2020 Audi R8 2 DR AWD.png
14796,2020,AUDI,R8 SPYDER,2020 Audi R8 Spyder C AWD,,Not Rated,Not Rated,Not Rated,Not Rated,Not Rated,Not Rated,Not Rated,Not Rated,Not Rated,Not Rated,Not Rated,Not Rated,0,0, ,Not Rated,Standard,No,No,0,0,0,2020/AUDI/R8 SPYDER/2020 Audi R8 Spyder C AWD.png
14766,2020,AUDI,RS 3,2020 Audi RS 3 4 DR AWD,,Not Rated,Not Rated,Not Rated,Not Rated,Not Rated,Not Rated,Not Rated,Not Rated,Not Rated,Not Rated,4,Not Rated,0.109,0,No Tip,Not Rated,Standard,Standard,Optional,1,1,1,2020/AUDI/RS 3/2020 Audi RS 3 4 DR AWD.png
14782,2020,AUDI,RS 7,2020 Audi RS 7 4 DR AWD,,Not Rated,Not Rated,Not Rated,Not Rated,Not Rated,Not Rated,Not Rated,Not Rated,Not Rated,Not Rated,Not Rated,Not Rated,0,0, ,Not Rated,Standard,Standard,No,0,0,0,2020/AUDI/RS 7/2020 Audi RS 7 4 DR AWD.png
14794,2020,AUDI,RS Q8,2020 Audi RS Q8 SUV AWD,,Not Rated,Not Rated,Not Rated,Not Rated,Not Rated,Not Rated,Not Rated,Not Rated,Not Rated,Not Rated,4,Not Rated,0.158,0,No Tip,Not Rated,Standard,Standard,No,0,1,0,2020/AUDI/RS Q8/2020 Audi RS Q8 SUV AWD.png
14765,2020,AUDI,S3,2020 Audi S3 4 DR AWD,,5,4,4,5,5,5,5,5,5,5,4,Not Rated,0.109,0,No Tip,5,Standard,Standard,Optional,1,1,1,2020/AUDI/S3/2020 Audi S3 4 DR AWD.png
14770,2020,AUDI,S4,2020 Audi S4 4 DR AWD,,Not Rated,Not Rated,Not Rated,Not Rated,Not Rated,Not Rated,Not Rated,Not Rated,Not Rated,Not Rated,5,Not Rated,0.099,0,No Tip,Not Rated,Standard,Standard,Optional,16,3,0,2020/AUDI/S4/2020 Audi S4 4 DR AWD.png
14774,2020,AUDI,S5,2020 Audi S5 2 DR AWD,,Not Rated,Not Rated,Not Rated,Not Rated,Not Rated,Not Rated,Not Rated,Not Rated,Not Rated,Not Rated,Not Rated,Not Rated,0,0, ,Not Rated,Standard,Standard,Optional,25,4,0,2020/AUDI/S5/2020 Audi S5 2 DR AWD.png
14772,2020,AUDI,S5 CABRIOLET,2020 Audi S5 Cabriolet C AWD,,Not Rated,Not Rated,Not Rated,Not Rated,Not Rated,Not Rated,Not Rated,Not Rated,Not Rated,Not Rated,Not Rated,Not Rated,0,0, ,Not Rated,Standard,Standard,Optional,0,1,0,2020/AUDI/S5 CABRIOLET/2020 Audi S5 Cabriolet C AWD.png
14776,2020,AUDI,S5 SPORTBACK,2020 Audi S5 Sportback 4 DR AWD,,Not Rated,Not Rated,Not Rated,Not Rated,Not Rated,Not Rated,Not Rated,Not Rated,Not Rated,Not Rated,5,Not Rated,0.099,0, ,Not Rated,Standard,Standard,Optional,25,4,0,2020/AUDI/S5 SPORTBACK/2020 Audi S5 Sportback 4 DR AWD.png
14779,2020,AUDI,S6,2020 Audi S6 4 DR AWD,,Not Rated,Not Rated,Not Rated,Not Rated,Not Rated,Not Rated,Not Rated,Not Rated,Not Rated,Not Rated,5,Not Rated,0.089,0,No Tip,Not Rated,Standard,Standard,No,2,6,0,2020/AUDI/S6/2020 Audi S6 4 DR AWD.png
14781,2020,AUDI,S7,2020 Audi S7 4 DR AWD,,Not Rated,Not Rated,Not Rated,Not Rated,Not Rated,Not Rated,Not Rated,Not Rated,Not Rated,Not Rated,Not Rated,Not Rated,0,0, ,Not Rated,Standard,Standard,No,3,6,0,2020/AUDI/S7/2020 Audi S7 4 DR AWD.png
14786,2020,AUDI,S8,2020 Audi S8 4 DR AWD,,Not Rated,Not Rated,Not Rated,Not Rated,Not Rated,Not Rated,Not Rated,Not Rated,Not Rated,Not Rated,Not Rated,Not Rated,0,0, ,Not Rated,Standard,Standard,No,0,4,0,2020/AUDI/S8/2020 Audi S8 4 DR AWD.png
14789,2020,AUDI,SQ5,2020 Audi SQ5 SUV AWD,,Not Rated,Not Rated,Not Rated,Not Rated,Not Rated,Not Rated,Not Rated,Not Rated,Not Rated,Not Rated,4,Not Rated,0.163,0,No Tip,Not Rated,Standard,Standard,Optional,6,4,0,2020/AUDI/SQ5/2020 Audi SQ5 SUV AWD.png
14791,2020,AUDI,SQ7,2020 Audi SQ7 SUV AWD,,Not Rated,Not Rated,Not Rated,Not Rated,Not Rated,Not Rated,Not Rated,Not Rated,Not Rated,Not Rated,4,Not Rated,0.157,0,No Tip,Not Rated,Standard,Standard,No,1,1,0,2020/AUDI/SQ7/2020 Audi SQ7 SUV AWD.png
14793,2020,AUDI,SQ8,2020 Audi SQ8 SUV AWD,,Not Rated,Not Rated,Not Rated,Not Rated,Not Rated,Not Rated,Not Rated,Not Rated,Not Rated,Not Rated,4,Not Rated,0.158,0,No Tip,Not Rated,Standard,Standard,No,0,1,0,2020/AUDI/SQ8/2020 Audi SQ8 SUV AWD.png
14797,2020,AUDI,TT,2020 Audi TT 2 DR AWD,,Not Rated,Not Rated,Not Rated,Not Rated,Not Rated,Not Rated,Not Rated,Not Rated,Not Rated,Not Rated,Not Rated,Not Rated,0,0, ,Not Rated,Standard,No,No,0,0,0,2020/AUDI/TT/2020 Audi TT 2 DR AWD.png
14800,2020,AUDI,TT ROADSTER,2020 Audi TT Roadster C AWD,,Not Rated,Not Rated,Not Rated,Not Rated,Not Rated,Not Rated,Not Rated,Not Rated,Not Rated,Not Rated,Not Rated,Not Rated,0,0, ,Not Rated,Standard,No,No,0,0,0,2020/AUDI/TT ROADSTER/2020 Audi TT Roadster C AWD.png
14799,2020,AUDI,TT RS,2020 Audi TT RS 2 DR AWD,,Not Rated,Not Rated,Not Rated,Not Rated,Not Rated,Not Rated,Not Rated,Not Rated,Not Rated,Not Rated,Not Rated,Not Rated,0,0, ,Not Rated,Standard,No,No,0,0,0,2020/AUDI/TT RS/2020 Audi TT RS 2 DR AWD.png
14798,2020,AUDI,TTS,2020 Audi TTS 2 DR AWD,,Not Rated,Not Rated,Not Rated,Not Rated,Not Rated,Not Rated,Not Rated,Not Rated,Not Rated,Not Rated,Not Rated,Not Rated,0,0, ,Not Rated,Standard,No,No,0,0,0,2020/AUDI/TTS/2020 Audi TTS 2 DR AWD.png
14754,2020,BENTLEY,BENTAYGA PHEV,2020 Bentley Bentayga PHEV SUV AWD,,Not Rated,Not Rated,Not Rated,Not Rated,Not Rated,Not Rated,Not Rated,Not Rated,Not Rated,Not Rated,Not Rated,Not Rated,0,0, ,Not Rated,Standard,No,No,0,0,0,2020/BENTLEY/BENTAYGA PHEV/2020 Bentley Bentayga PHEV SUV AWD.png
14753,2020,BENTLEY,BENTAYGA V8,2020 Bentley Bentayga V8 SUV AWD,,Not Rated,Not Rated,Not Rated,Not Rated,Not Rated,Not Rated,Not Rated,Not Rated,Not Rated,Not Rated,Not Rated,Not Rated,0,0, ,Not Rated,Standard,No,No,0,4,0,2020/BENTLEY/BENTAYGA V8/2020 Bentley Bentayga V8 SUV AWD.png
14755,2020,BENTLEY,BENTAYGA W12,2020 Bentley Bentayga W12 SUV AWD,,Not Rated,Not Rated,Not Rated,Not Rated,Not Rated,Not Rated,Not Rated,Not Rated,Not Rated,Not Rated,Not Rated,Not Rated,0,0, ,Not Rated,Standard,No,No,0,4,0,2020/BENTLEY/BENTAYGA W12/2020 Bentley Bentayga W12 SUV AWD.png
14756,2020,BENTLEY,BENTAYGA W12 SPEED,2020 Bentley Bentayga W12 Speed SUV AWD,,Not Rated,Not Rated,Not Rated,Not Rated,Not Rated,Not Rated,Not Rated,Not Rated,Not Rated,Not Rated,Not Rated,Not Rated,0,0, ,Not Rated,Standard,No,No,0,4,0,2020/BENTLEY/BENTAYGA W12 SPEED/2020 Bentley Bentayga W12 Speed SUV AWD.png
14761,2020,BENTLEY,CONTINENTAL GT CONVERTIBLE W12,2020 Bentley Continental GT Convertible W12 C AWD,,Not Rated,Not Rated,Not Rated,Not Rated,Not Rated,Not Rated,Not Rated,Not Rated,Not Rated,Not Rated,Not Rated,Not Rated,0,0, ,Not Rated,Standard,No,No,0,4,0,2020/BENTLEY/CONTINENTAL GT CONVERTIBLE W12/2020 Bentley Continental GT Convertible W12 C AWD.png
14760,2020,BENTLEY,CONTINENTAL GT V8,2020 Bentley Continental GT V8 2 DR AWD,,Not Rated,Not Rated,Not Rated,Not Rated,Not Rated,Not Rated,Not Rated,Not Rated,Not Rated,Not Rated,Not Rated,Not Rated,0,0, ,Not Rated,Standard,No,No,0,4,0,2020/BENTLEY/CONTINENTAL GT V8/2020 Bentley Continental GT V8 2 DR AWD.png
14762,2020,BENTLEY,CONTINENTAL GT V8 CONVERTIBLE,2020 Bentley Continental GT V8 Convertible C AWD,,Not Rated,Not Rated,Not Rated,Not Rated,Not Rated,Not Rated,Not Rated,Not Rated,Not Rated,Not Rated,Not Rated,Not Rated,0,0, ,Not Rated,Standard,No,No,0,4,0,2020/BENTLEY/CONTINENTAL GT V8 CONVERTIBLE/2020 Bentley Continental GT V8 Convertible C AWD.png
14759,2020,BENTLEY,CONTINENTAL GT W12,2020 Bentley Continental GT W12 2 DR AWD,,Not Rated,Not Rated,Not Rated,Not Rated,Not Rated,Not Rated,Not Rated,Not Rated,Not Rated,Not Rated,Not Rated,Not Rated,0,0, ,Not Rated,Standard,No,No,0,4,0,2020/BENTLEY/CONTINENTAL GT W12/2020 Bentley Continental GT W12 2 DR AWD.png
14763,2020,BENTLEY,FLYING SPUR W12,2020 Bentley Flying Spur W12 4 DR AWD,,Not Rated,Not Rated,Not Rated,Not Rated,Not Rated,Not Rated,Not Rated,Not Rated,Not Rated,Not Rated,Not Rated,Not Rated,0,0, ,Not Rated,Standard,No,No,2,2,0,2020/BENTLEY/FLYING SPUR W12/2020 Bentley Flying Spur W12 4 DR AWD.png
14757,2020,BENTLEY,MULSANNE,2020 Bentley Mulsanne 4 DR RWD,,Not Rated,Not Rated,Not Rated,Not Rated,Not Rated,Not Rated,Not Rated,Not Rated,Not Rated,Not Rated,Not Rated,Not Rated,0,0, ,Not Rated,Standard,No,No,0,0,0,2020/BENTLEY/MULSANNE/2020 Bentley Mulsanne 4 DR RWD.png
14758,2020,BENTLEY,MULSANNE SPEED,2020 Bentley Mulsanne Speed 4 DR RWD,,Not Rated,Not Rated,Not Rated,Not Rated,Not Rated,Not Rated,Not Rated,Not Rated,Not Rated,Not Rated,Not Rated,Not Rated,0,0, ,Not Rated,Standard,No,No,0,0,0,2020/BENTLEY/MULSANNE SPEED/2020 Bentley Mulsanne Speed 4 DR RWD.png
14422,2020,BMW,2 SERIES,2020 BMW 2 Series 2 DR AWD,,Not Rated,Not Rated,Not Rated,Not Rated,Not Rated,Not Rated,Not Rated,Not Rated,Not Rated,Not Rated,Not Rated,Not Rated,0,0, ,Not Rated,Standard,Standard,No,4,3,0,2020/BMW/2 SERIES/2020 BMW 2 Series 2 DR AWD.png
14424,2020,BMW,2 SERIES,2020 BMW 2 Series C AWD,,Not Rated,Not Rated,Not Rated,Not Rated,Not Rated,Not Rated,Not Rated,Not Rated,Not Rated,Not Rated,Not Rated,Not Rated,0,0, ,Not Rated,Standard,Standard,No,4,3,0,2020/BMW/2 SERIES/2020 BMW 2 Series C AWD.png
14465,2020,BMW,2 SERIES,2020 BMW 2 Series 2 DR RWD,,Not Rated,Not Rated,Not Rated,Not Rated,Not Rated,Not Rated,Not Rated,Not Rated,Not Rated,Not Rated,Not Rated,Not Rated,0,0, ,Not Rated,Standard,Standard,No,4,3,0,2020/BMW/2 SERIES/2020 BMW 2 Series 2 DR RWD.png
14466,2020,BMW,2 SERIES,2020 BMW 2 Series C RWD,,Not Rated,Not Rated,Not Rated,Not Rated,Not Rated,Not Rated,Not Rated,Not Rated,Not Rated,Not Rated,Not Rated,Not Rated,0,0, ,Not Rated,Standard,Standard,No,4,3,0,2020/BMW/2 SERIES/2020 BMW 2 Series C RWD.png
15179,2020,BMW,2 SERIES GRAN,2020 BMW 2 Series Gran 4 DR AWD,,Not Rated,Not Rated,Not Rated,Not Rated,Not Rated,Not Rated,Not Rated,Not Rated,Not Rated,Not Rated,Not Rated,Not Rated,0,0, ,Not Rated,Standard,No,No,3,2,0,2020/BMW/2 SERIES GRAN/2020 BMW 2 Series Gran 4 DR AWD.png
14425,2020,BMW,3 SERIES,2020 BMW 3 Series 4 DR AWD,,Not Rated,Not Rated,Not Rated,Not Rated,Not Rated,Not Rated,Not Rated,Not Rated,Not Rated,Not Rated,Not Rated,Not Rated,0,0, ,Not Rated,Standard,No,No,45,12,0,2020/BMW/3 SERIES/2020 BMW 3 Series 4 DR AWD.png
14467,2020,BMW,3 SERIES,2020 BMW 3 Series 4 DR RWD,,Not Rated,Not Rated,Not Rated,Not Rated,Not Rated,Not Rated,Not Rated,Not Rated,Not Rated,Not Rated,Not Rated,Not Rated,0,0, ,Not Rated,Standard,No,No,45,12,0,2020/BMW/3 SERIES/2020 BMW 3 Series 4 DR RWD.png
14426,2020,BMW,4 SERIES,2020 BMW 4 Series 2 DR AWD,,Not Rated,Not Rated,Not Rated,Not Rated,Not Rated,Not Rated,Not Rated,Not Rated,Not Rated,Not Rated,Not Rated,Not Rated,0,0, ,Not Rated,Standard,Standard,No,3,1,0,2020/BMW/4 SERIES/2020 BMW 4 Series 2 DR AWD.png
14428,2020,BMW,4 SERIES,2020 BMW 4 Series C AWD,,Not Rated,Not Rated,Not Rated,Not Rated,Not Rated,Not Rated,Not Rated,Not Rated,Not Rated,Not Rated,Not Rated,Not Rated,0,0, ,Not Rated,Standard,Standard,No,3,1,0,2020/BMW/4 SERIES/2020 BMW 4 Series C AWD.png
14468,2020,BMW,4 SERIES,2020 BMW 4 Series 2 DR RWD,,Not Rated,Not Rated,Not Rated,Not Rated,Not Rated,Not Rated,Not Rated,Not Rated,Not Rated,Not Rated,Not Rated,Not Rated,0,0, ,Not Rated,Standard,Standard,No,3,1,0,2020/BMW/4 SERIES/2020 BMW 4 Series 2 DR RWD.png
14469,2020,BMW,4 SERIES,2020 BMW 4 Series C RWD,,Not Rated,Not Rated,Not Rated,Not Rated,Not Rated,Not Rated,Not Rated,Not Rated,Not Rated,Not Rated,Not Rated,Not Rated,0,0, ,Not Rated,Standard,Standard,No,3,1,0,2020/BMW/4 SERIES/2020 BMW 4 Series C RWD.png
14430,2020,BMW,4 SERIES GRAN,2020 BMW 4 Series Gran 4 DR AWD,,Not Rated,Not Rated,Not Rated,Not Rated,Not Rated,Not Rated,Not Rated,Not Rated,Not Rated,Not Rated,Not Rated,Not Rated,0,0, ,Not Rated,Standard,Standard,No,3,1,0,2020/BMW/4 SERIES GRAN/2020 BMW 4 Series Gran 4 DR AWD.png
14470,2020,BMW,4 SERIES GRAN,2020 BMW 4 Series Gran 4 DR RWD,,Not Rated,Not Rated,Not Rated,Not Rated,Not Rated,Not Rated,Not Rated,Not Rated,Not Rated,Not Rated,Not Rated,Not Rated,0,0, ,Not Rated,Standard,Standard,No,3,1,0,2020/BMW/4 SERIES GRAN/2020 BMW 4 Series Gran 4 DR RWD.png
14431,2020,BMW,5 SERIES,2020 BMW 5 Series 4 DR AWD,,Not Rated,Not Rated,Not Rated,Not Rated,Not Rated,Not Rated,Not Rated,Not Rated,Not Rated,Not Rated,Not Rated,Not Rated,0,0, ,Not Rated,Standard,Standard,No,9,7,1,2020/BMW/5 SERIES/2020 BMW 5 Series 4 DR AWD.png
14471,2020,BMW,5 SERIES,2020 BMW 5 Series 4 DR RWD,,Not Rated,Not Rated,Not Rated,Not Rated,Not Rated,Not Rated,Not Rated,Not Rated,Not Rated,Not Rated,Not Rated,Not Rated,0,0, ,Not Rated,Standard,Standard,No,9,7,1,2020/BMW/5 SERIES/2020 BMW 5 Series 4 DR RWD.png
14432,2020,BMW,530E,2020 BMW 530e 4 DR AWD,,Not Rated,Not Rated,Not Rated,Not Rated,Not Rated,Not Rated,Not Rated,Not Rated,Not Rated,Not Rated,Not Rated,Not Rated,0,0, ,Not Rated,Standard,Standard,No,1,3,1,2020/BMW/530E/2020 BMW 530e 4 DR AWD.png
14472,2020,BMW,530E,2020 BMW 530e 4 DR RWD,,Not Rated,Not Rated,Not Rated,Not Rated,Not Rated,Not Rated,Not Rated,Not Rated,Not Rated,Not Rated,Not Rated,Not Rated,0,0, ,Not Rated,Standard,Standard,No,1,3,1,2020/BMW/530E/2020 BMW 530e 4 DR RWD.png
14434,2020,BMW,6 SERIES GT,2020 BMW 6 Series GT 4 DR AWD,,Not Rated,Not Rated,Not Rated,Not Rated,Not Rated,Not Rated,Not Rated,Not Rated,Not Rated,Not Rated,Not Rated,Not Rated,0,0, ,Not Rated,Standard,Standard,No,0,0,0,2020/BMW/6 SERIES GT/2020 BMW 6 Series GT 4 DR AWD.png
14435,2020,BMW,7 SERIES,2020 BMW 7 Series 4 DR AWD,,Not Rated,Not Rated,Not Rated,Not Rated,Not Rated,Not Rated,Not Rated,Not Rated,Not Rated,Not Rated,Not Rated,Not Rated,0,0, ,Not Rated,Standard,No,No,4,9,1,2020/BMW/7 SERIES/2020 BMW 7 Series 4 DR AWD.png
14473,2020,BMW,7 SERIES,2020 BMW 7 Series 4 DR RWD,,Not Rated,Not Rated,Not Rated,Not Rated,Not Rated,Not Rated,Not Rated,Not Rated,Not Rated,Not Rated,Not Rated,Not Rated,0,0, ,Not Rated,Standard,No,No,4,9,1,2020/BMW/7 SERIES/2020 BMW 7 Series 4 DR RWD.png
14437,2020,BMW,745E,2020 BMW 745e 4 DR AWD,,Not Rated,Not Rated,Not Rated,Not Rated,Not Rated,Not Rated,Not Rated,Not Rated,Not Rated,Not Rated,Not Rated,Not Rated,0,0, ,Not Rated,Standard,No,No,0,1,1,2020/BMW/745E/2020 BMW 745e 4 DR AWD.png
14438,2020,BMW,8 SERIES,2020 BMW 8 Series 2 DR AWD,,Not Rated,Not Rated,Not Rated,Not Rated,Not Rated,Not Rated,Not Rated,Not Rated,Not Rated,Not Rated,Not Rated,Not Rated,0,0, ,Not Rated,Standard,No,No,4,6,0,2020/BMW/8 SERIES/2020 BMW 8 Series 2 DR AWD.png
14439,2020,BMW,8 SERIES,2020 BMW 8 Series C AWD,,Not Rated,Not Rated,Not Rated,Not Rated,Not Rated,Not Rated,Not Rated,Not Rated,Not Rated,Not Rated,Not Rated,Not Rated,0,0, ,Not Rated,Standard,No,No,4,6,0,2020/BMW/8 SERIES/2020 BMW 8 Series C AWD.png
14474,2020,BMW,8 SERIES,2020 BMW 8 Series 2 DR RWD,,Not Rated,Not Rated,Not Rated,Not Rated,Not Rated,Not Rated,Not Rated,Not Rated,Not Rated,Not Rated,Not Rated,Not Rated,0,0, ,Not Rated,Standard,No,No,4,6,0,2020/BMW/8 SERIES/2020 BMW 8 Series 2 DR RWD.png
14475,2020,BMW,8 SERIES,2020 BMW 8 Series C RWD,,Not Rated,Not Rated,Not Rated,Not Rated,Not Rated,Not Rated,Not Rated,Not Rated,Not Rated,Not Rated,Not Rated,Not Rated,0,0, ,Not Rated,Standard,No,No,4,6,0,2020/BMW/8 SERIES/2020 BMW 8 Series C RWD.png
15182,2020,BMW,8 SERIES GRAN,2020 BMW 8 Series Gran 4 DR AWD,,Not Rated,Not Rated,Not Rated,Not Rated,Not Rated,Not Rated,Not Rated,Not Rated,Not Rated,Not Rated,Not Rated,Not Rated,0,0, ,Not Rated,Standard,No,No,1,3,0,2020/BMW/8 SERIES GRAN/2020 BMW 8 Series Gran 4 DR AWD.png
15189,2020,BMW,8 SERIES GRAN,2020 BMW 8 Series Gran 4 DR RWD,,Not Rated,Not Rated,Not Rated,Not Rated,Not Rated,Not Rated,Not Rated,Not Rated,Not Rated,Not Rated,Not Rated,Not Rated,0,0, ,Not Rated,Standard,No,No,1,3,0,2020/BMW/8 SERIES GRAN/2020 BMW 8 Series Gran 4 DR RWD.png
14436,2020,BMW,ALPINA B7,2020 BMW ALPINA B7 4 DR AWD,,Not Rated,Not Rated,Not Rated,Not Rated,Not Rated,Not Rated,Not Rated,Not Rated,Not Rated,Not Rated,Not Rated,Not Rated,0,0, ,Not Rated,Standard,No,No,0,1,0,2020/BMW/ALPINA B7/2020 BMW ALPINA B7 4 DR AWD.png
14448,2020,BMW,I3 BEV,2020 BMW i3 BEV 5 HB RWD,,Not Rated,Not Rated,Not Rated,Not Rated,Not Rated,Not Rated,Not Rated,Not Rated,Not Rated,Not Rated,Not Rated,Not Rated,0,0, ,Not Rated,Standard,Optional,No,0,0,1,2020/BMW/I3 BEV/2020 BMW i3 BEV 5 HB RWD.png
14449,2020,BMW,I3 REX,2020 BMW i3 REX 5 HB RWD,,Not Rated,Not Rated,Not Rated,Not Rated,Not Rated,Not Rated,Not Rated,Not Rated,Not Rated,Not Rated,Not Rated,Not Rated,0,0, ,Not Rated,Standard,Optional,No,0,0,1,2020/BMW/I3 REX/2020 BMW i3 REX 5 HB RWD.png
14450,2020,BMW,I8,2020 BMW i8 2 DR AWD,,Not Rated,Not Rated,Not Rated,Not Rated,Not Rated,Not Rated,Not Rated,Not Rated,Not Rated,Not Rated,Not Rated,Not Rated,0,0, ,Not Rated,Standard,Standard,Standard,1,1,1,2020/BMW/I8/2020 BMW i8 2 DR AWD.png
14451,2020,BMW,I8 ROADSTER,2020 BMW i8 Roadster C AWD,,Not Rated,Not Rated,Not Rated,Not Rated,Not Rated,Not Rated,Not Rated,Not Rated,Not Rated,Not Rated,Not Rated,Not Rated,0,0, ,Not Rated,Standard,Standard,Standard,1,1,1,2020/BMW/I8 ROADSTER/2020 BMW i8 Roadster C AWD.png
14423,2020,BMW,M2 COMPETITION,2020 BMW M2 Competition 2 DR RWD,,Not Rated,Not Rated,Not Rated,Not Rated,Not Rated,Not Rated,Not Rated,Not Rated,Not Rated,Not Rated,Not Rated,Not Rated,0,0, ,Not Rated,Standard,Standard,No,1,3,0,2020/BMW/M2 COMPETITION/2020 BMW M2 Competition 2 DR RWD.png
14427,2020,BMW,M4,2020 BMW M4 2 DR RWD,,Not Rated,Not Rated,Not Rated,Not Rated,Not Rated,Not Rated,Not Rated,Not Rated,Not Rated,Not Rated,Not Rated,Not Rated,0,0, ,Not Rated,Standard,Standard,No,1,2,0,2020/BMW/M4/2020 BMW M4 2 DR RWD.png
14429,2020,BMW,M4,2020 BMW M4 C RWD,,Not Rated,Not Rated,Not Rated,Not Rated,Not Rated,Not Rated,Not Rated,Not Rated,Not Rated,Not Rated,Not Rated,Not Rated,0,0, ,Not Rated,Standard,Standard,No,1,2,0,2020/BMW/M4/2020 BMW M4 C RWD.png
14433,2020,BMW,M5,2020 BMW M5 4 DR AWD,,Not Rated,Not Rated,Not Rated,Not Rated,Not Rated,Not Rated,Not Rated,Not Rated,Not Rated,Not Rated,Not Rated,Not Rated,0,0, ,Not Rated,Standard,Standard,No,1,3,0,2020/BMW/M5/2020 BMW M5 4 DR AWD.png
15180,2020,BMW,M8,2020 BMW M8 2 DR AWD,,Not Rated,Not Rated,Not Rated,Not Rated,Not Rated,Not Rated,Not Rated,Not Rated,Not Rated,Not Rated,Not Rated,Not Rated,0,0, ,Not Rated,Standard,No,No,5,5,0,2020/BMW/M8/2020 BMW M8 2 DR AWD.png
15181,2020,BMW,M8 CONVERTIBLE,2020 BMW M8 Convertible C AWD,,Not Rated,Not Rated,Not Rated,Not Rated,Not Rated,Not Rated,Not Rated,Not Rated,Not Rated,Not Rated,Not Rated,Not Rated,0,0, ,Not Rated,Standard,No,No,5,5,0,2020/BMW/M8 CONVERTIBLE/2020 BMW M8 Convertible C AWD.png
15183,2020,BMW,M8 GRAN,2020 BMW M8 Gran 4 DR AWD,,Not Rated,Not Rated,Not Rated,Not Rated,Not Rated,Not Rated,Not Rated,Not Rated,Not Rated,Not Rated,Not Rated,Not Rated,0,0, ,Not Rated,Standard,No,No,5,5,0,2020/BMW/M8 GRAN/2020 BMW M8 Gran 4 DR AWD.png
14440,2020,BMW,X1,2020 BMW X1 SUV AWD,,5,4,4,5,5,5,5,5,5,5,4,Not Rated,0.143,0,No Tip,5,Standard,Standard,Standard,12,1,1,2020/BMW/X1/2020 BMW X1 SUV AWD.png
14476,2020,BMW,X1,2020 BMW X1 SUV FWD,,5,4,4,5,5,5,5,5,5,5,4,Not Rated,0.157,0,No Tip,5,Standard,Standard,Standard,12,1,1,2020/BMW/X1/2020 BMW X1 SUV FWD.png
14441,2020,BMW,X2,2020 BMW X2 SUV AWD,,Not Rated,Not Rated,Not Rated,Not Rated,Not Rated,Not Rated,Not Rated,Not Rated,Not Rated,Not Rated,Not Rated,Not Rated,0,0, ,Not Rated,Standard,Standard,Standard,1,1,1,2020/BMW/X2/2020 BMW X2 SUV AWD.png
14477,2020,BMW,X2,2020 BMW X2 SUV FWD,,Not Rated,Not Rated,Not Rated,Not Rated,Not Rated,Not Rated,Not Rated,Not Rated,Not Rated,Not Rated,Not Rated,Not Rated,0,0, ,Not Rated,Standard,Standard,Standard,1,1,1,2020/BMW/X2/2020 BMW X2 SUV FWD.png
14442,2020,BMW,X3,2020 BMW X3 SUV AWD,,5,5,5,5,5,5,5,5,5,5,4,Not Rated,0.171,0,No Tip,5,Standard,Standard,Optional,81,16,0,2020/BMW/X3/2020 BMW X3 SUV AWD.png
14478,2020,BMW,X3,2020 BMW X3 SUV RWD,,5,5,5,5,5,5,5,5,5,5,4,Not Rated,0.172,0,No Tip,5,Standard,Standard,Optional,81,16,0,2020/BMW/X3/2020 BMW X3 SUV RWD.png
15184,2020,BMW,X3 30E XDRIVE,2020 BMW X3 30e xDrive SUV AWD,,Not Rated,Not Rated,Not Rated,Not Rated,Not Rated,Not Rated,Not Rated,Not Rated,Not Rated,Not Rated,Not Rated,Not Rated,0,0, ,Not Rated,Standard,Standard,Optional,81,16,0,2020/BMW/X3 30E XDRIVE/2020 BMW X3 30e xDrive SUV AWD.png
14443,2020,BMW,X3 M,2020 BMW X3 M SUV AWD,,Not Rated,Not Rated,Not Rated,Not Rated,Not Rated,Not Rated,Not Rated,Not Rated,Not Rated,Not Rated,Not Rated,Not Rated,0,0, ,Not Rated,Standard,Standard,Optional,81,16,0,2020/BMW/X3 M/2020 BMW X3 M SUV AWD.png
14444,2020,BMW,X4,2020 BMW X4 SUV AWD,,Not Rated,Not Rated,Not Rated,Not Rated,Not Rated,Not Rated,Not Rated,Not Rated,Not Rated,Not Rated,Not Rated,Not Rated,0,0, ,Not Rated,Standard,Standard,Optional,11,10,0,2020/BMW/X4/2020 BMW X4 SUV AWD.png
14445,2020,BMW,X4 M,2020 BMW X4 M SUV AWD,,Not Rated,Not Rated,Not Rated,Not Rated,Not Rated,Not Rated,Not Rated,Not Rated,Not Rated,Not Rated,Not Rated,Not Rated,0,0, ,Not Rated,Standard,Standard,Optional,11,10,0,2020/BMW/X4 M/2020 BMW X4 M SUV AWD.png
14446,2020,BMW,X5,2020 BMW X5 SUV AWD,,4,4,4,4,5,5,5,5,5,5,4,Not Rated,0.159,0,No Tip,5,Standard,No,No,79,11,1,2020/BMW/X5/2020 BMW X5 SUV AWD.png
15226,2020,BMW,X5,2020 BMW X5 SUV RWD,,Not Rated,4,4,4,5,5,5,5,5,5,Not Rated,Not Rated,0,0, ,5,Standard,No,No,79,11,1,2020/BMW/X5/2020 BMW X5 SUV RWD.png
15185,2020,BMW,X5 M,2020 BMW X5 M SUV AWD,,Not Rated,Not Rated,Not Rated,Not Rated,Not Rated,Not Rated,Not Rated,Not Rated,Not Rated,Not Rated,Not Rated,Not Rated,0,0, ,Not Rated,Standard,No,No,0,0,0,2020/BMW/X5 M/2020 BMW X5 M SUV AWD.png
15186,2020,BMW,X6,2020 BMW X6 SUV AWD,,Not Rated,Not Rated,Not Rated,Not Rated,Not Rated,Not Rated,Not Rated,Not Rated,Not Rated,Not Rated,Not Rated,Not Rated,0,0, ,Not Rated,Standard,No,No,9,10,0,2020/BMW/X6/2020 BMW X6 SUV AWD.png
15190,2020,BMW,X6,2020 BMW X6 SUV RWD,,Not Rated,Not Rated,Not Rated,Not Rated,Not Rated,Not Rated,Not Rated,Not Rated,Not Rated,Not Rated,Not Rated,Not Rated,0,0, ,Not Rated,Standard,No,No,9,10,0,2020/BMW/X6/2020 BMW X6 SUV RWD.png
15187,2020,BMW,X6 M,2020 BMW X6 M SUV AWD,,Not Rated,Not Rated,Not Rated,Not Rated,Not Rated,Not Rated,Not Rated,Not Rated,Not Rated,Not Rated,Not Rated,Not Rated,0,0, ,Not Rated,Standard,No,No,0,3,0,2020/BMW/X6 M/2020 BMW X6 M SUV AWD.png
14447,2020,BMW,X7,2020 BMW X7 SUV AWD,,Not Rated,Not Rated,Not Rated,Not Rated,Not Rated,Not Rated,Not Rated,Not Rated,Not Rated,Not Rated,Not Rated,Not Rated,0,0, ,Not Rated,Standard,No,No,42,12,0,2020/BMW/X7/2020 BMW X7 SUV AWD.png
14421,2020,BMW,Z4,2020 BMW Z4 C RWD,,Not Rated,Not Rated,Not Rated,Not Rated,Not Rated,Not Rated,Not Rated,Not Rated,Not Rated,Not Rated,Not Rated,Not Rated,0,0, ,Not Rated,Standard,No,No,3,6,0,2020/BMW/Z4/2020 BMW Z4 C RWD.png
14169,2020,BUICK,ENCLAVE,2020 Buick Enclave SUV FWD,,5,4,5,4,5,5,5,5,5,5,4,Not Rated,0.169,0,No Tip,5,Standard,Optional,Optional,37,6,0,2020/BUICK/ENCLAVE/2020 Buick Enclave SUV FWD.png
14180,2020,BUICK,ENCLAVE,2020 Buick Enclave SUV AWD,,5,4,5,4,5,5,5,5,5,5,4,Not Rated,0.15,0,No Tip,5,Standard,Optional,Optional,37,6,0,2020/BUICK/ENCLAVE/2020 Buick Enclave SUV AWD.png
14331,2020,BUICK,ENCORE,2020 Buick Encore SUV FWD,,5,5,5,5,5,5,5,5,5,5,4,Not Rated,0.198,0,No Tip,5,Standard,Optional,Optional,16,2,0,2020/BUICK/ENCORE/2020 Buick Encore SUV FWD.png
14365,2020,BUICK,ENCORE,2020 Buick Encore SUV AWD,,5,5,5,5,5,5,5,5,5,5,4,Not Rated,0.179,0,No Tip,5,Standard,Optional,Optional,16,2,0,2020/BUICK/ENCORE/2020 Buick Encore SUV AWD.png
14333,2020,BUICK,ENCORE GX,2020 Buick Encore GX SUV FWD,,4,4,5,3,5,5,5,5,5,5,4,Not Rated,0.185,0,No Tip,5,Standard,Standard,Standard,60,2,0,2020/BUICK/ENCORE GX/2020 Buick Encore GX SUV FWD.png
14367,2020,BUICK,ENCORE GX,2020 Buick Encore GX SUV AWD,,4,4,5,3,5,5,5,5,5,5,4,Not Rated,0.179,0,No Tip,5,Standard,Standard,Standard,60,2,0,2020/BUICK/ENCORE GX/2020 Buick Encore GX SUV AWD.png
14164,2020,BUICK,ENVISION,2020 Buick Envision SUV FWD,,Not Rated,4,4,4,5,5,5,5,5,5,Not Rated,Not Rated,0,0, ,5,Standard,Optional,Optional,10,0,0,2020/BUICK/ENVISION/2020 Buick Envision SUV FWD.png
14165,2020,BUICK,ENVISION,2020 Buick Envision SUV AWD,,5,4,4,4,5,5,5,5,5,5,4,Not Rated,0.159,0,No Tip,5,Standard,Optional,Optional,10,0,0,2020/BUICK/ENVISION/2020 Buick Envision SUV AWD.png
14311,2020,BUICK,REGAL,2020 Buick Regal 5 HB FWD,,Not Rated,Not Rated,Not Rated,Not Rated,Not Rated,Not Rated,Not Rated,Not Rated,Not Rated,Not Rated,Not Rated,Not Rated,0,0, ,Not Rated,Standard,Optional,Optional,2,2,0,2020/BUICK/REGAL/2020 Buick Regal 5 HB FWD.png
14312,2020,BUICK,REGAL TOURX,2020 Buick Regal TourX SW AWD,,Not Rated,Not Rated,Not Rated,Not Rated,Not Rated,Not Rated,Not Rated,Not Rated,Not Rated,Not Rated,Not Rated,Not Rated,0,0, ,Not Rated,Standard,Optional,Optional,3,0,0,2020/BUICK/REGAL TOURX/2020 Buick Regal TourX SW AWD.png
14327,2020,CADILLAC,CT4,2020 Cadillac CT4 4 DR RWD,,Not Rated,Not Rated,Not Rated,Not Rated,Not Rated,Not Rated,Not Rated,Not Rated,Not Rated,Not Rated,Not Rated,Not Rated,0,0, ,Not Rated,Standard,Optional,Optional,3,4,1,2020/CADILLAC/CT4/2020 Cadillac CT4 4 DR RWD.png
14363,2020,CADILLAC,CT4,2020 Cadillac CT4 4 DR AWD,,Not Rated,Not Rated,Not Rated,Not Rated,Not Rated,Not Rated,Not Rated,Not Rated,Not Rated,Not Rated,Not Rated,Not Rated,0,0, ,Not Rated,Standard,Optional,Optional,3,4,1,2020/CADILLAC/CT4/2020 Cadillac CT4 4 DR AWD.png
14328,2020,CADILLAC,CT5,2020 Cadillac CT5 4 DR RWD,,5,5,5,5,5,5,5,5,5,5,5,Not Rated,0.095,0,No Tip,5,Standard,Standard,Optional,28,4,1,2020/CADILLAC/CT5/2020 Cadillac CT5 4 DR RWD.png
14364,2020,CADILLAC,CT5,2020 Cadillac CT5 4 DR AWD,,5,5,5,5,5,5,5,5,5,5,5,Not Rated,0.095,0,No Tip,5,Standard,Standard,Optional,28,4,1,2020/CADILLAC/CT5/2020 Cadillac CT5 4 DR AWD.png
15515,2020,CADILLAC,CT5-V,2020 Cadillac CT5-V 4 DR AWD,,Not Rated,Not Rated,Not Rated,Not Rated,5,5,5,5,5,5,5,Not Rated,0.095,0,No Tip,5,Standard,Standard,Optional,0,0,0,2020/CADILLAC/CT5-V/2020 Cadillac CT5-V 4 DR AWD.png
15517,2020,CADILLAC,CT5-V,2020 Cadillac CT5-V 4 DR RWD,,Not Rated,Not Rated,Not Rated,Not Rated,5,5,5,5,5,5,5,Not Rated,0.095,0,No Tip,5,Standard,Standard,Optional,0,0,0,2020/CADILLAC/CT5-V/2020 Cadillac CT5-V 4 DR RWD.png
14329,2020,CADILLAC,CT6,2020 Cadillac CT6 4 DR AWD,,Not Rated,Not Rated,Not Rated,Not Rated,Not Rated,Not Rated,Not Rated,Not Rated,Not Rated,Not Rated,Not Rated,Not Rated,0,0, ,Not Rated,Standard,Standard,Standard,11,2,0,2020/CADILLAC/CT6/2020 Cadillac CT6 4 DR AWD.png
14330,2020,CADILLAC,CT6-V,2020 Cadillac CT6-V 4 DR AWD,,Not Rated,Not Rated,Not Rated,Not Rated,Not Rated,Not Rated,Not Rated,Not Rated,Not Rated,Not Rated,Not Rated,Not Rated,0,0, ,Not Rated,Standard,Standard,Standard,9,1,0,2020/CADILLAC/CT6-V/2020 Cadillac CT6-V 4 DR AWD.png
14173,2020,CADILLAC,ESCALADE,2020 Cadillac Escalade SUV 2WD,,Not Rated,Not Rated,Not Rated,Not Rated,5,5,5,5,5,5,3,Not Rated,0.219,0,No Tip,5,Standard,Optional,Optional,9,2,0,2020/CADILLAC/ESCALADE/2020 Cadillac Escalade SUV 2WD.png
14184,2020,CADILLAC,ESCALADE,2020 Cadillac Escalade SUV 4WD,,Not Rated,Not Rated,Not Rated,Not Rated,5,5,5,5,5,5,3,Not Rated,0.228,0,No Tip,5,Standard,Optional,Optional,9,2,0,2020/CADILLAC/ESCALADE/2020 Cadillac Escalade SUV 4WD.png
14176,2020,CADILLAC,ESCALADE ESV,2020 Cadillac Escalade ESV SUV RWD,,Not Rated,Not Rated,Not Rated,Not Rated,5,5,5,5,5,5,3,Not Rated,0.204,0,No Tip,4,Standard,Optional,Optional,15,2,0,2020/CADILLAC/ESCALADE ESV/2020 Cadillac Escalade ESV SUV RWD.png
14187,2020,CADILLAC,ESCALADE ESV,2020 Cadillac Escalade ESV SUV 4WD,,Not Rated,Not Rated,Not Rated,Not Rated,5,5,5,5,5,5,3,Not Rated,0.212,0,No Tip,4,Standard,Optional,Optional,15,2,0,2020/CADILLAC/ESCALADE ESV/2020 Cadillac Escalade ESV SUV 4WD.png
14170,2020,CADILLAC,XT4,2020 Cadillac XT4 SUV FWD,,Not Rated,4,5,4,Not Rated,Not Rated,Not Rated,Not Rated,Not Rated,Not Rated,4,Not Rated,0.167,0,No Tip,5,Standard,Standard,Optional,16,5,1,2020/CADILLAC/XT4/2020 Cadillac XT4 SUV FWD.png
14181,2020,CADILLAC,XT4,2020 Cadillac XT4 SUV AWD,,Not Rated,4,5,4,Not Rated,Not Rated,Not Rated,Not Rated,Not Rated,Not Rated,4,Not Rated,0.154,0,No Tip,5,Standard,Standard,Optional,16,5,1,2020/CADILLAC/XT4/2020 Cadillac XT4 SUV AWD.png
14334,2020,CADILLAC,XT5,2020 Cadillac XT5 SUV FWD,,5,5,5,5,5,5,5,5,5,5,4,Not Rated,0.169,0,No Tip,5,Standard,Standard,Standard,17,5,1,2020/CADILLAC/XT5/2020 Cadillac XT5 SUV FWD.png
14368,2020,CADILLAC,XT5,2020 Cadillac XT5 SUV AWD,,5,5,5,5,5,5,5,5,5,5,4,Not Rated,0.151,0,No Tip,5,Standard,Standard,Standard,17,5,1,2020/CADILLAC/XT5/2020 Cadillac XT5 SUV AWD.png
14335,2020,CADILLAC,XT6,2020 Cadillac XT6 SUV FWD,,5,5,5,5,5,5,5,5,5,5,4,Not Rated,0.164,0,No Tip,5,Standard,Standard,Standard,33,4,1,2020/CADILLAC/XT6/2020 Cadillac XT6 SUV FWD.png
14369,2020,CADILLAC,XT6,2020 Cadillac XT6 SUV AWD,,5,5,5,5,5,5,5,5,5,5,4,Not Rated,0.155,0,No Tip,5,Standard,Standard,Standard,33,4,1,2020/CADILLAC/XT6/2020 Cadillac XT6 SUV AWD.png
14336,2020,CHEVROLET,BLAZER,2020 Chevrolet Blazer SUV FWD,,5,5,5,4,5,5,5,5,5,5,4,Not Rated,0.155,0,No Tip,5,Standard,Optional,Optional,178,3,0,2020/CHEVROLET/BLAZER/2020 Chevrolet Blazer SUV FWD.png
14370,2020,CHEVROLET,BLAZER,2020 Chevrolet Blazer SUV AWD,,5,5,5,4,5,5,5,5,5,5,4,Not Rated,0.147,0,No Tip,5,Standard,Optional,Optional,178,3,0,2020/CHEVROLET/BLAZER/2020 Chevrolet Blazer SUV AWD.png
14316,2020,CHEVROLET,BOLT EV,2020 Chevrolet Bolt EV 5 HB FWD,,5,4,5,4,5,5,4,5,4,5,5,Not Rated,0.097,0,No Tip,5,Standard,Optional,Optional,160,8,2,2020/CHEVROLET/BOLT EV/2020 Chevrolet Bolt EV 5 HB FWD.png
14319,2020,CHEVROLET,CAMARO,2020 Chevrolet Camaro 2 DR RWD,,5,4,4,4,5,5,5,5,5,5,5,Not Rated,0.083,0,No Tip,5,Standard,Optional,No,31,3,0,2020/CHEVROLET/CAMARO/2020 Chevrolet Camaro 2 DR RWD.png
14322,2020,CHEVROLET,CAMARO,2020 Chevrolet Camaro C RWD,,Not Rated,Not Rated,Not Rated,Not Rated,Not Rated,Not Rated,Not Rated,Not Rated,Not Rated,Not Rated,5,Not Rated,0.083,0,No Tip,Not Rated,Standard,No,No,31,3,0,2020/CHEVROLET/CAMARO/2020 Chevrolet Camaro C RWD.png
14320,2020,CHEVROLET,CAMARO SS,2020 Chevrolet Camaro SS 2 DR RWD,,5,4,4,4,5,5,5,5,5,5,5,Not Rated,0.083,0,No Tip,5,Standard,Optional,No,25,2,0,2020/CHEVROLET/CAMARO SS/2020 Chevrolet Camaro SS 2 DR RWD.png
14323,2020,CHEVROLET,CAMARO SS,2020 Chevrolet Camaro SS C RWD,,Not Rated,Not Rated,Not Rated,Not Rated,Not Rated,Not Rated,Not Rated,Not Rated,Not Rated,Not Rated,5,Not Rated,0.083,0,No Tip,Not Rated,Standard,No,No,25,2,0,2020/CHEVROLET/CAMARO SS/2020 Chevrolet Camaro SS C RWD.png
14321,2020,CHEVROLET,CAMARO ZL1,2020 Chevrolet Camaro ZL1 2 DR RWD,,Not Rated,4,4,4,Not Rated,Not Rated,Not Rated,Not Rated,Not Rated,Not Rated,5,Not Rated,0.083,0,No Tip,Not Rated,Standard,Optional,No,25,2,0,2020/CHEVROLET/CAMARO ZL1/2020 Chevrolet Camaro ZL1 2 DR RWD.png
14324,2020,CHEVROLET,CAMARO ZL1,2020 Chevrolet Camaro ZL1 C RWD,,Not Rated,Not Rated,Not Rated,Not Rated,Not Rated,Not Rated,Not Rated,Not Rated,Not Rated,Not Rated,5,Not Rated,0.083,0,No Tip,Not Rated,Standard,No,No,25,2,0,2020/CHEVROLET/CAMARO ZL1/2020 Chevrolet Camaro ZL1 C RWD.png
14347,2020,CHEVROLET,COLORADO,2020 Chevrolet Colorado PU/EC 2WD,,4,4,5,4,5,5,5,5,5,5,3,Not Rated,0.22,0,No Tip,5,Standard,Optional,Optional,71,0,0,2020/CHEVROLET/COLORADO/2020 Chevrolet Colorado PU_EC 2WD.png
14349,2020,CHEVROLET,COLORADO,2020 Chevrolet Colorado PU/CC 2WD,,4,4,4,4,5,5,5,5,5,5,3,Not Rated,0.219,0,No Tip,5,Standard,Optional,Optional,71,0,0,2020/CHEVROLET/COLORADO/2020 Chevrolet Colorado PU_CC 2WD.png
14371,2020,CHEVROLET,COLORADO,2020 Chevrolet Colorado PU/EC 4WD,,4,4,5,4,5,5,5,5,5,5,3,Not Rated,0.214,0,No Tip,5,Standard,Optional,Optional,71,0,0,2020/CHEVROLET/COLORADO/2020 Chevrolet Colorado PU_EC 4WD.png
14373,2020,CHEVROLET,COLORADO,2020 Chevrolet Colorado PU/CC 4WD,,4,4,4,4,5,5,5,5,5,5,3,Not Rated,0.212,0,No Tip,5,Standard,Optional,Optional,71,0,0,2020/CHEVROLET/COLORADO/2020 Chevrolet Colorado PU_CC 4WD.png
14325,2020,CHEVROLET,CORVETTE,2020 Chevrolet Corvette 2 DR RWD,,Not Rated,Not Rated,Not Rated,Not Rated,Not Rated,Not Rated,Not Rated,Not Rated,Not Rated,Not Rated,Not Rated,Not Rated,0,0, ,Not Rated,Standard,No,No,31,4,0,2020/CHEVROLET/CORVETTE/2020 Chevrolet Corvette 2 DR RWD.png
14326,2020,CHEVROLET,CORVETTE,2020 Chevrolet Corvette C RWD,,Not Rated,Not Rated,Not Rated,Not Rated,Not Rated,Not Rated,Not Rated,Not Rated,Not Rated,Not Rated,Not Rated,Not Rated,0,0, ,Not Rated,Standard,No,No,31,4,0,2020/CHEVROLET/CORVETTE/2020 Chevrolet Corvette C RWD.png
14166,2020,CHEVROLET,EQUINOX,2020 Chevrolet Equinox SUV FWD,,5,5,5,5,5,5,5,5,5,5,4,Not Rated,0.164,0,No Tip,5,Standard,Standard,Standard,255,4,0,2020/CHEVROLET/EQUINOX/2020 Chevrolet Equinox SUV FWD.png
14177,2020,CHEVROLET,EQUINOX,2020 Chevrolet Equinox SUV AWD,,5,5,5,5,5,5,5,5,5,5,4,Not Rated,0.185,0,No Tip,5,Standard,Standard,Standard,255,4,0,2020/CHEVROLET/EQUINOX/2020 Chevrolet Equinox SUV AWD.png
14337,2020,CHEVROLET,EXPRESS CARGO 2500,2020 Chevrolet Express Cargo 2500 VAN RWD,,Not Rated,Not Rated,Not Rated,Not Rated,Not Rated,Not Rated,Not Rated,Not Rated,Not Rated,Not Rated,Not Rated,Not Rated,0,0, ,Not Rated,Standard,Optional,Optional,14,1,0,2020/CHEVROLET/EXPRESS CARGO 2500/2020 Chevrolet Express Cargo 2500 VAN RWD.png
14341,2020,CHEVROLET,EXPRESS CARGO 3500,2020 Chevrolet Express Cargo 3500 VAN RWD,,Not Rated,Not Rated,Not Rated,Not Rated,Not Rated,Not Rated,Not Rated,Not Rated,Not Rated,Not Rated,Not Rated,Not Rated,0,0, ,Not Rated,Standard,Optional,Optional,14,1,0,2020/CHEVROLET/EXPRESS CARGO 3500/2020 Chevrolet Express Cargo 3500 VAN RWD.png
14339,2020,CHEVROLET,EXPRESS PASSENGER 2500,2020 Chevrolet Express Passenger 2500 VAN RWD,,Not Rated,Not Rated,Not Rated,Not Rated,Not Rated,Not Rated,Not Rated,Not Rated,Not Rated,Not Rated,3,Not Rated,0.292,0,No Tip,Not Rated,Standard,Optional,Optional,14,1,0,2020/CHEVROLET/EXPRESS PASSENGER 2500/2020 Chevrolet Express Passenger 2500 VAN RWD.png
14343,2020,CHEVROLET,EXPRESS PASSENGER 3500 12 PASS,2020 Chevrolet Express Passenger 3500 12 Pass VAN RWD,,Not Rated,Not Rated,Not Rated,Not Rated,Not Rated,Not Rated,Not Rated,Not Rated,Not Rated,Not Rated,3,Not Rated,0.292,0,No Tip,Not Rated,Standard,Optional,Optional,16,1,0,2020/CHEVROLET/EXPRESS PASSENGER 3500 12 PASS/2020 Chevrolet Express Passenger 3500 12 Pass VAN RWD.png
14345,2020,CHEVROLET,EXPRESS PASSENGER 3500 15 PASS,2020 Chevrolet Express Passenger 3500 15 Pass VAN RWD,,Not Rated,Not Rated,Not Rated,Not Rated,Not Rated,Not Rated,Not Rated,Not Rated,Not Rated,Not Rated,3,Not Rated,0.279,0,No Tip,Not Rated,Standard,Optional,Optional,16,1,0,2020/CHEVROLET/EXPRESS PASSENGER 3500 15 PASS/2020 Chevrolet Express Passenger 3500 15 Pass VAN RWD.png
14318,2020,CHEVROLET,IMPALA,2020 Chevrolet Impala 4 DR FWD,,5,5,5,4,5,4,5,5,5,5,4,Not Rated,0.121,0,No Tip,5,Standard,Optional,Optional,13,0,0,2020/CHEVROLET/IMPALA/2020 Chevrolet Impala 4 DR FWD.png
14317,2020,CHEVROLET,MALIBU,2020 Chevrolet Malibu 4 DR FWD,,4,5,5,5,4,4,3,5,3,4,4,Not Rated,0.103,0,No Tip,5,Standard,Optional,Optional,176,1,1,2020/CHEVROLET/MALIBU/2020 Chevrolet Malibu 4 DR FWD.png
14357,2020,CHEVROLET,SILVERADO 1500,2020 Chevrolet Silverado 1500 PU/RC 2WD,,5,4,5,4,5,5,Not Rated,5,Not Rated,5,4,Not Rated,0.191,0, ,5,Standard,No,No,601,11,3,2020/CHEVROLET/SILVERADO 1500/2020 Chevrolet Silverado 1500 PU_RC 2WD.png
14359,2020,CHEVROLET,SILVERADO 1500,2020 Chevrolet Silverado 1500 PU/EC 2WD,,5,4,5,4,5,5,5,5,5,5,4,Not Rated,0.191,0,No Tip,5,Standard,Optional,Optional,601,11,3,2020/CHEVROLET/SILVERADO 1500/2020 Chevrolet Silverado 1500 PU_EC 2WD.png
14361,2020,CHEVROLET,SILVERADO 1500,2020 Chevrolet Silverado 1500 PU/CC 2WD,,4,4,4,4,5,5,5,5,5,5,4,Not Rated,0.191,0,No Tip,5,Standard,Optional,Optional,601,11,3,2020/CHEVROLET/SILVERADO 1500/2020 Chevrolet Silverado 1500 PU_CC 2WD.png
14381,2020,CHEVROLET,SILVERADO 1500,2020 Chevrolet Silverado 1500 PU/RC 4WD,,5,4,5,4,5,5,Not Rated,5,Not Rated,5,4,Not Rated,0.198,0, ,5,Standard,No,No,601,11,3,2020/CHEVROLET/SILVERADO 1500/2020 Chevrolet Silverado 1500 PU_RC 4WD.png
14383,2020,CHEVROLET,SILVERADO 1500,2020 Chevrolet Silverado 1500 PU/EC 4WD,,5,4,5,4,5,5,5,5,5,5,4,Not Rated,0.198,0,No Tip,5,Standard,Optional,Optional,601,11,3,2020/CHEVROLET/SILVERADO 1500/2020 Chevrolet Silverado 1500 PU_EC 4WD.png
14385,2020,CHEVROLET,SILVERADO 1500,2020 Chevrolet Silverado 1500 PU/CC 4WD,,4,4,4,4,5,5,5,5,5,5,4,Not Rated,0.198,0,No Tip,5,Standard,Optional,Optional,601,11,3,2020/CHEVROLET/SILVERADO 1500/2020 Chevrolet Silverado 1500 PU_CC 4WD.png
14351,2020,CHEVROLET,SILVERADO 2500,2020 Chevrolet Silverado 2500 PU/RC 2WD,,Not Rated,Not Rated,Not Rated,Not Rated,Not Rated,Not Rated,Not Rated,Not Rated,Not Rated,Not Rated,Not Rated,Not Rated,0,0, ,Not Rated,Standard,No,No,88,9,1,2020/CHEVROLET/SILVERADO 2500/2020 Chevrolet Silverado 2500 PU_RC 2WD.png
14353,2020,CHEVROLET,SILVERADO 2500,2020 Chevrolet Silverado 2500 PU/EC 2WD,,Not Rated,Not Rated,Not Rated,Not Rated,Not Rated,Not Rated,Not Rated,Not Rated,Not Rated,Not Rated,Not Rated,Not Rated,0,0, ,Not Rated,Standard,No,No,88,9,1,2020/CHEVROLET/SILVERADO 2500/2020 Chevrolet Silverado 2500 PU_EC 2WD.png
14355,2020,CHEVROLET,SILVERADO 2500,2020 Chevrolet Silverado 2500 PU/CC 2WD,,Not Rated,Not Rated,Not Rated,Not Rated,Not Rated,Not Rated,Not Rated,Not Rated,Not Rated,Not Rated,Not Rated,Not Rated,0,0, ,Not Rated,Standard,No,No,88,9,1,2020/CHEVROLET/SILVERADO 2500/2020 Chevrolet Silverado 2500 PU_CC 2WD.png
14375,2020,CHEVROLET,SILVERADO 2500,2020 Chevrolet Silverado 2500 PU/RC 4WD,,Not Rated,Not Rated,Not Rated,Not Rated,Not Rated,Not Rated,Not Rated,Not Rated,Not Rated,Not Rated,Not Rated,Not Rated,0,0, ,Not Rated,Standard,No,No,88,9,1,2020/CHEVROLET/SILVERADO 2500/2020 Chevrolet Silverado 2500 PU_RC 4WD.png
14377,2020,CHEVROLET,SILVERADO 2500,2020 Chevrolet Silverado 2500 PU/EC 4WD,,Not Rated,Not Rated,Not Rated,Not Rated,Not Rated,Not Rated,Not Rated,Not Rated,Not Rated,Not Rated,Not Rated,Not Rated,0,0, ,Not Rated,Standard,No,No,88,9,1,2020/CHEVROLET/SILVERADO 2500/2020 Chevrolet Silverado 2500 PU_EC 4WD.png
14379,2020,CHEVROLET,SILVERADO 2500,2020 Chevrolet Silverado 2500 PU/CC 4WD,,Not Rated,Not Rated,Not Rated,Not Rated,Not Rated,Not Rated,Not Rated,Not Rated,Not Rated,Not Rated,Not Rated,Not Rated,0,0, ,Not Rated,Standard,No,No,88,9,1,2020/CHEVROLET/SILVERADO 2500/2020 Chevrolet Silverado 2500 PU_CC 4WD.png
14314,2020,CHEVROLET,SONIC,2020 Chevrolet Sonic 4 DR FWD,,5,5,5,5,5,5,5,5,5,5,4,Not Rated,0.126,0,No Tip,5,Standard,Optional,Optional,9,0,0,2020/CHEVROLET/SONIC/2020 Chevrolet Sonic 4 DR FWD.png
14315,2020,CHEVROLET,SONIC,2020 Chevrolet Sonic 5 HB FWD,,5,5,5,5,5,5,5,5,5,5,4,Not Rated,0.126,0,No Tip,5,Standard,Optional,Optional,9,0,0,2020/CHEVROLET/SONIC/2020 Chevrolet Sonic 5 HB FWD.png
14313,2020,CHEVROLET,SPARK,2020 Chevrolet Spark 5 HB FWD,,Not Rated,Not Rated,Not Rated,Not Rated,Not Rated,Not Rated,Not Rated,Not Rated,Not Rated,Not Rated,Not Rated,Not Rated,0,0, ,Not Rated,Standard,Optional,Optional,19,0,0,2020/CHEVROLET/SPARK/2020 Chevrolet Spark 5 HB FWD.png
14174,2020,CHEVROLET,SUBURBAN 1500,2020 Chevrolet Suburban 1500 SUV RWD,,4,4,4,4,5,5,5,5,5,5,3,Not Rated,0.212,0,No Tip,4,Standard,Optional,Optional,38,3,0,2020/CHEVROLET/SUBURBAN 1500/2020 Chevrolet Suburban 1500 SUV RWD.png
14185,2020,CHEVROLET,SUBURBAN 1500,2020 Chevrolet Suburban 1500 SUV 4WD,,4,4,4,4,5,5,5,5,5,5,3,Not Rated,0.204,0,No Tip,4,Standard,Optional,Optional,38,3,0,2020/CHEVROLET/SUBURBAN 1500/2020 Chevrolet Suburban 1500 SUV 4WD.png
14171,2020,CHEVROLET,TAHOE,2020 Chevrolet Tahoe SUV RWD,,4,4,4,4,5,5,5,5,5,5,3,Not Rated,0.228,0,No Tip,5,Standard,Optional,Optional,44,3,0,2020/CHEVROLET/TAHOE/2020 Chevrolet Tahoe SUV RWD.png
14182,2020,CHEVROLET,TAHOE,2020 Chevrolet Tahoe SUV 4WD,,4,4,4,4,5,5,5,5,5,5,3,Not Rated,0.219,0,No Tip,5,Standard,Optional,Optional,44,3,0,2020/CHEVROLET/TAHOE/2020 Chevrolet Tahoe SUV 4WD.png
14168,2020,CHEVROLET,TRAVERSE,2020 Chevrolet Traverse SUV FWD,,5,4,5,4,5,5,5,5,5,5,4,Not Rated,0.169,0,No Tip,5,Standard,Optional,Optional,189,8,0,2020/CHEVROLET/TRAVERSE/2020 Chevrolet Traverse SUV FWD.png
14179,2020,CHEVROLET,TRAVERSE,2020 Chevrolet Traverse SUV AWD,,5,4,5,4,5,5,5,5,5,5,4,Not Rated,0.15,0,No Tip,5,Standard,Optional,Optional,189,8,0,2020/CHEVROLET/TRAVERSE/2020 Chevrolet Traverse SUV AWD.png
14332,2020,CHEVROLET,TRAX,2020 Chevrolet Trax SUV FWD,,5,5,5,5,5,5,5,5,5,5,4,Not Rated,0.198,0,No Tip,5,Standard,Optional,Optional,80,0,0,2020/CHEVROLET/TRAX/2020 Chevrolet Trax SUV FWD.png
14366,2020,CHEVROLET,TRAX,2020 Chevrolet Trax SUV AWD,,5,5,5,5,5,5,5,5,5,5,4,Not Rated,0.179,0,No Tip,5,Standard,Optional,Optional,80,0,0,2020/CHEVROLET/TRAX/2020 Chevrolet Trax SUV AWD.png
14230,2020,CHRYSLER,300,2020 Chrysler 300 4 DR RWD,,4,4,4,4,5,4,5,4,5,5,4,Not Rated,0.113,0,No Tip,5,Standard,Optional,No,10,2,0,2020/CHRYSLER/300/2020 Chrysler 300 4 DR RWD.png
14269,2020,CHRYSLER,300,2020 Chrysler 300 4 DR AWD,,4,4,4,4,5,4,5,4,5,5,4,Not Rated,0.113,0,No Tip,5,Standard,Optional,No,10,2,0,2020/CHRYSLER/300/2020 Chrysler 300 4 DR AWD.png
14231,2020,CHRYSLER,PACIFICA,2020 Chrysler Pacifica VAN FWD,,5,5,5,5,5,5,5,5,5,5,4,Not Rated,0.116,0,No Tip,5,Optional,Optional,Optional,142,4,2,2020/CHRYSLER/PACIFICA/2020 Chrysler Pacifica VAN FWD.png
15453,2020,CHRYSLER,PACIFICA,2020 Chrysler Pacifica VAN AWD,,Not Rated,5,5,5,5,5,5,5,5,5,Not Rated,Not Rated,0,0, ,5,Standard,No,No,142,4,2,2020/CHRYSLER/PACIFICA/2020 Chrysler Pacifica VAN AWD.png
14232,2020,CHRYSLER,PACIFICA HYBRID,2020 Chrysler Pacifica Hybrid VAN FWD,,5,4,4,4,5,5,5,5,5,5,4,Not Rated,0.109,0,No Tip,5,Optional,Optional,Optional,58,1,3,2020/CHRYSLER/PACIFICA HYBRID/2020 Chrysler Pacifica Hybrid VAN FWD.png
14962,2020,CHRYSLER,VOYAGER,2020 Chrysler Voyager VAN FWD,,5,5,5,5,5,5,5,5,5,5,4,Not Rated,0.116,0,No Tip,5,Standard,No,No,10,1,0,2020/CHRYSLER/VOYAGER/2020 Chrysler Voyager VAN FWD.png
14236,2020,DODGE,CHALLENGER,2020 Dodge Challenger 2 DR RWD,,5,4,4,5,5,5,5,5,5,5,4,Not Rated,0.111,0,No Tip,5,Standard,Optional,No,19,1,1,2020/DODGE/CHALLENGER/2020 Dodge Challenger 2 DR RWD.png
14237,2020,DODGE,CHALLENGER,2020 Dodge Challenger 2 DR AWD,,5,4,4,5,5,5,5,5,5,5,4,Not Rated,0.111,0,No Tip,5,Standard,Optional,No,19,1,1,2020/DODGE/CHALLENGER/2020 Dodge Challenger 2 DR AWD.png
14238,2020,DODGE,CHALLENGER SRT,2020 Dodge Challenger SRT 2 DR RWD,,Not Rated,Not Rated,Not Rated,Not Rated,Not Rated,Not Rated,Not Rated,Not Rated,Not Rated,Not Rated,Not Rated,Not Rated,0,0, ,Not Rated,Standard,Optional,No,0,0,0,2020/DODGE/CHALLENGER SRT/2020 Dodge Challenger SRT 2 DR RWD.png
14233,2020,DODGE,CHARGER,2020 Dodge Charger 4 DR RWD,,5,4,4,4,5,4,5,4,5,5,5,Not Rated,0.101,0,No Tip,5,Standard,Optional,Optional,51,3,0,2020/DODGE/CHARGER/2020 Dodge Charger 4 DR RWD.png
14270,2020,DODGE,CHARGER,2020 Dodge Charger 4 DR AWD,,5,4,4,4,5,4,5,4,5,5,5,Not Rated,0.101,0,No Tip,5,Standard,Optional,Optional,51,3,0,2020/DODGE/CHARGER/2020 Dodge Charger 4 DR AWD.png
14235,2020,DODGE,CHARGER PURSUIT,2020 Dodge Charger Pursuit 4 DR RWD,,Not Rated,Not Rated,Not Rated,Not Rated,Not Rated,Not Rated,Not Rated,Not Rated,Not Rated,Not Rated,Not Rated,Not Rated,0,0, ,Not Rated,Standard,No,No,0,0,0,2020/DODGE/CHARGER PURSUIT/2020 Dodge Charger Pursuit 4 DR RWD.png
14271,2020,DODGE,CHARGER PURSUIT,2020 Dodge Charger Pursuit 4 DR AWD,,Not Rated,Not Rated,Not Rated,Not Rated,Not Rated,Not Rated,Not Rated,Not Rated,Not Rated,Not Rated,Not Rated,Not Rated,0,0, ,Not Rated,Standard,No,No,0,0,0,2020/DODGE/CHARGER PURSUIT/2020 Dodge Charger Pursuit 4 DR AWD.png
14234,2020,DODGE,CHARGER SRT,2020 Dodge Charger SRT 4 DR RWD,,Not Rated,Not Rated,Not Rated,Not Rated,Not Rated,Not Rated,Not Rated,Not Rated,Not Rated,Not Rated,Not Rated,Not Rated,0,0, ,Not Rated,Standard,Optional,Optional,0,0,0,2020/DODGE/CHARGER SRT/2020 Dodge Charger SRT 4 DR RWD.png
14239,2020,DODGE,DURANGO,2020 Dodge Durango SUV RWD,,4,4,3,4,5,5,5,5,5,5,4,Not Rated,0.198,0,No Tip,5,Standard,Optional,No,47,2,0,2020/DODGE/DURANGO/2020 Dodge Durango SUV RWD.png
14272,2020,DODGE,DURANGO,2020 Dodge Durango SUV 4WD,,4,4,3,4,5,5,5,5,5,5,3,Not Rated,0.212,0,No Tip,5,Standard,Optional,No,47,2,0,2020/DODGE/DURANGO/2020 Dodge Durango SUV 4WD.png
14240,2020,DODGE,DURANGO SRT,2020 Dodge Durango SRT SUV AWD,,Not Rated,Not Rated,Not Rated,Not Rated,Not Rated,Not Rated,Not Rated,Not Rated,Not Rated,Not Rated,Not Rated,Not Rated,0,0, ,Not Rated,Standard,Optional,No,15,1,0,2020/DODGE/DURANGO SRT/2020 Dodge Durango SRT SUV AWD.png
14949,2020,DODGE,GRAND CARAVAN,2020 Dodge Grand Caravan MV FWD,,4,4,4,4,5,5,5,5,5,5,4,Not Rated,0.164,0,No Tip,5,Standard,No,No,15,1,0,2020/DODGE/GRAND CARAVAN/2020 Dodge Grand Caravan MV FWD.png
14241,2020,DODGE,JOURNEY,2020 Dodge Journey SUV FWD,,4,4,5,4,5,5,5,5,5,5,4,Not Rated,0.185,0,No Tip,5,Standard,No,No,47,1,2,2020/DODGE/JOURNEY/2020 Dodge Journey SUV FWD.png
14268,2020,FIAT,124 SPIDER,2020 Fiat 124 Spider C RWD,,Not Rated,Not Rated,Not Rated,Not Rated,Not Rated,Not Rated,Not Rated,Not Rated,Not Rated,Not Rated,Not Rated,Not Rated,0,0, ,Not Rated,Standard,No,No,8,1,0,2020/FIAT/124 SPIDER/2020 Fiat 124 Spider C RWD.png
14261,2020,FIAT,500L,2020 Fiat 500L 5 HB FWD,,Not Rated,Not Rated,Not Rated,Not Rated,Not Rated,Not Rated,Not Rated,Not Rated,Not Rated,Not Rated,Not Rated,Not Rated,0,0, ,Not Rated,Standard,No,No,0,0,0,2020/FIAT/500L/2020 Fiat 500L 5 HB FWD.png
14262,2020,FIAT,500X,2020 Fiat 500X SUV FWD,,Not Rated,Not Rated,Not Rated,Not Rated,Not Rated,Not Rated,Not Rated,Not Rated,Not Rated,Not Rated,Not Rated,Not Rated,0,0, ,Not Rated,Standard,Optional,No,2,2,0,2020/FIAT/500X/2020 Fiat 500X SUV FWD.png
14285,2020,FIAT,500X,2020 Fiat 500X SUV AWD,,Not Rated,Not Rated,Not Rated,Not Rated,Not Rated,Not Rated,Not Rated,Not Rated,Not Rated,Not Rated,Not Rated,Not Rated,0,0, ,Not Rated,Standard,Optional,No,2,2,0,2020/FIAT/500X/2020 Fiat 500X SUV AWD.png
14877,2020,FORD,ECOSPORT,2020 Ford EcoSport SUV FWD,,4,4,4,4,5,5,5,5,5,5,3,Not Rated,0.204,0,No Tip,5,Standard,No,No,360,3,1,2020/FORD/ECOSPORT/2020 Ford EcoSport SUV FWD.png
14922,2020,FORD,ECOSPORT,2020 Ford EcoSport SUV AWD,,4,4,4,4,5,5,5,5,5,5,4,Not Rated,0.191,0,No Tip,5,Standard,No,No,360,3,1,2020/FORD/ECOSPORT/2020 Ford EcoSport SUV AWD.png
14888,2020,FORD,EDGE,2020 Ford Edge SUV FWD,,5,5,5,5,5,5,5,5,5,5,4,Not Rated,0.155,0,No Tip,5,Standard,Standard,Standard,255,4,1,2020/FORD/EDGE/2020 Ford Edge SUV FWD.png
14926,2020,FORD,EDGE,2020 Ford Edge SUV AWD,,5,5,5,5,5,5,5,5,5,5,4,Not Rated,0.155,0,No Tip,5,Standard,Standard,Standard,255,4,1,2020/FORD/EDGE/2020 Ford Edge SUV AWD.png
14890,2020,FORD,ESCAPE,2020 Ford Escape SUV FWD,,5,5,5,5,5,5,5,5,5,5,4,Not Rated,0.169,0,No Tip,5,Standard,Standard,Standard,1349,21,2,2020/FORD/ESCAPE/2020 Ford Escape SUV FWD.png
14928,2020,FORD,ESCAPE,2020 Ford Escape SUV AWD,,5,5,5,5,5,5,5,5,5,5,4,Not Rated,0.174,0,No Tip,5,Standard,Standard,Standard,1349,21,2,2020/FORD/ESCAPE/2020 Ford Escape SUV AWD.png
14892,2020,FORD,ESCAPE HEV,2020 Ford Escape HEV SUV FWD,,5,5,5,5,5,5,5,5,5,5,4,Not Rated,0.169,0,No Tip,5,Standard,Standard,Standard,276,1,2,2020/FORD/ESCAPE HEV/2020 Ford Escape HEV SUV FWD.png
14929,2020,FORD,ESCAPE HEV,2020 Ford Escape HEV SUV AWD,,5,5,5,5,5,5,5,5,5,5,4,Not Rated,0.174,0,No Tip,5,Standard,Standard,Standard,276,1,2,2020/FORD/ESCAPE HEV/2020 Ford Escape HEV SUV AWD.png
14891,2020,FORD,ESCAPE PHEV,2020 Ford Escape PHEV SUV FWD,,Not Rated,Not Rated,Not Rated,Not Rated,Not Rated,Not Rated,Not Rated,Not Rated,Not Rated,Not Rated,Not Rated,Not Rated,0,0, ,Not Rated,Standard,Standard,Standard,1,1,0,2020/FORD/ESCAPE PHEV/2020 Ford Escape PHEV SUV FWD.png
14899,2020,FORD,EXPEDITION,2020 Ford Expedition SUV 2WD,,5,5,5,5,5,5,5,5,5,5,3,Not Rated,0.208,0,No Tip,5,Standard,Standard,Optional,323,12,2,2020/FORD/EXPEDITION/2020 Ford Expedition SUV 2WD.png
14935,2020,FORD,EXPEDITION,2020 Ford Expedition SUV 4WD,,5,5,5,5,5,5,5,5,5,5,4,Not Rated,0.193,0,No Tip,5,Standard,Standard,Optional,323,12,2,2020/FORD/EXPEDITION/2020 Ford Expedition SUV 4WD.png
14900,2020,FORD,EXPEDITION EL,2020 Ford Expedition EL SUV 2WD,,5,5,5,5,5,5,5,5,5,5,3,Not Rated,0.208,0,No Tip,5,Standard,Standard,Optional,0,0,0,2020/FORD/EXPEDITION EL/2020 Ford Expedition EL SUV 2WD.png
14936,2020,FORD,EXPEDITION EL,2020 Ford Expedition EL SUV 4WD,,5,5,5,5,5,5,5,5,5,5,4,Not Rated,0.193,0,No Tip,5,Standard,Standard,Optional,0,0,0,2020/FORD/EXPEDITION EL/2020 Ford Expedition EL SUV 4WD.png
14894,2020,FORD,EXPLORER,2020 Ford Explorer SUV RWD,,5,5,5,5,5,5,5,5,5,5,4,Not Rated,0.147,0,No Tip,5,Standard,Standard,Standard,1066,27,3,2020/FORD/EXPLORER/2020 Ford Explorer SUV RWD.png
14931,2020,FORD,EXPLORER,2020 Ford Explorer SUV 4WD,,5,5,5,5,5,5,5,5,5,5,4,Not Rated,0.151,0,No Tip,5,Standard,Standard,Standard,1066,27,3,2020/FORD/EXPLORER/2020 Ford Explorer SUV 4WD.png
14895,2020,FORD,EXPLORER HEV,2020 Ford Explorer HEV SUV RWD,,5,5,5,5,5,5,5,5,5,5,4,Not Rated,0.147,0,No Tip,5,Standard,Standard,Standard,1,1,1,2020/FORD/EXPLORER HEV/2020 Ford Explorer HEV SUV RWD.png
14932,2020,FORD,EXPLORER HEV,2020 Ford Explorer HEV SUV 4WD,,5,5,5,5,5,5,5,5,5,5,4,Not Rated,0.151,0,No Tip,5,Standard,Standard,Standard,1,1,1,2020/FORD/EXPLORER HEV/2020 Ford Explorer HEV SUV 4WD.png
14896,2020,FORD,EXPLORER PHEV,2020 Ford Explorer PHEV SUV RWD,,Not Rated,Not Rated,Not Rated,Not Rated,Not Rated,Not Rated,Not Rated,Not Rated,Not Rated,Not Rated,Not Rated,Not Rated,0,0, ,Not Rated,Standard,Standard,Standard,0,1,1,2020/FORD/EXPLORER PHEV/2020 Ford Explorer PHEV SUV RWD.png
14933,2020,FORD,EXPLORER PHEV,2020 Ford Explorer PHEV SUV 4WD,,Not Rated,Not Rated,Not Rated,Not Rated,Not Rated,Not Rated,Not Rated,Not Rated,Not Rated,Not Rated,Not Rated,Not Rated,0,0, ,Not Rated,Standard,Standard,Standard,0,1,1,2020/FORD/EXPLORER PHEV/2020 Ford Explorer PHEV SUV 4WD.png
14914,2020,FORD,F-150 REGULAR CAB,2020 Ford F-150 Regular Cab PU/RC 2WD,,4,4,4,4,5,5,Not Rated,5,Not Rated,5,4,Not Rated,0.191,0,No Tip,5,Standard,Standard,No,511,7,0,2020/FORD/F-150 REGULAR CAB/2020 Ford F-150 Regular Cab PU_RC 2WD.png
14941,2020,FORD,F-150 REGULAR CAB,2020 Ford F-150 Regular Cab PU/RC 4WD,,4,4,4,4,5,5,Not Rated,5,Not Rated,5,4,Not Rated,0.191,0,No Tip,5,Standard,Standard,No,511,7,0,2020/FORD/F-150 REGULAR CAB/2020 Ford F-150 Regular Cab PU_RC 4WD.png
14916,2020,FORD,F-150 SUPER CREW,2020 Ford F-150 Super Crew PU/CC 2WD,,5,5,5,5,5,5,5,5,5,5,4,Not Rated,0.191,0,No Tip,5,Standard,Standard,Optional,511,7,0,2020/FORD/F-150 SUPER CREW/2020 Ford F-150 Super Crew PU_CC 2WD.png
14943,2020,FORD,F-150 SUPER CREW,2020 Ford F-150 Super Crew PU/CC 4WD,,5,5,5,5,5,5,5,5,5,5,4,Not Rated,0.191,0,No Tip,5,Standard,Standard,Optional,511,7,0,2020/FORD/F-150 SUPER CREW/2020 Ford F-150 Super Crew PU_CC 4WD.png
14918,2020,FORD,F-150 SUPER CREW DIESEL,2020 Ford F-150 Super Crew Diesel PU/CC 2WD,,Not Rated,Not Rated,Not Rated,Not Rated,Not Rated,Not Rated,Not Rated,Not Rated,Not Rated,Not Rated,4,Not Rated,0.191,0,No Tip,Not Rated,Standard,Standard,Optional,511,7,0,2020/FORD/F-150 SUPER CREW DIESEL/2020 Ford F-150 Super Crew Diesel PU_CC 2WD.png
14945,2020,FORD,F-150 SUPER CREW DIESEL,2020 Ford F-150 Super Crew Diesel PU/CC 4WD,,Not Rated,Not Rated,Not Rated,Not Rated,Not Rated,Not Rated,Not Rated,Not Rated,Not Rated,Not Rated,4,Not Rated,0.191,0,No Tip,Not Rated,Standard,Standard,Optional,511,7,0,2020/FORD/F-150 SUPER CREW DIESEL/2020 Ford F-150 Super Crew Diesel PU_CC 4WD.png
14915,2020,FORD,F-150 SUPERCAB,2020 Ford F-150 Supercab PU/EC 2WD,,4,4,4,4,5,5,5,5,5,5,4,Not Rated,0.191,0,No Tip,5,Standard,Standard,Optional,511,7,0,2020/FORD/F-150 SUPERCAB/2020 Ford F-150 Supercab PU_EC 2WD.png
14942,2020,FORD,F-150 SUPERCAB,2020 Ford F-150 Supercab PU/EC 4WD,,4,4,4,4,5,5,5,5,5,5,4,Not Rated,0.191,0,No Tip,5,Standard,Standard,Optional,511,7,0,2020/FORD/F-150 SUPERCAB/2020 Ford F-150 Supercab PU_EC 4WD.png
14917,2020,FORD,F-150 SUPERCAB DIESEL,2020 Ford F-150 Supercab Diesel PU/EC 2WD,,Not Rated,Not Rated,Not Rated,Not Rated,Not Rated,Not Rated,Not Rated,Not Rated,Not Rated,Not Rated,4,Not Rated,0.191,0,No Tip,Not Rated,Standard,Standard,Optional,511,7,0,2020/FORD/F-150 SUPERCAB DIESEL/2020 Ford F-150 Supercab Diesel PU_EC 2WD.png
14944,2020,FORD,F-150 SUPERCAB DIESEL,2020 Ford F-150 Supercab Diesel PU/EC 4WD,,Not Rated,Not Rated,Not Rated,Not Rated,Not Rated,Not Rated,Not Rated,Not Rated,Not Rated,Not Rated,4,Not Rated,0.191,0,No Tip,Not Rated,Standard,Standard,Optional,511,7,0,2020/FORD/F-150 SUPERCAB DIESEL/2020 Ford F-150 Supercab Diesel PU_EC 4WD.png
14952,2020,FORD,F-250 CREW CAB,2020 Ford F-250 Crew Cab PU/CC 2WD,,Not Rated,5,5,5,Not Rated,Not Rated,Not Rated,Not Rated,Not Rated,Not Rated,4,Not Rated,0.191,0,No Tip,Not Rated,Standard,Optional,Optional,236,1,3,2020/FORD/F-250 CREW CAB/2020 Ford F-250 Crew Cab PU_CC 2WD.png
14955,2020,FORD,F-250 CREW CAB,2020 Ford F-250 Crew Cab PU/CC 4WD,,Not Rated,5,5,5,Not Rated,Not Rated,Not Rated,Not Rated,Not Rated,Not Rated,3,Not Rated,0.292,0,No Tip,Not Rated,Standard,No,Optional,236,1,3,2020/FORD/F-250 CREW CAB/2020 Ford F-250 Crew Cab PU_CC 4WD.png
14950,2020,FORD,F-250 REGULAR CAB,2020 Ford F-250 Regular Cab PU/RC 2WD,,4,4,5,4,5,5,Not Rated,5,Not Rated,5,4,Not Rated,0.191,0,No Tip,5,Standard,Standard,No,236,1,3,2020/FORD/F-250 REGULAR CAB/2020 Ford F-250 Regular Cab PU_RC 2WD.png
14953,2020,FORD,F-250 REGULAR CAB,2020 Ford F-250 Regular Cab PU/RC 4WD,,4,4,5,4,5,5,Not Rated,5,Not Rated,5,3,Not Rated,0.292,0,No Tip,5,Standard,Standard,No,236,1,3,2020/FORD/F-250 REGULAR CAB/2020 Ford F-250 Regular Cab PU_RC 4WD.png
14951,2020,FORD,F-250 SUPERCAB,2020 Ford F-250 Supercab PU/EC 2WD,,Not Rated,4,5,4,Not Rated,Not Rated,Not Rated,Not Rated,Not Rated,Not Rated,4,Not Rated,0.191,0,No Tip,Not Rated,Standard,Optional,Optional,236,1,3,2020/FORD/F-250 SUPERCAB/2020 Ford F-250 Supercab PU_EC 2WD.png
14954,2020,FORD,F-250 SUPERCAB,2020 Ford F-250 Supercab PU/EC 4WD,,Not Rated,4,5,4,Not Rated,Not Rated,Not Rated,Not Rated,Not Rated,Not Rated,3,Not Rated,0.292,0,No Tip,Not Rated,Standard,Optional,Optional,236,1,3,2020/FORD/F-250 SUPERCAB/2020 Ford F-250 Supercab PU_EC 4WD.png
15024,2020,FORD,F-250 TREMOR CREW CAB,2020 Ford F-250 Tremor Crew Cab PU/CC 4WD,,Not Rated,5,5,5,Not Rated,Not Rated,Not Rated,Not Rated,Not Rated,Not Rated,Not Rated,Not Rated,0,0, ,Not Rated,Standard,Optional,No,0,0,0,2020/FORD/F-250 TREMOR CREW CAB/2020 Ford F-250 Tremor Crew Cab PU_CC 4WD.png
14921,2020,FORD,F-350 CREW CAB,2020 Ford F-350 Crew Cab PU/CC 2WD,,Not Rated,Not Rated,Not Rated,Not Rated,Not Rated,Not Rated,Not Rated,Not Rated,Not Rated,Not Rated,Not Rated,Not Rated,0,0, ,Not Rated,Standard,Optional,Optional,161,2,1,2020/FORD/F-350 CREW CAB/2020 Ford F-350 Crew Cab PU_CC 2WD.png
14948,2020,FORD,F-350 CREW CAB,2020 Ford F-350 Crew Cab PU/CC 4WD,,Not Rated,Not Rated,Not Rated,Not Rated,Not Rated,Not Rated,Not Rated,Not Rated,Not Rated,Not Rated,Not Rated,Not Rated,0,0, ,Not Rated,Standard,Optional,Optional,161,2,1,2020/FORD/F-350 CREW CAB/2020 Ford F-350 Crew Cab PU_CC 4WD.png
14919,2020,FORD,F-350 REGULAR CAB,2020 Ford F-350 Regular Cab PU/RC 2WD,,Not Rated,Not Rated,Not Rated,Not Rated,Not Rated,Not Rated,Not Rated,Not Rated,Not Rated,Not Rated,Not Rated,Not Rated,0,0, ,Not Rated,Standard,Optional,No,161,2,1,2020/FORD/F-350 REGULAR CAB/2020 Ford F-350 Regular Cab PU_RC 2WD.png
14946,2020,FORD,F-350 REGULAR CAB,2020 Ford F-350 Regular Cab PU/RC 4WD,,Not Rated,Not Rated,Not Rated,Not Rated,Not Rated,Not Rated,Not Rated,Not Rated,Not Rated,Not Rated,Not Rated,Not Rated,0,0, ,Not Rated,Standard,Optional,No,161,2,1,2020/FORD/F-350 REGULAR CAB/2020 Ford F-350 Regular Cab PU_RC 4WD.png
14920,2020,FORD,F-350 SUPER CAB,2020 Ford F-350 Super Cab PU/EC 2WD,,Not Rated,Not Rated,Not Rated,Not Rated,Not Rated,Not Rated,Not Rated,Not Rated,Not Rated,Not Rated,Not Rated,Not Rated,0,0, ,Not Rated,Standard,Optional,Optional,161,2,1,2020/FORD/F-350 SUPER CAB/2020 Ford F-350 Super Cab PU_EC 2WD.png
14947,2020,FORD,F-350 SUPER CAB,2020 Ford F-350 Super Cab PU/EC 4WD,,Not Rated,Not Rated,Not Rated,Not Rated,Not Rated,Not Rated,Not Rated,Not Rated,Not Rated,Not Rated,Not Rated,Not Rated,0,0, ,Not Rated,Standard,Optional,Optional,161,2,1,2020/FORD/F-350 SUPER CAB/2020 Ford F-350 Super Cab PU_EC 4WD.png
14878,2020,FORD,FUSION,2020 Ford Fusion 4 DR FWD,,5,4,5,3,5,5,5,5,5,5,4,Not Rated,0.109,0,No Tip,5,Standard,Standard,Standard,155,3,0,2020/FORD/FUSION/2020 Ford Fusion 4 DR FWD.png
14923,2020,FORD,FUSION,2020 Ford Fusion 4 DR AWD,,5,4,5,3,5,5,5,5,5,5,4,Not Rated,0.109,0,No Tip,5,Standard,Standard,Standard,155,3,0,2020/FORD/FUSION/2020 Ford Fusion 4 DR AWD.png
14882,2020,FORD,FUSION ENERGI,2020 Ford Fusion Energi 4 DR FWD,,Not Rated,Not Rated,Not Rated,Not Rated,Not Rated,Not Rated,Not Rated,Not Rated,Not Rated,Not Rated,4,Not Rated,0.109,0,No Tip,Not Rated,Standard,Standard,Standard,42,0,1,2020/FORD/FUSION ENERGI/2020 Ford Fusion Energi 4 DR FWD.png
14880,2020,FORD,FUSION HEV,2020 Ford Fusion HEV 4 DR FWD,,5,4,5,3,5,5,5,5,5,5,4,Not Rated,0.109,0,No Tip,5,Standard,Standard,Standard,8,0,1,2020/FORD/FUSION HEV/2020 Ford Fusion HEV 4 DR FWD.png
14886,2020,FORD,GT,2020 Ford GT 2 DR RWD,,Not Rated,Not Rated,Not Rated,Not Rated,Not Rated,Not Rated,Not Rated,Not Rated,Not Rated,Not Rated,Not Rated,Not Rated,0,0, ,Not Rated,Standard,No,No,0,0,0,2020/FORD/GT/2020 Ford GT 2 DR RWD.png
14883,2020,FORD,MUSTANG,2020 Ford Mustang 2 DR RWD,,5,5,5,5,5,5,5,5,5,5,5,Not Rated,0.093,0,No Tip,5,Standard,Optional,Optional,101,8,1,2020/FORD/MUSTANG/2020 Ford Mustang 2 DR RWD.png
14885,2020,FORD,MUSTANG,2020 Ford Mustang C RWD,,Not Rated,Not Rated,Not Rated,Not Rated,Not Rated,Not Rated,Not Rated,Not Rated,Not Rated,Not Rated,5,Not Rated,0.081,0,No Tip,Not Rated,Standard,Optional,Optional,101,8,1,2020/FORD/MUSTANG/2020 Ford Mustang C RWD.png
14884,2020,FORD,MUSTANG GT350R,2020 Ford Mustang GT350R 2 DR RWD,,5,5,5,5,5,5,Not Rated,5,Not Rated,5,5,Not Rated,0.093,0,No Tip,5,Standard,No,No,101,8,1,2020/FORD/MUSTANG GT350R/2020 Ford Mustang GT350R 2 DR RWD.png
14912,2020,FORD,RANGER,2020 Ford Ranger Super Cab PU/EC 2WD,,Not Rated,Not Rated,Not Rated,Not Rated,Not Rated,Not Rated,Not Rated,Not Rated,Not Rated,Not Rated,3,Not Rated,0.292,0,No Tip,Not Rated,Standard,Standard,Optional,109,7,1,2020/FORD/RANGER/2020 Ford Ranger Super Cab PU_EC 2WD.png
14913,2020,FORD,RANGER,2020 Ford Ranger Super Crew PU/CC 2WD,,4,4,5,4,5,5,5,5,5,5,3,Not Rated,0.292,0,No Tip,5,Standard,Standard,Optional,109,7,1,2020/FORD/RANGER/2020 Ford Ranger Super Crew PU_CC 2WD.png
14939,2020,FORD,RANGER,2020 Ford Ranger Super Cab PU/EC 4WD,,Not Rated,Not Rated,Not Rated,Not Rated,Not Rated,Not Rated,Not Rated,Not Rated,Not Rated,Not Rated,3,Not Rated,0.256,0,No Tip,Not Rated,Standard,Standard,Optional,109,7,1,2020/FORD/RANGER/2020 Ford Ranger Super Cab PU_EC 4WD.png
14940,2020,FORD,RANGER,2020 Ford Ranger Super Crew PU/CC 4WD,,4,4,5,4,5,5,5,5,5,5,3,Not Rated,0.256,0,No Tip,5,Standard,Standard,Optional,109,7,1,2020/FORD/RANGER/2020 Ford Ranger Super Crew PU_CC 4WD.png
14911,2020,FORD,TRANSIT,2020 Ford Transit VAN RWD,,Not Rated,3,4,2,Not Rated,Not Rated,Not Rated,Not Rated,Not Rated,Not Rated,Not Rated,Not Rated,0,0, ,Not Rated,Standard,Standard,Optional,78,9,1,2020/FORD/TRANSIT/2020 Ford Transit VAN RWD.png
14903,2020,FORD,TRANSIT CONNECT,2020 Ford Transit Connect WAGON FWD,,Not Rated,Not Rated,Not Rated,Not Rated,Not Rated,Not Rated,Not Rated,Not Rated,Not Rated,Not Rated,4,Not Rated,0.179,0,No Tip,Not Rated,Standard,Standard,Optional,27,8,0,2020/FORD/TRANSIT CONNECT/2020 Ford Transit Connect WAGON FWD.png
14904,2020,FORD,TRANSIT CONNECT,2020 Ford Transit Connect VAN FWD,,Not Rated,Not Rated,Not Rated,Not Rated,Not Rated,Not Rated,Not Rated,Not Rated,Not Rated,Not Rated,Not Rated,Not Rated,0,0, ,Not Rated,Standard,Standard,Optional,27,8,0,2020/FORD/TRANSIT CONNECT/2020 Ford Transit Connect VAN FWD.png
14905,2020,FORD,"TRANSIT HIGH ROOF (8,10,12) PASS","2020 Ford Transit High Roof (8,10,12) Pass WAGON RWD",,2,3,4,2,5,5,5,5,5,5,1,Not Rated,0.516,0,No Tip,5,Standard,Standard,Optional,78,9,1,"2020/FORD/TRANSIT HIGH ROOF (8,10,12) PASS/2020 Ford Transit High Roof (8,10,12) Pass WAGON RWD.png"
14906,2020,FORD,TRANSIT HIGH ROOF 15 PASS,2020 Ford Transit High Roof 15 Pass WAGON RWD,,3,3,4,2,5,5,5,5,5,5,1,Not Rated,0.451,0,No Tip,5,Standard,Standard,Optional,78,9,1,2020/FORD/TRANSIT HIGH ROOF 15 PASS/2020 Ford Transit High Roof 15 Pass WAGON RWD.png
14909,2020,FORD,"TRANSIT LOW ROOF (8,10,12) PASS","2020 Ford Transit Low Roof (8,10,12) Pass WAGON RWD",,4,3,4,2,5,5,5,5,5,5,3,Not Rated,0.267,0,No Tip,5,Standard,Standard,Optional,78,9,1,"2020/FORD/TRANSIT LOW ROOF (8,10,12) PASS/2020 Ford Transit Low Roof (8,10,12) Pass WAGON RWD.png"
14910,2020,FORD,TRANSIT LOW ROOF 15 PASS,2020 Ford Transit Low Roof 15 Pass WAGON RWD,,3,3,4,2,5,5,5,5,5,5,2,Not Rated,0.338,0,No Tip,5,Standard,Standard,Optional,78,9,1,2020/FORD/TRANSIT LOW ROOF 15 PASS/2020 Ford Transit Low Roof 15 Pass WAGON RWD.png
14907,2020,FORD,"TRANSIT MEDIUM ROOF (8,10,12) PASS","2020 Ford Transit  Medium Roof (8,10,12) Pass WAGON RWD",,3,3,4,2,5,5,5,5,5,5,2,Not Rated,0.376,0,No Tip,5,Standard,Standard,Optional,78,9,1,"2020/FORD/TRANSIT MEDIUM ROOF (8,10,12) PASS/2020 Ford Transit  Medium Roof (8,10,12) Pass WAGON RWD.png"
14908,2020,FORD,TRANSIT MEDIUM ROOF 15 PASS,2020 Ford Transit Medium Roof 15 Pass WAGON RWD,,3,3,4,2,5,5,5,5,5,5,2,Not Rated,0.376,0,No Tip,5,Standard,Standard,Optional,78,9,1,2020/FORD/TRANSIT MEDIUM ROOF 15 PASS/2020 Ford Transit Medium Roof 15 Pass WAGON RWD.png
14857,2020,FREIGHTLINER,SPRINTER 1500 12 PASSENGER VAN,2020 Freightliner Sprinter 1500 12 Passenger Van VAN RWD,,Not Rated,Not Rated,Not Rated,Not Rated,Not Rated,Not Rated,Not Rated,Not Rated,Not Rated,Not Rated,Not Rated,Not Rated,0,0, ,Not Rated,Standard,No,No,0,17,0,2020/FREIGHTLINER/SPRINTER 1500 12 PASSENGER VAN/2020 Freightliner Sprinter 1500 12 Passenger Van VAN RWD.png
14860,2020,FREIGHTLINER,SPRINTER 1500 CARGO VAN,2020 Freightliner Sprinter 1500 Cargo Van VAN RWD,,Not Rated,Not Rated,Not Rated,Not Rated,Not Rated,Not Rated,Not Rated,Not Rated,Not Rated,Not Rated,Not Rated,Not Rated,0,0, ,Not Rated,Standard,No,No,0,17,0,2020/FREIGHTLINER/SPRINTER 1500 CARGO VAN/2020 Freightliner Sprinter 1500 Cargo Van VAN RWD.png
14858,2020,FREIGHTLINER,SPRINTER 2500 12 PASSENGER VAN,2020 Freightliner Sprinter 2500 12 Passenger Van VAN RWD,,Not Rated,Not Rated,Not Rated,Not Rated,Not Rated,Not Rated,Not Rated,Not Rated,Not Rated,Not Rated,1,Not Rated,0.924,0,No Tip,Not Rated,Standard,No,No,7,17,0,2020/FREIGHTLINER/SPRINTER 2500 12 PASSENGER VAN/2020 Freightliner Sprinter 2500 12 Passenger Van VAN RWD.png
14871,2020,FREIGHTLINER,SPRINTER 2500 12 PASSENGER VAN,2020 Freightliner Sprinter 2500 12 Passenger Van VAN AWD,,Not Rated,Not Rated,Not Rated,Not Rated,Not Rated,Not Rated,Not Rated,Not Rated,Not Rated,Not Rated,1,Not Rated,0.99,0,No Tip,Not Rated,Standard,No,No,7,17,0,2020/FREIGHTLINER/SPRINTER 2500 12 PASSENGER VAN/2020 Freightliner Sprinter 2500 12 Passenger Van VAN AWD.png
14859,2020,FREIGHTLINER,SPRINTER 2500 15 PASSENGER VAN,2020 Freightliner Sprinter 2500 15 Passenger Van VAN RWD,,Not Rated,Not Rated,Not Rated,Not Rated,Not Rated,Not Rated,Not Rated,Not Rated,Not Rated,Not Rated,1,Not Rated,0.99,0,No Tip,Not Rated,Standard,No,No,7,17,0,2020/FREIGHTLINER/SPRINTER 2500 15 PASSENGER VAN/2020 Freightliner Sprinter 2500 15 Passenger Van VAN RWD.png
14861,2020,FREIGHTLINER,SPRINTER 2500 CARGO VAN,2020 Freightliner Sprinter 2500 Cargo Van VAN RWD,,Not Rated,Not Rated,Not Rated,Not Rated,Not Rated,Not Rated,Not Rated,Not Rated,Not Rated,Not Rated,Not Rated,Not Rated,0,0, ,Not Rated,Standard,No,No,7,17,0,2020/FREIGHTLINER/SPRINTER 2500 CARGO VAN/2020 Freightliner Sprinter 2500 Cargo Van VAN RWD.png
14873,2020,FREIGHTLINER,SPRINTER 2500 CARGO VAN,2020 Freightliner Sprinter 2500 Cargo Van VAN AWD,,Not Rated,Not Rated,Not Rated,Not Rated,Not Rated,Not Rated,Not Rated,Not Rated,Not Rated,Not Rated,Not Rated,Not Rated,0,0, ,Not Rated,Standard,No,No,7,17,0,2020/FREIGHTLINER/SPRINTER 2500 CARGO VAN/2020 Freightliner Sprinter 2500 Cargo Van VAN AWD.png
14862,2020,FREIGHTLINER,SPRINTER 2500 CARGO VAN DIESEL,2020 Freightliner Sprinter 2500 Cargo Van Diesel VAN RWD,,Not Rated,Not Rated,Not Rated,Not Rated,Not Rated,Not Rated,Not Rated,Not Rated,Not Rated,Not Rated,Not Rated,Not Rated,0,0, ,Not Rated,Standard,No,No,7,17,0,2020/FREIGHTLINER/SPRINTER 2500 CARGO VAN DIESEL/2020 Freightliner Sprinter 2500 Cargo Van Diesel VAN RWD.png
14874,2020,FREIGHTLINER,SPRINTER 2500 CARGO VAN DIESEL,2020 Freightliner Sprinter 2500 Cargo Van Diesel VAN AWD,,Not Rated,Not Rated,Not Rated,Not Rated,Not Rated,Not Rated,Not Rated,Not Rated,Not Rated,Not Rated,Not Rated,Not Rated,0,0, ,Not Rated,Standard,No,No,7,17,0,2020/FREIGHTLINER/SPRINTER 2500 CARGO VAN DIESEL/2020 Freightliner Sprinter 2500 Cargo Van Diesel VAN AWD.png
14863,2020,FREIGHTLINER,SPRINTER 2500 CREW VAN,2020 Freightliner Sprinter 2500 Crew Van VAN RWD,,Not Rated,Not Rated,Not Rated,Not Rated,Not Rated,Not Rated,Not Rated,Not Rated,Not Rated,Not Rated,Not Rated,Not Rated,0,0, ,Not Rated,Standard,No,No,7,17,0,2020/FREIGHTLINER/SPRINTER 2500 CREW VAN/2020 Freightliner Sprinter 2500 Crew Van VAN RWD.png
14875,2020,FREIGHTLINER,SPRINTER 2500 CREW VAN,2020 Freightliner Sprinter 2500 Crew Van VAN AWD,,Not Rated,Not Rated,Not Rated,Not Rated,Not Rated,Not Rated,Not Rated,Not Rated,Not Rated,Not Rated,Not Rated,Not Rated,0,0, ,Not Rated,Standard,No,No,7,17,0,2020/FREIGHTLINER/SPRINTER 2500 CREW VAN/2020 Freightliner Sprinter 2500 Crew Van VAN AWD.png
14864,2020,FREIGHTLINER,SPRINTER 2500 CREW VAN DIESEL,2020 Freightliner Sprinter 2500 Crew Van Diesel VAN RWD,,Not Rated,Not Rated,Not Rated,Not Rated,Not Rated,Not Rated,Not Rated,Not Rated,Not Rated,Not Rated,Not Rated,Not Rated,0,0, ,Not Rated,Standard,No,No,7,17,0,2020/FREIGHTLINER/SPRINTER 2500 CREW VAN DIESEL/2020 Freightliner Sprinter 2500 Crew Van Diesel VAN RWD.png
14876,2020,FREIGHTLINER,SPRINTER 2500 CREW VAN DIESEL,2020 Freightliner Sprinter 2500 Crew Van Diesel VAN AWD,,Not Rated,Not Rated,Not Rated,Not Rated,Not Rated,Not Rated,Not Rated,Not Rated,Not Rated,Not Rated,Not Rated,Not Rated,0,0, ,Not Rated,Standard,No,No,7,17,0,2020/FREIGHTLINER/SPRINTER 2500 CREW VAN DIESEL/2020 Freightliner Sprinter 2500 Crew Van Diesel VAN AWD.png
14401,2020,GENESIS,G70,2020 Genesis G70 4 DR RWD,,Not Rated,Not Rated,Not Rated,Not Rated,Not Rated,Not Rated,Not Rated,Not Rated,Not Rated,Not Rated,Not Rated,Not Rated,0,0, ,Not Rated,Standard,Standard,Standard,11,3,1,2020/GENESIS/G70/2020 Genesis G70 4 DR RWD.png
14417,2020,GENESIS,G70,2020 Genesis G70 4 DR AWD,,Not Rated,Not Rated,Not Rated,Not Rated,Not Rated,Not Rated,Not Rated,Not Rated,Not Rated,Not Rated,Not Rated,Not Rated,0,0, ,Not Rated,Standard,Standard,Standard,11,3,1,2020/GENESIS/G70/2020 Genesis G70 4 DR AWD.png
14109,2020,GENESIS,G80,2020 Genesis G80 4DR AWD,,5,5,5,5,5,4,5,4,5,5,5,Not Rated,0.095,0,No Tip,5,Standard,Standard,Standard,0,0,0,2020/GENESIS/G80/2020 Genesis G80 4DR AWD.png
14110,2020,GENESIS,G80,2020 Genesis G80 4DR RWD,,5,5,5,5,5,4,5,4,5,5,5,Not Rated,0.095,0,No Tip,5,Standard,Standard,Standard,8,2,1,2020/GENESIS/G80/2020 Genesis G80 4DR RWD.png
14111,2020,GENESIS,G80 SPORT,2020 Genesis G80 Sport 4 DR AWD,,5,5,5,5,5,4,5,4,5,5,5,Not Rated,0.095,0,No Tip,5,Standard,Standard,Standard,0,0,0,2020/GENESIS/G80 SPORT/2020 Genesis G80 Sport 4 DR AWD.png
14112,2020,GENESIS,G80 SPORT,2020 Genesis G80 Sport 4 DR RWD,,5,5,5,5,5,4,5,4,5,5,5,Not Rated,0.095,0,No Tip,5,Standard,Standard,Standard,0,0,0,2020/GENESIS/G80 SPORT/2020 Genesis G80 Sport 4 DR RWD.png
14120,2020,GENESIS,G90,2020 Genesis G90 4 DR RWD,,Not Rated,Not Rated,Not Rated,Not Rated,Not Rated,Not Rated,Not Rated,Not Rated,Not Rated,Not Rated,Not Rated,Not Rated,0,0, ,Not Rated,Standard,Standard,Standard,2,1,0,2020/GENESIS/G90/2020 Genesis G90 4 DR RWD.png
14133,2020,GENESIS,G90,2020 Genesis G90 4 DR AWD,,Not Rated,Not Rated,Not Rated,Not Rated,Not Rated,Not Rated,Not Rated,Not Rated,Not Rated,Not Rated,Not Rated,Not Rated,0,0, ,Not Rated,Standard,Standard,Standard,2,1,0,2020/GENESIS/G90/2020 Genesis G90 4 DR AWD.png
14543,2020,GMC,ACADIA,2020 GMC Acadia SUV AWD,,5,5,5,4,5,5,5,5,5,5,4,Not Rated,0.151,0,No Tip,5,Standard,Optional,Optional,73,6,1,2020/GMC/ACADIA/2020 GMC Acadia SUV AWD.png
14544,2020,GMC,ACADIA,2020 GMC Acadia SUV FWD,,5,5,5,4,5,5,5,5,5,5,4,Not Rated,0.164,0,No Tip,5,Standard,Optional,Optional,73,6,1,2020/GMC/ACADIA/2020 GMC Acadia SUV FWD.png
14348,2020,GMC,CANYON,2020 GMC Canyon PU/EC 2WD,,4,4,5,4,5,5,5,5,5,5,3,Not Rated,0.214,0,No Tip,5,Standard,Optional,Optional,13,0,0,2020/GMC/CANYON/2020 GMC Canyon PU_EC 2WD.png
14350,2020,GMC,CANYON,2020 GMC Canyon PU/CC 2WD,,4,4,4,4,5,5,5,5,5,5,3,Not Rated,0.219,0,No Tip,5,Standard,Optional,Optional,13,0,0,2020/GMC/CANYON/2020 GMC Canyon PU_CC 2WD.png
14372,2020,GMC,CANYON,2020 GMC Canyon PU/EC 4WD,,4,4,5,4,5,5,5,5,5,5,3,Not Rated,0.22,0,No Tip,5,Standard,Optional,Optional,13,0,0,2020/GMC/CANYON/2020 GMC Canyon PU_EC 4WD.png
14374,2020,GMC,CANYON,2020 GMC Canyon PU/CC 4WD,,4,4,4,4,5,5,5,5,5,5,3,Not Rated,0.212,0,No Tip,5,Standard,Optional,Optional,13,0,0,2020/GMC/CANYON/2020 GMC Canyon PU_CC 4WD.png
14338,2020,GMC,SAVANA CARGO 2500,2020 GMC Savana Cargo 2500 VAN RWD,,Not Rated,Not Rated,Not Rated,Not Rated,Not Rated,Not Rated,Not Rated,Not Rated,Not Rated,Not Rated,Not Rated,Not Rated,0,0, ,Not Rated,Standard,Optional,Optional,0,2,0,2020/GMC/SAVANA CARGO 2500/2020 GMC Savana Cargo 2500 VAN RWD.png
14342,2020,GMC,SAVANA CARGO 3500,2020 GMC Savana Cargo 3500 VAN RWD,,Not Rated,Not Rated,Not Rated,Not Rated,Not Rated,Not Rated,Not Rated,Not Rated,Not Rated,Not Rated,Not Rated,Not Rated,0,0, ,Not Rated,Standard,Optional,Optional,0,2,0,2020/GMC/SAVANA CARGO 3500/2020 GMC Savana Cargo 3500 VAN RWD.png
14340,2020,GMC,SAVANA PASSENGER 2500,2020 GMC Savana Passenger 2500 VAN RWD,,Not Rated,Not Rated,Not Rated,Not Rated,Not Rated,Not Rated,Not Rated,Not Rated,Not Rated,Not Rated,3,Not Rated,0.292,0,No Tip,Not Rated,Standard,Optional,Optional,0,2,0,2020/GMC/SAVANA PASSENGER 2500/2020 GMC Savana Passenger 2500 VAN RWD.png
14344,2020,GMC,SAVANA PASSENGER 3500 12 PASS,2020 GMC Savana Passenger 3500 12 Pass VAN RWD,,Not Rated,Not Rated,Not Rated,Not Rated,Not Rated,Not Rated,Not Rated,Not Rated,Not Rated,Not Rated,3,Not Rated,0.292,0,No Tip,Not Rated,Standard,Optional,Optional,0,2,0,2020/GMC/SAVANA PASSENGER 3500 12 PASS/2020 GMC Savana Passenger 3500 12 Pass VAN RWD.png
14346,2020,GMC,SAVANA PASSENGER 3500 15 PASS,2020 GMC Savana Passenger 3500 15 Pass VAN RWD,,Not Rated,Not Rated,Not Rated,Not Rated,Not Rated,Not Rated,Not Rated,Not Rated,Not Rated,Not Rated,3,Not Rated,0.279,0,No Tip,Not Rated,Standard,Optional,Optional,0,2,0,2020/GMC/SAVANA PASSENGER 3500 15 PASS/2020 GMC Savana Passenger 3500 15 Pass VAN RWD.png
14358,2020,GMC,SIERRA 1500,2020 GMC Sierra 1500 PU/RC 2WD,,5,4,5,4,5,5,Not Rated,5,Not Rated,5,4,Not Rated,0.191,0, ,5,Standard,No,No,369,11,3,2020/GMC/SIERRA 1500/2020 GMC Sierra 1500 PU_RC 2WD.png
14360,2020,GMC,SIERRA 1500,2020 GMC Sierra 1500 PU/EC 2WD,,5,4,5,4,5,5,5,5,5,5,4,Not Rated,0.191,0,No Tip,5,Standard,Optional,Optional,369,11,3,2020/GMC/SIERRA 1500/2020 GMC Sierra 1500 PU_EC 2WD.png
14362,2020,GMC,SIERRA 1500,2020 GMC Sierra 1500 PU/CC 2WD,,4,4,4,4,5,5,5,5,5,5,4,Not Rated,0.191,0,No Tip,5,Standard,Optional,Optional,369,11,3,2020/GMC/SIERRA 1500/2020 GMC Sierra 1500 PU_CC 2WD.png
14382,2020,GMC,SIERRA 1500,2020 GMC Sierra 1500 PU/RC 4WD,,5,4,5,4,5,5,Not Rated,5,Not Rated,5,4,Not Rated,0.198,0, ,5,Standard,No,No,369,11,3,2020/GMC/SIERRA 1500/2020 GMC Sierra 1500 PU_RC 4WD.png
14384,2020,GMC,SIERRA 1500,2020 GMC Sierra 1500 PU/EC 4WD,,5,4,5,4,5,5,5,5,5,5,4,Not Rated,0.198,0,No Tip,5,Standard,Optional,Optional,369,11,3,2020/GMC/SIERRA 1500/2020 GMC Sierra 1500 PU_EC 4WD.png
14386,2020,GMC,SIERRA 1500,2020 GMC Sierra 1500 PU/CC 4WD,,4,4,4,4,5,5,5,5,5,5,4,Not Rated,0.198,0,No Tip,5,Standard,Optional,Optional,369,11,3,2020/GMC/SIERRA 1500/2020 GMC Sierra 1500 PU_CC 4WD.png
14352,2020,GMC,SIERRA 2500,2020 GMC Sierra 2500 PU/RC 2WD,,Not Rated,Not Rated,Not Rated,Not Rated,Not Rated,Not Rated,Not Rated,Not Rated,Not Rated,Not Rated,Not Rated,Not Rated,0,0, ,Not Rated,Standard,No,No,70,8,1,2020/GMC/SIERRA 2500/2020 GMC Sierra 2500 PU_RC 2WD.png
14354,2020,GMC,SIERRA 2500,2020 GMC Sierra 2500 PU/EC 2WD,,Not Rated,Not Rated,Not Rated,Not Rated,Not Rated,Not Rated,Not Rated,Not Rated,Not Rated,Not Rated,Not Rated,Not Rated,0,0, ,Not Rated,Standard,No,No,70,8,1,2020/GMC/SIERRA 2500/2020 GMC Sierra 2500 PU_EC 2WD.png
14356,2020,GMC,SIERRA 2500,2020 GMC Sierra 2500 PU/CC 2WD,,Not Rated,Not Rated,Not Rated,Not Rated,Not Rated,Not Rated,Not Rated,Not Rated,Not Rated,Not Rated,Not Rated,Not Rated,0,0, ,Not Rated,Standard,No,No,70,8,1,2020/GMC/SIERRA 2500/2020 GMC Sierra 2500 PU_CC 2WD.png
14376,2020,GMC,SIERRA 2500,2020 GMC Sierra 2500 PU/RC 4WD,,Not Rated,Not Rated,Not Rated,Not Rated,Not Rated,Not Rated,Not Rated,Not Rated,Not Rated,Not Rated,Not Rated,Not Rated,0,0, ,Not Rated,Standard,No,No,70,8,1,2020/GMC/SIERRA 2500/2020 GMC Sierra 2500 PU_RC 4WD.png
14378,2020,GMC,SIERRA 2500,2020 GMC Sierra 2500 PU/EC 4WD,,Not Rated,Not Rated,Not Rated,Not Rated,Not Rated,Not Rated,Not Rated,Not Rated,Not Rated,Not Rated,Not Rated,Not Rated,0,0, ,Not Rated,Standard,No,No,70,8,1,2020/GMC/SIERRA 2500/2020 GMC Sierra 2500 PU_EC 4WD.png
14380,2020,GMC,SIERRA 2500,2020 GMC Sierra 2500 PU/CC 4WD,,Not Rated,Not Rated,Not Rated,Not Rated,Not Rated,Not Rated,Not Rated,Not Rated,Not Rated,Not Rated,Not Rated,Not Rated,0,0, ,Not Rated,Standard,No,No,70,8,1,2020/GMC/SIERRA 2500/2020 GMC Sierra 2500 PU_CC 4WD.png
14167,2020,GMC,TERRAIN,2020 GMC Terrain SUV FWD,,5,5,5,5,5,5,5,5,5,5,4,Not Rated,0.185,0,No Tip,5,Standard,Standard,Standard,160,2,0,2020/GMC/TERRAIN/2020 GMC Terrain SUV FWD.png
14178,2020,GMC,TERRAIN,2020 GMC Terrain SUV AWD,,5,5,5,5,5,5,5,5,5,5,4,Not Rated,0.164,0,No Tip,5,Standard,Standard,Standard,160,2,0,2020/GMC/TERRAIN/2020 GMC Terrain SUV AWD.png
14172,2020,GMC,YUKON,2020 GMC Yukon SUV RWD,,4,4,4,4,5,5,5,5,5,5,3,Not Rated,0.228,0,No Tip,5,Standard,Optional,Optional,24,3,0,2020/GMC/YUKON/2020 GMC Yukon SUV RWD.png
14183,2020,GMC,YUKON,2020 GMC Yukon SUV 4WD,,4,4,4,4,5,5,5,5,5,5,3,Not Rated,0.219,0,No Tip,5,Standard,Optional,Optional,24,3,0,2020/GMC/YUKON/2020 GMC Yukon SUV 4WD.png
14175,2020,GMC,YUKON XL,2020 GMC Yukon XL SUV RWD,,4,4,4,4,5,5,5,5,5,5,3,Not Rated,0.212,0,No Tip,4,Standard,Optional,Optional,33,2,0,2020/GMC/YUKON XL/2020 GMC Yukon XL SUV RWD.png
14186,2020,GMC,YUKON XL,2020 GMC Yukon XL SUV 4WD,,4,4,4,4,5,5,5,5,5,5,3,Not Rated,0.204,0,No Tip,4,Standard,Optional,Optional,33,2,0,2020/GMC/YUKON XL/2020 GMC Yukon XL SUV 4WD.png
14818,2020,HONDA,ACCORD,2020 Honda ACCORD 4 DR FWD,,5,5,5,5,5,5,5,5,5,5,5,Not Rated,0.093,0,No Tip,5,Standard,Standard,Standard,304,4,1,2020/HONDA/ACCORD/2020 Honda ACCORD 4 DR FWD.png
14817,2020,HONDA,ACCORD HYBRID,2020 Honda ACCORD HYBRID 4 DR FWD,,5,5,5,5,5,5,5,5,5,5,5,Not Rated,0.093,0,No Tip,5,Standard,Standard,Standard,38,4,2,2020/HONDA/ACCORD HYBRID/2020 Honda ACCORD HYBRID 4 DR FWD.png
14483,2020,HONDA,CIVIC,2020 Honda CIVIC 4 DR FWD,,5,5,5,5,5,5,5,5,5,5,5,Not Rated,0.095,0,No Tip,5,Standard,Standard,Standard,202,4,0,2020/HONDA/CIVIC/2020 Honda CIVIC 4 DR FWD.png
14819,2020,HONDA,CIVIC,2020 Honda CIVIC 2 DR FWD,,5,4,5,4,5,5,4,5,4,5,5,Not Rated,0.093,0,No Tip,5,Standard,Standard,Standard,202,4,0,2020/HONDA/CIVIC/2020 Honda CIVIC 2 DR FWD.png
14482,2020,HONDA,CIVIC HATCH,2020 Honda CIVIC HATCH 5 HB FWD,,5,5,5,5,5,5,5,5,5,5,5,Not Rated,0.095,0,No Tip,5,Standard,Standard,Standard,202,4,0,2020/HONDA/CIVIC HATCH/2020 Honda CIVIC HATCH 5 HB FWD.png
15098,2020,HONDA,CIVIC HATCH TYPE-R,2020 Honda CIVIC HATCH Type-R 5 HB FWD,,Not Rated,Not Rated,Not Rated,Not Rated,5,5,5,5,5,5,5,Not Rated,0.095,0,No Tip,5,Standard,Standard,Standard,203,4,0,2020/HONDA/CIVIC HATCH TYPE-R/2020 Honda CIVIC HATCH Type-R 5 HB FWD.png
14481,2020,HONDA,CIVIC SI,2020 Honda CIVIC Si 2 DR FWD,,5,4,5,4,5,5,4,5,4,5,5,Not Rated,0.093,0,No Tip,5,Standard,Standard,No,205,4,0,2020/HONDA/CIVIC SI/2020 Honda CIVIC Si 2 DR FWD.png
14484,2020,HONDA,CIVIC SI,2020 Honda CIVIC Si 4 DR FWD,,5,5,5,5,5,5,5,5,5,5,5,Not Rated,0.095,0,No Tip,5,Standard,Standard,No,205,4,0,2020/HONDA/CIVIC SI/2020 Honda CIVIC Si 4 DR FWD.png
14958,2020,HONDA,CLARITY FUEL CELL,2020 Honda CLARITY FUEL CELL 4 DR FWD,,Not Rated,Not Rated,Not Rated,Not Rated,Not Rated,Not Rated,Not Rated,Not Rated,Not Rated,Not Rated,Not Rated,Not Rated,0,0, ,Not Rated,Standard,Standard,Standard,0,0,0,2020/HONDA/CLARITY FUEL CELL/2020 Honda CLARITY FUEL CELL 4 DR FWD.png
15026,2020,HONDA,CLARITY PLUG-IN HYBRID,2020 Honda CLARITY PLUG-IN HYBRID 4 DR FWD,,Not Rated,Not Rated,Not Rated,Not Rated,Not Rated,Not Rated,Not Rated,Not Rated,Not Rated,Not Rated,Not Rated,Not Rated,0,0, ,Not Rated,Standard,Standard,Standard,4,0,1,2020/HONDA/CLARITY PLUG-IN HYBRID/2020 Honda CLARITY PLUG-IN HYBRID 4 DR FWD.png
14820,2020,HONDA,CR-V,2020 Honda CR-V SUV FWD,,5,5,5,4,5,5,5,5,5,5,4,Not Rated,0.164,0,No Tip,5,Standard,Standard,Standard,287,6,2,2020/HONDA/CR-V/2020 Honda CR-V SUV FWD.png
14823,2020,HONDA,CR-V,2020 Honda CR-V SUV AWD,,5,5,5,4,5,5,5,5,5,5,4,Not Rated,0.164,0,No Tip,5,Standard,Standard,Standard,287,6,2,2020/HONDA/CR-V/2020 Honda CR-V SUV AWD.png
15099,2020,HONDA,CR-V HYBRID,2020 Honda CR-V HYBRID SUV AWD,,5,5,5,4,5,5,5,5,5,5,4,Not Rated,0.164,0,No Tip,5,Standard,Standard,No,71,4,3,2020/HONDA/CR-V HYBRID/2020 Honda CR-V HYBRID SUV AWD.png
15027,2020,HONDA,FIT,2020 Honda FIT 5 HB FWD,,5,5,5,5,5,5,5,5,5,5,4,Not Rated,0.147,0,No Tip,5,Standard,Optional,Optional,30,3,0,2020/HONDA/FIT/2020 Honda FIT 5 HB FWD.png
14821,2020,HONDA,HR-V,2020 Honda HR-V SUV FWD,,5,4,4,4,5,5,5,5,5,5,4,Not Rated,0.153,0,No Tip,5,Standard,Optional,Optional,71,4,1,2020/HONDA/HR-V/2020 Honda HR-V SUV FWD.png
14824,2020,HONDA,HR-V,2020 Honda HR-V SUV AWD,,5,4,4,4,5,5,5,5,5,5,4,Not Rated,0.135,0,No Tip,5,Standard,Optional,Optional,71,4,1,2020/HONDA/HR-V/2020 Honda HR-V SUV AWD.png
14485,2020,HONDA,INSIGHT,2020 Honda INSIGHT 4 DR FWD,,5,5,5,5,5,5,5,5,5,5,5,Not Rated,0.093,0,No Tip,5,Standard,Standard,Standard,28,5,3,2020/HONDA/INSIGHT/2020 Honda INSIGHT 4 DR FWD.png
14486,2020,HONDA,ODYSSEY,2020 Honda ODYSSEY VAN FWD,,5,5,5,5,5,5,5,5,5,5,4,Not Rated,0.136,0,No Tip,5,Standard,Optional,Optional,340,11,4,2020/HONDA/ODYSSEY/2020 Honda ODYSSEY VAN FWD.png
14959,2020,HONDA,PASSPORT,2020 Honda PASSPORT SUV FWD,,5,4,5,4,5,5,5,5,5,5,4,Not Rated,0.169,0,No Tip,5,Standard,Standard,Standard,84,8,3,2020/HONDA/PASSPORT/2020 Honda PASSPORT SUV FWD.png
14961,2020,HONDA,PASSPORT,2020 Honda PASSPORT SUV AWD,,5,4,5,4,5,5,5,5,5,5,4,Not Rated,0.174,0,No Tip,5,Standard,Standard,Standard,84,8,3,2020/HONDA/PASSPORT/2020 Honda PASSPORT SUV AWD.png
14487,2020,HONDA,PILOT,2020 Honda PILOT SUV FWD,,5,4,5,4,5,5,5,5,5,5,4,Not Rated,0.175,0,No Tip,5,Standard,Standard,Standard,428,9,4,2020/HONDA/PILOT/2020 Honda PILOT SUV FWD.png
14490,2020,HONDA,PILOT,2020 Honda PILOT SUV AWD,,5,4,5,4,5,5,5,5,5,5,4,Not Rated,0.164,0,No Tip,5,Standard,Standard,Standard,428,9,4,2020/HONDA/PILOT/2020 Honda PILOT SUV AWD.png
15028,2020,HONDA,RIDGELINE,2020 Honda RIDGELINE PU/CC FWD,,5,5,5,5,5,5,5,5,5,5,4,Not Rated,0.164,0,No Tip,5,Standard,Optional,Optional,158,7,2,2020/HONDA/RIDGELINE/2020 Honda RIDGELINE PU_CC FWD.png
15029,2020,HONDA,RIDGELINE,2020 Honda RIDGELINE PU/CC AWD,,5,5,5,5,5,5,5,5,5,5,4,Not Rated,0.169,0,No Tip,5,Standard,Optional,Optional,158,7,2,2020/HONDA/RIDGELINE/2020 Honda RIDGELINE PU_CC AWD.png
14119,2020,HYUNDAI,ACCENT,2020 Hyundai Accent 4 DR FWD,,4,4,5,4,5,4,5,4,5,5,4,Not Rated,0.113,0,No Tip,5,Standard,Optional,No,12,4,1,2020/HYUNDAI/ACCENT/2020 Hyundai Accent 4 DR FWD.png
14108,2020,HYUNDAI,ELANTRA,2020 Hyundai Elantra 4 DR FWD,,4,4,4,4,4,5,4,5,4,4,4,Not Rated,0.107,0,No Tip,5,Standard,Standard,Standard,212,3,0,2020/HYUNDAI/ELANTRA/2020 Hyundai Elantra 4 DR FWD.png
14402,2020,HYUNDAI,ELANTRA GT,2020 Hyundai Elantra GT 5 HB FWD,,4,4,4,4,4,5,4,5,4,4,4,Not Rated,0.107,0,No Tip,5,Standard,Optional,Optional,192,3,0,2020/HYUNDAI/ELANTRA GT/2020 Hyundai Elantra GT 5 HB FWD.png
14407,2020,HYUNDAI,IONIQ ELECTRIC,2020 Hyundai Ioniq Electric 4 DR FWD,,Not Rated,Not Rated,Not Rated,Not Rated,Not Rated,Not Rated,Not Rated,Not Rated,Not Rated,Not Rated,Not Rated,Not Rated,0,0, ,Not Rated,Standard,Standard,Standard,7,1,1,2020/HYUNDAI/IONIQ ELECTRIC/2020 Hyundai Ioniq Electric 4 DR FWD.png
14405,2020,HYUNDAI,IONIQ HYBRID,2020 Hyundai Ioniq Hybrid 4 DR FWD,,Not Rated,Not Rated,Not Rated,Not Rated,Not Rated,Not Rated,Not Rated,Not Rated,Not Rated,Not Rated,Not Rated,Not Rated,0,0, ,Not Rated,Standard,Standard,Standard,15,0,1,2020/HYUNDAI/IONIQ HYBRID/2020 Hyundai Ioniq Hybrid 4 DR FWD.png
14406,2020,HYUNDAI,IONIQ PLUG-IN HYBRID,2020 Hyundai Ioniq Plug-In Hybrid 4 DR FWD,,Not Rated,Not Rated,Not Rated,Not Rated,Not Rated,Not Rated,Not Rated,Not Rated,Not Rated,Not Rated,Not Rated,Not Rated,0,0, ,Not Rated,Standard,Standard,Standard,4,0,1,2020/HYUNDAI/IONIQ PLUG-IN HYBRID/2020 Hyundai Ioniq Plug-In Hybrid 4 DR FWD.png
14411,2020,HYUNDAI,KONA,2020 Hyundai Kona SUV FWD,,5,5,5,5,5,5,5,5,5,5,4,Not Rated,0.141,0,No Tip,5,Standard,Standard,Standard,137,2,2,2020/HYUNDAI/KONA/2020 Hyundai Kona SUV FWD.png
14418,2020,HYUNDAI,KONA,2020 Hyundai Kona SUV AWD,,5,5,5,5,5,5,5,5,5,5,4,Not Rated,0.136,0,No Tip,5,Standard,Standard,Standard,137,2,2,2020/HYUNDAI/KONA/2020 Hyundai Kona SUV AWD.png
14412,2020,HYUNDAI,KONA ELECTRIC,2020 Hyundai Kona Electric SUV FWD,,Not Rated,Not Rated,Not Rated,Not Rated,Not Rated,Not Rated,Not Rated,Not Rated,Not Rated,Not Rated,Not Rated,Not Rated,0,0, ,Not Rated,Standard,Standard,Standard,163,5,2,2020/HYUNDAI/KONA ELECTRIC/2020 Hyundai Kona Electric SUV FWD.png
14416,2020,HYUNDAI,NEXO,2020 Hyundai Nexo SUV FWD,,Not Rated,Not Rated,Not Rated,Not Rated,Not Rated,Not Rated,Not Rated,Not Rated,Not Rated,Not Rated,Not Rated,Not Rated,0,0, ,Not Rated,Standard,Standard,Standard,7,4,0,2020/HYUNDAI/NEXO/2020 Hyundai Nexo SUV FWD.png
14415,2020,HYUNDAI,PALISADE,2020 Hyundai Palisade SUV FWD,,5,5,5,5,5,5,5,5,5,5,4,Not Rated,0.159,0,No Tip,5,Standard,Standard,Standard,451,5,1,2020/HYUNDAI/PALISADE/2020 Hyundai Palisade SUV FWD.png
14545,2020,HYUNDAI,PALISADE,2020 Hyundai Palisade SUV AWD,,5,5,5,5,5,5,5,5,5,5,4,Not Rated,0.143,0,No Tip,5,Standard,Standard,Standard,68,2,1,2020/HYUNDAI/PALISADE/2020 Hyundai Palisade SUV AWD.png
14414,2020,HYUNDAI,SANTA FE,2020 Hyundai Santa Fe SUV FWD,,5,4,4,5,5,5,5,5,5,5,4,Not Rated,0.155,0,No Tip,5,Standard,Standard,Standard,164,2,1,2020/HYUNDAI/SANTA FE/2020 Hyundai Santa Fe SUV FWD.png
14420,2020,HYUNDAI,SANTA FE,2020 Hyundai Santa Fe SUV AWD,,5,4,4,5,5,5,5,5,5,5,4,Not Rated,0.146,0,No Tip,5,Standard,Standard,Standard,164,2,1,2020/HYUNDAI/SANTA FE/2020 Hyundai Santa Fe SUV AWD.png
14408,2020,HYUNDAI,SONATA,2020 Hyundai Sonata 4 DR FWD,,5,4,4,5,5,5,5,5,5,5,5,Not Rated,0.097,0,No Tip,5,Standard,Standard,Standard,144,4,1,2020/HYUNDAI/SONATA/2020 Hyundai Sonata 4 DR FWD.png
14409,2020,HYUNDAI,SONATA HEV,2020 Hyundai Sonata HEV 4 DR FWD,,5,4,4,5,5,5,5,5,5,5,5,Not Rated,0.097,0,No Tip,5,Standard,Standard,Standard,16,1,1,2020/HYUNDAI/SONATA HEV/2020 Hyundai Sonata HEV 4 DR FWD.png
14413,2020,HYUNDAI,TUCSON,2020 Hyundai Tucson SUV FWD,,5,5,5,5,5,5,5,5,5,5,4,Not Rated,0.162,0,No Tip,4,Standard,Standard,Standard,154,1,1,2020/HYUNDAI/TUCSON/2020 Hyundai Tucson SUV FWD.png
14419,2020,HYUNDAI,TUCSON,2020 Hyundai Tucson SUV AWD,,5,5,5,5,5,5,5,5,5,5,4,Not Rated,0.155,0,No Tip,4,Standard,Standard,Standard,154,1,1,2020/HYUNDAI/TUCSON/2020 Hyundai Tucson SUV AWD.png
14403,2020,HYUNDAI,VELOSTER,2020 Hyundai Veloster 3 HB FWD,,Not Rated,Not Rated,Not Rated,Not Rated,Not Rated,Not Rated,Not Rated,Not Rated,Not Rated,Not Rated,Not Rated,Not Rated,0,0, ,Not Rated,Standard,Standard,Standard,23,1,0,2020/HYUNDAI/VELOSTER/2020 Hyundai Veloster 3 HB FWD.png
14404,2020,HYUNDAI,VELOSTER N,2020 Hyundai Veloster N 3 HB FWD,,Not Rated,Not Rated,Not Rated,Not Rated,Not Rated,Not Rated,Not Rated,Not Rated,Not Rated,Not Rated,Not Rated,Not Rated,0,0, ,Not Rated,Standard,No,No,2,1,0,2020/HYUNDAI/VELOSTER N/2020 Hyundai Veloster N 3 HB FWD.png
14410,2020,HYUNDAI,VENUE,2020 Hyundai Venue 5 HB FWD,,4,4,4,4,5,5,5,5,5,5,4,Not Rated,0.143,0,No Tip,5,Standard,Standard,Standard,40,1,0,2020/HYUNDAI/VENUE/2020 Hyundai Venue 5 HB FWD.png
14516,2020,INFINITI,Q50,2020 Infiniti Q50 4 DR RWD,,Not Rated,Not Rated,Not Rated,Not Rated,Not Rated,Not Rated,Not Rated,Not Rated,Not Rated,Not Rated,5,Not Rated,0.097,0,No Tip,Not Rated,Standard,Standard,Optional,2,0,0,2020/INFINITI/Q50/2020 Infiniti Q50 4 DR RWD.png
14531,2020,INFINITI,Q50,2020 Infiniti Q50 4 DR AWD,,Not Rated,Not Rated,Not Rated,Not Rated,Not Rated,Not Rated,Not Rated,Not Rated,Not Rated,Not Rated,5,Not Rated,0.097,0,No Tip,Not Rated,Standard,Standard,Optional,2,0,0,2020/INFINITI/Q50/2020 Infiniti Q50 4 DR AWD.png
14517,2020,INFINITI,Q60,2020 Infiniti Q60 2 DR RWD,,Not Rated,Not Rated,Not Rated,Not Rated,Not Rated,Not Rated,Not Rated,Not Rated,Not Rated,Not Rated,Not Rated,Not Rated,0,0, ,Not Rated,Standard,Optional,Optional,1,1,0,2020/INFINITI/Q60/2020 Infiniti Q60 2 DR RWD.png
14532,2020,INFINITI,Q60,2020 Infiniti Q60 2 DR AWD,,Not Rated,Not Rated,Not Rated,Not Rated,Not Rated,Not Rated,Not Rated,Not Rated,Not Rated,Not Rated,Not Rated,Not Rated,0,0, ,Not Rated,Standard,Optional,Optional,1,1,0,2020/INFINITI/Q60/2020 Infiniti Q60 2 DR AWD.png
14511,2020,INFINITI,QX50,2020 Infiniti QX50 SUV FWD,,5,5,5,4,5,5,5,5,5,5,4,Not Rated,0.155,0,No Tip,5,Standard,Standard,Standard,29,2,1,2020/INFINITI/QX50/2020 Infiniti QX50 SUV FWD.png
14528,2020,INFINITI,QX50,2020 Infiniti QX50 SUV AWD,,5,5,5,4,5,5,5,5,5,5,4,Not Rated,0.147,0,No Tip,5,Standard,Standard,Standard,29,2,1,2020/INFINITI/QX50/2020 Infiniti QX50 SUV AWD.png
14502,2020,INFINITI,QX60,2020 Infiniti QX60 SUV FWD,,5,4,4,5,5,5,5,5,5,5,4,Not Rated,0.174,0,No Tip,5,Standard,Standard,Optional,21,1,0,2020/INFINITI/QX60/2020 Infiniti QX60 SUV FWD.png
14525,2020,INFINITI,QX60,2020 Infiniti QX60 SUV AWD,,5,4,4,5,5,5,5,5,5,5,4,Not Rated,0.179,0,No Tip,5,Standard,Standard,Optional,21,1,0,2020/INFINITI/QX60/2020 Infiniti QX60 SUV AWD.png
14518,2020,INFINITI,QX80,2020 Infiniti QX80 SUV RWD,,4,3,2,3,5,5,5,5,5,5,3,Not Rated,0.237,0,No Tip,5,Standard,Standard,Standard,5,1,0,2020/INFINITI/QX80/2020 Infiniti QX80 SUV RWD.png
14533,2020,INFINITI,QX80,2020 Infiniti QX80 SUV AWD,,4,3,2,3,5,5,5,5,5,5,3,Not Rated,0.219,0,No Tip,5,Standard,Standard,Standard,5,1,0,2020/INFINITI/QX80/2020 Infiniti QX80 SUV AWD.png
14210,2020,JAGUAR,E-PACE,2020 Jaguar E-PACE SUV AWD,,Not Rated,Not Rated,Not Rated,Not Rated,Not Rated,Not Rated,Not Rated,Not Rated,Not Rated,Not Rated,Not Rated,Not Rated,0,0, ,Not Rated,Standard,No,No,3,0,0,2020/JAGUAR/E-PACE/2020 Jaguar E-PACE SUV AWD.png
14211,2020,JAGUAR,F- PACE,2020 Jaguar F- PACE SUV AWD,,Not Rated,Not Rated,Not Rated,Not Rated,Not Rated,Not Rated,Not Rated,Not Rated,Not Rated,Not Rated,Not Rated,Not Rated,0,0, ,Not Rated,Standard,No,No,12,2,0,2020/JAGUAR/F- PACE/2020 Jaguar F- PACE SUV AWD.png
14216,2020,JAGUAR,F-TYPE,2020 Jaguar F-TYPE 2 DR AWD,,Not Rated,Not Rated,Not Rated,Not Rated,Not Rated,Not Rated,Not Rated,Not Rated,Not Rated,Not Rated,Not Rated,Not Rated,0,0, ,Not Rated,Standard,No,No,3,2,0,2020/JAGUAR/F-TYPE/2020 Jaguar F-TYPE 2 DR AWD.png
14229,2020,JAGUAR,F-TYPE,2020 Jaguar F-TYPE 2 DR RWD,,Not Rated,Not Rated,Not Rated,Not Rated,Not Rated,Not Rated,Not Rated,Not Rated,Not Rated,Not Rated,Not Rated,Not Rated,0,0, ,Not Rated,Standard,No,No,3,2,0,2020/JAGUAR/F-TYPE/2020 Jaguar F-TYPE 2 DR RWD.png
14215,2020,JAGUAR,F-TYPE CONVERTIBLE,2020 Jaguar F-TYPE Convertible 2 DR AWD,,Not Rated,Not Rated,Not Rated,Not Rated,Not Rated,Not Rated,Not Rated,Not Rated,Not Rated,Not Rated,Not Rated,Not Rated,0,0, ,Not Rated,Standard,No,No,3,2,0,2020/JAGUAR/F-TYPE CONVERTIBLE/2020 Jaguar F-TYPE Convertible 2 DR AWD.png
14228,2020,JAGUAR,F-TYPE CONVERTIBLE,2020 Jaguar F-TYPE Convertible 2 DR RWD,,Not Rated,Not Rated,Not Rated,Not Rated,Not Rated,Not Rated,Not Rated,Not Rated,Not Rated,Not Rated,Not Rated,Not Rated,0,0, ,Not Rated,Standard,No,No,3,2,0,2020/JAGUAR/F-TYPE CONVERTIBLE/2020 Jaguar F-TYPE Convertible 2 DR RWD.png
14209,2020,JAGUAR,I-PACE,2020 Jaguar I-PACE SUV AWD,,Not Rated,Not Rated,Not Rated,Not Rated,Not Rated,Not Rated,Not Rated,Not Rated,Not Rated,Not Rated,Not Rated,Not Rated,0,0, ,Not Rated,Standard,No,No,21,8,1,2020/JAGUAR/I-PACE/2020 Jaguar I-PACE SUV AWD.png
14212,2020,JAGUAR,XE,2020 Jaguar XE 4 DR AWD,,Not Rated,Not Rated,Not Rated,Not Rated,Not Rated,Not Rated,Not Rated,Not Rated,Not Rated,Not Rated,Not Rated,Not Rated,0,0, ,Not Rated,Standard,No,No,1,2,0,2020/JAGUAR/XE/2020 Jaguar XE 4 DR AWD.png
14226,2020,JAGUAR,XE,2020 Jaguar XE 4 DR RWD,,Not Rated,Not Rated,Not Rated,Not Rated,Not Rated,Not Rated,Not Rated,Not Rated,Not Rated,Not Rated,Not Rated,Not Rated,0,0, ,Not Rated,Standard,No,No,1,2,0,2020/JAGUAR/XE/2020 Jaguar XE 4 DR RWD.png
14213,2020,JAGUAR,XF,2020 Jaguar XF 4 DR AWD,,Not Rated,Not Rated,Not Rated,Not Rated,Not Rated,Not Rated,Not Rated,Not Rated,Not Rated,Not Rated,Not Rated,Not Rated,0,0, ,Not Rated,Standard,No,No,0,0,0,2020/JAGUAR/XF/2020 Jaguar XF 4 DR AWD.png
14227,2020,JAGUAR,XF,2020 Jaguar XF 4 DR RWD,,Not Rated,Not Rated,Not Rated,Not Rated,Not Rated,Not Rated,Not Rated,Not Rated,Not Rated,Not Rated,Not Rated,Not Rated,0,0, ,Not Rated,Standard,No,No,0,0,0,2020/JAGUAR/XF/2020 Jaguar XF 4 DR RWD.png
14214,2020,JAGUAR,XF SPORTBRAKE,2020 Jaguar XF Sportbrake 5HB AWD,,Not Rated,Not Rated,Not Rated,Not Rated,Not Rated,Not Rated,Not Rated,Not Rated,Not Rated,Not Rated,Not Rated,Not Rated,0,0, ,Not Rated,Standard,No,No,0,0,0,2020/JAGUAR/XF SPORTBRAKE/2020 Jaguar XF Sportbrake 5HB AWD.png
14242,2020,JEEP,CHEROKEE,2020 Jeep Cherokee SUV FWD,,4,4,4,5,5,5,5,5,5,5,4,Not Rated,0.174,0,No Tip,5,Standard,Optional,Optional,221,2,0,2020/JEEP/CHEROKEE/2020 Jeep Cherokee SUV FWD.png
14273,2020,JEEP,CHEROKEE,2020 Jeep Cherokee SUV 4WD,,4,4,4,5,5,5,5,5,5,5,4,Not Rated,0.169,0,No Tip,5,Standard,Optional,Optional,221,2,0,2020/JEEP/CHEROKEE/2020 Jeep Cherokee SUV 4WD.png
14243,2020,JEEP,COMPASS,2020 Jeep Compass SUV FWD,,4,4,4,4,5,5,5,5,5,5,3,Not Rated,0.202,0,No Tip,5,Standard,Optional,No,128,1,1,2020/JEEP/COMPASS/2020 Jeep Compass SUV FWD.png
14274,2020,JEEP,COMPASS,2020 Jeep Compass SUV AWD,,4,4,4,4,5,5,5,5,5,5,3,Not Rated,0.206,0,No Tip,5,Standard,Optional,No,128,1,1,2020/JEEP/COMPASS/2020 Jeep Compass SUV AWD.png
14244,2020,JEEP,GLADIATOR,2020 Jeep Gladiator PU/CC 4WD,,Not Rated,4,4,5,Not Rated,Not Rated,Not Rated,Not Rated,Not Rated,Not Rated,3,Not Rated,0.267,0,No Tip,Not Rated,Standard,Optional,No,455,7,1,2020/JEEP/GLADIATOR/2020 Jeep Gladiator PU_CC 4WD.png
14245,2020,JEEP,GRAND CHEROKEE,2020 Jeep Grand Cherokee SUV 2WD,,4,4,4,5,5,5,5,5,5,5,3,Not Rated,0.204,0,No Tip,5,Standard,Optional,Optional,207,3,1,2020/JEEP/GRAND CHEROKEE/2020 Jeep Grand Cherokee SUV 2WD.png
14275,2020,JEEP,GRAND CHEROKEE,2020 Jeep Grand Cherokee SUV 4WD,,5,4,4,5,5,5,5,5,5,5,4,Not Rated,0.169,0,No Tip,5,Standard,Optional,Optional,207,3,1,2020/JEEP/GRAND CHEROKEE/2020 Jeep Grand Cherokee SUV 4WD.png
14246,2020,JEEP,GRAND CHEROKEE SRT,2020 Jeep Grand Cherokee SRT SUV 4WD,,Not Rated,Not Rated,Not Rated,Not Rated,Not Rated,Not Rated,Not Rated,Not Rated,Not Rated,Not Rated,Not Rated,Not Rated,0,0, ,Not Rated,Standard,Optional,Optional,169,3,1,2020/JEEP/GRAND CHEROKEE SRT/2020 Jeep Grand Cherokee SRT SUV 4WD.png
14247,2020,JEEP,GRAND CHEROKEE TRACKHAWK,2020 Jeep Grand Cherokee Trackhawk SUV 4WD,,Not Rated,Not Rated,Not Rated,Not Rated,Not Rated,Not Rated,Not Rated,Not Rated,Not Rated,Not Rated,Not Rated,Not Rated,0,0, ,Not Rated,Standard,Optional,Optional,169,3,1,2020/JEEP/GRAND CHEROKEE TRACKHAWK/2020 Jeep Grand Cherokee Trackhawk SUV 4WD.png
14248,2020,JEEP,RENEGADE,2020 Jeep Renegade SUV FWD,,4,4,4,4,4,5,3,5,3,4,4,Not Rated,0.179,0,No Tip,5,Standard,Optional,No,60,3,0,2020/JEEP/RENEGADE/2020 Jeep Renegade SUV FWD.png
14276,2020,JEEP,RENEGADE,2020 Jeep Renegade SUV AWD,,4,4,4,4,4,5,3,5,3,4,3,Not Rated,0.228,0,No Tip,5,Standard,Optional,No,60,3,0,2020/JEEP/RENEGADE/2020 Jeep Renegade SUV AWD.png
14249,2020,JEEP,WRANGLER,2020 Jeep Wrangler SUV 4WD,,Not Rated,4,4,4,Not Rated,Not Rated,Not Rated,Not Rated,Not Rated,Not Rated,3,Not Rated,0.279,0,No Tip,Not Rated,Standard,Optional,No,546,12,2,2020/JEEP/WRANGLER/2020 Jeep Wrangler SUV 4WD.png
14250,2020,JEEP,WRANGLER UNLIMITED,2020 Jeep Wrangler Unlimited SUV 4WD,,Not Rated,4,4,4,Not Rated,Not Rated,Not Rated,Not Rated,Not Rated,Not Rated,3,Not Rated,0.267,0,No Tip,Not Rated,Standard,Optional,No,546,12,2,2020/JEEP/WRANGLER UNLIMITED/2020 Jeep Wrangler Unlimited SUV 4WD.png
15174,2020,JEEP,WRANGLER UNLIMITED DIESEL,2020 Jeep Wrangler Unlimited DIESEL SUV 4WD,,Not Rated,Not Rated,Not Rated,Not Rated,Not Rated,Not Rated,Not Rated,Not Rated,Not Rated,Not Rated,3,Not Rated,0.267,0,No Tip,Not Rated,Standard,Optional,No,0,0,0,2020/JEEP/WRANGLER UNLIMITED DIESEL/2020 Jeep Wrangler Unlimited DIESEL SUV 4WD.png
14388,2020,KIA,CADENZA,2020 Kia Cadenza 4 DR FWD,,Not Rated,Not Rated,Not Rated,Not Rated,Not Rated,Not Rated,Not Rated,Not Rated,Not Rated,Not Rated,Not Rated,Not Rated,0,0, ,Not Rated,Standard,Standard,Standard,0,1,1,2020/KIA/CADENZA/2020 Kia Cadenza 4 DR FWD.png
14125,2020,KIA,FORTE,2020 Kia Forte 4 DR FWD,,4,4,4,3,5,5,5,5,5,5,4,Not Rated,0.107,0,No Tip,5,Standard,Standard,No,61,0,0,2020/KIA/FORTE/2020 Kia Forte 4 DR FWD.png
14389,2020,KIA,K900,2020 Kia K900 4 DR RWD,,Not Rated,Not Rated,Not Rated,Not Rated,Not Rated,Not Rated,Not Rated,Not Rated,Not Rated,Not Rated,Not Rated,Not Rated,0,0, ,Not Rated,Standard,Standard,Standard,0,1,0,2020/KIA/K900/2020 Kia K900 4 DR RWD.png
14399,2020,KIA,K900,2020 Kia K900 4 DR AWD,,Not Rated,Not Rated,Not Rated,Not Rated,Not Rated,Not Rated,Not Rated,Not Rated,Not Rated,Not Rated,Not Rated,Not Rated,0,0, ,Not Rated,Standard,Standard,Standard,0,1,0,2020/KIA/K900/2020 Kia K900 4 DR AWD.png
14395,2020,KIA,NIRO ELECTRIC,2020 Kia Niro Electric SUV FWD,,Not Rated,Not Rated,Not Rated,Not Rated,Not Rated,Not Rated,Not Rated,Not Rated,Not Rated,Not Rated,Not Rated,Not Rated,0,0, ,Not Rated,Standard,Standard,Standard,16,2,1,2020/KIA/NIRO ELECTRIC/2020 Kia Niro Electric SUV FWD.png
14393,2020,KIA,NIRO HYBRID,2020 Kia Niro Hybrid SUV FWD,,4,4,4,3,5,5,4,5,4,5,4,Not Rated,0.121,0,No Tip,5,Standard,Optional,Optional,26,1,1,2020/KIA/NIRO HYBRID/2020 Kia Niro Hybrid SUV FWD.png
14394,2020,KIA,NIRO PLUG-IN HYBRID,2020 Kia Niro Plug-in Hybrid SUV FWD,,Not Rated,Not Rated,Not Rated,Not Rated,Not Rated,Not Rated,Not Rated,Not Rated,Not Rated,Not Rated,Not Rated,Not Rated,0,0, ,Not Rated,Standard,Standard,Standard,5,1,1,2020/KIA/NIRO PLUG-IN HYBRID/2020 Kia Niro Plug-in Hybrid SUV FWD.png
14392,2020,KIA,OPTIMA,2020 Kia Optima 4 DR FWD,,5,5,5,4,5,5,5,5,5,5,5,Not Rated,0.098,0,No Tip,5,Standard,Standard,Standard,124,0,1,2020/KIA/OPTIMA/2020 Kia Optima 4 DR FWD.png
14107,2020,KIA,OPTIMA HYBRID,2020 Kia Optima Hybrid 4 DR FWD,,5,5,5,4,5,5,5,5,5,5,5,Not Rated,0.098,0,No Tip,5,Standard,Standard,Standard,1,0,2,2020/KIA/OPTIMA HYBRID/2020 Kia Optima Hybrid 4 DR FWD.png
14122,2020,KIA,OPTIMA PLUG-IN HYBRID,2020 Kia Optima Plug-in Hybrid 4 DR FWD,,Not Rated,Not Rated,Not Rated,Not Rated,Not Rated,Not Rated,Not Rated,Not Rated,Not Rated,Not Rated,Not Rated,Not Rated,0,0, ,Not Rated,Standard,Standard,Standard,0,0,0,2020/KIA/OPTIMA PLUG-IN HYBRID/2020 Kia Optima Plug-in Hybrid 4 DR FWD.png
14390,2020,KIA,RIO,2020 Kia Rio 4 DR FWD,,Not Rated,Not Rated,Not Rated,Not Rated,Not Rated,Not Rated,Not Rated,Not Rated,Not Rated,Not Rated,Not Rated,Not Rated,0,0, ,Not Rated,Standard,Optional,No,25,1,0,2020/KIA/RIO/2020 Kia Rio 4 DR FWD.png
14391,2020,KIA,RIO,2020 Kia Rio 5 HB FWD,,Not Rated,Not Rated,Not Rated,Not Rated,Not Rated,Not Rated,Not Rated,Not Rated,Not Rated,Not Rated,Not Rated,Not Rated,0,0, ,Not Rated,Standard,Optional,No,25,1,0,2020/KIA/RIO/2020 Kia Rio 5 HB FWD.png
14396,2020,KIA,SEDONA,2020 Kia Sedona VAN FWD,,5,5,5,5,5,5,5,5,5,5,4,Not Rated,0.13,0,No Tip,5,Standard,Optional,Optional,19,1,0,2020/KIA/SEDONA/2020 Kia Sedona VAN FWD.png
14387,2020,KIA,SORENTO,2020 Kia Sorento SUV FWD,,5,5,5,5,5,5,5,5,5,5,4,Not Rated,0.15,0,No Tip,5,Standard,Optional,Optional,114,1,1,2020/KIA/SORENTO/2020 Kia Sorento SUV FWD.png
14398,2020,KIA,SORENTO,2020 Kia Sorento SUV AWD,,5,5,5,5,5,5,5,5,5,5,4,Not Rated,0.158,0,No Tip,5,Standard,Optional,Optional,114,1,1,2020/KIA/SORENTO/2020 Kia Sorento SUV AWD.png
14121,2020,KIA,SOUL,2020 Kia Soul SUV FWD,,4,4,5,4,5,5,5,5,5,5,4,Not Rated,0.147,0,No Tip,3,Standard,Optional,Optional,328,1,1,2020/KIA/SOUL/2020 Kia Soul SUV FWD.png
14123,2020,KIA,SOUL ELECTRIC,2020 Kia Soul Electric SUV FWD,,Not Rated,Not Rated,Not Rated,Not Rated,Not Rated,Not Rated,Not Rated,Not Rated,Not Rated,Not Rated,Not Rated,Not Rated,0,0, ,Not Rated,Standard,Standard,Standard,0,0,1,2020/KIA/SOUL ELECTRIC/2020 Kia Soul Electric SUV FWD.png
14105,2020,KIA,SPORTAGE,2020 Kia Sportage SUV AWD,,5,4,4,5,5,5,5,5,5,5,4,Not Rated,0.147,0,No Tip,5,Standard,Standard,Standard,139,2,2,2020/KIA/SPORTAGE/2020 Kia Sportage SUV AWD.png
14106,2020,KIA,SPORTAGE,2020 Kia Sportage SUV FWD,,5,4,4,5,5,5,5,5,5,5,4,Not Rated,0.155,0,No Tip,5,Standard,Standard,Standard,139,2,2,2020/KIA/SPORTAGE/2020 Kia Sportage SUV FWD.png
14397,2020,KIA,STINGER,2020 Kia Stinger 4 DR RWD,,5,4,5,4,5,5,5,5,5,5,5,Not Rated,0.087,0,No Tip,5,Standard,Optional,Optional,13,6,0,2020/KIA/STINGER/2020 Kia Stinger 4 DR RWD.png
14400,2020,KIA,STINGER,2020 Kia Stinger 4 DR AWD,,5,4,5,4,5,5,5,5,5,5,5,Not Rated,0.087,0,No Tip,5,Standard,Optional,Optional,13,6,0,2020/KIA/STINGER/2020 Kia Stinger 4 DR AWD.png
14124,2020,KIA,TELLURIDE,2020 Kia TELLURIDE SUV FWD,,5,4,4,4,5,5,5,5,5,5,4,Not Rated,0.155,0,No Tip,5,Standard,Standard,Standard,666,6,1,2020/KIA/TELLURIDE/2020 Kia TELLURIDE SUV FWD.png
14134,2020,KIA,TELLURIDE,2020 Kia TELLURIDE SUV AWD,,5,4,4,4,5,5,5,5,5,5,4,Not Rated,0.143,0,No Tip,5,Standard,Standard,Standard,666,6,1,2020/KIA/TELLURIDE/2020 Kia TELLURIDE SUV AWD.png
14224,2020,LAND ROVER,DISCOVERY,2020 Land Rover Discovery SUV 4wd,,Not Rated,Not Rated,Not Rated,Not Rated,Not Rated,Not Rated,Not Rated,Not Rated,Not Rated,Not Rated,Not Rated,Not Rated,0,0, ,Not Rated,Standard,No,No,16,6,0,2020/LAND ROVER/DISCOVERY/2020 Land Rover Discovery SUV 4wd.png
14223,2020,LAND ROVER,DISCOVERY SPORT,2020 Land Rover Discovery Sport SUV 4wd,,Not Rated,Not Rated,Not Rated,Not Rated,Not Rated,Not Rated,Not Rated,Not Rated,Not Rated,Not Rated,Not Rated,Not Rated,0,0, ,Not Rated,Standard,No,No,11,3,0,2020/LAND ROVER/DISCOVERY SPORT/2020 Land Rover Discovery Sport SUV 4wd.png
14222,2020,LAND ROVER,RANGE ROVER EVOQUE (5 DOOR),2020 Land Rover Range Rover Evoque (5 Door) SUV 4wd,,Not Rated,Not Rated,Not Rated,Not Rated,Not Rated,Not Rated,Not Rated,Not Rated,Not Rated,Not Rated,Not Rated,Not Rated,0,0, ,Not Rated,Standard,No,No,43,13,0,2020/LAND ROVER/RANGE ROVER EVOQUE (5 DOOR)/2020 Land Rover Range Rover Evoque (5 Door) SUV 4wd.png
14219,2020,LAND ROVER,RANGE ROVER LWB,2020 Land Rover Range Rover LWB SUV 4wd,,Not Rated,Not Rated,Not Rated,Not Rated,Not Rated,Not Rated,Not Rated,Not Rated,Not Rated,Not Rated,Not Rated,Not Rated,0,0, ,Not Rated,Standard,No,No,15,3,0,2020/LAND ROVER/RANGE ROVER LWB/2020 Land Rover Range Rover LWB SUV 4wd.png
14220,2020,LAND ROVER,RANGE ROVER SPORT,2020 Land Rover Range Rover Sport SUV 4wd,,Not Rated,Not Rated,Not Rated,Not Rated,Not Rated,Not Rated,Not Rated,Not Rated,Not Rated,Not Rated,Not Rated,Not Rated,0,0, ,Not Rated,Standard,No,No,34,6,0,2020/LAND ROVER/RANGE ROVER SPORT/2020 Land Rover Range Rover Sport SUV 4wd.png
14221,2020,LAND ROVER,RANGE ROVER SPORT PHEV,2020 Land Rover Range Rover Sport PHEV SUV 4wd,,Not Rated,Not Rated,Not Rated,Not Rated,Not Rated,Not Rated,Not Rated,Not Rated,Not Rated,Not Rated,Not Rated,Not Rated,0,0, ,Not Rated,Standard,No,No,0,2,1,2020/LAND ROVER/RANGE ROVER SPORT PHEV/2020 Land Rover Range Rover Sport PHEV SUV 4wd.png
14217,2020,LAND ROVER,RANGE ROVER SWB,2020 Land Rover Range Rover SWB SUV 4wd,,Not Rated,Not Rated,Not Rated,Not Rated,Not Rated,Not Rated,Not Rated,Not Rated,Not Rated,Not Rated,Not Rated,Not Rated,0,0, ,Not Rated,Standard,No,No,15,3,0,2020/LAND ROVER/RANGE ROVER SWB/2020 Land Rover Range Rover SWB SUV 4wd.png
14218,2020,LAND ROVER,RANGE ROVER SWB PHEV,2020 Land Rover Range Rover SWB PHEV SUV 4wd,,Not Rated,Not Rated,Not Rated,Not Rated,Not Rated,Not Rated,Not Rated,Not Rated,Not Rated,Not Rated,Not Rated,Not Rated,0,0, ,Not Rated,Standard,No,No,0,2,1,2020/LAND ROVER/RANGE ROVER SWB PHEV/2020 Land Rover Range Rover SWB PHEV SUV 4wd.png
14225,2020,LAND ROVER,RANGE ROVER VELAR,2020 Land Rover Range Rover Velar SUV 4wd,,Not Rated,Not Rated,Not Rated,Not Rated,Not Rated,Not Rated,Not Rated,Not Rated,Not Rated,Not Rated,Not Rated,Not Rated,0,0, ,Not Rated,Standard,No,No,11,2,0,2020/LAND ROVER/RANGE ROVER VELAR/2020 Land Rover Range Rover Velar SUV 4wd.png
14703,2020,LEXUS,ES 300H,2020 Lexus ES 300h 4 DR FWD,,5,4,5,4,5,5,5,5,5,5,4,Not Rated,0.105,0,No Tip,5,Standard,No,Standard,1,2,1,2020/LEXUS/ES 300H/2020 Lexus ES 300h 4 DR FWD.png
14702,2020,LEXUS,ES 350,2020 Lexus ES 350 4 DR FWD,,5,4,5,4,5,5,5,5,5,5,4,Not Rated,0.105,0,No Tip,5,Standard,No,Standard,5,1,0,2020/LEXUS/ES 350/2020 Lexus ES 350 4 DR FWD.png
14684,2020,LEXUS,GS 350,2020 Lexus GS 350 4 DR AWD,,Not Rated,Not Rated,Not Rated,Not Rated,Not Rated,Not Rated,Not Rated,Not Rated,Not Rated,Not Rated,Not Rated,Not Rated,0,0, ,Not Rated,Standard,Standard,Standard,0,0,0,2020/LEXUS/GS 350/2020 Lexus GS 350 4 DR AWD.png
14704,2020,LEXUS,GS 350,2020 Lexus GS 350 4 DR RWD,,Not Rated,Not Rated,Not Rated,Not Rated,Not Rated,Not Rated,Not Rated,Not Rated,Not Rated,Not Rated,Not Rated,Not Rated,0,0, ,Not Rated,Standard,Standard,Standard,0,0,0,2020/LEXUS/GS 350/2020 Lexus GS 350 4 DR RWD.png
14705,2020,LEXUS,GS F,2020 Lexus GS F 4 DR RWD,,Not Rated,Not Rated,Not Rated,Not Rated,Not Rated,Not Rated,Not Rated,Not Rated,Not Rated,Not Rated,Not Rated,Not Rated,0,0, ,Not Rated,Standard,Standard,Standard,0,0,0,2020/LEXUS/GS F/2020 Lexus GS F 4 DR RWD.png
14714,2020,LEXUS,GX 460,2020 Lexus GX 460 SUV AWD,,Not Rated,Not Rated,Not Rated,Not Rated,Not Rated,Not Rated,Not Rated,Not Rated,Not Rated,Not Rated,Not Rated,Not Rated,0,0, ,Not Rated,Standard,Standard,Standard,4,0,0,2020/LEXUS/GX 460/2020 Lexus GX 460 SUV AWD.png
14685,2020,LEXUS,IS 300,2020 Lexus IS 300 4 DR AWD,,5,4,4,4,5,5,5,5,5,5,5,Not Rated,0.095,0,No Tip,5,Standard,Standard,Standard,2,0,0,2020/LEXUS/IS 300/2020 Lexus IS 300 4 DR AWD.png
14706,2020,LEXUS,IS 300,2020 Lexus IS 300 4 DR RWD,,5,4,4,4,5,5,5,5,5,5,5,Not Rated,0.095,0,No Tip,5,Standard,Standard,Standard,2,0,0,2020/LEXUS/IS 300/2020 Lexus IS 300 4 DR RWD.png
14686,2020,LEXUS,IS 350,2020 Lexus IS 350 4 DR AWD,,5,4,4,4,5,5,5,5,5,5,5,Not Rated,0.095,0,No Tip,5,Standard,Standard,Standard,1,0,0,2020/LEXUS/IS 350/2020 Lexus IS 350 4 DR AWD.png
14707,2020,LEXUS,IS 350,2020 Lexus IS 350 4 DR RWD,,5,4,4,4,5,5,5,5,5,5,5,Not Rated,0.095,0,No Tip,5,Standard,Standard,Standard,1,0,0,2020/LEXUS/IS 350/2020 Lexus IS 350 4 DR RWD.png
14126,2020,LEXUS,LC 500,2020 Lexus LC 500 2 DR RWD,,Not Rated,Not Rated,Not Rated,Not Rated,Not Rated,Not Rated,Not Rated,Not Rated,Not Rated,Not Rated,Not Rated,Not Rated,0,0, ,Not Rated,Standard,Standard,Standard,1,1,0,2020/LEXUS/LC 500/2020 Lexus LC 500 2 DR RWD.png
14127,2020,LEXUS,LC 500H,2020 Lexus LC 500h 2 DR RWD,,Not Rated,Not Rated,Not Rated,Not Rated,Not Rated,Not Rated,Not Rated,Not Rated,Not Rated,Not Rated,Not Rated,Not Rated,0,0, ,Not Rated,Standard,Standard,Standard,0,1,1,2020/LEXUS/LC 500H/2020 Lexus LC 500h 2 DR RWD.png
14682,2020,LEXUS,LS 500,2020 Lexus LS 500 4 DR AWD,,Not Rated,Not Rated,Not Rated,Not Rated,Not Rated,Not Rated,Not Rated,Not Rated,Not Rated,Not Rated,Not Rated,Not Rated,0,0, ,Not Rated,Standard,Standard,Standard,0,1,0,2020/LEXUS/LS 500/2020 Lexus LS 500 4 DR AWD.png
14700,2020,LEXUS,LS 500,2020 Lexus LS 500 4 DR RWD,,Not Rated,Not Rated,Not Rated,Not Rated,Not Rated,Not Rated,Not Rated,Not Rated,Not Rated,Not Rated,Not Rated,Not Rated,0,0, ,Not Rated,Standard,Standard,Standard,0,1,0,2020/LEXUS/LS 500/2020 Lexus LS 500 4 DR RWD.png
14683,2020,LEXUS,LS 500H,2020 Lexus LS 500h 4 DR AWD,,Not Rated,Not Rated,Not Rated,Not Rated,Not Rated,Not Rated,Not Rated,Not Rated,Not Rated,Not Rated,Not Rated,Not Rated,0,0, ,Not Rated,Standard,Standard,Standard,0,1,1,2020/LEXUS/LS 500H/2020 Lexus LS 500h 4 DR AWD.png
14701,2020,LEXUS,LS 500H,2020 Lexus LS 500h 4 DR RWD,,Not Rated,Not Rated,Not Rated,Not Rated,Not Rated,Not Rated,Not Rated,Not Rated,Not Rated,Not Rated,Not Rated,Not Rated,0,0, ,Not Rated,Standard,Standard,Standard,0,1,1,2020/LEXUS/LS 500H/2020 Lexus LS 500h 4 DR RWD.png
14715,2020,LEXUS,LX 570,2020 Lexus LX 570 SUV AWD,,Not Rated,Not Rated,Not Rated,Not Rated,Not Rated,Not Rated,Not Rated,Not Rated,Not Rated,Not Rated,Not Rated,Not Rated,0,0, ,Not Rated,Standard,Standard,Standard,1,0,0,2020/LEXUS/LX 570/2020 Lexus LX 570 SUV AWD.png
14139,2020,LEXUS,NX300,2020 Lexus NX300 SUV AWD,,5,4,4,4,5,5,5,5,5,5,4,Not Rated,0.16,0,No Tip,4,Standard,Standard,Standard,20,0,0,2020/LEXUS/NX300/2020 Lexus NX300 SUV AWD.png
14140,2020,LEXUS,NX300,2020 Lexus NX300 SUV FWD,,5,4,4,4,5,5,5,5,5,5,4,Not Rated,0.161,0,No Tip,4,Standard,Standard,Standard,20,0,0,2020/LEXUS/NX300/2020 Lexus NX300 SUV FWD.png
14141,2020,LEXUS,NX300H,2020 Lexus NX300H SUV AWD,,5,4,4,4,5,5,5,5,5,5,4,Not Rated,0.16,0,No Tip,4,Standard,Standard,Standard,6,0,1,2020/LEXUS/NX300H/2020 Lexus NX300H SUV AWD.png
14687,2020,LEXUS,RC 300,2020 Lexus RC 300 2 DR AWD,,Not Rated,Not Rated,Not Rated,Not Rated,Not Rated,Not Rated,Not Rated,Not Rated,Not Rated,Not Rated,Not Rated,Not Rated,0,0, ,Not Rated,Standard,Standard,Standard,0,0,0,2020/LEXUS/RC 300/2020 Lexus RC 300 2 DR AWD.png
14708,2020,LEXUS,RC 300,2020 Lexus RC 300 2 DR RWD,,Not Rated,Not Rated,Not Rated,Not Rated,Not Rated,Not Rated,Not Rated,Not Rated,Not Rated,Not Rated,Not Rated,Not Rated,0,0, ,Not Rated,Standard,Standard,Standard,0,0,0,2020/LEXUS/RC 300/2020 Lexus RC 300 2 DR RWD.png
14688,2020,LEXUS,RC 350,2020 Lexus RC 350 2 DR AWD,,Not Rated,Not Rated,Not Rated,Not Rated,Not Rated,Not Rated,Not Rated,Not Rated,Not Rated,Not Rated,Not Rated,Not Rated,0,0, ,Not Rated,Standard,Standard,Standard,1,0,0,2020/LEXUS/RC 350/2020 Lexus RC 350 2 DR AWD.png
14709,2020,LEXUS,RC 350,2020 Lexus RC 350 2 DR RWD,,Not Rated,Not Rated,Not Rated,Not Rated,Not Rated,Not Rated,Not Rated,Not Rated,Not Rated,Not Rated,Not Rated,Not Rated,0,0, ,Not Rated,Standard,Standard,Standard,1,0,0,2020/LEXUS/RC 350/2020 Lexus RC 350 2 DR RWD.png
14128,2020,LEXUS,RC F,2020 Lexus RC F 2 DR RWD,,Not Rated,Not Rated,Not Rated,Not Rated,Not Rated,Not Rated,Not Rated,Not Rated,Not Rated,Not Rated,Not Rated,Not Rated,0,0, ,Not Rated,Standard,Standard,Standard,0,1,0,2020/LEXUS/RC F/2020 Lexus RC F 2 DR RWD.png
14689,2020,LEXUS,RX 350,2020 Lexus RX 350 SUV AWD,,5,4,4,4,5,5,5,5,5,5,4,Not Rated,0.164,0,No Tip,5,Standard,Standard,Standard,45,2,0,2020/LEXUS/RX 350/2020 Lexus RX 350 SUV AWD.png
14710,2020,LEXUS,RX 350,2020 Lexus RX 350 SUV FWD,,4,4,4,4,5,5,5,5,5,5,4,Not Rated,0.179,0,No Tip,5,Standard,Standard,Standard,45,2,0,2020/LEXUS/RX 350/2020 Lexus RX 350 SUV FWD.png
14690,2020,LEXUS,RX 350L,2020 Lexus RX 350L SUV AWD,,4,4,4,4,5,5,5,5,5,5,4,Not Rated,0.167,0,No Tip,5,Standard,Standard,Standard,7,1,0,2020/LEXUS/RX 350L/2020 Lexus RX 350L SUV AWD.png
14711,2020,LEXUS,RX 350L,2020 Lexus RX 350L SUV FWD,,4,4,4,4,5,5,5,5,5,5,4,Not Rated,0.182,0,No Tip,5,Standard,Standard,Standard,38,2,0,2020/LEXUS/RX 350L/2020 Lexus RX 350L SUV FWD.png
14712,2020,LEXUS,RX 450H,2020 Lexus RX 450h SUV AWD,,5,4,4,4,5,5,5,5,5,5,4,Not Rated,0.164,0,No Tip,5,Standard,Standard,Standard,40,1,1,2020/LEXUS/RX 450H/2020 Lexus RX 450h SUV AWD.png
14713,2020,LEXUS,RX 450HL,2020 Lexus RX 450hL SUV AWD,,4,4,4,4,5,5,5,5,5,5,4,Not Rated,0.167,0,No Tip,5,Standard,Standard,Standard,38,1,0,2020/LEXUS/RX 450HL/2020 Lexus RX 450hL SUV AWD.png
14716,2020,LEXUS,UX 200,2020 Lexus UX 200 5 HB FWD,,5,4,4,4,5,5,5,5,5,5,4,Not Rated,0.14,0,No Tip,5,Standard,Standard,Standard,0,0,0,2020/LEXUS/UX 200/2020 Lexus UX 200 5 HB FWD.png
14717,2020,LEXUS,UX 250H,2020 Lexus UX 250h 5 HB AWD,,5,4,4,4,5,5,5,5,5,5,4,Not Rated,0.14,0,No Tip,5,Standard,Standard,Standard,0,0,0,2020/LEXUS/UX 250H/2020 Lexus UX 250h 5 HB AWD.png
14897,2020,LINCOLN,AVIATOR,2020 Lincoln Aviator SUV RWD,,5,5,5,5,5,5,5,5,5,5,4,Not Rated,0.147,0,No Tip,5,Standard,Standard,Standard,88,24,0,2020/LINCOLN/AVIATOR/2020 Lincoln Aviator SUV RWD.png
14934,2020,LINCOLN,AVIATOR,2020 Lincoln Aviator SUV 4WD,,5,5,5,5,5,5,5,5,5,5,4,Not Rated,0.151,0,No Tip,5,Standard,Standard,Standard,88,24,0,2020/LINCOLN/AVIATOR/2020 Lincoln Aviator SUV 4WD.png
14898,2020,LINCOLN,AVIATOR PHEV,2020 Lincoln Aviator PHEV SUV AWD,,Not Rated,Not Rated,Not Rated,Not Rated,Not Rated,Not Rated,Not Rated,Not Rated,Not Rated,Not Rated,Not Rated,Not Rated,0,0, ,Not Rated,Standard,Standard,Standard,9,0,1,2020/LINCOLN/AVIATOR PHEV/2020 Lincoln Aviator PHEV SUV AWD.png
14887,2020,LINCOLN,CONTINENTAL,2020 Lincoln Continental 4 DR FWD,,5,5,5,5,5,5,5,5,5,5,4,Not Rated,0.106,0,No Tip,5,Standard,Standard,Standard,7,2,0,2020/LINCOLN/CONTINENTAL/2020 Lincoln Continental 4 DR FWD.png
14925,2020,LINCOLN,CONTINENTAL,2020 Lincoln Continental 4 DR AWD,,5,5,5,5,5,5,5,5,5,5,4,Not Rated,0.106,0,No Tip,5,Standard,Standard,Standard,7,2,0,2020/LINCOLN/CONTINENTAL/2020 Lincoln Continental 4 DR AWD.png
14893,2020,LINCOLN,CORSAIR,2020 Lincoln Corsair SUV FWD,,5,5,5,5,5,5,5,5,5,5,4,Not Rated,0.169,0,No Tip,5,Standard,Standard,Standard,43,14,1,2020/LINCOLN/CORSAIR/2020 Lincoln Corsair SUV FWD.png
14930,2020,LINCOLN,CORSAIR,2020 Lincoln Corsair SUV AWD,,5,5,5,5,5,5,5,5,5,5,4,Not Rated,0.174,0,No Tip,5,Standard,Standard,Standard,43,14,1,2020/LINCOLN/CORSAIR/2020 Lincoln Corsair SUV AWD.png
14879,2020,LINCOLN,MKZ,2020 Lincoln MKZ 4 DR FWD,,5,4,5,3,5,5,5,5,5,5,4,Not Rated,0.109,0,No Tip,5,Standard,Standard,Standard,2,1,0,2020/LINCOLN/MKZ/2020 Lincoln MKZ 4 DR FWD.png
14924,2020,LINCOLN,MKZ,2020 Lincoln MKZ 4 DR AWD,,5,4,5,3,5,5,5,5,5,5,4,Not Rated,0.109,0,No Tip,5,Standard,Standard,Standard,2,1,0,2020/LINCOLN/MKZ/2020 Lincoln MKZ 4 DR AWD.png
14881,2020,LINCOLN,MKZ HEV,2020 Lincoln MKZ HEV 4 DR FWD,,5,4,5,3,5,5,5,5,5,5,4,Not Rated,0.109,0,No Tip,5,Standard,Standard,Standard,1,0,1,2020/LINCOLN/MKZ HEV/2020 Lincoln MKZ HEV 4 DR FWD.png
14889,2020,LINCOLN,NAUTILUS,2020 Lincoln Nautilus SUV FWD,,5,5,5,5,5,5,5,5,5,5,4,Not Rated,0.155,0,No Tip,5,Standard,Standard,Standard,25,4,1,2020/LINCOLN/NAUTILUS/2020 Lincoln Nautilus SUV FWD.png
14927,2020,LINCOLN,NAUTILUS,2020 Lincoln Nautilus SUV AWD,,5,5,5,5,5,5,5,5,5,5,4,Not Rated,0.155,0,No Tip,5,Standard,Standard,Standard,25,4,1,2020/LINCOLN/NAUTILUS/2020 Lincoln Nautilus SUV AWD.png
14901,2020,LINCOLN,NAVIGATOR,2020 Lincoln Navigator SUV 2WD,,5,5,5,5,5,5,5,5,5,5,3,Not Rated,0.208,0,No Tip,5,Standard,Standard,Optional,23,11,0,2020/LINCOLN/NAVIGATOR/2020 Lincoln Navigator SUV 2WD.png
14937,2020,LINCOLN,NAVIGATOR,2020 Lincoln Navigator SUV 4WD,,5,5,5,5,5,5,5,5,5,5,4,Not Rated,0.193,0,No Tip,5,Standard,Standard,Optional,23,11,0,2020/LINCOLN/NAVIGATOR/2020 Lincoln Navigator SUV 4WD.png
14902,2020,LINCOLN,NAVIGATOR EL,2020 Lincoln Navigator EL SUV 2WD,,5,5,5,5,5,5,5,5,5,5,3,Not Rated,0.208,0,No Tip,5,Standard,Standard,Optional,23,11,0,2020/LINCOLN/NAVIGATOR EL/2020 Lincoln Navigator EL SUV 2WD.png
14938,2020,LINCOLN,NAVIGATOR EL,2020 Lincoln Navigator EL SUV 4WD,,5,5,5,5,5,5,5,5,5,5,4,Not Rated,0.193,0,No Tip,5,Standard,Standard,Optional,23,11,0,2020/LINCOLN/NAVIGATOR EL/2020 Lincoln Navigator EL SUV 4WD.png
14200,2020,MAZDA,CX-3,2020 Mazda CX-3 SUV FWD,,5,5,5,5,5,5,5,5,5,5,4,Not Rated,0.138,0,No Tip,5,Standard,Standard,Standard,1,1,0,2020/MAZDA/CX-3/2020 Mazda CX-3 SUV FWD.png
14206,2020,MAZDA,CX-3,2020 Mazda CX-3 SUV AWD,,5,5,5,5,5,5,5,5,5,5,4,Not Rated,0.136,0,No Tip,5,Standard,Standard,Standard,1,1,0,2020/MAZDA/CX-3/2020 Mazda CX-3 SUV AWD.png
15158,2020,MAZDA,CX-30,2020 Mazda CX-30 SUV FWD,,5,5,5,5,5,5,5,5,5,5,4,Not Rated,0.155,0,No Tip,5,Standard,Standard,Standard,31,3,0,2020/MAZDA/CX-30/2020 Mazda CX-30 SUV FWD.png
15159,2020,MAZDA,CX-30,2020 Mazda CX-30 SUV AWD,,5,5,5,5,5,5,5,5,5,5,4,Not Rated,0.147,0,No Tip,5,Standard,Standard,Standard,31,3,0,2020/MAZDA/CX-30/2020 Mazda CX-30 SUV AWD.png
14201,2020,MAZDA,CX-5,2020 Mazda CX-5 SUV FWD,,5,5,5,5,5,5,5,5,5,5,4,Not Rated,0.174,0,No Tip,5,Standard,Standard,Standard,94,0,0,2020/MAZDA/CX-5/2020 Mazda CX-5 SUV FWD.png
14207,2020,MAZDA,CX-5,2020 Mazda CX-5 SUV AWD,,5,5,5,5,5,5,5,5,5,5,4,Not Rated,0.169,0,No Tip,5,Standard,Standard,Standard,94,0,0,2020/MAZDA/CX-5/2020 Mazda CX-5 SUV AWD.png
14202,2020,MAZDA,CX-9,2020 Mazda CX-9 SUV FWD,,5,4,4,4,5,5,5,5,5,5,4,Not Rated,0.151,0,No Tip,5,Standard,Standard,Standard,14,1,0,2020/MAZDA/CX-9/2020 Mazda CX-9 SUV FWD.png
14208,2020,MAZDA,CX-9,2020 Mazda CX-9 SUV AWD,,5,4,4,4,5,5,5,5,5,5,4,Not Rated,0.159,0,No Tip,5,Standard,Standard,Standard,14,1,0,2020/MAZDA/CX-9/2020 Mazda CX-9 SUV AWD.png
14196,2020,MAZDA,MAZDA2,2020 Mazda Mazda2 5 HB FWD,,5,5,5,4,5,5,5,5,5,5,4,Not Rated,0.13,0,No Tip,5,Standard,No,No,0,2,0,2020/MAZDA/MAZDA2/2020 Mazda Mazda2 5 HB FWD.png
14197,2020,MAZDA,MAZDA3,2020 Mazda Mazda3 4 DR FWD,,5,5,5,5,5,5,5,5,5,5,5,Not Rated,0.101,0,No Tip,5,Standard,Standard,Standard,29,2,0,2020/MAZDA/MAZDA3/2020 Mazda Mazda3 4 DR FWD.png
14198,2020,MAZDA,MAZDA3,2020 Mazda Mazda3 5 HB FWD,,5,5,5,5,5,5,5,5,5,5,5,Not Rated,0.101,0,No Tip,5,Standard,Standard,Standard,29,2,0,2020/MAZDA/MAZDA3/2020 Mazda Mazda3 5 HB FWD.png
14204,2020,MAZDA,MAZDA3,2020 Mazda Mazda3 4 DR AWD,,5,5,5,5,5,5,5,5,5,5,5,Not Rated,0.101,0,No Tip,5,Standard,Standard,Standard,29,2,0,2020/MAZDA/MAZDA3/2020 Mazda Mazda3 4 DR AWD.png
14205,2020,MAZDA,MAZDA3,2020 Mazda Mazda3 5 HB AWD,,5,5,5,5,5,5,5,5,5,5,5,Not Rated,0.101,0,No Tip,5,Standard,Standard,Standard,29,2,0,2020/MAZDA/MAZDA3/2020 Mazda Mazda3 5 HB AWD.png
14199,2020,MAZDA,MAZDA6,2020 Mazda Mazda6 4 DR FWD,,5,5,5,4,5,5,5,5,5,5,4,Not Rated,0.103,0,No Tip,5,Standard,Standard,Standard,2,0,0,2020/MAZDA/MAZDA6/2020 Mazda Mazda6 4 DR FWD.png
14203,2020,MAZDA,MX-5,2020 Mazda MX-5 C RWD,,Not Rated,Not Rated,Not Rated,Not Rated,Not Rated,Not Rated,Not Rated,Not Rated,Not Rated,Not Rated,Not Rated,Not Rated,0,0, ,Not Rated,Standard,No,Standard,1,1,0,2020/MAZDA/MX-5/2020 Mazda MX-5 C RWD.png
15065,2020,MERCEDES-BENZ,A-CLASS,2020 Mercedes-Benz A-Class 4 DR FWD,,Not Rated,Not Rated,Not Rated,Not Rated,Not Rated,Not Rated,Not Rated,Not Rated,Not Rated,Not Rated,Not Rated,Not Rated,0,0, ,Not Rated,Standard,No,Optional,18,9,0,2020/MERCEDES-BENZ/A-CLASS/2020 Mercedes-Benz A-Class 4 DR FWD.png
15091,2020,MERCEDES-BENZ,A-CLASS,2020 Mercedes-Benz A-Class 4 DR 4WD,,Not Rated,Not Rated,Not Rated,Not Rated,Not Rated,Not Rated,Not Rated,Not Rated,Not Rated,Not Rated,Not Rated,Not Rated,0,0, ,Not Rated,Standard,No,Optional,18,9,0,2020/MERCEDES-BENZ/A-CLASS/2020 Mercedes-Benz A-Class 4 DR 4WD.png
15050,2020,MERCEDES-BENZ,C-CLASS,2020 Mercedes-Benz C-Class 4 DR RWD,,Not Rated,4,5,4,Not Rated,Not Rated,Not Rated,Not Rated,Not Rated,Not Rated,4,Not Rated,0.11,0,No Tip,Not Rated,Standard,No,No,40,12,1,2020/MERCEDES-BENZ/C-CLASS/2020 Mercedes-Benz C-Class 4 DR RWD.png
15051,2020,MERCEDES-BENZ,C-CLASS,2020 Mercedes-Benz C-Class 2 DR RWD,,Not Rated,Not Rated,Not Rated,Not Rated,Not Rated,Not Rated,Not Rated,Not Rated,Not Rated,Not Rated,Not Rated,Not Rated,0,0, ,Not Rated,Standard,No,No,40,12,1,2020/MERCEDES-BENZ/C-CLASS/2020 Mercedes-Benz C-Class 2 DR RWD.png
15079,2020,MERCEDES-BENZ,C-CLASS,2020 Mercedes-Benz C-Class 4 DR 4WD,,Not Rated,4,5,4,Not Rated,Not Rated,Not Rated,Not Rated,Not Rated,Not Rated,4,Not Rated,0.11,0,No Tip,Not Rated,Standard,No,No,40,12,1,2020/MERCEDES-BENZ/C-CLASS/2020 Mercedes-Benz C-Class 4 DR 4WD.png
15080,2020,MERCEDES-BENZ,C-CLASS,2020 Mercedes-Benz C-Class 2 DR 4WD,,Not Rated,Not Rated,Not Rated,Not Rated,Not Rated,Not Rated,Not Rated,Not Rated,Not Rated,Not Rated,Not Rated,Not Rated,0,0, ,Not Rated,Standard,No,No,40,12,1,2020/MERCEDES-BENZ/C-CLASS/2020 Mercedes-Benz C-Class 2 DR 4WD.png
15052,2020,MERCEDES-BENZ,C-CLASS CABRIOLET,2020 Mercedes-Benz C-Class Cabriolet C RWD,,Not Rated,Not Rated,Not Rated,Not Rated,Not Rated,Not Rated,Not Rated,Not Rated,Not Rated,Not Rated,Not Rated,Not Rated,0,0, ,Not Rated,Standard,No,No,40,12,1,2020/MERCEDES-BENZ/C-CLASS CABRIOLET/2020 Mercedes-Benz C-Class Cabriolet C RWD.png
15081,2020,MERCEDES-BENZ,C-CLASS CABRIOLET,2020 Mercedes-Benz C-Class Cabriolet C 4WD,,Not Rated,Not Rated,Not Rated,Not Rated,Not Rated,Not Rated,Not Rated,Not Rated,Not Rated,Not Rated,Not Rated,Not Rated,0,0, ,Not Rated,Standard,No,No,40,12,1,2020/MERCEDES-BENZ/C-CLASS CABRIOLET/2020 Mercedes-Benz C-Class Cabriolet C 4WD.png
15066,2020,MERCEDES-BENZ,CLA-CLASS,2020 Mercedes-Benz CLA-Class 4 DR FWD,,Not Rated,Not Rated,Not Rated,Not Rated,Not Rated,Not Rated,Not Rated,Not Rated,Not Rated,Not Rated,Not Rated,Not Rated,0,0, ,Not Rated,Standard,No,Optional,20,12,0,2020/MERCEDES-BENZ/CLA-CLASS/2020 Mercedes-Benz CLA-Class 4 DR FWD.png
15092,2020,MERCEDES-BENZ,CLA-CLASS,2020 Mercedes-Benz CLA-Class 4 DR 4WD,,Not Rated,Not Rated,Not Rated,Not Rated,Not Rated,Not Rated,Not Rated,Not Rated,Not Rated,Not Rated,Not Rated,Not Rated,0,0, ,Not Rated,Standard,No,Optional,20,12,0,2020/MERCEDES-BENZ/CLA-CLASS/2020 Mercedes-Benz CLA-Class 4 DR 4WD.png
15057,2020,MERCEDES-BENZ,CLS-CLASS,2020 Mercedes-Benz CLS-Class 4 DR RWD,,Not Rated,Not Rated,Not Rated,Not Rated,Not Rated,Not Rated,Not Rated,Not Rated,Not Rated,Not Rated,Not Rated,Not Rated,0,0, ,Not Rated,Standard,No,No,6,8,0,2020/MERCEDES-BENZ/CLS-CLASS/2020 Mercedes-Benz CLS-Class 4 DR RWD.png
15086,2020,MERCEDES-BENZ,CLS-CLASS,2020 Mercedes-Benz CLS-Class 4 DR 4WD,,Not Rated,Not Rated,Not Rated,Not Rated,Not Rated,Not Rated,Not Rated,Not Rated,Not Rated,Not Rated,Not Rated,Not Rated,0,0, ,Not Rated,Standard,No,No,6,8,0,2020/MERCEDES-BENZ/CLS-CLASS/2020 Mercedes-Benz CLS-Class 4 DR 4WD.png
15053,2020,MERCEDES-BENZ,E-CLASS,2020 Mercedes-Benz E-Class 4 DR RWD,,5,5,5,5,5,5,5,5,5,5,5,Not Rated,0.097,0, ,5,Standard,No,No,18,15,0,2020/MERCEDES-BENZ/E-CLASS/2020 Mercedes-Benz E-Class 4 DR RWD.png
15055,2020,MERCEDES-BENZ,E-CLASS,2020 Mercedes-Benz E-Class 2 DR RWD,,Not Rated,Not Rated,Not Rated,Not Rated,Not Rated,Not Rated,Not Rated,Not Rated,Not Rated,Not Rated,Not Rated,Not Rated,0,0, ,Not Rated,Standard,No,No,18,15,0,2020/MERCEDES-BENZ/E-CLASS/2020 Mercedes-Benz E-Class 2 DR RWD.png
15082,2020,MERCEDES-BENZ,E-CLASS,2020 Mercedes-Benz E-Class 4 DR 4WD,,5,5,5,5,5,5,5,5,5,5,5,Not Rated,0.097,0,No Tip,5,Standard,No,No,18,15,0,2020/MERCEDES-BENZ/E-CLASS/2020 Mercedes-Benz E-Class 4 DR 4WD.png
15084,2020,MERCEDES-BENZ,E-CLASS,2020 Mercedes-Benz E-Class 2 DR 4WD,,Not Rated,Not Rated,Not Rated,Not Rated,Not Rated,Not Rated,Not Rated,Not Rated,Not Rated,Not Rated,Not Rated,Not Rated,0,0, ,Not Rated,Standard,No,No,18,15,0,2020/MERCEDES-BENZ/E-CLASS/2020 Mercedes-Benz E-Class 2 DR 4WD.png
15056,2020,MERCEDES-BENZ,E-CLASS CABRIOLET,2020 Mercedes-Benz E-Class Cabriolet C RWD,,Not Rated,Not Rated,Not Rated,Not Rated,Not Rated,Not Rated,Not Rated,Not Rated,Not Rated,Not Rated,Not Rated,Not Rated,0,0, ,Not Rated,Standard,No,No,18,15,0,2020/MERCEDES-BENZ/E-CLASS CABRIOLET/2020 Mercedes-Benz E-Class Cabriolet C RWD.png
15085,2020,MERCEDES-BENZ,E-CLASS CABRIOLET,2020 Mercedes-Benz E-Class Cabriolet C 4WD,,Not Rated,Not Rated,Not Rated,Not Rated,Not Rated,Not Rated,Not Rated,Not Rated,Not Rated,Not Rated,Not Rated,Not Rated,0,0, ,Not Rated,Standard,No,No,18,15,0,2020/MERCEDES-BENZ/E-CLASS CABRIOLET/2020 Mercedes-Benz E-Class Cabriolet C 4WD.png
15054,2020,MERCEDES-BENZ,E-CLASS STATION WAGON,2020 Mercedes-Benz E-Class station wagon SW RWD,,5,5,5,5,5,5,5,5,5,5,5,Not Rated,0.097,0, ,5,Standard,No,No,15,11,0,2020/MERCEDES-BENZ/E-CLASS STATION WAGON/2020 Mercedes-Benz E-Class station wagon SW RWD.png
15083,2020,MERCEDES-BENZ,E-CLASS STATION WAGON,2020 Mercedes-Benz E-Class station wagon SW 4WD,,5,5,5,5,5,5,5,5,5,5,5,Not Rated,0.097,0,No Tip,5,Standard,No,No,15,11,0,2020/MERCEDES-BENZ/E-CLASS STATION WAGON/2020 Mercedes-Benz E-Class station wagon SW 4WD.png
15072,2020,MERCEDES-BENZ,EQC-CLASS,2020 Mercedes-Benz EQC-Class SW 4WD,,Not Rated,Not Rated,Not Rated,Not Rated,Not Rated,Not Rated,Not Rated,Not Rated,Not Rated,Not Rated,Not Rated,Not Rated,0,0, ,Not Rated,Standard,No,No,0,0,0,2020/MERCEDES-BENZ/EQC-CLASS/2020 Mercedes-Benz EQC-Class SW 4WD.png
15074,2020,MERCEDES-BENZ,G-CLASS,2020 Mercedes-Benz G-Class SUV 4WD,,Not Rated,Not Rated,Not Rated,Not Rated,Not Rated,Not Rated,Not Rated,Not Rated,Not Rated,Not Rated,Not Rated,Not Rated,0,0, ,Not Rated,Standard,Standard,No,2,8,0,2020/MERCEDES-BENZ/G-CLASS/2020 Mercedes-Benz G-Class SUV 4WD.png
15067,2020,MERCEDES-BENZ,GLA-CLASS,2020 Mercedes-Benz GLA-Class SUV FWD,,Not Rated,Not Rated,Not Rated,Not Rated,Not Rated,Not Rated,Not Rated,Not Rated,Not Rated,Not Rated,Not Rated,Not Rated,0,0, ,Not Rated,Standard,No,Optional,8,5,1,2020/MERCEDES-BENZ/GLA-CLASS/2020 Mercedes-Benz GLA-Class SUV FWD.png
15093,2020,MERCEDES-BENZ,GLA-CLASS,2020 Mercedes-Benz GLA-Class SUV 4WD,,Not Rated,Not Rated,Not Rated,Not Rated,Not Rated,Not Rated,Not Rated,Not Rated,Not Rated,Not Rated,Not Rated,Not Rated,0,0, ,Not Rated,Standard,No,Optional,8,5,1,2020/MERCEDES-BENZ/GLA-CLASS/2020 Mercedes-Benz GLA-Class SUV 4WD.png
15068,2020,MERCEDES-BENZ,GLB-CLASS,2020 Mercedes-Benz GLB-Class SUV FWD,,Not Rated,Not Rated,Not Rated,Not Rated,Not Rated,Not Rated,Not Rated,Not Rated,Not Rated,Not Rated,Not Rated,Not Rated,0,0, ,Not Rated,Standard,Standard,No,52,19,0,2020/MERCEDES-BENZ/GLB-CLASS/2020 Mercedes-Benz GLB-Class SUV FWD.png
15094,2020,MERCEDES-BENZ,GLB-CLASS,2020 Mercedes-Benz GLB-Class SUV 4WD,,Not Rated,Not Rated,Not Rated,Not Rated,Not Rated,Not Rated,Not Rated,Not Rated,Not Rated,Not Rated,Not Rated,Not Rated,0,0, ,Not Rated,Standard,Standard,No,52,19,0,2020/MERCEDES-BENZ/GLB-CLASS/2020 Mercedes-Benz GLB-Class SUV 4WD.png
15069,2020,MERCEDES-BENZ,GLC-CLASS,2020 Mercedes-Benz GLC-Class SUV RWD,,Not Rated,Not Rated,Not Rated,Not Rated,5,5,5,5,5,5,4,Not Rated,0.184,0,No Tip,5,Standard,Standard,No,74,20,2,2020/MERCEDES-BENZ/GLC-CLASS/2020 Mercedes-Benz GLC-Class SUV RWD.png
15095,2020,MERCEDES-BENZ,GLC-CLASS,2020 Mercedes-Benz GLC-Class SUV 4WD,,Not Rated,Not Rated,Not Rated,Not Rated,5,5,5,5,5,5,4,Not Rated,0.186,0,No Tip,5,Standard,Standard,No,74,20,2,2020/MERCEDES-BENZ/GLC-CLASS/2020 Mercedes-Benz GLC-Class SUV 4WD.png
15071,2020,MERCEDES-BENZ,GLC-CLASS COUPE,2020 Mercedes-Benz GLC-Class Coupe SUV RWD,,Not Rated,Not Rated,Not Rated,Not Rated,Not Rated,Not Rated,Not Rated,Not Rated,Not Rated,Not Rated,Not Rated,Not Rated,0,0, ,Not Rated,Standard,Standard,No,72,18,1,2020/MERCEDES-BENZ/GLC-CLASS COUPE/2020 Mercedes-Benz GLC-Class Coupe SUV RWD.png
15096,2020,MERCEDES-BENZ,GLC-CLASS COUPE,2020 Mercedes-Benz GLC-Class Coupe SUV 4WD,,Not Rated,Not Rated,Not Rated,Not Rated,Not Rated,Not Rated,Not Rated,Not Rated,Not Rated,Not Rated,Not Rated,Not Rated,0,0, ,Not Rated,Standard,Standard,No,72,18,1,2020/MERCEDES-BENZ/GLC-CLASS COUPE/2020 Mercedes-Benz GLC-Class Coupe SUV 4WD.png
15070,2020,MERCEDES-BENZ,GLC-CLASS HYBRID,2020 Mercedes-Benz GLC-Class Hybrid SUV 4WD,,Not Rated,Not Rated,Not Rated,Not Rated,Not Rated,Not Rated,Not Rated,Not Rated,Not Rated,Not Rated,Not Rated,Not Rated,0,0, ,Not Rated,Standard,Standard,No,69,16,1,2020/MERCEDES-BENZ/GLC-CLASS HYBRID/2020 Mercedes-Benz GLC-Class Hybrid SUV 4WD.png
15073,2020,MERCEDES-BENZ,GLE-CLASS,2020 Mercedes-Benz GLE-Class SUV RWD,,Not Rated,Not Rated,Not Rated,Not Rated,Not Rated,Not Rated,Not Rated,Not Rated,Not Rated,Not Rated,Not Rated,Not Rated,0,0, ,Not Rated,Standard,Standard,No,111,36,0,2020/MERCEDES-BENZ/GLE-CLASS/2020 Mercedes-Benz GLE-Class SUV RWD.png
15097,2020,MERCEDES-BENZ,GLE-CLASS,2020 Mercedes-Benz GLE-Class SUV 4WD,,Not Rated,Not Rated,Not Rated,Not Rated,Not Rated,Not Rated,Not Rated,Not Rated,Not Rated,Not Rated,Not Rated,Not Rated,0,0, ,Not Rated,Standard,Standard,No,111,36,0,2020/MERCEDES-BENZ/GLE-CLASS/2020 Mercedes-Benz GLE-Class SUV 4WD.png
15075,2020,MERCEDES-BENZ,GLS-CLASS,2020 Mercedes-Benz GLS-Class SUV 4WD,,Not Rated,Not Rated,Not Rated,Not Rated,Not Rated,Not Rated,Not Rated,Not Rated,Not Rated,Not Rated,Not Rated,Not Rated,0,0, ,Not Rated,Standard,Standard,No,31,24,0,2020/MERCEDES-BENZ/GLS-CLASS/2020 Mercedes-Benz GLS-Class SUV 4WD.png
15076,2020,MERCEDES-BENZ,GT CLASS,2020 Mercedes-Benz GT Class 2 DR RWD,,Not Rated,Not Rated,Not Rated,Not Rated,Not Rated,Not Rated,Not Rated,Not Rated,Not Rated,Not Rated,Not Rated,Not Rated,0,0, ,Not Rated,Standard,No,No,4,12,0,2020/MERCEDES-BENZ/GT CLASS/2020 Mercedes-Benz GT Class 2 DR RWD.png
15078,2020,MERCEDES-BENZ,GT CLASS 4DR,2020 Mercedes-Benz GT Class 4DR 4 DR 4WD,,Not Rated,Not Rated,Not Rated,Not Rated,Not Rated,Not Rated,Not Rated,Not Rated,Not Rated,Not Rated,Not Rated,Not Rated,0,0, ,Not Rated,Standard,No,No,4,12,0,2020/MERCEDES-BENZ/GT CLASS 4DR/2020 Mercedes-Benz GT Class 4DR 4 DR 4WD.png
15077,2020,MERCEDES-BENZ,GT CLASS CABRIOLET,2020 Mercedes-Benz GT Class Cabriolet C RWD,,Not Rated,Not Rated,Not Rated,Not Rated,Not Rated,Not Rated,Not Rated,Not Rated,Not Rated,Not Rated,Not Rated,Not Rated,0,0, ,Not Rated,Standard,No,No,4,12,0,2020/MERCEDES-BENZ/GT CLASS CABRIOLET/2020 Mercedes-Benz GT Class Cabriolet C RWD.png
14845,2020,MERCEDES-BENZ,METRIS CARGO,2020 Mercedes-Benz Metris Cargo VAN RWD,,Not Rated,Not Rated,Not Rated,Not Rated,Not Rated,Not Rated,Not Rated,Not Rated,Not Rated,Not Rated,Not Rated,Not Rated,0,0, ,Not Rated,Standard,No,No,7,8,0,2020/MERCEDES-BENZ/METRIS CARGO/2020 Mercedes-Benz Metris Cargo VAN RWD.png
14846,2020,MERCEDES-BENZ,METRIS PASSENGER,2020 Mercedes-Benz Metris Passenger VAN RWD,,Not Rated,Not Rated,Not Rated,Not Rated,Not Rated,Not Rated,Not Rated,Not Rated,Not Rated,Not Rated,Not Rated,Not Rated,0,0, ,Not Rated,Standard,No,No,7,8,0,2020/MERCEDES-BENZ/METRIS PASSENGER/2020 Mercedes-Benz Metris Passenger VAN RWD.png
15058,2020,MERCEDES-BENZ,S-CLASS,2020 Mercedes-Benz S-Class 4 DR RWD,,Not Rated,Not Rated,Not Rated,Not Rated,Not Rated,Not Rated,Not Rated,Not Rated,Not Rated,Not Rated,Not Rated,Not Rated,0,0, ,Not Rated,Standard,No,No,7,6,2,2020/MERCEDES-BENZ/S-CLASS/2020 Mercedes-Benz S-Class 4 DR RWD.png
15061,2020,MERCEDES-BENZ,S-CLASS,2020 Mercedes-Benz S-Class 2 DR RWD,,Not Rated,Not Rated,Not Rated,Not Rated,Not Rated,Not Rated,Not Rated,Not Rated,Not Rated,Not Rated,Not Rated,Not Rated,0,0, ,Not Rated,Standard,No,No,7,6,2,2020/MERCEDES-BENZ/S-CLASS/2020 Mercedes-Benz S-Class 2 DR RWD.png
15087,2020,MERCEDES-BENZ,S-CLASS,2020 Mercedes-Benz S-Class 4 DR 4WD,,Not Rated,Not Rated,Not Rated,Not Rated,Not Rated,Not Rated,Not Rated,Not Rated,Not Rated,Not Rated,Not Rated,Not Rated,0,0, ,Not Rated,Standard,No,No,7,6,2,2020/MERCEDES-BENZ/S-CLASS/2020 Mercedes-Benz S-Class 4 DR 4WD.png
15089,2020,MERCEDES-BENZ,S-CLASS,2020 Mercedes-Benz S-Class 2 DR 4WD,,Not Rated,Not Rated,Not Rated,Not Rated,Not Rated,Not Rated,Not Rated,Not Rated,Not Rated,Not Rated,Not Rated,Not Rated,0,0, ,Not Rated,Standard,No,No,7,6,2,2020/MERCEDES-BENZ/S-CLASS/2020 Mercedes-Benz S-Class 2 DR 4WD.png
15062,2020,MERCEDES-BENZ,S-CLASS CABRIOLET,2020 Mercedes-Benz S-Class Cabriolet C RWD,,Not Rated,Not Rated,Not Rated,Not Rated,Not Rated,Not Rated,Not Rated,Not Rated,Not Rated,Not Rated,Not Rated,Not Rated,0,0, ,Not Rated,Standard,No,No,7,6,2,2020/MERCEDES-BENZ/S-CLASS CABRIOLET/2020 Mercedes-Benz S-Class Cabriolet C RWD.png
15090,2020,MERCEDES-BENZ,S-CLASS CABRIOLET,2020 Mercedes-Benz S-Class Cabriolet C 4WD,,Not Rated,Not Rated,Not Rated,Not Rated,Not Rated,Not Rated,Not Rated,Not Rated,Not Rated,Not Rated,Not Rated,Not Rated,0,0, ,Not Rated,Standard,No,No,7,6,2,2020/MERCEDES-BENZ/S-CLASS CABRIOLET/2020 Mercedes-Benz S-Class Cabriolet C 4WD.png
15059,2020,MERCEDES-BENZ,S-CLASS HYBRID,2020 Mercedes-Benz S-Class Hybrid 4 DR RWD,,Not Rated,Not Rated,Not Rated,Not Rated,Not Rated,Not Rated,Not Rated,Not Rated,Not Rated,Not Rated,Not Rated,Not Rated,0,0, ,Not Rated,Standard,No,No,5,4,1,2020/MERCEDES-BENZ/S-CLASS HYBRID/2020 Mercedes-Benz S-Class Hybrid 4 DR RWD.png
15063,2020,MERCEDES-BENZ,SL-CLASS,2020 Mercedes-Benz SL-Class C RWD,,Not Rated,Not Rated,Not Rated,Not Rated,Not Rated,Not Rated,Not Rated,Not Rated,Not Rated,Not Rated,Not Rated,Not Rated,0,0, ,Not Rated,Standard,No,No,2,3,0,2020/MERCEDES-BENZ/SL-CLASS/2020 Mercedes-Benz SL-Class C RWD.png
15064,2020,MERCEDES-BENZ,SLC-CLASS,2020 Mercedes-Benz SLC-Class C RWD,,Not Rated,Not Rated,Not Rated,Not Rated,Not Rated,Not Rated,Not Rated,Not Rated,Not Rated,Not Rated,Not Rated,Not Rated,0,0, ,Not Rated,Standard,No,No,1,2,0,2020/MERCEDES-BENZ/SLC-CLASS/2020 Mercedes-Benz SLC-Class C RWD.png
14847,2020,MERCEDES-BENZ,SPRINTER 1500 12 PASSENGER,2020 Mercedes-Benz Sprinter 1500 12 Passenger Van RWD,,Not Rated,Not Rated,Not Rated,Not Rated,Not Rated,Not Rated,Not Rated,Not Rated,Not Rated,Not Rated,Not Rated,Not Rated,0,0, ,Not Rated,Standard,No,No,5,22,0,2020/MERCEDES-BENZ/SPRINTER 1500 12 PASSENGER/2020 Mercedes-Benz Sprinter 1500 12 Passenger Van RWD.png
14850,2020,MERCEDES-BENZ,SPRINTER 1500 CARGO,2020 Mercedes-Benz Sprinter 1500 Cargo Van RWD,,Not Rated,Not Rated,Not Rated,Not Rated,Not Rated,Not Rated,Not Rated,Not Rated,Not Rated,Not Rated,Not Rated,Not Rated,0,0, ,Not Rated,Standard,No,No,5,22,0,2020/MERCEDES-BENZ/SPRINTER 1500 CARGO/2020 Mercedes-Benz Sprinter 1500 Cargo Van RWD.png
14848,2020,MERCEDES-BENZ,SPRINTER 2500 12 PASSENGER,2020 Mercedes-Benz Sprinter 2500 12 Passenger Van RWD,,Not Rated,Not Rated,Not Rated,Not Rated,Not Rated,Not Rated,Not Rated,Not Rated,Not Rated,Not Rated,1,Not Rated,0.924,0,No Tip,Not Rated,Standard,No,No,78,22,0,2020/MERCEDES-BENZ/SPRINTER 2500 12 PASSENGER/2020 Mercedes-Benz Sprinter 2500 12 Passenger Van RWD.png
14865,2020,MERCEDES-BENZ,SPRINTER 2500 12 PASSENGER,2020 Mercedes-Benz Sprinter 2500 12 Passenger Van AWD,,Not Rated,Not Rated,Not Rated,Not Rated,Not Rated,Not Rated,Not Rated,Not Rated,Not Rated,Not Rated,1,Not Rated,0.99,0,No Tip,Not Rated,Standard,No,No,78,22,0,2020/MERCEDES-BENZ/SPRINTER 2500 12 PASSENGER/2020 Mercedes-Benz Sprinter 2500 12 Passenger Van AWD.png
14849,2020,MERCEDES-BENZ,SPRINTER 2500 15 PASSENGER,2020 Mercedes-Benz Sprinter 2500 15 Passenger Van RWD,,Not Rated,Not Rated,Not Rated,Not Rated,Not Rated,Not Rated,Not Rated,Not Rated,Not Rated,Not Rated,1,Not Rated,0.99,0,No Tip,Not Rated,Standard,No,No,78,22,0,2020/MERCEDES-BENZ/SPRINTER 2500 15 PASSENGER/2020 Mercedes-Benz Sprinter 2500 15 Passenger Van RWD.png
14851,2020,MERCEDES-BENZ,SPRINTER 2500 CARGO,2020 Mercedes-Benz Sprinter 2500 Cargo Van RWD,,Not Rated,Not Rated,Not Rated,Not Rated,Not Rated,Not Rated,Not Rated,Not Rated,Not Rated,Not Rated,Not Rated,Not Rated,0,0, ,Not Rated,Standard,No,No,78,22,0,2020/MERCEDES-BENZ/SPRINTER 2500 CARGO/2020 Mercedes-Benz Sprinter 2500 Cargo Van RWD.png
14867,2020,MERCEDES-BENZ,SPRINTER 2500 CARGO,2020 Mercedes-Benz Sprinter 2500 Cargo Van AWD,,Not Rated,Not Rated,Not Rated,Not Rated,Not Rated,Not Rated,Not Rated,Not Rated,Not Rated,Not Rated,Not Rated,Not Rated,0,0, ,Not Rated,Standard,No,No,78,22,0,2020/MERCEDES-BENZ/SPRINTER 2500 CARGO/2020 Mercedes-Benz Sprinter 2500 Cargo Van AWD.png
14852,2020,MERCEDES-BENZ,SPRINTER 2500 CARGO DIESEL,2020 Mercedes-Benz Sprinter 2500 Cargo Van Diesel RWD,,Not Rated,Not Rated,Not Rated,Not Rated,Not Rated,Not Rated,Not Rated,Not Rated,Not Rated,Not Rated,Not Rated,Not Rated,0,0, ,Not Rated,Standard,No,No,78,22,0,2020/MERCEDES-BENZ/SPRINTER 2500 CARGO DIESEL/2020 Mercedes-Benz Sprinter 2500 Cargo Van Diesel RWD.png
14868,2020,MERCEDES-BENZ,SPRINTER 2500 CARGO DIESEL,2020 Mercedes-Benz Sprinter 2500 Cargo Van Diesel AWD,,Not Rated,Not Rated,Not Rated,Not Rated,Not Rated,Not Rated,Not Rated,Not Rated,Not Rated,Not Rated,Not Rated,Not Rated,0,0, ,Not Rated,Standard,No,No,78,22,0,2020/MERCEDES-BENZ/SPRINTER 2500 CARGO DIESEL/2020 Mercedes-Benz Sprinter 2500 Cargo Van Diesel AWD.png
14853,2020,MERCEDES-BENZ,SPRINTER 2500 CREW,2020 Mercedes-Benz Sprinter 2500 Crew Van RWD,,Not Rated,Not Rated,Not Rated,Not Rated,Not Rated,Not Rated,Not Rated,Not Rated,Not Rated,Not Rated,Not Rated,Not Rated,0,0, ,Not Rated,Standard,No,No,78,22,0,2020/MERCEDES-BENZ/SPRINTER 2500 CREW/2020 Mercedes-Benz Sprinter 2500 Crew Van RWD.png
14869,2020,MERCEDES-BENZ,SPRINTER 2500 CREW,2020 Mercedes-Benz Sprinter 2500 Crew Van AWD,,Not Rated,Not Rated,Not Rated,Not Rated,Not Rated,Not Rated,Not Rated,Not Rated,Not Rated,Not Rated,Not Rated,Not Rated,0,0, ,Not Rated,Standard,No,No,78,22,0,2020/MERCEDES-BENZ/SPRINTER 2500 CREW/2020 Mercedes-Benz Sprinter 2500 Crew Van AWD.png
14854,2020,MERCEDES-BENZ,SPRINTER 2500 CREW DIESEL,2020 Mercedes-Benz Sprinter 2500 Crew Van Diesel RWD,,Not Rated,Not Rated,Not Rated,Not Rated,Not Rated,Not Rated,Not Rated,Not Rated,Not Rated,Not Rated,Not Rated,Not Rated,0,0, ,Not Rated,Standard,No,No,78,22,0,2020/MERCEDES-BENZ/SPRINTER 2500 CREW DIESEL/2020 Mercedes-Benz Sprinter 2500 Crew Van Diesel RWD.png
14870,2020,MERCEDES-BENZ,SPRINTER 2500 CREW DIESEL,2020 Mercedes-Benz Sprinter 2500 Crew Van Diesel AWD,,Not Rated,Not Rated,Not Rated,Not Rated,Not Rated,Not Rated,Not Rated,Not Rated,Not Rated,Not Rated,Not Rated,Not Rated,0,0, ,Not Rated,Standard,No,No,78,22,0,2020/MERCEDES-BENZ/SPRINTER 2500 CREW DIESEL/2020 Mercedes-Benz Sprinter 2500 Crew Van Diesel AWD.png
15060,2020,MERCEDES-MAYBACH,S-CLASS,2020 Mercedes-Maybach S-Class 4 DR RWD,,Not Rated,Not Rated,Not Rated,Not Rated,Not Rated,Not Rated,Not Rated,Not Rated,Not Rated,Not Rated,Not Rated,Not Rated,0,0, ,Not Rated,Standard,No,No,0,0,0,2020/MERCEDES-MAYBACH/S-CLASS/2020 Mercedes-Maybach S-Class 4 DR RWD.png
15088,2020,MERCEDES-MAYBACH,S-CLASS,2020 Mercedes-Maybach S-Class 4 DR 4WD,,Not Rated,Not Rated,Not Rated,Not Rated,Not Rated,Not Rated,Not Rated,Not Rated,Not Rated,Not Rated,Not Rated,Not Rated,0,0, ,Not Rated,Standard,No,No,0,0,0,2020/MERCEDES-MAYBACH/S-CLASS/2020 Mercedes-Maybach S-Class 4 DR 4WD.png
14455,2020,MINI,CLUBMAN,2020 Mini Clubman 5 HB AWD,,Not Rated,Not Rated,Not Rated,Not Rated,Not Rated,Not Rated,Not Rated,Not Rated,Not Rated,Not Rated,Not Rated,Not Rated,0,0, ,Not Rated,Standard,Standard,No,0,0,0,2020/MINI/CLUBMAN/2020 Mini Clubman 5 HB AWD.png
14479,2020,MINI,CLUBMAN,2020 Mini Clubman 5 HB FWD,,Not Rated,Not Rated,Not Rated,Not Rated,Not Rated,Not Rated,Not Rated,Not Rated,Not Rated,Not Rated,Not Rated,Not Rated,0,0, ,Not Rated,Standard,Standard,No,0,0,0,2020/MINI/CLUBMAN/2020 Mini Clubman 5 HB FWD.png
14454,2020,MINI,CONVERTIBLE,2020 Mini Convertible C FWD,,Not Rated,Not Rated,Not Rated,Not Rated,Not Rated,Not Rated,Not Rated,Not Rated,Not Rated,Not Rated,Not Rated,Not Rated,0,0, ,Not Rated,Standard,Standard,No,0,0,0,2020/MINI/CONVERTIBLE/2020 Mini Convertible C FWD.png
15188,2020,MINI,COOPER SE,2020 Mini Cooper SE 3 HB FWD,,Not Rated,Not Rated,Not Rated,Not Rated,Not Rated,Not Rated,Not Rated,Not Rated,Not Rated,Not Rated,Not Rated,Not Rated,0,0, ,Not Rated,Standard,Standard,No,0,2,0,2020/MINI/COOPER SE/2020 Mini Cooper SE 3 HB FWD.png
14456,2020,MINI,COUNTRYMAN,2020 Mini Countryman 5 HB AWD,,Not Rated,Not Rated,Not Rated,Not Rated,Not Rated,Not Rated,Not Rated,Not Rated,Not Rated,Not Rated,Not Rated,Not Rated,0,0, ,Not Rated,Standard,Standard,No,6,2,0,2020/MINI/COUNTRYMAN/2020 Mini Countryman 5 HB AWD.png
14480,2020,MINI,COUNTRYMAN,2020 Mini Countryman 5 HB FWD,,Not Rated,Not Rated,Not Rated,Not Rated,Not Rated,Not Rated,Not Rated,Not Rated,Not Rated,Not Rated,Not Rated,Not Rated,0,0, ,Not Rated,Standard,Standard,No,6,2,0,2020/MINI/COUNTRYMAN/2020 Mini Countryman 5 HB FWD.png
14457,2020,MINI,COUNTRYMAN SE,2020 Mini Countryman SE 5 HB AWD,,Not Rated,Not Rated,Not Rated,Not Rated,Not Rated,Not Rated,Not Rated,Not Rated,Not Rated,Not Rated,Not Rated,Not Rated,0,0, ,Not Rated,Standard,Standard,No,6,2,0,2020/MINI/COUNTRYMAN SE/2020 Mini Countryman SE 5 HB AWD.png
14452,2020,MINI,HARDTOP,2020 Mini Hardtop 3 HB FWD,,4,4,4,5,4,5,3,5,3,4,4,Not Rated,0.111,0,No Tip,5,Standard,Standard,No,0,0,0,2020/MINI/HARDTOP/2020 Mini Hardtop 3 HB FWD.png
14453,2020,MINI,HARDTOP,2020 Mini Hardtop 5 HB FWD,,Not Rated,Not Rated,Not Rated,Not Rated,Not Rated,Not Rated,Not Rated,Not Rated,Not Rated,Not Rated,Not Rated,Not Rated,0,0, ,Not Rated,Standard,Standard,No,0,0,0,2020/MINI/HARDTOP/2020 Mini Hardtop 5 HB FWD.png
14539,2020,MITSUBISHI,ECLIPSE CROSS,2020 Mitsubishi ECLIPSE CROSS SUV FWD,,5,5,4,5,5,5,5,5,5,5,4,Not Rated,0.185,0,No Tip,5,Standard,Optional,Optional,5,0,0,2020/MITSUBISHI/ECLIPSE CROSS/2020 Mitsubishi ECLIPSE CROSS SUV FWD.png
14542,2020,MITSUBISHI,ECLIPSE CROSS,2020 Mitsubishi ECLIPSE CROSS SUV AWD,,5,5,4,5,5,5,5,5,5,5,4,Not Rated,0.185,0,No Tip,5,Standard,Optional,Optional,5,0,0,2020/MITSUBISHI/ECLIPSE CROSS/2020 Mitsubishi ECLIPSE CROSS SUV AWD.png
14534,2020,MITSUBISHI,MIRAGE,2020 Mitsubishi MIRAGE 5 HB FWD,,4,4,4,4,4,5,4,4,4,5,4,Not Rated,0.164,0,No Tip,2,Standard,No,No,1,0,0,2020/MITSUBISHI/MIRAGE/2020 Mitsubishi MIRAGE 5 HB FWD.png
14535,2020,MITSUBISHI,MIRAGE G4,2020 Mitsubishi MIRAGE G4 4 DR FWD,,Not Rated,Not Rated,Not Rated,Not Rated,Not Rated,Not Rated,Not Rated,Not Rated,Not Rated,Not Rated,Not Rated,Not Rated,0,0, ,Not Rated,Standard,No,No,4,0,0,2020/MITSUBISHI/MIRAGE G4/2020 Mitsubishi MIRAGE G4 4 DR FWD.png
14537,2020,MITSUBISHI,OUTLANDER,2020 Mitsubishi OUTLANDER SUV FWD,,4,4,4,5,5,5,5,5,5,5,4,Not Rated,0.185,0,No Tip,5,Standard,Optional,Optional,25,2,0,2020/MITSUBISHI/OUTLANDER/2020 Mitsubishi OUTLANDER SUV FWD.png
14541,2020,MITSUBISHI,OUTLANDER,2020 Mitsubishi OUTLANDER SUV AWD,,5,4,4,5,5,5,5,5,5,5,4,Not Rated,0.164,0,No Tip,5,Standard,Optional,Optional,25,2,0,2020/MITSUBISHI/OUTLANDER/2020 Mitsubishi OUTLANDER SUV AWD.png
14538,2020,MITSUBISHI,OUTLANDER PHEV,2020 Mitsubishi OUTLANDER PHEV SUV AWD,,5,4,4,4,5,5,5,5,5,5,4,Not Rated,0.137,0,No Tip,4,Standard,Optional,Optional,0,1,1,2020/MITSUBISHI/OUTLANDER PHEV/2020 Mitsubishi OUTLANDER PHEV SUV AWD.png
14536,2020,MITSUBISHI,OUTLANDER SPORT,2020 Mitsubishi OUTLANDER SPORT SUV FWD,,4,4,4,4,5,5,5,5,5,5,4,Not Rated,0.191,0,No Tip,5,Standard,Optional,Optional,25,1,0,2020/MITSUBISHI/OUTLANDER SPORT/2020 Mitsubishi OUTLANDER SPORT SUV FWD.png
14540,2020,MITSUBISHI,OUTLANDER SPORT,2020 Mitsubishi OUTLANDER SPORT SUV AWD,,4,4,4,4,5,5,5,5,5,5,4,Not Rated,0.169,0,No Tip,5,Standard,Optional,Optional,25,1,0,2020/MITSUBISHI/OUTLANDER SPORT/2020 Mitsubishi OUTLANDER SPORT SUV AWD.png
14514,2020,NISSAN,370Z,2020 Nissan 370Z 2 DR RWD,,Not Rated,Not Rated,Not Rated,Not Rated,Not Rated,Not Rated,Not Rated,Not Rated,Not Rated,Not Rated,Not Rated,Not Rated,0,0, ,Not Rated,Standard,No,No,0,0,0,2020/NISSAN/370Z/2020 Nissan 370Z 2 DR RWD.png
14494,2020,NISSAN,ALTIMA,2020 Nissan Altima 4 DR FWD,,5,4,5,4,5,4,5,4,5,5,5,Not Rated,0.092,0,No Tip,5,Standard,Standard,Optional,162,6,2,2020/NISSAN/ALTIMA/2020 Nissan Altima 4 DR FWD.png
14519,2020,NISSAN,ALTIMA,2020 Nissan Altima 4 DR AWD,,5,4,5,4,5,4,5,4,5,5,5,Not Rated,0.092,0,No Tip,5,Standard,Standard,Optional,162,6,2,2020/NISSAN/ALTIMA/2020 Nissan Altima 4 DR AWD.png
14512,2020,NISSAN,ARMADA,2020 Nissan Armada SUV RWD,,4,3,2,3,5,5,5,5,5,5,3,Not Rated,0.237,0,No Tip,5,Standard,Standard,Optional,5,0,0,2020/NISSAN/ARMADA/2020 Nissan Armada SUV RWD.png
14529,2020,NISSAN,ARMADA,2020 Nissan Armada SUV AWD,,4,3,2,3,5,5,5,5,5,5,3,Not Rated,0.219,0,No Tip,5,Standard,Standard,Optional,5,0,0,2020/NISSAN/ARMADA/2020 Nissan Armada SUV AWD.png
14498,2020,NISSAN,FRONTIER CREW CAB,2020 Nissan Frontier Crew Cab PU/CC RWD,,4,3,3,2,5,5,5,5,5,5,3,Not Rated,0.212,0,No Tip,5,Standard,No,No,20,2,0,2020/NISSAN/FRONTIER CREW CAB/2020 Nissan Frontier Crew Cab PU_CC RWD.png
14522,2020,NISSAN,FRONTIER CREW CAB,2020 Nissan Frontier Crew Cab PU/CC 4WD,,4,3,3,2,5,5,5,5,5,5,4,Not Rated,0.198,0,No Tip,5,Standard,No,No,20,2,0,2020/NISSAN/FRONTIER CREW CAB/2020 Nissan Frontier Crew Cab PU_CC 4WD.png
14497,2020,NISSAN,FRONTIER KING CAB,2020 Nissan Frontier King Cab PU/EC RWD,,Not Rated,Not Rated,Not Rated,Not Rated,Not Rated,Not Rated,Not Rated,Not Rated,Not Rated,Not Rated,3,Not Rated,0.212,0,No Tip,Not Rated,Standard,No,No,20,2,0,2020/NISSAN/FRONTIER KING CAB/2020 Nissan Frontier King Cab PU_EC RWD.png
14521,2020,NISSAN,FRONTIER KING CAB,2020 Nissan Frontier King Cab PU/EC 4WD,,Not Rated,Not Rated,Not Rated,Not Rated,Not Rated,Not Rated,Not Rated,Not Rated,Not Rated,Not Rated,4,Not Rated,0.198,0,No Tip,Not Rated,Standard,No,No,20,2,0,2020/NISSAN/FRONTIER KING CAB/2020 Nissan Frontier King Cab PU_EC 4WD.png
14515,2020,NISSAN,GTR,2020 Nissan GTR 2 DR AWD,,Not Rated,Not Rated,Not Rated,Not Rated,Not Rated,Not Rated,Not Rated,Not Rated,Not Rated,Not Rated,Not Rated,Not Rated,0,0, ,Not Rated,Standard,No,No,0,0,0,2020/NISSAN/GTR/2020 Nissan GTR 2 DR AWD.png
14510,2020,NISSAN,KICKS,2020 Nissan Kicks SUV FWD,,4,4,4,3,5,5,5,5,5,5,4,Not Rated,0.155,0,No Tip,5,Standard,Standard,Standard,84,0,0,2020/NISSAN/KICKS/2020 Nissan Kicks SUV FWD.png
14506,2020,NISSAN,LEAF,2020 Nissan LEAF (40 KWh Battery) 5 HB FWD,,5,4,5,4,5,5,5,5,5,5,4,Not Rated,0.107,0,No Tip,5,Standard,Standard,Standard,126,6,1,2020/NISSAN/LEAF/2020 Nissan LEAF (40 KWh Battery) 5 HB FWD.png
14507,2020,NISSAN,LEAF PLUS,2020 Nissan LEAF PLUS (62 KWh Battery) 5 HB FWD,,5,4,5,4,5,5,5,5,5,5,4,Not Rated,0.107,0,No Tip,5,Standard,Standard,Standard,126,6,1,2020/NISSAN/LEAF PLUS/2020 Nissan LEAF PLUS (62 KWh Battery) 5 HB FWD.png
14495,2020,NISSAN,MAXIMA,2020 Nissan Maxima 4 DR FWD,,5,5,5,5,5,5,5,4,5,5,5,Not Rated,0.095,0,No Tip,4,Standard,Standard,Standard,20,1,0,2020/NISSAN/MAXIMA/2020 Nissan Maxima 4 DR FWD.png
14508,2020,NISSAN,MURANO,2020 Nissan Murano SUV FWD,,5,5,5,5,5,5,5,5,5,5,4,Not Rated,0.159,0,No Tip,5,Standard,Standard,Optional,40,2,0,2020/NISSAN/MURANO/2020 Nissan Murano SUV FWD.png
14526,2020,NISSAN,MURANO,2020 Nissan Murano SUV AWD,,5,5,5,5,5,5,5,5,5,5,4,Not Rated,0.151,0,No Tip,5,Standard,Standard,Optional,40,2,0,2020/NISSAN/MURANO/2020 Nissan Murano SUV AWD.png
14503,2020,NISSAN,"NV1500, NV2500, NV3500","2020 Nissan NV1500, NV2500, NV3500 Van RWD",,Not Rated,Not Rated,Not Rated,Not Rated,Not Rated,Not Rated,Not Rated,Not Rated,Not Rated,Not Rated,Not Rated,Not Rated,0,0, ,Not Rated,Standard,No,No,1,0,0,"2020/NISSAN/NV1500, NV2500, NV3500/2020 Nissan NV1500, NV2500, NV3500 Van RWD.png"
14505,2020,NISSAN,NV200 CARGO,2020 Nissan NV200 Cargo Van FWD,,Not Rated,Not Rated,Not Rated,Not Rated,Not Rated,Not Rated,Not Rated,Not Rated,Not Rated,Not Rated,Not Rated,Not Rated,0,0, ,Not Rated,Standard,No,No,0,1,0,2020/NISSAN/NV200 CARGO/2020 Nissan NV200 Cargo Van FWD.png
14504,2020,NISSAN,NV3500 PASSENGER VAN,2020 Nissan NV3500 Passenger Van Van RWD,,Not Rated,Not Rated,Not Rated,Not Rated,Not Rated,Not Rated,Not Rated,Not Rated,Not Rated,Not Rated,2,Not Rated,0.306,0,No Tip,Not Rated,Standard,No,No,1,0,0,2020/NISSAN/NV3500 PASSENGER VAN/2020 Nissan NV3500 Passenger Van Van RWD.png
14496,2020,NISSAN,PATHFINDER,2020 Nissan Pathfinder SUV FWD,,5,4,4,5,5,5,5,5,5,5,4,Not Rated,0.174,0,No Tip,5,Standard,Standard,No,43,0,0,2020/NISSAN/PATHFINDER/2020 Nissan Pathfinder SUV FWD.png
14520,2020,NISSAN,PATHFINDER,2020 Nissan Pathfinder SUV AWD,,5,4,4,5,5,5,5,5,5,5,4,Not Rated,0.179,0,No Tip,5,Standard,Standard,No,43,0,0,2020/NISSAN/PATHFINDER/2020 Nissan Pathfinder SUV AWD.png
14509,2020,NISSAN,ROGUE,2020 Nissan Rogue SUV FWD,,4,4,3,4,5,5,5,5,5,5,4,Not Rated,0.169,0,No Tip,4,Standard,Standard,Standard,136,1,0,2020/NISSAN/ROGUE/2020 Nissan Rogue SUV FWD.png
14527,2020,NISSAN,ROGUE,2020 Nissan Rogue SUV AWD,,4,4,3,4,5,5,5,5,5,5,4,Not Rated,0.164,0,No Tip,4,Standard,Standard,Standard,136,1,0,2020/NISSAN/ROGUE/2020 Nissan Rogue SUV AWD.png
14513,2020,NISSAN,ROGUE SPORT,2020 Nissan Rogue Sport SUV FWD,,Not Rated,Not Rated,Not Rated,Not Rated,Not Rated,Not Rated,Not Rated,Not Rated,Not Rated,Not Rated,4,Not Rated,0.143,0,No Tip,5,Standard,Standard,Standard,49,1,0,2020/NISSAN/ROGUE SPORT/2020 Nissan Rogue Sport SUV FWD.png
14530,2020,NISSAN,ROGUE SPORT,2020 Nissan Rogue Sport SUV AWD,,Not Rated,Not Rated,Not Rated,Not Rated,Not Rated,Not Rated,Not Rated,Not Rated,Not Rated,Not Rated,4,Not Rated,0.159,0,No Tip,5,Standard,Standard,Standard,49,1,0,2020/NISSAN/ROGUE SPORT/2020 Nissan Rogue Sport SUV AWD.png
14493,2020,NISSAN,SENTRA,2020 Nissan Sentra 4 DR FWD,,5,4,5,3,5,5,5,5,5,5,5,Not Rated,0.099,0,No Tip,5,Standard,Standard,No,193,4,0,2020/NISSAN/SENTRA/2020 Nissan Sentra 4 DR FWD.png
14500,2020,NISSAN,TITAN,2020 Nissan Titan King Cab PU/EC RWD,,Not Rated,Not Rated,Not Rated,Not Rated,Not Rated,Not Rated,Not Rated,Not Rated,Not Rated,Not Rated,4,Not Rated,0.198,0,No Tip,Not Rated,Standard,Standard,Standard,18,5,0,2020/NISSAN/TITAN/2020 Nissan Titan King Cab PU_EC RWD.png
14501,2020,NISSAN,TITAN,2020 Nissan Titan Crew Cab PU/CC RWD,,4,4,4,3,5,5,5,5,5,5,4,Not Rated,0.198,0,No Tip,5,Standard,Standard,Standard,18,5,0,2020/NISSAN/TITAN/2020 Nissan Titan Crew Cab PU_CC RWD.png
14523,2020,NISSAN,TITAN,2020 Nissan Titan King Cab PU/EC 4WD,,Not Rated,Not Rated,Not Rated,Not Rated,Not Rated,Not Rated,Not Rated,Not Rated,Not Rated,Not Rated,4,Not Rated,0.198,0,No Tip,Not Rated,Standard,Standard,Standard,18,5,0,2020/NISSAN/TITAN/2020 Nissan Titan King Cab PU_EC 4WD.png
14524,2020,NISSAN,TITAN,2020 Nissan Titan Crew Cab PU/CC 4WD,,4,4,4,3,5,5,5,5,5,5,3,Not Rated,0.228,0,No Tip,5,Standard,Standard,Standard,18,5,0,2020/NISSAN/TITAN/2020 Nissan Titan Crew Cab PU_CC 4WD.png
14499,2020,NISSAN,TITAN XD,2020 Nissan Titan XD Crew Cab PU/CC 4WD,,Not Rated,Not Rated,Not Rated,Not Rated,Not Rated,Not Rated,Not Rated,Not Rated,Not Rated,Not Rated,Not Rated,Not Rated,0,0, ,Not Rated,Standard,Optional,Standard,18,5,0,2020/NISSAN/TITAN XD/2020 Nissan Titan XD Crew Cab PU_CC 4WD.png
14492,2020,NISSAN,VERSA,2020 Nissan Versa 4 DR FWD,,5,5,5,4,5,5,5,5,5,5,4,Not Rated,0.118,0,No Tip,5,Standard,Standard,Standard,55,2,0,2020/NISSAN/VERSA/2020 Nissan Versa 4 DR FWD.png
14990,2020,PORSCHE,718 BOXSTER,2020 Porsche 718 Boxster C RWD,,Not Rated,Not Rated,Not Rated,Not Rated,Not Rated,Not Rated,Not Rated,Not Rated,Not Rated,Not Rated,Not Rated,Not Rated,0,0, ,Not Rated,Standard,No,No,0,0,0,2020/PORSCHE/718 BOXSTER/2020 Porsche 718 Boxster C RWD.png
14994,2020,PORSCHE,718 BOXSTER 6,2020 Porsche 718 Boxster 6 C RWD,,Not Rated,Not Rated,Not Rated,Not Rated,Not Rated,Not Rated,Not Rated,Not Rated,Not Rated,Not Rated,Not Rated,Not Rated,0,0, ,Not Rated,Standard,No,No,0,0,0,2020/PORSCHE/718 BOXSTER 6/2020 Porsche 718 Boxster 6 C RWD.png
14992,2020,PORSCHE,718 BOXSTER GTS,2020 Porsche 718 Boxster GTS C RWD,,Not Rated,Not Rated,Not Rated,Not Rated,Not Rated,Not Rated,Not Rated,Not Rated,Not Rated,Not Rated,Not Rated,Not Rated,0,0, ,Not Rated,Standard,No,No,0,0,0,2020/PORSCHE/718 BOXSTER GTS/2020 Porsche 718 Boxster GTS C RWD.png
14991,2020,PORSCHE,718 BOXSTER S,2020 Porsche 718 Boxster S C RWD,,Not Rated,Not Rated,Not Rated,Not Rated,Not Rated,Not Rated,Not Rated,Not Rated,Not Rated,Not Rated,Not Rated,Not Rated,0,0, ,Not Rated,Standard,No,No,0,0,0,2020/PORSCHE/718 BOXSTER S/2020 Porsche 718 Boxster S C RWD.png
14993,2020,PORSCHE,718 BOXSTER T,2020 Porsche 718 Boxster T C RWD,,Not Rated,Not Rated,Not Rated,Not Rated,Not Rated,Not Rated,Not Rated,Not Rated,Not Rated,Not Rated,Not Rated,Not Rated,0,0, ,Not Rated,Standard,No,No,0,0,0,2020/PORSCHE/718 BOXSTER T/2020 Porsche 718 Boxster T C RWD.png
14985,2020,PORSCHE,718 CAYMAN,2020 Porsche 718 Cayman 2 DR RWD,,Not Rated,Not Rated,Not Rated,Not Rated,Not Rated,Not Rated,Not Rated,Not Rated,Not Rated,Not Rated,Not Rated,Not Rated,0,0, ,Not Rated,Standard,No,No,0,0,0,2020/PORSCHE/718 CAYMAN/2020 Porsche 718 Cayman 2 DR RWD.png
14989,2020,PORSCHE,718 CAYMAN 6,2020 Porsche 718 Cayman 6 2 DR RWD,,Not Rated,Not Rated,Not Rated,Not Rated,Not Rated,Not Rated,Not Rated,Not Rated,Not Rated,Not Rated,Not Rated,Not Rated,0,0, ,Not Rated,Standard,No,No,0,0,0,2020/PORSCHE/718 CAYMAN 6/2020 Porsche 718 Cayman 6 2 DR RWD.png
14996,2020,PORSCHE,718 CAYMAN GT4,2020 Porsche 718 Cayman GT4 2 DR RWD,,Not Rated,Not Rated,Not Rated,Not Rated,Not Rated,Not Rated,Not Rated,Not Rated,Not Rated,Not Rated,Not Rated,Not Rated,0,0, ,Not Rated,Standard,No,No,0,0,0,2020/PORSCHE/718 CAYMAN GT4/2020 Porsche 718 Cayman GT4 2 DR RWD.png
14987,2020,PORSCHE,718 CAYMAN GTS,2020 Porsche 718 Cayman GTS 2 DR RWD,,Not Rated,Not Rated,Not Rated,Not Rated,Not Rated,Not Rated,Not Rated,Not Rated,Not Rated,Not Rated,Not Rated,Not Rated,0,0, ,Not Rated,Standard,No,No,0,0,0,2020/PORSCHE/718 CAYMAN GTS/2020 Porsche 718 Cayman GTS 2 DR RWD.png
14986,2020,PORSCHE,718 CAYMAN S,2020 Porsche 718 Cayman S 2 DR RWD,,Not Rated,Not Rated,Not Rated,Not Rated,Not Rated,Not Rated,Not Rated,Not Rated,Not Rated,Not Rated,Not Rated,Not Rated,0,0, ,Not Rated,Standard,No,No,0,0,0,2020/PORSCHE/718 CAYMAN S/2020 Porsche 718 Cayman S 2 DR RWD.png
14988,2020,PORSCHE,718 CAYMAN T,2020 Porsche 718 Cayman T 2 DR RWD,,Not Rated,Not Rated,Not Rated,Not Rated,Not Rated,Not Rated,Not Rated,Not Rated,Not Rated,Not Rated,Not Rated,Not Rated,0,0, ,Not Rated,Standard,No,No,0,0,0,2020/PORSCHE/718 CAYMAN T/2020 Porsche 718 Cayman T 2 DR RWD.png
14995,2020,PORSCHE,718 SPYDER,2020 Porsche 718 Spyder C RWD,,Not Rated,Not Rated,Not Rated,Not Rated,Not Rated,Not Rated,Not Rated,Not Rated,Not Rated,Not Rated,Not Rated,Not Rated,0,0, ,Not Rated,Standard,No,No,0,0,0,2020/PORSCHE/718 SPYDER/2020 Porsche 718 Spyder C RWD.png
14997,2020,PORSCHE,911 CARRERA,2020 Porsche 911 Carrera 2 DR RWD,,Not Rated,Not Rated,Not Rated,Not Rated,Not Rated,Not Rated,Not Rated,Not Rated,Not Rated,Not Rated,Not Rated,Not Rated,0,0, ,Not Rated,Standard,No,No,2,7,0,2020/PORSCHE/911 CARRERA/2020 Porsche 911 Carrera 2 DR RWD.png
15001,2020,PORSCHE,911 CARRERA 4,2020 Porsche 911 Carrera 4 2 DR AWD,,Not Rated,Not Rated,Not Rated,Not Rated,Not Rated,Not Rated,Not Rated,Not Rated,Not Rated,Not Rated,Not Rated,Not Rated,0,0, ,Not Rated,Standard,No,No,2,7,0,2020/PORSCHE/911 CARRERA 4/2020 Porsche 911 Carrera 4 2 DR AWD.png
15006,2020,PORSCHE,911 CARRERA 4 CABRIOLET,2020 Porsche 911 Carrera 4 Cabriolet C AWD,,Not Rated,Not Rated,Not Rated,Not Rated,Not Rated,Not Rated,Not Rated,Not Rated,Not Rated,Not Rated,Not Rated,Not Rated,0,0, ,Not Rated,Standard,No,No,2,7,0,2020/PORSCHE/911 CARRERA 4 CABRIOLET/2020 Porsche 911 Carrera 4 Cabriolet C AWD.png
15002,2020,PORSCHE,911 CARRERA 4S,2020 Porsche 911 Carrera 4S 2 DR AWD,,Not Rated,Not Rated,Not Rated,Not Rated,Not Rated,Not Rated,Not Rated,Not Rated,Not Rated,Not Rated,Not Rated,Not Rated,0,0, ,Not Rated,Standard,No,No,2,7,0,2020/PORSCHE/911 CARRERA 4S/2020 Porsche 911 Carrera 4S 2 DR AWD.png
15007,2020,PORSCHE,911 CARRERA 4S CABRIOLET,2020 Porsche 911 Carrera 4S Cabriolet C AWD,,Not Rated,Not Rated,Not Rated,Not Rated,Not Rated,Not Rated,Not Rated,Not Rated,Not Rated,Not Rated,Not Rated,Not Rated,0,0, ,Not Rated,Standard,No,No,2,7,0,2020/PORSCHE/911 CARRERA 4S CABRIOLET/2020 Porsche 911 Carrera 4S Cabriolet C AWD.png
14999,2020,PORSCHE,911 CARRERA CABRIOLET,2020 Porsche 911 Carrera Cabriolet C RWD,,Not Rated,Not Rated,Not Rated,Not Rated,Not Rated,Not Rated,Not Rated,Not Rated,Not Rated,Not Rated,Not Rated,Not Rated,0,0, ,Not Rated,Standard,No,No,2,7,0,2020/PORSCHE/911 CARRERA CABRIOLET/2020 Porsche 911 Carrera Cabriolet C RWD.png
14998,2020,PORSCHE,911 CARRERA S,2020 Porsche 911 Carrera S 2 DR RWD,,Not Rated,Not Rated,Not Rated,Not Rated,Not Rated,Not Rated,Not Rated,Not Rated,Not Rated,Not Rated,Not Rated,Not Rated,0,0, ,Not Rated,Standard,No,No,2,3,0,2020/PORSCHE/911 CARRERA S/2020 Porsche 911 Carrera S 2 DR RWD.png
15000,2020,PORSCHE,911 CARRERA S CABRIOLET,2020 Porsche 911 Carrera S Cabriolet C RWD,,Not Rated,Not Rated,Not Rated,Not Rated,Not Rated,Not Rated,Not Rated,Not Rated,Not Rated,Not Rated,Not Rated,Not Rated,0,0, ,Not Rated,Standard,No,No,2,3,0,2020/PORSCHE/911 CARRERA S CABRIOLET/2020 Porsche 911 Carrera S Cabriolet C RWD.png
15004,2020,PORSCHE,911 TARGA 4,2020 Porsche 911 Targa 4 C AWD,,Not Rated,Not Rated,Not Rated,Not Rated,Not Rated,Not Rated,Not Rated,Not Rated,Not Rated,Not Rated,Not Rated,Not Rated,0,0, ,Not Rated,Standard,No,No,1,2,0,2020/PORSCHE/911 TARGA 4/2020 Porsche 911 Targa 4 C AWD.png
15005,2020,PORSCHE,911 TARGA 4S,2020 Porsche 911 Targa 4S C AWD,,Not Rated,Not Rated,Not Rated,Not Rated,Not Rated,Not Rated,Not Rated,Not Rated,Not Rated,Not Rated,Not Rated,Not Rated,0,0, ,Not Rated,Standard,No,No,1,2,0,2020/PORSCHE/911 TARGA 4S/2020 Porsche 911 Targa 4S C AWD.png
15003,2020,PORSCHE,911 TURBO S,2020 Porsche 911 Turbo S C AWD,,Not Rated,Not Rated,Not Rated,Not Rated,Not Rated,Not Rated,Not Rated,Not Rated,Not Rated,Not Rated,Not Rated,Not Rated,0,0, ,Not Rated,Standard,No,No,1,2,0,2020/PORSCHE/911 TURBO S/2020 Porsche 911 Turbo S C AWD.png
15008,2020,PORSCHE,911 TURBO S CABRIOLET,2020 Porsche 911 Turbo S Cabriolet C AWD,,Not Rated,Not Rated,Not Rated,Not Rated,Not Rated,Not Rated,Not Rated,Not Rated,Not Rated,Not Rated,Not Rated,Not Rated,0,0, ,Not Rated,Standard,No,No,1,2,0,2020/PORSCHE/911 TURBO S CABRIOLET/2020 Porsche 911 Turbo S Cabriolet C AWD.png
15009,2020,PORSCHE,CAYENNE,2020 Porsche Cayenne SUV AWD,,Not Rated,Not Rated,Not Rated,Not Rated,Not Rated,Not Rated,Not Rated,Not Rated,Not Rated,Not Rated,Not Rated,Not Rated,0,0, ,Not Rated,Standard,No,No,13,4,0,2020/PORSCHE/CAYENNE/2020 Porsche Cayenne SUV AWD.png
15014,2020,PORSCHE,CAYENNE COUPE,2020 Porsche Cayenne Coupe SUV AWD,,Not Rated,Not Rated,Not Rated,Not Rated,Not Rated,Not Rated,Not Rated,Not Rated,Not Rated,Not Rated,Not Rated,Not Rated,0,0, ,Not Rated,Standard,No,No,13,4,0,2020/PORSCHE/CAYENNE COUPE/2020 Porsche Cayenne Coupe SUV AWD.png
15015,2020,PORSCHE,CAYENNE COUPE E-HYBRID,2020 Porsche Cayenne Coupe E-Hybrid SUV AWD,,Not Rated,Not Rated,Not Rated,Not Rated,Not Rated,Not Rated,Not Rated,Not Rated,Not Rated,Not Rated,Not Rated,Not Rated,0,0, ,Not Rated,Standard,No,No,0,3,1,2020/PORSCHE/CAYENNE COUPE E-HYBRID/2020 Porsche Cayenne Coupe E-Hybrid SUV AWD.png
15016,2020,PORSCHE,CAYENNE COUPE S,2020 Porsche Cayenne Coupe S SUV AWD,,Not Rated,Not Rated,Not Rated,Not Rated,Not Rated,Not Rated,Not Rated,Not Rated,Not Rated,Not Rated,Not Rated,Not Rated,0,0, ,Not Rated,Standard,No,No,14,4,0,2020/PORSCHE/CAYENNE COUPE S/2020 Porsche Cayenne Coupe S SUV AWD.png
15017,2020,PORSCHE,CAYENNE COUPE TURBO,2020 Porsche Cayenne Coupe Turbo SUV AWD,,Not Rated,Not Rated,Not Rated,Not Rated,Not Rated,Not Rated,Not Rated,Not Rated,Not Rated,Not Rated,Not Rated,Not Rated,0,0, ,Not Rated,Standard,No,No,0,1,0,2020/PORSCHE/CAYENNE COUPE TURBO/2020 Porsche Cayenne Coupe Turbo SUV AWD.png
15018,2020,PORSCHE,CAYENNE COUPE TURBO S E-HYBRID,2020 Porsche Cayenne Coupe Turbo S E-Hybrid SUV AWD,,Not Rated,Not Rated,Not Rated,Not Rated,Not Rated,Not Rated,Not Rated,Not Rated,Not Rated,Not Rated,Not Rated,Not Rated,0,0, ,Not Rated,Standard,No,No,13,5,0,2020/PORSCHE/CAYENNE COUPE TURBO S E-HYBRID/2020 Porsche Cayenne Coupe Turbo S E-Hybrid SUV AWD.png
15010,2020,PORSCHE,CAYENNE E-HYBRID,2020 Porsche Cayenne E-Hybrid SUV AWD,,Not Rated,Not Rated,Not Rated,Not Rated,Not Rated,Not Rated,Not Rated,Not Rated,Not Rated,Not Rated,Not Rated,Not Rated,0,0, ,Not Rated,Standard,No,No,13,4,0,2020/PORSCHE/CAYENNE E-HYBRID/2020 Porsche Cayenne E-Hybrid SUV AWD.png
15011,2020,PORSCHE,CAYENNE S,2020 Porsche Cayenne S SUV AWD,,Not Rated,Not Rated,Not Rated,Not Rated,Not Rated,Not Rated,Not Rated,Not Rated,Not Rated,Not Rated,Not Rated,Not Rated,0,0, ,Not Rated,Standard,No,No,14,4,0,2020/PORSCHE/CAYENNE S/2020 Porsche Cayenne S SUV AWD.png
15012,2020,PORSCHE,CAYENNE TURBO,2020 Porsche Cayenne Turbo SUV AWD,,Not Rated,Not Rated,Not Rated,Not Rated,Not Rated,Not Rated,Not Rated,Not Rated,Not Rated,Not Rated,Not Rated,Not Rated,0,0, ,Not Rated,Standard,No,No,13,5,0,2020/PORSCHE/CAYENNE TURBO/2020 Porsche Cayenne Turbo SUV AWD.png
15013,2020,PORSCHE,CAYENNE TURBO S E-HYBRID,2020 Porsche Cayenne Turbo S E-Hybrid SUV AWD,,Not Rated,Not Rated,Not Rated,Not Rated,Not Rated,Not Rated,Not Rated,Not Rated,Not Rated,Not Rated,Not Rated,Not Rated,0,0, ,Not Rated,Standard,No,No,13,6,1,2020/PORSCHE/CAYENNE TURBO S E-HYBRID/2020 Porsche Cayenne Turbo S E-Hybrid SUV AWD.png
14963,2020,PORSCHE,MACAN,2020 Porsche Macan SUV AWD,,Not Rated,Not Rated,Not Rated,Not Rated,Not Rated,Not Rated,Not Rated,Not Rated,Not Rated,Not Rated,Not Rated,Not Rated,0,0, ,Not Rated,Standard,No,No,15,2,0,2020/PORSCHE/MACAN/2020 Porsche Macan SUV AWD.png
14965,2020,PORSCHE,MACAN GTS,2020 Porsche Macan GTS SUV AWD,,Not Rated,Not Rated,Not Rated,Not Rated,Not Rated,Not Rated,Not Rated,Not Rated,Not Rated,Not Rated,Not Rated,Not Rated,0,0, ,Not Rated,Standard,No,No,0,0,0,2020/PORSCHE/MACAN GTS/2020 Porsche Macan GTS SUV AWD.png
14964,2020,PORSCHE,MACAN S,2020 Porsche Macan S SUV AWD,,Not Rated,Not Rated,Not Rated,Not Rated,Not Rated,Not Rated,Not Rated,Not Rated,Not Rated,Not Rated,Not Rated,Not Rated,0,0, ,Not Rated,Standard,No,No,1,1,0,2020/PORSCHE/MACAN S/2020 Porsche Macan S SUV AWD.png
14966,2020,PORSCHE,MACAN TURBO,2020 Porsche Macan Turbo SUV AWD,,Not Rated,Not Rated,Not Rated,Not Rated,Not Rated,Not Rated,Not Rated,Not Rated,Not Rated,Not Rated,Not Rated,Not Rated,0,0, ,Not Rated,Standard,No,No,0,1,0,2020/PORSCHE/MACAN TURBO/2020 Porsche Macan Turbo SUV AWD.png
14967,2020,PORSCHE,PANAMERA,2020 Porsche Panamera 5 HB RWD,,Not Rated,Not Rated,Not Rated,Not Rated,Not Rated,Not Rated,Not Rated,Not Rated,Not Rated,Not Rated,Not Rated,Not Rated,0,0, ,Not Rated,Standard,No,No,5,1,0,2020/PORSCHE/PANAMERA/2020 Porsche Panamera 5 HB RWD.png
14968,2020,PORSCHE,PANAMERA 4,2020 Porsche Panamera 4 5 HB AWD,,Not Rated,Not Rated,Not Rated,Not Rated,Not Rated,Not Rated,Not Rated,Not Rated,Not Rated,Not Rated,Not Rated,Not Rated,0,0, ,Not Rated,Standard,No,No,0,2,0,2020/PORSCHE/PANAMERA 4/2020 Porsche Panamera 4 5 HB AWD.png
14969,2020,PORSCHE,PANAMERA 4 E-HYBRID,2020 Porsche Panamera 4 E-Hybrid 5 HB AWD,,Not Rated,Not Rated,Not Rated,Not Rated,Not Rated,Not Rated,Not Rated,Not Rated,Not Rated,Not Rated,Not Rated,Not Rated,0,0, ,Not Rated,Standard,No,No,0,0,1,2020/PORSCHE/PANAMERA 4 E-HYBRID/2020 Porsche Panamera 4 E-Hybrid 5 HB AWD.png
14975,2020,PORSCHE,PANAMERA 4 E-HYBRID EXECUTIVE,2020 Porsche Panamera 4 E-Hybrid Executive 5 HB AWD,,Not Rated,Not Rated,Not Rated,Not Rated,Not Rated,Not Rated,Not Rated,Not Rated,Not Rated,Not Rated,Not Rated,Not Rated,0,0, ,Not Rated,Standard,No,No,5,1,0,2020/PORSCHE/PANAMERA 4 E-HYBRID EXECUTIVE/2020 Porsche Panamera 4 E-Hybrid Executive 5 HB AWD.png
14980,2020,PORSCHE,PANAMERA 4 E-HYBRID SPORT TURISMO,2020 Porsche Panamera 4 E-Hybrid Sport Turismo SW AWD,,Not Rated,Not Rated,Not Rated,Not Rated,Not Rated,Not Rated,Not Rated,Not Rated,Not Rated,Not Rated,Not Rated,Not Rated,0,0, ,Not Rated,Standard,No,No,5,1,0,2020/PORSCHE/PANAMERA 4 E-HYBRID SPORT TURISMO/2020 Porsche Panamera 4 E-Hybrid Sport Turismo SW AWD.png
14974,2020,PORSCHE,PANAMERA 4 EXECUTIVE,2020 Porsche Panamera 4 Executive 5 HB AWD,,Not Rated,Not Rated,Not Rated,Not Rated,Not Rated,Not Rated,Not Rated,Not Rated,Not Rated,Not Rated,Not Rated,Not Rated,0,0, ,Not Rated,Standard,No,No,0,1,0,2020/PORSCHE/PANAMERA 4 EXECUTIVE/2020 Porsche Panamera 4 Executive 5 HB AWD.png
14979,2020,PORSCHE,PANAMERA 4 SPORT TURISMO,2020 Porsche Panamera 4 Sport Turismo SW AWD,,Not Rated,Not Rated,Not Rated,Not Rated,Not Rated,Not Rated,Not Rated,Not Rated,Not Rated,Not Rated,Not Rated,Not Rated,0,0, ,Not Rated,Standard,No,No,0,1,0,2020/PORSCHE/PANAMERA 4 SPORT TURISMO/2020 Porsche Panamera 4 Sport Turismo SW AWD.png
14970,2020,PORSCHE,PANAMERA 4S,2020 Porsche Panamera 4S 5 HB AWD,,Not Rated,Not Rated,Not Rated,Not Rated,Not Rated,Not Rated,Not Rated,Not Rated,Not Rated,Not Rated,Not Rated,Not Rated,0,0, ,Not Rated,Standard,No,No,0,1,0,2020/PORSCHE/PANAMERA 4S/2020 Porsche Panamera 4S 5 HB AWD.png
14976,2020,PORSCHE,PANAMERA 4S EXECUTIVE,2020 Porsche Panamera 4S Executive 5 HB AWD,,Not Rated,Not Rated,Not Rated,Not Rated,Not Rated,Not Rated,Not Rated,Not Rated,Not Rated,Not Rated,Not Rated,Not Rated,0,0, ,Not Rated,Standard,No,No,0,1,0,2020/PORSCHE/PANAMERA 4S EXECUTIVE/2020 Porsche Panamera 4S Executive 5 HB AWD.png
14981,2020,PORSCHE,PANAMERA 4S SPORT TURISMO,2020 Porsche Panamera 4S Sport Turismo SW AWD,,Not Rated,Not Rated,Not Rated,Not Rated,Not Rated,Not Rated,Not Rated,Not Rated,Not Rated,Not Rated,Not Rated,Not Rated,0,0, ,Not Rated,Standard,No,No,0,1,0,2020/PORSCHE/PANAMERA 4S SPORT TURISMO/2020 Porsche Panamera 4S Sport Turismo SW AWD.png
14971,2020,PORSCHE,PANAMERA GTS,2020 Porsche Panamera GTS 5 HB AWD,,Not Rated,Not Rated,Not Rated,Not Rated,Not Rated,Not Rated,Not Rated,Not Rated,Not Rated,Not Rated,Not Rated,Not Rated,0,0, ,Not Rated,Standard,No,No,0,1,0,2020/PORSCHE/PANAMERA GTS/2020 Porsche Panamera GTS 5 HB AWD.png
14982,2020,PORSCHE,PANAMERA GTS SPORT TURISMO,2020 Porsche Panamera GTS Sport Turismo SW AWD,,Not Rated,Not Rated,Not Rated,Not Rated,Not Rated,Not Rated,Not Rated,Not Rated,Not Rated,Not Rated,Not Rated,Not Rated,0,0, ,Not Rated,Standard,No,No,0,1,0,2020/PORSCHE/PANAMERA GTS SPORT TURISMO/2020 Porsche Panamera GTS Sport Turismo SW AWD.png
14972,2020,PORSCHE,PANAMERA TURBO,2020 Porsche Panamera Turbo 5 HB AWD,,Not Rated,Not Rated,Not Rated,Not Rated,Not Rated,Not Rated,Not Rated,Not Rated,Not Rated,Not Rated,Not Rated,Not Rated,0,0, ,Not Rated,Standard,No,No,0,1,0,2020/PORSCHE/PANAMERA TURBO/2020 Porsche Panamera Turbo 5 HB AWD.png
14977,2020,PORSCHE,PANAMERA TURBO EXECUTIVE,2020 Porsche Panamera Turbo Executive 5 HB AWD,,Not Rated,Not Rated,Not Rated,Not Rated,Not Rated,Not Rated,Not Rated,Not Rated,Not Rated,Not Rated,Not Rated,Not Rated,0,0, ,Not Rated,Standard,No,No,0,1,0,2020/PORSCHE/PANAMERA TURBO EXECUTIVE/2020 Porsche Panamera Turbo Executive 5 HB AWD.png
14973,2020,PORSCHE,PANAMERA TURBO S E-HYBRID,2020 Porsche Panamera Turbo S E-Hybrid 5 HB AWD,,Not Rated,Not Rated,Not Rated,Not Rated,Not Rated,Not Rated,Not Rated,Not Rated,Not Rated,Not Rated,Not Rated,Not Rated,0,0, ,Not Rated,Standard,No,No,0,0,1,2020/PORSCHE/PANAMERA TURBO S E-HYBRID/2020 Porsche Panamera Turbo S E-Hybrid 5 HB AWD.png
14978,2020,PORSCHE,PANAMERA TURBO S E-HYBRID EXECUTIVE,2020 Porsche Panamera Turbo S E-Hybrid Executive 5 HB AWD,,Not Rated,Not Rated,Not Rated,Not Rated,Not Rated,Not Rated,Not Rated,Not Rated,Not Rated,Not Rated,Not Rated,Not Rated,0,0, ,Not Rated,Standard,No,No,5,1,0,2020/PORSCHE/PANAMERA TURBO S E-HYBRID EXECUTIVE/2020 Porsche Panamera Turbo S E-Hybrid Executive 5 HB AWD.png
14984,2020,PORSCHE,PANAMERA TURBO S E-HYBRID SPORT TURISMO,2020 Porsche Panamera Turbo S E-Hybrid Sport Turismo SW AWD,,Not Rated,Not Rated,Not Rated,Not Rated,Not Rated,Not Rated,Not Rated,Not Rated,Not Rated,Not Rated,Not Rated,Not Rated,0,0, ,Not Rated,Standard,No,No,5,1,0,2020/PORSCHE/PANAMERA TURBO S E-HYBRID SPORT TURISMO/2020 Porsche Panamera Turbo S E-Hybrid Sport Turismo SW AWD.png
14983,2020,PORSCHE,PANAMERA TURBO SPORT TURISMO,2020 Porsche Panamera Turbo Sport Turismo SW AWD,,Not Rated,Not Rated,Not Rated,Not Rated,Not Rated,Not Rated,Not Rated,Not Rated,Not Rated,Not Rated,Not Rated,Not Rated,0,0, ,Not Rated,Standard,No,No,0,1,0,2020/PORSCHE/PANAMERA TURBO SPORT TURISMO/2020 Porsche Panamera Turbo Sport Turismo SW AWD.png
15019,2020,PORSCHE,TAYCAN 4S,2020 Porsche Taycan 4S 4 DR AWD,,Not Rated,Not Rated,Not Rated,Not Rated,Not Rated,Not Rated,Not Rated,Not Rated,Not Rated,Not Rated,Not Rated,Not Rated,0,0, ,Not Rated,Standard,No,No,2,4,0,2020/PORSCHE/TAYCAN 4S/2020 Porsche Taycan 4S 4 DR AWD.png
15020,2020,PORSCHE,TAYCAN 4S WITH PERFORMANCE PACK,2020 Porsche Taycan 4S with Performance Pack 4 DR AWD,,Not Rated,Not Rated,Not Rated,Not Rated,Not Rated,Not Rated,Not Rated,Not Rated,Not Rated,Not Rated,Not Rated,Not Rated,0,0, ,Not Rated,Standard,No,No,2,4,0,2020/PORSCHE/TAYCAN 4S WITH PERFORMANCE PACK/2020 Porsche Taycan 4S with Performance Pack 4 DR AWD.png
15021,2020,PORSCHE,TAYCAN TURBO,2020 Porsche Taycan Turbo 4 DR AWD,,Not Rated,Not Rated,Not Rated,Not Rated,Not Rated,Not Rated,Not Rated,Not Rated,Not Rated,Not Rated,Not Rated,Not Rated,0,0, ,Not Rated,Standard,No,No,0,4,0,2020/PORSCHE/TAYCAN TURBO/2020 Porsche Taycan Turbo 4 DR AWD.png
15022,2020,PORSCHE,TAYCAN TURBO S,2020 Porsche Taycan Turbo S 4 DR AWD,,Not Rated,Not Rated,Not Rated,Not Rated,Not Rated,Not Rated,Not Rated,Not Rated,Not Rated,Not Rated,Not Rated,Not Rated,0,0, ,Not Rated,Standard,No,No,0,4,0,2020/PORSCHE/TAYCAN TURBO S/2020 Porsche Taycan Turbo S 4 DR AWD.png
14254,2020,RAM,1500,2020 Ram 1500 Quad PU/EC 2WD,,4,4,4,4,5,5,5,5,5,5,4,Not Rated,0.198,0,No Tip,5,Standard,Optional,Optional,559,13,1,2020/RAM/1500/2020 Ram 1500 Quad PU_EC 2WD.png
14255,2020,RAM,1500,2020 Ram 1500 Crew PU/CC 2WD,,5,4,5,4,5,5,5,5,5,5,4,Not Rated,0.198,0,No Tip,5,Standard,Optional,Optional,559,13,1,2020/RAM/1500/2020 Ram 1500 Crew PU_CC 2WD.png
14280,2020,RAM,1500,2020 Ram 1500 Quad PU/EC 4WD,,4,4,4,4,5,5,5,5,5,5,4,Not Rated,0.198,0,No Tip,5,Standard,Optional,Optional,559,13,1,2020/RAM/1500/2020 Ram 1500 Quad PU_EC 4WD.png
14281,2020,RAM,1500,2020 Ram 1500 Crew PU/CC 4WD,,5,4,5,4,5,5,5,5,5,5,4,Not Rated,0.198,0,No Tip,5,Standard,Optional,Optional,559,13,1,2020/RAM/1500/2020 Ram 1500 Crew PU_CC 4WD.png
14251,2020,RAM,1500 CLASSIC,2020 Ram 1500 Classic Regular PU/RC 2WD,,4,4,4,4,5,5,Not Rated,5,Not Rated,5,4,Not Rated,0.198,0,No Tip,5,Standard,No,No,559,13,1,2020/RAM/1500 CLASSIC/2020 Ram 1500 Classic Regular PU_RC 2WD.png
14252,2020,RAM,1500 CLASSIC,2020 Ram 1500 Classic Quad PU/EC 2WD,,4,4,4,4,5,5,5,5,5,5,4,Not Rated,0.198,0,No Tip,5,Standard,No,No,559,13,1,2020/RAM/1500 CLASSIC/2020 Ram 1500 Classic Quad PU_EC 2WD.png
14253,2020,RAM,1500 CLASSIC,2020 Ram 1500 Classic Crew PU/CC 2WD,,4,4,4,4,5,5,5,5,5,5,4,Not Rated,0.198,0,No Tip,5,Standard,No,No,559,13,1,2020/RAM/1500 CLASSIC/2020 Ram 1500 Classic Crew PU_CC 2WD.png
14277,2020,RAM,1500 CLASSIC,2020 Ram 1500 Classic Regular PU/RC 4WD,,4,4,4,4,5,5,Not Rated,5,Not Rated,5,3,Not Rated,0.219,0,No Tip,5,Standard,No,No,559,13,1,2020/RAM/1500 CLASSIC/2020 Ram 1500 Classic Regular PU_RC 4WD.png
14278,2020,RAM,1500 CLASSIC,2020 Ram 1500 Classic Quad PU/EC 4WD,,4,4,4,4,5,5,5,5,5,5,3,Not Rated,0.219,0,No Tip,5,Standard,No,No,559,13,1,2020/RAM/1500 CLASSIC/2020 Ram 1500 Classic Quad PU_EC 4WD.png
14279,2020,RAM,1500 CLASSIC,2020 Ram 1500 Classic Crew PU/CC 4WD,,4,4,4,4,5,5,5,5,5,5,3,Not Rated,0.219,0,No Tip,5,Standard,No,No,559,13,1,2020/RAM/1500 CLASSIC/2020 Ram 1500 Classic Crew PU_CC 4WD.png
14256,2020,RAM,2500,2020 Ram 2500 Regular PU/RC 2WD,,Not Rated,Not Rated,Not Rated,Not Rated,Not Rated,Not Rated,Not Rated,Not Rated,Not Rated,Not Rated,4,Not Rated,0.198,0,No Tip,Not Rated,Standard,Optional,No,155,10,2,2020/RAM/2500/2020 Ram 2500 Regular PU_RC 2WD.png
14257,2020,RAM,2500,2020 Ram 2500 Crew PU/CC 2WD,,4,4,3,4,5,5,5,5,5,5,4,Not Rated,0.198,0,No Tip,5,Standard,Optional,No,155,10,2,2020/RAM/2500/2020 Ram 2500 Crew PU_CC 2WD.png
14282,2020,RAM,2500,2020 Ram 2500 Regular PU/RC 4WD,,Not Rated,Not Rated,Not Rated,Not Rated,Not Rated,Not Rated,Not Rated,Not Rated,Not Rated,Not Rated,3,Not Rated,0.292,0,No Tip,Not Rated,Standard,Optional,No,155,10,2,2020/RAM/2500/2020 Ram 2500 Regular PU_RC 4WD.png
14283,2020,RAM,2500,2020 Ram 2500 Crew PU/CC 4WD,,4,4,3,4,5,5,5,5,5,5,3,Not Rated,0.292,0,No Tip,5,Standard,Optional,No,155,10,2,2020/RAM/2500/2020 Ram 2500 Crew PU_CC 4WD.png
14284,2020,RAM,2500,2020 Ram 2500 Mega PU/EC 4WD,,Not Rated,Not Rated,Not Rated,Not Rated,Not Rated,Not Rated,Not Rated,Not Rated,Not Rated,Not Rated,3,Not Rated,0.292,0,No Tip,Not Rated,Standard,Optional,No,155,10,2,2020/RAM/2500/2020 Ram 2500 Mega PU_EC 4WD.png
14260,2020,RAM,PROMASTER,2020 Ram ProMaster VAN 2WD,,Not Rated,Not Rated,Not Rated,Not Rated,Not Rated,Not Rated,Not Rated,Not Rated,Not Rated,Not Rated,Not Rated,Not Rated,0,0, ,Not Rated,Standard,No,No,31,5,0,2020/RAM/PROMASTER/2020 Ram ProMaster VAN 2WD.png
14259,2020,RAM,PROMASTER CITY,2020 Ram ProMaster City VAN FWD,,Not Rated,Not Rated,Not Rated,Not Rated,Not Rated,Not Rated,Not Rated,Not Rated,Not Rated,Not Rated,Not Rated,Not Rated,0,0, ,Not Rated,Standard,No,No,1,2,0,2020/RAM/PROMASTER CITY/2020 Ram ProMaster City VAN FWD.png
14464,2020,ROLLS-ROYCE,CULLINAN,2020 Rolls-Royce Cullinan SUV AWD,,Not Rated,Not Rated,Not Rated,Not Rated,Not Rated,Not Rated,Not Rated,Not Rated,Not Rated,Not Rated,Not Rated,Not Rated,0,0, ,Not Rated,Standard,Standard,Standard,0,0,0,2020/ROLLS-ROYCE/CULLINAN/2020 Rolls-Royce Cullinan SUV AWD.png
14463,2020,ROLLS-ROYCE,DAWN,2020 Rolls-Royce Dawn C RWD,,Not Rated,Not Rated,Not Rated,Not Rated,Not Rated,Not Rated,Not Rated,Not Rated,Not Rated,Not Rated,Not Rated,Not Rated,0,0, ,Not Rated,Standard,Standard,Standard,0,0,0,2020/ROLLS-ROYCE/DAWN/2020 Rolls-Royce Dawn C RWD.png
14460,2020,ROLLS-ROYCE,GHOST,2020 Rolls-Royce Ghost 4 DR RWD,,Not Rated,Not Rated,Not Rated,Not Rated,Not Rated,Not Rated,Not Rated,Not Rated,Not Rated,Not Rated,Not Rated,Not Rated,0,0, ,Not Rated,Standard,Standard,Standard,0,0,0,2020/ROLLS-ROYCE/GHOST/2020 Rolls-Royce Ghost 4 DR RWD.png
14461,2020,ROLLS-ROYCE,GHOST EWB,2020 Rolls-Royce Ghost EWB 4 DR RWD,,Not Rated,Not Rated,Not Rated,Not Rated,Not Rated,Not Rated,Not Rated,Not Rated,Not Rated,Not Rated,Not Rated,Not Rated,0,0, ,Not Rated,Standard,Standard,Standard,0,0,0,2020/ROLLS-ROYCE/GHOST EWB/2020 Rolls-Royce Ghost EWB 4 DR RWD.png
14458,2020,ROLLS-ROYCE,PHANTOM,2020 Rolls-Royce Phantom 4 DR RWD,,Not Rated,Not Rated,Not Rated,Not Rated,Not Rated,Not Rated,Not Rated,Not Rated,Not Rated,Not Rated,Not Rated,Not Rated,0,0, ,Not Rated,Standard,Standard,Standard,0,1,0,2020/ROLLS-ROYCE/PHANTOM/2020 Rolls-Royce Phantom 4 DR RWD.png
14459,2020,ROLLS-ROYCE,PHANTOM EWB,2020 Rolls-Royce Phantom EWB 4 DR RWD,,Not Rated,Not Rated,Not Rated,Not Rated,Not Rated,Not Rated,Not Rated,Not Rated,Not Rated,Not Rated,Not Rated,Not Rated,0,0, ,Not Rated,Standard,Standard,Standard,0,1,0,2020/ROLLS-ROYCE/PHANTOM EWB/2020 Rolls-Royce Phantom EWB 4 DR RWD.png
14462,2020,ROLLS-ROYCE,WRAITH,2020 Rolls-Royce Wraith 2 DR RWD,,Not Rated,Not Rated,Not Rated,Not Rated,Not Rated,Not Rated,Not Rated,Not Rated,Not Rated,Not Rated,Not Rated,Not Rated,0,0, ,Not Rated,Standard,Standard,Standard,0,0,0,2020/ROLLS-ROYCE/WRAITH/2020 Rolls-Royce Wraith 2 DR RWD.png
14815,2020,SUBARU,ASCENT,2020 Subaru Ascent SUV AWD,,5,5,5,5,5,5,5,5,5,5,4,Not Rated,0.17,0,No Tip,5,Standard,Standard,Standard,305,4,0,2020/SUBARU/ASCENT/2020 Subaru Ascent SUV AWD.png
14816,2020,SUBARU,BRZ,2020 Subaru BRZ 2 DR RWD,,Not Rated,4,4,4,Not Rated,Not Rated,Not Rated,Not Rated,Not Rated,Not Rated,5,Not Rated,0.071,0,No Tip,Not Rated,Standard,No,No,2,0,0,2020/SUBARU/BRZ/2020 Subaru BRZ 2 DR RWD.png
14811,2020,SUBARU,CROSSTREK,2020 Subaru Crosstrek SW AWD,,5,4,4,4,5,5,5,5,5,5,4,Not Rated,0.156,0,No Tip,5,Standard,Optional,Optional,62,0,0,2020/SUBARU/CROSSTREK/2020 Subaru Crosstrek SW AWD.png
14812,2020,SUBARU,CROSSTREK HYBRID,2020 Subaru Crosstrek Hybrid SW AWD,,Not Rated,Not Rated,Not Rated,Not Rated,Not Rated,Not Rated,Not Rated,Not Rated,Not Rated,Not Rated,Not Rated,Not Rated,0,0, ,Not Rated,Standard,Standard,Standard,0,1,1,2020/SUBARU/CROSSTREK HYBRID/2020 Subaru Crosstrek Hybrid SW AWD.png
14814,2020,SUBARU,FORESTER,2020 Subaru Forester SUV AWD,,5,5,5,5,5,5,5,5,5,5,4,Not Rated,0.169,0,No Tip,5,Standard,Standard,Standard,584,0,0,2020/SUBARU/FORESTER/2020 Subaru Forester SUV AWD.png
14809,2020,SUBARU,IMPREZA,2020 Subaru Impreza 4 DR AWD,,5,5,5,5,5,5,5,5,5,5,5,Not Rated,0.095,0,No Tip,5,Standard,Optional,Optional,83,1,0,2020/SUBARU/IMPREZA/2020 Subaru Impreza 4 DR AWD.png
14810,2020,SUBARU,IMPREZA,2020 Subaru Impreza SW AWD,,5,5,5,5,5,5,5,5,5,5,5,Not Rated,0.095,0,No Tip,5,Standard,Optional,Optional,83,1,0,2020/SUBARU/IMPREZA/2020 Subaru Impreza SW AWD.png
14807,2020,SUBARU,LEGACY,2020 Subaru Legacy 4 DR AWD,,5,5,5,5,5,5,5,5,5,5,5,Not Rated,0.101,0,No Tip,5,Standard,Standard,Standard,119,6,0,2020/SUBARU/LEGACY/2020 Subaru Legacy 4 DR AWD.png
14808,2020,SUBARU,OUTBACK,2020 Subaru Outback SUV AWD,,5,5,5,5,5,5,5,5,5,5,4,Not Rated,0.185,0,No Tip,5,Standard,Standard,Standard,884,6,0,2020/SUBARU/OUTBACK/2020 Subaru Outback SUV AWD.png
14813,2020,SUBARU,WRX,2020 Subaru WRX 4 DR AWD,,5,5,4,5,5,5,5,5,5,5,5,Not Rated,0.101,0,No Tip,5,Standard,Optional,Optional,17,1,0,2020/SUBARU/WRX/2020 Subaru WRX 4 DR AWD.png
15104,2020,TESLA,MODEL 3,2020 Tesla Model 3 4 DR AWD,,5,5,5,5,5,5,5,5,5,5,5,Not Rated,0.066,0,No Tip,5,Standard,Standard,Standard,416,20,11,2020/TESLA/MODEL 3/2020 Tesla Model 3 4 DR AWD.png
15105,2020,TESLA,MODEL 3,2020 Tesla Model 3 4 DR RWD,,5,5,5,5,5,5,5,5,5,5,5,Not Rated,0.066,0,No Tip,5,Standard,Standard,Standard,416,20,11,2020/TESLA/MODEL 3/2020 Tesla Model 3 4 DR RWD.png
15100,2020,TESLA,MODEL S (ALL VARIANTS),2020 Tesla Model S (All Variants) 5 HB AWD,,Not Rated,Not Rated,Not Rated,Not Rated,Not Rated,Not Rated,Not Rated,Not Rated,Not Rated,Not Rated,5,Not Rated,0.057,0,No Tip,Not Rated,Standard,Standard,Standard,79,11,11,2020/TESLA/MODEL S (ALL VARIANTS)/2020 Tesla Model S (All Variants) 5 HB AWD.png
15101,2020,TESLA,MODEL X (ALL VARIANTS 5-SEAT),2020 Tesla Model X (All Variants 5-Seat) SUV AWD,,5,5,5,5,5,5,5,5,5,5,5,Not Rated,0.093,0,No Tip,5,Standard,Standard,Standard,117,10,12,2020/TESLA/MODEL X (ALL VARIANTS 5-SEAT)/2020 Tesla Model X (All Variants 5-Seat) SUV AWD.png
15102,2020,TESLA,MODEL X (ALL VARIANTS 6-SEAT),2020 Tesla Model X (All Variants 6-Seat) SUV AWD,,5,5,5,5,5,5,5,5,5,5,5,Not Rated,0.093,0,No Tip,5,Standard,Standard,Standard,117,10,12,2020/TESLA/MODEL X (ALL VARIANTS 6-SEAT)/2020 Tesla Model X (All Variants 6-Seat) SUV AWD.png
15103,2020,TESLA,MODEL X (ALL VARIANTS 7PSGR),2020 Tesla Model X (All Variants 7psgr) SUV AWD,,5,5,5,5,5,5,5,5,5,5,5,Not Rated,0.093,0,No Tip,5,Standard,Standard,Standard,117,10,12,2020/TESLA/MODEL X (ALL VARIANTS 7PSGR)/2020 Tesla Model X (All Variants 7psgr) SUV AWD.png
15145,2020,TESLA,MODEL Y,2020 Tesla Model Y SUV AWD,,5,5,5,5,5,5,5,5,5,5,5,Not Rated,0.079,0,No Tip,5,Standard,Standard,Standard,264,22,12,2020/TESLA/MODEL Y/2020 Tesla Model Y SUV AWD.png
14692,2020,TOYOTA,4RUNNER,2020 Toyota 4RUNNER SUV AWD,,4,4,4,3,5,5,5,5,5,5,3,Not Rated,0.246,0,No Tip,4,Standard,No,Standard,30,1,0,2020/TOYOTA/4RUNNER/2020 Toyota 4RUNNER SUV AWD.png
14724,2020,TOYOTA,4RUNNER,2020 Toyota 4RUNNER SUV 2WD,,4,4,4,3,5,5,5,5,5,5,3,Not Rated,0.246,0,No Tip,4,Standard,No,Standard,30,1,0,2020/TOYOTA/4RUNNER/2020 Toyota 4RUNNER SUV 2WD.png
14736,2020,TOYOTA,86,2020 Toyota 86 2 DR RWD,,Not Rated,4,4,4,Not Rated,Not Rated,Not Rated,Not Rated,Not Rated,Not Rated,5,Not Rated,0.071,0,No Tip,Not Rated,Standard,No,No,1,0,0,2020/TOYOTA/86/2020 Toyota 86 2 DR RWD.png
14718,2020,TOYOTA,AVALON,2020 Toyota AVALON 4 DR FWD,,5,4,4,4,5,5,5,5,5,5,4,Not Rated,0.105,0,No Tip,5,Standard,Standard,Standard,10,3,0,2020/TOYOTA/AVALON/2020 Toyota AVALON 4 DR FWD.png
14719,2020,TOYOTA,AVALON HYBRID,2020 Toyota AVALON HYBRID 4 DR FWD,,5,4,4,4,5,5,5,5,5,5,4,Not Rated,0.105,0,No Tip,5,Standard,Standard,Standard,0,3,1,2020/TOYOTA/AVALON HYBRID/2020 Toyota AVALON HYBRID 4 DR FWD.png
14735,2020,TOYOTA,C-HR,2020 Toyota C-HR 5 HB FWD,,5,5,5,4,5,5,5,5,5,5,4,Not Rated,0.143,0,No Tip,5,Standard,Standard,Standard,38,1,0,2020/TOYOTA/C-HR/2020 Toyota C-HR 5 HB FWD.png
14720,2020,TOYOTA,CAMRY,2020 Toyota CAMRY 4 DR FWD,,5,5,5,5,5,5,5,5,5,5,5,Not Rated,0.099,0,No Tip,5,Standard,Standard,Standard,246,3,0,2020/TOYOTA/CAMRY/2020 Toyota CAMRY 4 DR FWD.png
14855,2020,TOYOTA,CAMRY,2020 Toyota CAMRY 4 DR AWD,,5,5,5,5,5,5,5,5,5,5,5,Not Rated,0.099,0,No Tip,5,Standard,Standard,Standard,0,0,0,2020/TOYOTA/CAMRY/2020 Toyota CAMRY 4 DR AWD.png
14721,2020,TOYOTA,CAMRY HYBRID,2020 Toyota CAMRY HYBRID 4 DR FWD,,5,5,5,5,5,5,5,5,5,5,5,Not Rated,0.099,0,No Tip,5,Standard,Standard,Standard,9,2,1,2020/TOYOTA/CAMRY HYBRID/2020 Toyota CAMRY HYBRID 4 DR FWD.png
14129,2020,TOYOTA,COROLLA,2020 Toyota Corolla 4 DR FWD,,5,5,5,5,5,5,5,5,5,5,4,Not Rated,0.105,0,No Tip,5,Standard,Standard,Standard,289,5,0,2020/TOYOTA/COROLLA/2020 Toyota Corolla 4 DR FWD.png
14131,2020,TOYOTA,COROLLA,2020 Toyota Corolla 5 HB FWD,,5,5,5,5,5,5,5,5,5,5,4,Not Rated,0.104,0,No Tip,5,Standard,Standard,Standard,289,5,0,2020/TOYOTA/COROLLA/2020 Toyota Corolla 5 HB FWD.png
14130,2020,TOYOTA,COROLLA HYBRID,2020 Toyota Corolla Hybrid 4 DR FWD,,5,5,5,5,5,5,5,5,5,5,4,Not Rated,0.105,0,No Tip,5,Standard,Standard,Standard,1,2,1,2020/TOYOTA/COROLLA HYBRID/2020 Toyota Corolla Hybrid 4 DR FWD.png
15106,2020,TOYOTA,HIGHLANDER,2020 Toyota HIGHLANDER SUV FWD,,5,4,4,4,5,5,5,5,5,5,4,Not Rated,0.169,0,No Tip,5,Standard,Standard,Standard,260,4,0,2020/TOYOTA/HIGHLANDER/2020 Toyota HIGHLANDER SUV FWD.png
15108,2020,TOYOTA,HIGHLANDER,2020 Toyota HIGHLANDER SUV AWD,,5,4,4,4,5,5,5,5,5,5,4,Not Rated,0.164,0,No Tip,5,Standard,Standard,Standard,260,4,0,2020/TOYOTA/HIGHLANDER/2020 Toyota HIGHLANDER SUV AWD.png
15107,2020,TOYOTA,HIGHLANDER HYBRID,2020 Toyota HIGHLANDER HYBRID SUV FWD,,5,4,4,4,5,5,5,5,5,5,4,Not Rated,0.169,0,No Tip,5,Standard,Standard,Standard,9,4,1,2020/TOYOTA/HIGHLANDER HYBRID/2020 Toyota HIGHLANDER HYBRID SUV FWD.png
15109,2020,TOYOTA,HIGHLANDER HYBRID,2020 Toyota HIGHLANDER HYBRID SUV AWD,,5,4,4,4,5,5,5,5,5,5,4,Not Rated,0.164,0,No Tip,5,Standard,Standard,Standard,9,4,1,2020/TOYOTA/HIGHLANDER HYBRID/2020 Toyota HIGHLANDER HYBRID SUV AWD.png
14725,2020,TOYOTA,LAND CRUISER,2020 Toyota LAND CRUISER SUV AWD,,Not Rated,Not Rated,Not Rated,Not Rated,Not Rated,Not Rated,Not Rated,Not Rated,Not Rated,Not Rated,Not Rated,Not Rated,0,0, ,Not Rated,Standard,Standard,Standard,0,0,0,2020/TOYOTA/LAND CRUISER/2020 Toyota LAND CRUISER SUV AWD.png
14734,2020,TOYOTA,MIRAI,2020 Toyota MIRAI 4 DR FWD,,Not Rated,Not Rated,Not Rated,Not Rated,Not Rated,Not Rated,Not Rated,Not Rated,Not Rated,Not Rated,Not Rated,Not Rated,0,0, ,Not Rated,Standard,Standard,Standard,1,0,0,2020/TOYOTA/MIRAI/2020 Toyota MIRAI 4 DR FWD.png
14691,2020,TOYOTA,PRIUS,2020 Toyota PRIUS 5 HB AWD,,5,4,4,4,5,5,5,5,5,5,4,Not Rated,0.107,0,No Tip,2,Standard,Standard,Standard,14,0,1,2020/TOYOTA/PRIUS/2020 Toyota PRIUS 5 HB AWD.png
14722,2020,TOYOTA,PRIUS,2020 Toyota PRIUS 5 HB FWD,,5,4,4,4,5,5,5,5,5,5,4,Not Rated,0.107,0,No Tip,2,Standard,Standard,Standard,14,0,1,2020/TOYOTA/PRIUS/2020 Toyota PRIUS 5 HB FWD.png
14723,2020,TOYOTA,PRIUS C,2020 Toyota PRIUS c 5 HB FWD,,4,4,4,4,4,3,5,3,5,4,4,Not Rated,0.118,0,No Tip,5,Standard,Standard,Standard,0,0,0,2020/TOYOTA/PRIUS C/2020 Toyota PRIUS c 5 HB FWD.png
14132,2020,TOYOTA,PRIUS PRIME,2020 Toyota Prius Prime 5 HB FWD,,Not Rated,Not Rated,Not Rated,Not Rated,Not Rated,Not Rated,Not Rated,Not Rated,Not Rated,Not Rated,Not Rated,Not Rated,0,0, ,Not Rated,Standard,Standard,Standard,16,1,1,2020/TOYOTA/PRIUS PRIME/2020 Toyota Prius Prime 5 HB FWD.png
14693,2020,TOYOTA,RAV4,2020 Toyota RAV4 SUV AWD,,5,4,4,5,5,5,5,5,5,5,4,Not Rated,0.155,0,No Tip,5,Standard,Standard,Standard,600,6,0,2020/TOYOTA/RAV4/2020 Toyota RAV4 SUV AWD.png
14726,2020,TOYOTA,RAV4,2020 Toyota RAV4 SUV FWD,,5,4,4,5,5,5,5,5,5,5,4,Not Rated,0.159,0,No Tip,5,Standard,Standard,Standard,600,6,0,2020/TOYOTA/RAV4/2020 Toyota RAV4 SUV FWD.png
14727,2020,TOYOTA,RAV4 HYBRID,2020 Toyota RAV4 HYBRID SUV AWD,,5,4,4,5,5,5,5,5,5,5,4,Not Rated,0.155,0,No Tip,5,Standard,Standard,Standard,13,5,1,2020/TOYOTA/RAV4 HYBRID/2020 Toyota RAV4 HYBRID SUV AWD.png
14695,2020,TOYOTA,SEQUOIA,2020 Toyota SEQUOIA SUV AWD,,Not Rated,Not Rated,Not Rated,Not Rated,Not Rated,Not Rated,Not Rated,Not Rated,Not Rated,Not Rated,4,Not Rated,0.185,0,No Tip,Not Rated,Standard,Standard,Standard,4,2,0,2020/TOYOTA/SEQUOIA/2020 Toyota SEQUOIA SUV AWD.png
14729,2020,TOYOTA,SEQUOIA,2020 Toyota SEQUOIA SUV 2WD,,Not Rated,Not Rated,Not Rated,Not Rated,Not Rated,Not Rated,Not Rated,Not Rated,Not Rated,Not Rated,4,Not Rated,0.185,0,No Tip,Not Rated,Standard,Standard,Standard,4,2,0,2020/TOYOTA/SEQUOIA/2020 Toyota SEQUOIA SUV 2WD.png
14694,2020,TOYOTA,SIENNA,2020 Toyota SIENNA VAN AWD,,5,4,5,4,5,5,5,5,5,5,4,Not Rated,0.14,0,No Tip,5,Standard,Standard,Standard,32,2,0,2020/TOYOTA/SIENNA/2020 Toyota SIENNA VAN AWD.png
14728,2020,TOYOTA,SIENNA,2020 Toyota SIENNA VAN FWD,,5,4,5,4,5,5,5,5,5,5,4,Not Rated,0.14,0,No Tip,5,Standard,Standard,Standard,32,2,0,2020/TOYOTA/SIENNA/2020 Toyota SIENNA VAN FWD.png
14737,2020,TOYOTA,SUPRA,2020 Toyota Supra 2 DR RWD,,Not Rated,Not Rated,Not Rated,Not Rated,Not Rated,Not Rated,Not Rated,Not Rated,Not Rated,Not Rated,Not Rated,Not Rated,0,0, ,Not Rated,Standard,No,No,12,8,0,2020/TOYOTA/SUPRA/2020 Toyota Supra 2 DR RWD.png
14698,2020,TOYOTA,TACOMA,2020 Toyota TACOMA PU/EC 4WD,,4,4,4,4,5,5,5,5,5,5,4,Not Rated,0.191,0,No Tip,4,Standard,Standard,Standard,81,1,0,2020/TOYOTA/TACOMA/2020 Toyota TACOMA PU_EC 4WD.png
14699,2020,TOYOTA,TACOMA,2020 Toyota TACOMA PU/CC 4WD,,4,4,4,4,5,4,5,4,5,5,4,Not Rated,0.191,0,No Tip,4,Standard,Standard,Standard,81,1,0,2020/TOYOTA/TACOMA/2020 Toyota TACOMA PU_CC 4WD.png
14732,2020,TOYOTA,TACOMA,2020 Toyota TACOMA PU/EC 2WD,,4,4,4,4,5,5,5,5,5,5,4,Not Rated,0.147,0,No Tip,4,Standard,Standard,Standard,81,1,0,2020/TOYOTA/TACOMA/2020 Toyota TACOMA PU_EC 2WD.png
14733,2020,TOYOTA,TACOMA,2020 Toyota TACOMA PU/CC 2WD,,4,4,4,4,5,4,5,4,5,5,4,Not Rated,0.147,0,No Tip,4,Standard,Standard,Standard,81,1,0,2020/TOYOTA/TACOMA/2020 Toyota TACOMA PU_CC 2WD.png
14696,2020,TOYOTA,TUNDRA,2020 Toyota TUNDRA PU/EC 4WD,,4,4,4,4,5,5,5,5,5,5,4,Not Rated,0.198,0,No Tip,5,Standard,Standard,Standard,42,5,0,2020/TOYOTA/TUNDRA/2020 Toyota TUNDRA PU_EC 4WD.png
14697,2020,TOYOTA,TUNDRA,2020 Toyota TUNDRA PU/CC 4WD,,4,4,4,4,5,5,5,5,5,5,4,Not Rated,0.198,0,No Tip,5,Standard,Standard,Standard,42,5,0,2020/TOYOTA/TUNDRA/2020 Toyota TUNDRA PU_CC 4WD.png
14730,2020,TOYOTA,TUNDRA,2020 Toyota TUNDRA PU/EC 2WD,,4,4,4,4,5,5,5,5,5,5,3,Not Rated,0.219,0,No Tip,5,Standard,Standard,Standard,42,5,0,2020/TOYOTA/TUNDRA/2020 Toyota TUNDRA PU_EC 2WD.png
14731,2020,TOYOTA,TUNDRA,2020 Toyota TUNDRA PU/CC 2WD,,4,4,4,4,5,5,5,5,5,5,3,Not Rated,0.219,0,No Tip,5,Standard,Standard,Standard,42,5,0,2020/TOYOTA/TUNDRA/2020 Toyota TUNDRA PU_CC 2WD.png
14738,2020,TOYOTA,YARIS,2020 Toyota YARIS 4 DR FWD,,5,5,5,4,5,5,5,5,5,5,4,Not Rated,0.13,0,No Tip,5,Standard,No,No,9,1,0,2020/TOYOTA/YARIS/2020 Toyota YARIS 4 DR FWD.png
14739,2020,TOYOTA,YARIS HATCHBACK,2020 Toyota YARIS HATCHBACK 5 HB FWD,,5,5,5,4,5,5,5,5,5,5,4,Not Rated,0.13,0,No Tip,5,Standard,No,No,9,1,0,2020/TOYOTA/YARIS HATCHBACK/2020 Toyota YARIS HATCHBACK 5 HB FWD.png
14740,2020,VOLKSWAGEN,ARTEON,2020 Volkswagen Arteon 4 DR FWD,,Not Rated,Not Rated,Not Rated,Not Rated,Not Rated,Not Rated,Not Rated,Not Rated,Not Rated,Not Rated,Not Rated,Not Rated,0,0, ,Not Rated,Standard,Standard,Optional,1,0,0,2020/VOLKSWAGEN/ARTEON/2020 Volkswagen Arteon 4 DR FWD.png
14749,2020,VOLKSWAGEN,ARTEON,2020 Volkswagen Arteon 4 DR AWD,,Not Rated,Not Rated,Not Rated,Not Rated,Not Rated,Not Rated,Not Rated,Not Rated,Not Rated,Not Rated,Not Rated,Not Rated,0,0, ,Not Rated,Standard,Standard,Optional,1,0,0,2020/VOLKSWAGEN/ARTEON/2020 Volkswagen Arteon 4 DR AWD.png
14741,2020,VOLKSWAGEN,ATLAS,2020 Volkswagen Atlas SUV FWD,,5,5,4,5,5,5,5,5,5,5,4,Not Rated,0.159,0,No Tip,5,Standard,Standard,Optional,24,4,2,2020/VOLKSWAGEN/ATLAS/2020 Volkswagen Atlas SUV FWD.png
14750,2020,VOLKSWAGEN,ATLAS,2020 Volkswagen Atlas SUV AWD,,5,5,4,5,5,5,5,5,5,5,4,Not Rated,0.136,0,No Tip,5,Standard,Standard,Optional,24,4,2,2020/VOLKSWAGEN/ATLAS/2020 Volkswagen Atlas SUV AWD.png
14742,2020,VOLKSWAGEN,ATLAS CROSS SPORT,2020 Volkswagen Atlas Cross Sport SUV FWD,,5,4,4,4,5,5,5,5,5,5,4,Not Rated,0.169,0,No Tip,5,Standard,No,No,91,11,1,2020/VOLKSWAGEN/ATLAS CROSS SPORT/2020 Volkswagen Atlas Cross Sport SUV FWD.png
14751,2020,VOLKSWAGEN,ATLAS CROSS SPORT,2020 Volkswagen Atlas Cross Sport SUV AWD,,5,4,4,4,5,5,5,5,5,5,4,Not Rated,0.151,0,No Tip,5,Standard,No,No,91,11,1,2020/VOLKSWAGEN/ATLAS CROSS SPORT/2020 Volkswagen Atlas Cross Sport SUV AWD.png
14743,2020,VOLKSWAGEN,EGOLF,2020 Volkswagen eGolf 4 DR FWD,,Not Rated,Not Rated,Not Rated,Not Rated,Not Rated,Not Rated,Not Rated,Not Rated,Not Rated,Not Rated,Not Rated,Not Rated,0,0, ,Not Rated,Standard,Optional,Optional,0,0,0,2020/VOLKSWAGEN/EGOLF/2020 Volkswagen eGolf 4 DR FWD.png
14744,2020,VOLKSWAGEN,GOLF,2020 Volkswagen Golf 4 DR FWD,,5,4,5,4,5,5,5,5,5,5,4,Not Rated,0.134,0,No Tip,5,Standard,Standard,Optional,5,2,1,2020/VOLKSWAGEN/GOLF/2020 Volkswagen Golf 4 DR FWD.png
14745,2020,VOLKSWAGEN,GOLF GTI,2020 Volkswagen Golf GTI 4 DR FWD,,5,4,5,4,5,5,5,5,5,5,4,Not Rated,0.134,0,No Tip,5,Standard,Standard,Optional,8,3,1,2020/VOLKSWAGEN/GOLF GTI/2020 Volkswagen Golf GTI 4 DR FWD.png
14746,2020,VOLKSWAGEN,JETTA,2020 Volkswagen Jetta 4 DR FWD,,5,4,4,4,5,5,5,5,5,5,4,Not Rated,0.131,0,No Tip,5,Standard,Optional,No,47,6,1,2020/VOLKSWAGEN/JETTA/2020 Volkswagen Jetta 4 DR FWD.png
14747,2020,VOLKSWAGEN,JETTA GLI,2020 Volkswagen Jetta GLI 4 DR FWD,,5,4,4,4,5,5,5,5,5,5,4,Not Rated,0.131,0,No Tip,5,Standard,Standard,No,0,0,0,2020/VOLKSWAGEN/JETTA GLI/2020 Volkswagen Jetta GLI 4 DR FWD.png
15025,2020,VOLKSWAGEN,PASSAT,2020 Volkswagen Passat 4 DR FWD,,5,4,4,4,5,5,5,5,5,5,4,Not Rated,0.107,0,No Tip,5,Standard,No,Optional,14,3,0,2020/VOLKSWAGEN/PASSAT/2020 Volkswagen Passat 4 DR FWD.png
14748,2020,VOLKSWAGEN,TIGUAN,2020 Volkswagen Tiguan SUV FWD,,5,4,4,4,5,5,5,5,5,5,4,Not Rated,0,0,No Tip,5,Standard,Standard,Optional,118,3,0,2020/VOLKSWAGEN/TIGUAN/2020 Volkswagen Tiguan SUV FWD.png
14752,2020,VOLKSWAGEN,TIGUAN,2020 Volkswagen Tiguan SUV AWD,,5,4,4,4,5,5,5,5,5,5,4,Not Rated,0,0,No Tip,5,Standard,Standard,Optional,118,3,0,2020/VOLKSWAGEN/TIGUAN/2020 Volkswagen Tiguan SUV AWD.png
14288,2020,VOLVO,S60 T5,2020 Volvo S60 T5 4 DR FWD,,5,4,5,4,5,5,5,5,5,5,5,Not Rated,0.099,0,No Tip,5,Standard,Standard,No,9,3,0,2020/VOLVO/S60 T5/2020 Volvo S60 T5 4 DR FWD.png
14289,2020,VOLVO,S60 T6,2020 Volvo S60 T6 4 DR AWD,,5,4,5,4,5,5,5,5,5,5,5,Not Rated,0.099,0,No Tip,5,Standard,Standard,No,9,3,0,2020/VOLVO/S60 T6/2020 Volvo S60 T6 4 DR AWD.png
14290,2020,VOLVO,S60 T8,2020 Volvo S60 T8 4 DR AWD,,Not Rated,Not Rated,Not Rated,Not Rated,Not Rated,Not Rated,Not Rated,Not Rated,Not Rated,Not Rated,Not Rated,Not Rated,0,0, ,Not Rated,Standard,Standard,No,9,3,0,2020/VOLVO/S60 T8/2020 Volvo S60 T8 4 DR AWD.png
14291,2020,VOLVO,S60 T8 POLESTAR ENGINEERED,2020 Volvo S60 T8 Polestar Engineered 4 DR AWD,,Not Rated,Not Rated,Not Rated,Not Rated,Not Rated,Not Rated,Not Rated,Not Rated,Not Rated,Not Rated,Not Rated,Not Rated,0,0, ,Not Rated,Standard,Standard,No,9,3,0,2020/VOLVO/S60 T8 POLESTAR ENGINEERED/2020 Volvo S60 T8 Polestar Engineered 4 DR AWD.png
14295,2020,VOLVO,S90 T6,2020 Volvo S90 T6 4 DR AWD,,Not Rated,Not Rated,Not Rated,Not Rated,Not Rated,Not Rated,Not Rated,Not Rated,Not Rated,Not Rated,Not Rated,Not Rated,0,0, ,Not Rated,Standard,Standard,Standard,2,2,0,2020/VOLVO/S90 T6/2020 Volvo S90 T6 4 DR AWD.png
14296,2020,VOLVO,S90 T8,2020 Volvo S90 T8 4 DR AWD,,Not Rated,Not Rated,Not Rated,Not Rated,Not Rated,Not Rated,Not Rated,Not Rated,Not Rated,Not Rated,Not Rated,Not Rated,0,0, ,Not Rated,Standard,Standard,Standard,2,2,0,2020/VOLVO/S90 T8/2020 Volvo S90 T8 4 DR AWD.png
14294,2020,VOLVO,V60 CC T5,2020 Volvo V60 CC T5 SW AWD,,5,4,5,4,5,5,5,5,5,5,5,Not Rated,0.099,0,No Tip,5,Standard,Standard,No,6,2,0,2020/VOLVO/V60 CC T5/2020 Volvo V60 CC T5 SW AWD.png
14292,2020,VOLVO,V60 T5,2020 Volvo V60 T5 SW FWD,,5,4,5,4,5,5,5,5,5,5,5,Not Rated,0.099,0,No Tip,5,Standard,Standard,No,6,2,0,2020/VOLVO/V60 T5/2020 Volvo V60 T5 SW FWD.png
14293,2020,VOLVO,V60 T8 POLESTAR ENGINEERED,2020 Volvo V60 T8 Polestar Engineered SW AWD,,Not Rated,Not Rated,Not Rated,Not Rated,Not Rated,Not Rated,Not Rated,Not Rated,Not Rated,Not Rated,Not Rated,Not Rated,0,0, ,Not Rated,Standard,Standard,No,6,2,0,2020/VOLVO/V60 T8 POLESTAR ENGINEERED/2020 Volvo V60 T8 Polestar Engineered SW AWD.png
14299,2020,VOLVO,V90 CC T6,2020 Volvo V90 CC T6 SW AWD,,Not Rated,Not Rated,Not Rated,Not Rated,Not Rated,Not Rated,Not Rated,Not Rated,Not Rated,Not Rated,Not Rated,Not Rated,0,0, ,Not Rated,Standard,Standard,Standard,1,2,0,2020/VOLVO/V90 CC T6/2020 Volvo V90 CC T6 SW AWD.png
14297,2020,VOLVO,V90 T5,2020 Volvo V90 T5 SW FWD,,Not Rated,Not Rated,Not Rated,Not Rated,Not Rated,Not Rated,Not Rated,Not Rated,Not Rated,Not Rated,Not Rated,Not Rated,0,0, ,Not Rated,Standard,Standard,Standard,1,2,0,2020/VOLVO/V90 T5/2020 Volvo V90 T5 SW FWD.png
14298,2020,VOLVO,V90 T6,2020 Volvo V90 T6 SW AWD,,Not Rated,Not Rated,Not Rated,Not Rated,Not Rated,Not Rated,Not Rated,Not Rated,Not Rated,Not Rated,Not Rated,Not Rated,0,0, ,Not Rated,Standard,Standard,Standard,1,2,0,2020/VOLVO/V90 T6/2020 Volvo V90 T6 SW AWD.png
14301,2020,VOLVO,XC40 T4,2020 Volvo XC40 T4 SUV FWD,,5,5,5,5,5,5,5,5,5,5,4,Not Rated,0.155,0,No Tip,5,Standard,No,No,10,1,0,2020/VOLVO/XC40 T4/2020 Volvo XC40 T4 SUV FWD.png
14300,2020,VOLVO,XC40 T5,2020 Volvo XC40 T5 SUV AWD,,5,5,5,5,5,5,5,5,5,5,4,Not Rated,0.164,0,No Tip,5,Standard,No,No,10,1,0,2020/VOLVO/XC40 T5/2020 Volvo XC40 T5 SUV AWD.png
14302,2020,VOLVO,XC60 T5,2020 Volvo XC60 T5 SUV FWD,,5,5,5,5,5,5,5,5,5,5,4,Not Rated,0.155,0,No Tip,5,Standard,No,Standard,17,6,1,2020/VOLVO/XC60 T5/2020 Volvo XC60 T5 SUV FWD.png
14303,2020,VOLVO,XC60 T5,2020 Volvo XC60 T5 SUV AWD,,5,5,5,5,5,5,5,5,5,5,4,Not Rated,0.147,0,No Tip,5,Standard,No,Standard,17,6,1,2020/VOLVO/XC60 T5/2020 Volvo XC60 T5 SUV AWD.png
14304,2020,VOLVO,XC60 T6,2020 Volvo XC60 T6 SUV AWD,,5,5,5,5,5,5,5,5,5,5,4,Not Rated,0.147,0,No Tip,5,Standard,No,Standard,17,6,1,2020/VOLVO/XC60 T6/2020 Volvo XC60 T6 SUV AWD.png
14305,2020,VOLVO,XC60 T8,2020 Volvo XC60 T8 SUV AWD,,Not Rated,Not Rated,Not Rated,Not Rated,Not Rated,Not Rated,Not Rated,Not Rated,Not Rated,Not Rated,Not Rated,Not Rated,0,0, ,Not Rated,Standard,No,Standard,17,6,1,2020/VOLVO/XC60 T8/2020 Volvo XC60 T8 SUV AWD.png
14306,2020,VOLVO,XC60 T8 POLESTAR ENGINEERED,2020 Volvo XC60 T8 Polestar Engineered SUV AWD,,Not Rated,Not Rated,Not Rated,Not Rated,Not Rated,Not Rated,Not Rated,Not Rated,Not Rated,Not Rated,Not Rated,Not Rated,0,0, ,Not Rated,Standard,No,Standard,17,6,1,2020/VOLVO/XC60 T8 POLESTAR ENGINEERED/2020 Volvo XC60 T8 Polestar Engineered SUV AWD.png
14307,2020,VOLVO,XC90 T5,2020 Volvo XC90 T5 SUV FWD,,5,5,5,5,5,5,5,5,5,5,4,Not Rated,0.191,0,No Tip,5,Standard,Standard,Standard,21,7,1,2020/VOLVO/XC90 T5/2020 Volvo XC90 T5 SUV FWD.png
14308,2020,VOLVO,XC90 T5,2020 Volvo XC90 T5 SUV AWD,,5,5,5,5,5,5,5,5,5,5,4,Not Rated,0.179,0,No Tip,5,Standard,Standard,Standard,21,7,1,2020/VOLVO/XC90 T5/2020 Volvo XC90 T5 SUV AWD.png
14309,2020,VOLVO,XC90 T6,2020 Volvo XC90 T6 SUV AWD,,5,5,5,5,5,5,5,5,5,5,4,Not Rated,0.179,0,No Tip,5,Standard,Standard,Standard,21,7,1,2020/VOLVO/XC90 T6/2020 Volvo XC90 T6 SUV AWD.png
14310,2020,VOLVO,XC90 T8,2020 Volvo XC90 T8 SUV AWD,,5,5,5,5,5,5,5,5,5,5,4,Not Rated,0.159,0,No Tip,5,Standard,Standard,Standard,21,7,1,2020/VOLVO/XC90 T8/2020 Volvo XC90 T8 SUV AWD.png